{"j":0.0028890062663542398,"ai":0.0032667984961229891,"question":0.0030174518090298691,"que":0.0050587356901229067,"le":0.0018087329952509044,"me":0.0044741713219518392,"en":0.0027907491201740334,"au":0.0042442392284934554,"sur":0.0039026976245844515,"l":0.002051632742376078,"la":0.0018218021697937021,"\u00e9tait":0.0069851571109054251,"et":0.002142187737006287,"merc":0.0017106455644163791,"de":0.0029352503704414942,"trouv":0.0045471752464308459,"2em":0.0059776513089998765,"exempl":0.011333828456137743,"mal":0.0066107829094941397,"exprim":0.0075947864130797415,"\"":0.0098269185625084188,"*":0.02260056933734569,"un":0.0092985124390928472,"b\u00e9n\u00e9fic":0.014576025020926022,"105":0.037768027089335146,"000":0.01980203760822543,"euros":0.013881008295160816,"dan":0.0048114260960793118,"an":0.0061710277953690882,"veut":0.007221181282072428,"dir":0.0062210431605892163,"gain":0.014950757187893701,"est":0.0043195448085112421,"euro":0.0074738082363447426,"non":0.0060891857056003546,"5":0.0057203788556113551,"comm":0.0056912879081778668,"fait":0.0055912854812829888,"r\u00e9solu":0.0065367037411264515,"quelqu":0.0066107829094941397,"pourr":0.005268127338006026,"m":0.0046324661926783854,"\u00e9clair":0.0067832662255437734,"sauf":0.0074265350230066788,"si":0.0048435362631852122,"financ":0.0069851571109054251,"\u00e9gal":0.0065550808266088773,"(":0.0030450881943693488,"capital":0.0069030343952917201,"+":0.0064106307220650289,")":0.0029763917920750194,"r\u00e9pondr":0.0074031296478603075,"2":0,"05":0,"5iem":0,"5em":0,"0005+1":0,"5e":0,"5=>":0,"5^2x18":0,"5x0":0,"5^2":0,"105+2":0,"5+5":0,"5xtaux":0,"5an":0,"5min08":0}