{"question":0.0062130092661213422,"que":0.0052571673863235323,"le":0.002481784598128063,"du":0.010712262242546018,"la":0.0037150655340119237,"merc":0.0035222622979305812,"v\u00e9rifi":0.015388759378580764,"pour":0.0038546763077263726,"d":0.0076652961583682658,"dir":0.012809284538038168,"est":0.0044889813348830444,"pourr":0.010847206861163364,"bonjour":0.0019647372078277154,"ma":0.012774797364778748,"suiv":0.01298417413191125,":":0.0084457938596541916,"on":0.006576059806317004,"taux":0.017993954729987389,"int\u00e9r\u00eat":0.012340508752669482,"utilis":0.010384713441578507,"rentabl":0.01342159130624344,"projet":0.012373025223775666,"ser":0.013055304345964724,"inflat":0.014868594117591715,"pay":0.015487393976729338}