{"le":0.0011518111757312637,"en":0.0026398894202738742,"l":0.0019407275027818807,"la":0.0025637189755820548,"merc":0.0016181730900481706,"de":0.003446325261898405,"pour":0.0017708884076219327,"2em":0,"mal":0.006253423403896877,"\"":0.0093003613826331769,"*":0.021410061155505818,"dan":0.0022971371003277221,"est":0.002062296383237561,"(":0.0028804796712128744,")":0.002815496794638011,"bonjour":0.00090262581540026109,"suiv":0.0059650983940357418,"ser":0.0059977765390842579,"1":0.0037931845769153972,"3":0.0056993330838936073,"2":0.010753967683057546,"cour":0.0050697027897854876,"je":0.0014289520043838141,"cas":0.00562496467000736,"il":0.005417298836888346,"c":0.0052099985449792904,"peut":0.010564184762016333,"\u00eatre":0.005790778086871411,"moi":0.0060808736103961786,"qui":0.0042128350595431003,"lis":0.0072311111861742628,"\u00e9nonc":0.006306944209234072,"#":0.0072075920549353051,"mais":0.004382048677691759,"pens":0.006253423403896877,"qu":0.012946283398894916,"pertinent":0.0072075920549353051,"pr\u00e9cis":0.006707229961972763,"\u00e0":0.0057644205498380363,"fin":0.012502255206384585,"chacun":0.006959085972069433,"derni":0.0060808736103961786,"ann\u00e9":0.010949252317898672,"contrair":0.0071842345684870008,"cel":0.0055666198739376038,"signifi":0.0072311111861742628,"n":0.0032619552397961504,"aur":0.0059327314741437391,"d\u00e9bours":0.0072547942151201059,"1500euros":0.019409703525380267,"i":0.0071151101332917995,"e":0.0070697961166254339,"fois":0.0065107300982421108,"t3":0.0072075920549353051,"sinon":0.0071842345684870008,"g\u00e9nial":0.0072547942151201059,"1+r":0,"01":0,"2e":0,"003":0,"02":0,"1+7":0,"1+3":0,"1+tap":0,"1+6":0,"1\u00b0":0,"2\u00b0":0,"1=1":0,"3\u00b0":0,"1mais":0,"1+teg":0,"1+tri":0,"3h":0,"1er":0,"1+2":0,"1+ta":0,"1min45":0,"3iem":0,"3em":0,"1+n":0,"1+0":0,"1+5":0,"1=5":0,"1+taeg":0,"1=9":0,"1+r2":0,"1+2r+r":0,"3+":0,"3+1":0,"1+1":0,"1x":0,"1+taux":0,"1x4x":0,"1x08":0,"2x3":0,"1=r":0,"2min54":0,"1+rn":0,"2i\u00e8meann":0,"3m":0,"1+4":0,"1+i":0,"1+":0,"3=":0,"1\u20ac":0,"1+x":0,"1+9":0,"1=":0,"1\u2212":0,"1+f3":0,"1+a2":0,"1+12":0,"1+41":0,"2\u20ac":0,"2^2x4":0,"3^2x24":0,"2x0":0,"1x4":0,"+2x0":0,"3x0":0,"1+11":0,"02+":0,"1usd":0,"1^3":0,"2=":0,"1=16":0,"1+15":0,"1+tmeg":0,"1\u00b2=4":0,"2x":0,"2m":0,"1m":0,"1eur":0,"3e":0,"1500":0,"3+2":0,"1+g":0,"1+rd":0,"1an":0}