{"j":0.0031931335853205016,"ai":0.0036106962161797439,"a":0.0040865653594657752,"question":0.0033351006627127728,"alor":0.0066417548817430255,"que":0.0055858326583972271,"le":0.0013438313016902025,"system":0.016455628042914158,"me":0.0049451698603032619,"r\u00e9pons":0.015331713408164672,"roug":0.0084215855105764965,"sur":0.0085381283372383023,"du":0.0058004523536432234,"une":0.0037942587779302797,"la":0.0039427642015697076,"merc":0.0018907261877318872,"de":0.00083387826371511314,"bien":0.0046273267326462164,"quiz":0.0062426658968186763,"vous":0.0028153318841919162,"un":0.0069085000979236888,"dir":0.0068759358825738522,"est":0.0047696214901882085,"non":0.0067301977189349249,"quelqu":0.0073067037546467517,"si":0.010596448456738001,"t":0.0065896195257927927,"1":0.004432080510164178,"je":0.0016696341029994639,"ou":0.015845588710068664,"il":0.0031931335853205016,"c":0.0060875321358508892,"moi":0.0071050909511302949,"pens":0.0073067037546467517,"\u00e0":0.0045230603956723445,"aur":0.0069319968499852221,"y":0.0058945148885812832,"eu":0.0077899524547943534,"bonsoir":0.007327439672454388,"problem":0.014840093481624411,"car":0.0064206187341913816,"croix":0.008476738053235738,"bon":0.013500668603588319,"moin":0.0079326355614428006,"ok":0.0083402669165254135,";":0.0074757045462481627,"m\u00eam":0.0058800488644344144,"1+r":0,"01":0,"1+7":0,"1+3":0,"1+tap":0,"1+6":0,"1\u00b0":0,"1=1":0,"1mais":0,"1+teg":0,"1+tri":0,"1er":0,"1+2":0,"1+ta":0,"1min45":0,"1+n":0,"1+0":0,"1+5":0,"1=5":0,"1+taeg":0,"1=9":0,"1+r2":0,"1+2r+r":0,"1+1":0,"1x":0,"1+taux":0,"1x4x":0,"1x08":0,"1=r":0,"1+rn":0,"1+4":0,"1+i":0,"1+":0,"1\u20ac":0,"1+x":0,"1+9":0,"1=":0,"1\u2212":0,"1+f3":0,"1+a2":0,"1+12":0,"1+41":0,"1x4":0,"1+11":0,"1usd":0,"1^3":0,"1=16":0,"1+15":0,"1+tmeg":0,"1\u00b2=4":0,"1m":0,"1eur":0,"1+g":0,"1+rd":0,"1an":0}