{"alor":0.006933723162034491,"que":0.0058287698998940093,"le":0.0027461080831208038,"en":0.0094555322096980792,"l":0.0023672922676003468,"du":0.014665205369820309,"la":0.0031154053005883267,"et":0.007258096043122656,"de":0.0025562259035216109,"pour":0.0021601231641934725,"nous":0.0064353229008509592,"b\u00e9n\u00e9fic":0.016794768714238035,"prix":0.014395920425123247,"temp":0.0074794555301954148,"ce":0.0033719934281339248,"r\u00e9f\u00e9rent":0.0085421582573915016,"\u00eatre":0.0070635698050294082,"\u00e0":0.0023855409202298114,"cel":0.0067901424416119934,"vid\u00e9o":0.0065170904214783389,"co\u00fbt":0.007804332843919147,"parl":0.0080598774210773674,"doivent":0.0086512561035861756,"\u00e9valu":0.0084097035747417101,"aux":0.015308170923445297,"march":0.029471057155292097,"selon":0.0081814544304832371,"constituent":0.0087917942705548913,"don":0.006371050622786807,"r\u00e9sult":0.0088204828203089676,"loi":0.0086512561035861756,"offre":0.008678985162792122,"demand":0.0080122277137604451,"quel":0.0065006073822883948,"pr\u00e9caut":0.0088493712918828928,"prendr":0.00823110147770615,"mainten":0.0087350060003865138,"se":0.0071014283228970423,"minimis":0.0088493712918828928,"contraint":0.008706900951076034,"li":0.0083067050119837952,"fluctuat":0.0088493712918828928,"jean":0.0087633028945217333,"mar":0.0081323949360775066,"baafo":0.0088493712918828928}