{"j":0.0019570367420952638,"ai":0.0022129563235604023,"correct":0.0042717238370754973,"question":0.0020440468151789021,"que":0.0017295799495218617,"le":0.0020288000345147525,"r\u00e9pons":0.0031972527538569264,"tout":0.0040176345106552611,"sur":0.002643719653207277,"l":0.0080818494638260022,"du":0.0017960341282219584,"la":0.0036221005981666161,"et":0.0042984132366821349,"merc":0.0011588054554446748,"de":0.003446325261898405,"pour":0.0025201803284772891,"d":0.0098450148974816888,"trouv":0.0061213477666875625,"dan":0.004872732978645062,"est":0.0043745841712749534,"comm":0.0038553255061651959,"fait":0.0037875830349870547,"(":0.004099257848617195,")":0.0040067796515004398,"bonjour":0.0006463880319996446,"ma":0.0083521391807833949,":":0.0027786210032905681,"on":0.010548637321488271,"taux":0.014709631127854856,"int\u00e9r\u00eat":0.012026023328589857,"rentabl":0.013079555583214249,"1":0,"\/":0.0058860514108644655,"actif":0.012089538874370725,"risqu":0.011626276659062667,"ains":0.0047038289552325963,"vos":0.0043910483762069049,"ailleur":0.0050149412606296179,"permet":0.0045817777675555005,"calcul":0.0077164238027628397,"valeur":0.0034412233367726469,"temp":0.0043910483762069049,"il":0.0038891424011807873,"o\u00f9":0.0039048940848671891,"moi":0.0043546327379519597,"\u00e0":0.0014005064328361024,"expliqu":0.0066927742062997397,"sont":0.0038750319545909871,"plus":0.0035512891539840304,"avanc":0.0027535307492835355,"selon":0.0048031787938239935,"lorsqu":0.0045036833748432637,"180":0.037137997577872145,"1+r":0.0058323123873950345,"=157":0.010324416597570189,"89":0.039563615101258852,"isol":0.0051614978924350383,"r":0.013378415697706925,"14":0.0099827267053378618,"%":0.0029214409831351562,"dit":0.0044033090222046064,"auss":0.0046899614927363989,"actualis":0.012687860996041328,"synonym":0.0051953002841985136,"travaill":0.0050628195211077512,"second":0.0049991888879449735,"le\u00e7on":0.0045950406509693868,"toujour":0.0044655562282351338,"consider":0.004608376208079721,"lequel":0.0050307962553582291,"vaut":0.0050789905645457645,"157":0.014599810375598168,"donc":0.0039554932688386753,"confus":0.00509526977630235,"t\u00eat":0.0051281585617172125,"deuxiem":0.0049835378173928892,"renvient":0.0051953002841985136,"alic":0.00509526977630235,"0014^2+1":0,"89=>1+r":0,"14=12":0,"180mois":0,"14em":0}