{"le":0.0037981830741574871,"merc":0.0054444655025979076,"pour":0.011575910800560429,"trouv":0.014472278348265678,"bonjour":0.0030369526869061564,"vos":0.020630651411045631,"je":0.0048078168773058854,"pas":0.0056596374153512052,"expliqu":0.015823262282658433,"bon":0.019640508031786488,"alic":0.023939325098243251,"ne":0.0091737135093051415,"comprend":0.013632077542538997,"absolu":0.023939325098243251,"raison":0.01979969175529132,"ponder":0.023414370030969415}