{"a":0.0042662087641902767,"que":0.0058287698998940093,"le":0.0040361714947062055,"l":0.0091721314344353731,"du":0.0060527237660546246,"la":0.0010609664009320907,"de":0.00087053514235099565,"pour":0.0021601231641934725,"nous":0.0064353229008509592,"d":0.0021890923868683652,"exempl":0.0066005032737730491,"dan":0.0082278650292813508,"est":0.0049770603374777317,"fait":0.0064515478878826634,"quelqu":0.007627902860579963,"si":0.0055887516838910075,"bonjour":0.0011010196486990528,"on":0.0036851600452868331,"taux":0.01508949476964171,"int\u00e9r\u00eat":0.0069155012474437618,"projet":0.006933723162034491,"invest":0.0070447694150071434,"ce":0.0033719934281339248,"cas":0.0068613112091966593,"mais":0.0053452068546863468,"\u00e0":0.0023855409202298114,"sont":0.0066005032737730491,"m\u00eam":0.0061385329225705906,"li":0.0083067050119837952,"toujour":0.0076063678568541581,"soit":0.007804332843919147,"diff\u00e9rent":0.006933723162034491,"begogni":0.0088493712918828928,"hypothes":0.016900599869798017,"actuariel":0.0088204828203089676,"emprunt":0.0077818640686172155,"van":0.0064678366274829365,"effect":0.0083322157318431282,"inchang":0.0088493712918828928,"pr\u00e9f\u00e9rent":0.0088204828203089676,"agent":0.0088204828203089676,"quid":0.008706900951076034,"deux":0.0072367240245516055,"somm":0.0077595164193768771,"th\u00e9orem":0.008678985162792122}