{"j":0.0038399074573468688,"question":0.0040106301736411217,"que":0.0033936138261441637,"le":0.0016127002662108898,"r\u00e9pons":0.0062733388844880469,"en":0.0037093094891980753,"sur":0.0051872499852079644,"une":0.0045627914358039347,"la":0.0024141044231683049,"et":0.0028472775438967619,"merc":0.0022736955389055439,"de":0.0019808004625091829,"pour":0.0049151065299395452,"si":0.0064377607046195206,"bonjour":0.001268279828899799,":":0.0054519403147499611,"on":0.0042449870510733075,"utilis":0.0067035543147374206,"rentabl":0.0086639238355270785,"risqu":0.0077012689631562681,"bravo":0.010127389957442442,"cour":0.0071234410506536821,"calcul":0.011291595000471444,"ce":0.0038842460742077949,"ann\u00e9":0.0077610847940634215,"cel":0.0078216594083752172,"aur":0.0083360829377551807,"surtout":0.0096275631655183911,"votr":0.0070710613511145697,"doivent":0.009965502090529637,"se":0.01615846600802558,"petit":0.0098709398969487622,"actualis":0.0084044645558547914,"prim":0.0091482289938157775,"imagin":0.0098709398969487622,"ci":0.0090948738607672924,"flux":0.016466315485174902,"fair":0.0079660619583199511,"plusieur":0.0093678187035635668}