{"a":0.021589416861418506,"le":0.0018432036394947162,"me":0.013425762199746645,"quand":0.019670001447279581,"premi":0.018819847225952938,"lieu":0.021212735213795009,"merc":0.0051331786163893584,"quiz":0.016948365817714476,"vous":0.0076434131603737021,"un":0.0094757225166035765,"dir":0.018667645938956774,"quelqu":0.019837148135467161,"pourr":0.015808206657405812,"bonjour":0.0028633151562764535,"aur":0.018819847225952938,"tous":0.019781144137144855,"certif":0.019451095541854424}