{"j":0.0048152692956223405,"ai":0.0054449568616606967,"le":0.0010238093108482017,"en":0.0046514985815926712,"au":0.007074112326530501,"quand":0.01092572203885352,"du":0.0044191239773341221,"la":0.0015325740545740899,"de":0.0036586997896940251,"non":0.010149188426829324,"fait":0.0093193101083359452,"bonjour":0.0015904312763250761,"risqu":0.0096574421096174388,"calcul":0.0048374477501120852,"temp":0.01080413053405627,"ou":0.0081304813438466423,"peut":0.0093901769220170305,"qui":0.0074230367959562593,"surtout":0.012073027753282541,"elle":0.010597111245835164,"avec":0.0079783925117960803,"prim":0.011471939538272032,"tous":0.010987456357448929,"mond":0.012741254678136853,"vrais":0.012741254678136853,"difficult":0.012185661340985239,"notion":0.011747306483629026,"doit":0.01092572203885352,"etre":0.024847263804607136,"fonction":0.011677268540579346,"favor":0.012577184802122405}