{"a":0.0040023002463777336,"alor":0.0065048016760597344,"le":0.00066491602307736921,"l":0.0022208510997851383,"la":0.00099533480956011063,"et":0.0023188750566374866,"merc":0.0018517393511066737,"de":0.0024012051399200105,"d":0.0040658581686747698,"un":0.0034182656742430943,"est":0.0023599671691316285,"non":0.0065914208190188863,"si":0.0052430303995276602,"bonjour":0.0010329103554995195,"on":0.0034571953161303499,"int\u00e9r\u00eat":0.0064877069727090437,"comment":0.0043603822407372178,"t":0.0064537413528762853,"indic":0.007450485489775783,"je":0.0016352061924855615,"valeur":0.0054989805568383919,"invest":0.0066089785858636611,"pas":0.0019249223472902384,"il":0.003127291065012095,"pens":0.0071560392811763907,"n":0.0037327841602527992,"dont":0.0076753480414984265,"sont":0.006192194835981703,"plus":0.0056748627154737446,"y":0.0057729697963108438,"financi":0.0076522676250880307,"aux":0.0072586583945443168,"quel":0.0060984785240990984,"s":0.0057729697963108438,"van":0.0060677349746664526,"agent":0.0082748460087591347,"flux":0.0067890588453019167,"titr":0.01533436147519881,"null":0.0081682903364182144,"sp\u00e9cif":0.0081160876901980698,"obligatair":0.0082212032444886549,"futur":0.0074723956251952087,"fix":0.0080902468060859607,"connus":0.0083019474337686864,"puisqu":0.0076985662522557645,"contractuel":0.0083019474337686864,"cr\u00e9ation":0.0081682903364182144,"gagn":0.0082479321383661201}