{"le":0.0030734944952836608,"me":0.022387111945601744,"pour":0.009367241501730187,"il":0.027652390207028268,"qu":0.023233226455790217,"cet":0.024292620332510784,"sembl":0.033648666632433655,"manqu":0.037277536694672153,"text":0.037756941498669344,"video":0.036243452709351691}