{"certain":0.010888869441926633,"le":0.00093476935196936772,"r\u00e9pons":0.0071826377048654754,"en":0.004246961097862584,"l":0.0031221740359910848,"autr":0.0091447476619345852,"vrai":0.010474233213544475,"et":0.0032599805971869804,"merc":0.0026032598601534239,"de":0.0022639164252065088,"d":0.0084218899854370151,"trouv":0.0069198898020439827,"\"":0.014883047074275995,"un":0.0048055542027441098,"est":0.0033177497680808091,"bonjour":0.0014521126129342595,"taux":0.0067774606285345759,"int\u00e9r\u00eat":0.009120715146220381,"pay":0.011446538522042801,"je":0.002298847643664267,"ou":0.007423379233277373,"il":0.0043964887907668865,"o\u00f9":0.0087723560339853981,"qui":0.0067774606285345759,"\u00e0":0.0031462418159654143,"votr":0.0080959872898811666,"bon":0.009391068079644101,"\u00e9valu":0.011091388465546533,"diff\u00e9rent":0.0091447476619345852,"journ":0.011091388465546533,"va":0.0093159997810615073,"vf":0.010474233213544475,"permettr":0.01140996722500434,"suppos":0.011057110055319555}