{"correct":0.020070023797616725,"a":0.0059729231108949406,"que":0.0041246511692356368,"le":0.001954979434662771,"me":0.0072278592773486819,"l":0.0033143372668675993,"r\u00e9sultat":0.0099158214106870937,"une":0.0055456878698688927,"la":0.0029264734428990935,"et":0.0034606255314311224,"de":0.0046651215651265197,"bien":0.013324679654098035,"vous":0.004114888518050662,"dan":0.011424444404445115,"bonjour":0.0015414870834414447,"calcul":0.0046885793398447435,"il":0.0091948298824374754,"qu":0.0075010341570305866,"\u00e0":0.0065800595983703126,"derni":0.010384799511089789,"expliqu":0.0080315226943731017,"oper":0.011701490417565987,"y":0.0086154217805350444,"sembl":0.010863742848144828,"soit":0.010926488267483681,"lign":0.011884593765741833,"rent":0.010740251066768952,"q8":0.012389598640799216,"q9":0.012349153217464409,"erreur":0.010500881275805105,"vers":0.011884593765741833,"\u00e9crit":0.012112226657334789}