{"j":0.0040447261828000063,"ai":0.0045736506580426259,"le":0.0016976174571363277,"l":0.0028723692181707419,"la":0.0012873303703390549,"et":0.0029991498908296262,"merc":0.0023949733112268814,"de":0.0010562693844134276,"pour":0.002620999261141677,"trouv":0.0063662301432902959,"*":0.0081329653176265369,"est":0.003052296956406964,"r\u00e9solu":0.0091516508907769321,"(":0.0042632472252279591,")":0.004167069470177716,"bonjour":0.0013359292347666434,"taux":0.0062351967130452541,"utilis":0.0070611185180422227,"1":0.0056140939941099702,"3":0.0084352846501181498,"ce":0.0040914297991028947,"o\u00f9":0.0080704807459125189,"\u00e0":0.0028945113375885099,"bon":0.0086396897055589245,"1+r":0.0060656320047327884,"r":0.0093345780803108513,"01":0,"raison":0.008709713249503483,"va":0.016918616154551116,"puis":0.0096361909104712932,"formul":0.0070780829298683874,"vf":0.019022062625361862,"\u00e9quat":0.0099872596382739078,"inconnu":0.010497056941617936,"=":0.015491719947726152,"expos":0.010141092524932567,"190000":0.030174310997796577,"=150000":0.010737441272823662,"003":0,"1+7":0,"1+3":0,"1+tap":0,"1+6":0,"1\u00b0":0,"1=1":0,"3\u00b0":0,"1mais":0,"1+teg":0,"1+tri":0,"3h":0,"1er":0,"1+2":0,"1+ta":0,"1min45":0,"3iem":0,"3em":0,"1+n":0,"1+0":0,"1+5":0,"1=5":0,"1+taeg":0,"1=9":0,"1+r2":0,"1+2r+r":0,"3+":0,"3+1":0,"1+1":0,"1x":0,"1+taux":0,"1x4x":0,"1x08":0,"1=r":0,"1+rn":0,"3m":0,"1+4":0,"1+i":0,"1+":0,"3=":0,"1\u20ac":0,"1+x":0,"1+9":0,"1=":0,"1\u2212":0,"1+f3":0,"1+a2":0,"1+12":0,"1+41":0,"3^2x24":0,"1x4":0,"3x0":0,"1+11":0,"1usd":0,"1^3":0,"1=16":0,"1+15":0,"1+tmeg":0,"1\u00b2=4":0,"1m":0,"1eur":0,"3e":0,"3+2":0,"1+g":0,"1+rd":0,"1an":0}