{"j":0.0049194012895161692,"ai":0.0018743545639631567,"a":0.0042198332568737793,"que":0.0014649390218916276,"le":0.0023897808706133949,"r\u00e9pons":0.0027080449928147577,"tout":0.0034029011332979563,"en":0.0047520889727336009,"au":0.0024351698391925167,"sur":0.0044542065185143188,"du":0.0015212251274124759,"r\u00e9sultat":0.0070054665330806509,"la":0.0010494332440219125,"et":0.0012290991827285556,"merc":0.00098149803999005416,"de":0.0017038220293008877,"pour":0.0021366417048597304,"d":0.0010885320823136146,"trouv":0.0026089820619187255,"mal":0.0037929952314124851,"000":0.0038584404278223365,"euros":0.0040197456361449864,"dan":0.0027715800212006385,"5":0.003282118021156888,"comm":0.003265426832472712,"(":0.0017471463151339827,")":0.0017077311460254386,"bonjour":0.00054748498421352935,"ma":0.0035597685561825137,"on":0.0054383588680176551,"int\u00e9r\u00eat":0.003438751611525757,"utilis":0.0028937583367246874,"2":0,"san":0.0033589474309426025,"cour":0.0030750130391541983,"je":0.0034114804154847232,"pas":0.0040159063237937892,"ce":0.0049762045982895825,"cas":0.0034118054691301141,"il":0.0032972655792143117,"qui":0.0025552824844095301,"mais":0.0026579184975616152,"pens":0.0037929952314124851,"qu":0.0052994342651166608,"\u00e0":0.0023596090738259197,"ann\u00e9":0.0033502680474258137,"n":0.0019785291784205246,"aur":0.0035984805021606454,"suis":0.0034029011332979563,"plus":0.0059833028360684005,"elle":0.0036479157380134605,"6":0.0058436586890400766,"y":0.0030599115024555435,"essai":0.0041179237406403233,"se":0.0035312043503026567,"%":0.00247443484617826,"t\u00eat":0.0043435052479557168,"comprendr":0.003579033654723581,"soit":0.0077194964200803708,"ne":0.0032896932487658627,"comprend":0.0024575153213130031,"esper":0.0040317652068753819,"300":0.010937091805577785,"formul":0.0057700615954485229,"part":0.0033676635138645723,"vers":0.0083963920321749978,"exact":0.0041305314285044747,"2e":0.003438751611525757,"s\u00fbr":0.0043295299365284862,"princip":0.0040929373675634272,"pai":0.0039375156235197818,"chaqu":0.0037822868928385172,"ten":0.0042610402298534468,"compt":0.0036279991527397039,"cool":0.0044003736970187769,"frangin":0.0044003736970187769,"amort":0.0039490638360193319,"annuel":0.003926031746799636,"coup":0.0041688238709334481,"d\u00fb":0.0042881636546005077,"emploi":0.0043156487356562001,"repr\u00e9sentent":0.0043860088267621096,"rien":0.0041559805238414989,"mon":0.0034937242170450509,"esprit":0.0043860088267621096,"logarithm":0.0044003736970187769,"foison":0.0044003736970187769,"remarqu":0.0042342690673432982,"mettent":0.0044003736970187769,"plac":0.0041179237406403233,"mard":0.0043860088267621096,"suit":0.0040929373675634272,"06":0,"6min15":0,"05":0,"06^":0,"5iem":0,"5em":0,"0005+1":0,"06=":0,"5e":0,"300=>":0,"5=>":0,"5^2x18":0,"5x0":0,"5^2":0,"5+5":0,"5xtaux":0,"5an":0,"5min08":0}