{"j":0.006191400190702496,"question":0.012679679803821134,"le":0.0013163984760294282,"sur":0.0083638319163630188,"une":0.0073569657809647295,"la":0.003863823827447585,"merc":0.0036660672554087431,"de":0.003170311918163699,"un":0.0067674707302304259,"est":0.0046722549571690357,"bonjour":0.0020449524009987135,"ma":0.013296359655274112,"3":0.012912177643436214,"aim":0.013969560538466031,"je":0.0032373756460541839,"expliqu":0.010654699474267648,"suis":0.012710432328834153,"peu":0.014329603019833746,"rent":0.01424812600912881,"10":0.021613200801545416,"003":0,"mouss":0.016436167231027709,"sujet":0.015475640772264921,"lecon":0.015966221045881041,"detaille":0.016329227933308387,"3\u00b0":0,"10iem":0,"3h":0,"10+1":0,"3iem":0,"3em":0,"3+":0,"3+1":0,"+10":0,"3m":0,"3=":0,"10^7":0,"3^2x24":0,"3x0":0,"10em":0,"3e":0,"10h":0,"3+2":0,"10min15":0,"10^1":0,"10^2":0}