{"j":0.002182314530484169,"ai":0.0024676934450715638,"a":0.0082610205483480172,"question":0.0022793404793100547,"que":0.0019286748042525513,"le":0.00092141367374181315,"me":0.0033797258252723453,"au":0.0032060383693388915,"sur":0.0029480426655372248,"du":0.0020027786351460614,"une":0.0051495113305494123,"autr":0.0045392395272705558,"la":0.0020544388996562315,"merc":0.0012921974989155002,"de":0.0016856907611706117,"pour":0.0014141488233001046,"d":0.0014331138493859732,"trouv":0.0034348719587467998,"\"":0.0074400043420814336,"000":0.0050798543322582686,"est":0.0016468536306970278,"fait":0.0042235780835765332,"(":0.0045678049409183094,"+":0.0048424999063727634,")":0.0044647564425517993,"utilis":0.003809795978012764,"comment":0.0030428013653373024,"1":0,"je":0.0011410943720984066,"calcul":0.0021923659648952522,"pas":0.0013432667190922103,"il":0.0043336731994161144,"peut":0.0042556954310665161,"\u00eatre":0.0046242450864185181,"mais":0.0034992995349284314,"\u00e0":0.0015617210820183984,"fin":0.0050364312588644378,"n":0.0026048451975637659,"expliqu":0.0037555164848741733,"elle":0.0095372479040908027,"x":0.010604202305510485,"bonsoir":0.005007863793095378,"%":0.0032577329644930407,"sembl":0.0050798543322582686,"mani":0.0054049809142164406,"rent":0.0050221099370356169,"formul":0.0038189490530928,"18+1":0,"18":0.018938063947555438,"mont":0.010030011734434451,"video":0.0054715826416769364,"=":0.004234241689393365,"mon":0.0045996848808907221,"mme":0.0057184695121669342,"arriv":0.0087139678277009403,"mem":0.0056636417042090839,"1605":0.038250623177328212,"cf":0.0091341238009596936,"34":0.013980950818031948,"1+7":0.0033875355693343207,"^18":0.0057556465892739444,"60":0.012518176736931529,"r\u00e9sultat=":0.0057933400311617912,"sos":0.0057933400311617912,"d\u00e9sol":0.0056817948433898991,"trop":0.0055398600588838394,"simpl":0.0053560807770288059,"caus":0.0057184695121669342,"fatigu":0.0057933400311617912,"chemin":0.0057556465892739444,"beaucoup":0.0050508285562308039,"18x3xx":0,"34=2":0,"34xcf=60":0}