{"j":0.002182314530484169,"ai":0.0049003829640032895,"a":0.0082610205483480172,"alor":0.0045392395272705558,"que":0.0038299915950814108,"le":0.0013724319994581381,"en":0.0021080924700026013,"au":0.0032060383693388915,"quand":0.0049516154751921438,"l":0.0075350620474630261,"une":0.0051495113305494123,"la":0.0071404046634739281,"\u00e9tait":0.01047813170839622,"merc":0.0012921974989155002,"de":0.0016856907611706117,"bien":0.003162499186496792,"pour":0.0028082381205434379,"d":0.0042389245791126049,"vous":0.0019241098171565258,"trouv":0.010159809130499201,"mal":0.0049936920418906794,"un":0.0047368940188156298,"dan":0.0071843040059442163,"an":0.0046615072395984744,"comm":0.0042991185044603461,"r\u00e9solu":0.0049377336843690117,"sauf":0.0056098996670953596,"(":0.0045678049409183094,")":0.0044647564425517993,"bonjour":0.00072079484468627543,"on":0.013980430314645147,"par":0.0059609894607673989,"je":0.0011410943720984066,"cas":0.0089199523499264161,"il":0.002182314530484169,"o\u00f9":0.0043543930055619422,"peut":0.0042556954310665161,"\u00eatre":0.0046242450864185181,"qu":0.0035074615987910666,"pr\u00e9cis":0.0053560807770288059,"\u00e0":0.0046193244752484328,"exercic":0.004160461653070267,"avanc":0.0030704943014319311,"vid\u00e9o":0.0042664862372859252,"compr":0.0045273103467942302,"avec":0.0071804386587945154,"m\u00eam":0.0040186593306976142,"dit":0.0049101813239750547,"travaill":0.011211136101928828,"mis":0.0056456091847837796,"raison":0.0046992881400895964,"va":0.013677787124211154,"part":0.0044337188588261297,"t=0":0.0052922217321551496,"vf":0.020362330276129006,"\u00e9pargn":0.011070232068975323,"th\u00e9or":0.011246945351722923,"souc":0.0055746539224996545,"compr\u00e9hens":0.0054380774730425725,"\u00e9t\u00e9":0.0050653026395461806,"annuit":0.010899129689666377,"divis":0.010733292843034259,"unitair":0.011392610226210428,"8":0.0083864874339389436,"\u00e9tap":0.0054884916321320653,"suppl\u00e9mentair":0.0057000702268530127,"moment":0.0054380774730425725,"retrait":0.0056636417042090839,"30":0.010317406045006949,"30\u20ac":0,"08":0,"08+0":0,"8min25":0,"8+50":0}