{"j":0.0039396563877088387,"ai":0.0044548409993066043,"le":0.0016540694631859982,"r\u00e9pons":0.0064363008439822997,"la":0.0024760313438075489,"merc":0.0023327591232480986,"de":0.0010288306894893216,"pour":0.0025529136002449444,"vous":0.0068591098846538306,"trouv":0.0062008546725098061,"pourr":0.007183996712000951,"(":0.0081998638416996127,")":0.008014877033675559,"bonjour":0.0013012258198481922,"comment":0.0054930632903867939,"1":0.0054682567534848599,"\/":0.0059625021784119724,"je":0.0020599779129998816,"pas":0.0024249526071268169,"mais":0.0063171635310647865,"\u00e0":0.0055672583837106703,"compr":0.0081729956327290278,"votr":0.0072547456753156757,"bon":0.0084152566077451366,"1+r":0,"isol":0.010390468254728133,"alic":0.010257146270957546,"ne":0.0039306087755877116,"comprend":0.0058408586189056307,"01":0,"raison":0.0084834611510747459,"formul":0.0068942156692755503,"part":0.0080040381803278375,"indiqu":0.0089139185844643743,"1+7":0,"tap":0.009787206681447877,"1+3":0,"1+tap":0.0061295392856357215,"k":0.010095439163943074,"^k":0.010356796090765251,"1+6":0,"suivr":0.010032221763327912,"d\u00e9velopp":0.010063728499378756,"1\u00b0":0,"1=1":0,"1mais":0,"1+teg":0,"1+tri":0,"1er":0,"1+2":0,"1+ta":0,"1min45":0,"1+n":0,"1+0":0,"1+5":0,"1=5":0,"1+taeg":0,"1=9":0,"1+r2":0,"1+2r+r":0,"1+1":0,"1x":0,"1+taux":0,"1x4x":0,"1x08":0,"1=r":0,"1+rn":0,"1+4":0,"1+i":0,"1+":0,"1\u20ac":0,"1+x":0,"1+9":0,"1=":0,"1\u2212":0,"1+f3":0,"1+a2":0,"1+12":0,"1+41":0,"1x4":0,"1+11":0,"1usd":0,"1^3":0,"1=16":0,"1+15":0,"1+tmeg":0,"1\u00b2=4":0,"1m":0,"1eur":0,"1+g":0,"1+rd":0,"1an":0}