{"j":0.0022469780331257666,"ai":0.0025408129241269667,"question":0.0023468789285327092,"le":0.0014125156399447765,"me":0.0034798694602880959,"en":0.0021705567211903086,"sur":0.0030353952272452827,"une":0.0053009890744204749,"la":0.0014198678907942463,"et":0.0016661261153852812,"merc":0.0013304862126721055,"de":0.00229674506739996,"pour":0.0056990832201664274,"d":0.001475578012956804,"vous":0.0039333225360843301,"un":0.0096131282532104963,"an":0.0047996309525147459,"fait":0.0043487256499558646,"(":0.0023683736381482669,")":0.0023149437412637161,"bonjour":0.00074215249899886452,"on":0.0024840162844068825,"taux":0.0034638562447092155,"int\u00e9r\u00eat":0.0046614577121166399,"pay":0.011614894068749089,"comment":0.0031329616934554008,"d\u00e9termin":0.005069821800485522,"risqu":0.0089472296087256698,"je":0.0023326590663138532,"pas":0.0013830686494854057,"ce":0.0022729234235322631,"mais":0.0071533722236207095,"qu":0.0036113901339268383,"pertinent":0.0059261904147540631,"\u00e0":0.0031925167015980456,"aur":0.0048779809022773488,"plus":0.0040774240700951914,"cet":0.0074969992427620768,"pr\u00e9sent":0.005582120940162665,"peu":0.0052004881314780199,"m\u00eam":0.0082150629705937551,"le\u00e7on":0.0052758107101218343,"ne":0.0022418177390067565,"comprend":0.0033313263187673232,"vois":0.0054167295673182162,"prim":0.010628288105824762,"bas":0.0053375656759611714,"plusieur":0.0054817161817112504,"tous":0.0051271427534822778,"10":0.007843845645696906,"part":0.0045650930430397125,"cordial":0.0046128599920434816,"suppl\u00e9mentair":0.0058689672859261735,"excellent":0.005965000739632441,"sp\u00e9cial":0.005965000739632441,"pris":0.0054167295673182162,"impliqu":0.0057944482438720257,"\u00e9lev":0.0056337094541329298,"model":0.011614894068749089,"spread":0.0059455281976154304,"cd":0.005965000739632441,"yield":0.0059455281976154304,"donnent":0.005965000739632441,"litt\u00e9ratur":0.0059455281976154304,"r\u00e9cent":0.005965000739632441,"conseil":0.0057944482438720257,"remerci":0.0055482502409569603,"10iem":0,"10+1":0,"+10":0,"10^7":0,"10em":0,"10h":0,"10min15":0,"10^1":0,"10^2":0}