{"question":0.0036418024627828329,"le":0.0021747981769156509,"r\u00e9pons":0.0056964267484823951,"en":0.0033681919918139161,"sur":0.0047102173357585105,"l":0.0024761426683110078,"du":0.003199927449229323,"pu":0.0087421880674055756,"la":0.0042936755371123566,"merc":0.0020646007372170862,"de":0.002671197695539613,"pour":0.0066282401910764642,"exempl":0.0069040008334429904,"euros":0.008455615259195224,"dan":0.0057958916817587407,"comm":0.0068688905845598362,"r\u00e9solu":0.0078892341251904398,"(":0.010781318034573726,")":0.010538094287446897,"bonjour":0.001151645602913269,"on":0.0076225868126750347,"taux":0.0053750877598933199,"vos":0.0078233681694170228,"par":0.0094843803706969008,"calcul":0.0069269567216041494,"valeur":0.0061311000950570278,"aur":0.0075694756330817172,"vid\u00e9o":0.0068167525770788445,"cet":0.005859559167829864,"final":0.0083559305920834163,"pren":0.0088789846504392991,"global":0.0090202379239447458,"comptel":0.0092562739901016055,"frais":0.0085576456618502213,"dossi":0.0091072527244687486,"propos":0.0080930566516431244,"pass":0.015958499346127537,"mensual":0.0089068695828481374,"55":0.022337979596872861,"38":0.019033270179376331,"effectu":0.0084808986663747806,"taeg":0.0085835328554327382,"romain":0.0091366500712793345,"38xcf=60":0}