{"j":0.0040447261828000063,"ai":0.0045736506580426259,"le":0.0040873983277497257,"sur":0.0054639352809809994,"du":0.0037119723443946062,"la":0.0012873303703390549,"merc":0.0023949733112268814,"pour":0.002620999261141677,"vous":0.0070396950912667419,"trouv":0.0063662301432902959,"euros":0.0098086630071981817,"dan":0.0033998724125057773,"pourr":0.0073755923711605912,"bonjour":0.0013359292347666434,"comment":0.0056395621160570727,"je":0.0041748949973159349,"calcul":0.0040633556238678743,"pas":0.0049145781827722758,"\u00e0":0.0057138319949221186,"n":0.0095302855311546145,"vid\u00e9o":0.0079075533574336186,"comprendr":0.008733272746151018,"obten":0.0090249453664867814,"mont":0.0093612621924339459,"refair":0.010564573973320021,"annuel":0.0095799898415587902,"arriv":0.016054660709728674,"cf":0.0085251074538006399,"beaucoup":0.0093612621924339459,"annuit":0.010172431837145919,"4619":0.032213777517315953,"const":0.0096645286943735104,"d\u00e9taill":0.010172431837145919,"svp":0.0092292351025411012,"beau":0.010564573973320021,"chiffr":0.010299778976761704,"g":0.010203967635358573}