{"j":0.016562064765384289,"ai":0.01270964584071963,"que":0.0050587356901229067,"le":0.0012170230980953092,"r\u00e9pons":0.0093514362378860055,"au":0.0084091422188529597,"pu":0.014351455377483956,"la":0.0035773421081561193,"et":0.0042443322277954925,"de":0.0043251387519729111,"bien":0.0082949429678042721,"quiz":0.011190598929579991,"trouv":0.0090093515663719377,"5":0.011333828456137743,"bonjour":0.0018905782343561902,"4":0.014091001910059391,"d\u00e9termin":0.012914993563980581,"risqu":0.011479999245352984,"par":0.0078734037360177461,"pas":0.0035232644084130737,"mais":0.0091783391418509691,"compr":0.01187471645354253,"prim":0.01363692950444359,"co\u00efncident":0.015195395261055265,"avou":0.014667874905713543,"proced":0.014395806096076177,"04":0,"05":0,"5iem":0,"5em":0,"0005+1":0,"04\u20ac":0,"5e":0,"5=>":0,"4em":0,"5^2x18":0,"5x0":0,"5^2":0,"4an":0,"4e":0,"4min25":0,"5+5":0,"5xtaux":0,"5an":0,"5min08":0}