{"question":0.0048745824606319949,"que":0.0041246511692356368,"le":0.001954979434662771,"l":0.0033143372668675993,"la":0.0043257606350153837,"merc":0.002763485017294425,"de":0.0024012051399200105,"bien":0.0067632998256261052,"pour":0.0059582877156615808,"d":0.0030648477915946304,"est":0.0035219502730253821,"5":0.0092410617310565348,"capital":0.011151598274985183,"bonjour":0.0015414870834414447,"int\u00e9r\u00eat":0.0096820759384754207,"\/":0.0070634319983642934,"ains":0.011217552334280999,"je":0.0048078168773058854,"calcul":0.0092371799782616018,"pas":0.0028727013135043259,"ce":0.0047209732551636296,"qui":0.0071945990444282166,"mais":0.0074835788212839049,"avanc":0.0065665387874658965,"ne":0.0046563652251666223,"comprend":0.013632077542538997,"part":0.0094819218018490879,"annuit":0.011737651872621846,"ensuit":0.011086385288217076,"quot":0.012389598640799216,"d\u00e9duct":0.012229481044492927,"fiscal":0.011774040046744941,"05":0,"5iem":0,"5em":0,"0005+1":0,"5e":0,"5=>":0,"5^2x18":0,"5x0":0,"5^2":0,"5+5":0,"5xtaux":0,"5an":0,"5min08":0}