{"j":0.0017949113999355777,"ai":0.0020296300254769258,"question":0.0037274997492937893,"que":0.001586297641593115,"le":0.0018645241590280464,"en":0.0017338651938895973,"du":0.0032752267281532365,"apres":0.0038860324058835327,"avoir":0.0069419379714745618,"une":0.0021328134739245874,"la":0.0011358648302606151,"vrai":0.0042762125630929843,"merc":0.0010628073952553001,"de":0.002290103371310128,"nous":0.0034650748233009477,"quiz":0.0035091022297660075,"exempl":0.0035540155587285532,"\"":0.0061269282527270713,"un":0.0095853291399189723,"dan":0.0015087473108769485,"est":0.0026931678488879714,"si":0.0059832870081603156,"(":0.0056097789762513447,")":0.0054832238130716965,"bonjour":0.00059283978806444341,"ma":0.0038546672461479349,"on":0.0019842602289730422,"taux":0.0027669674423642298,"ser":0.0039393074202202496,"format":0.0041305880760071157,"1":0.0024913432590786817,"\/":0.0054012710248916495,"3":0.0037432913616212743,"cour":0.003329753565837661,"vid\u00e9os":0.0042512724473173884,"par":0.0049089426648326996,"je":0.0018660788173273952,"calcul":0.0018031785099044398,"ce":0.0053836936159826895,"il":0.0017949113999355777,"oui":0.0045564275153006034,"qui":0.0027669674423642298,"pens":0.0041072149080951066,"fois":0.0042762125630929843,"suis":0.0036848045970915627,"possibl":0.0040160954344369178,"concern":0.0039938851303907589,"x":0.0043920255934269212,"avec":0.0029739785655607046,"peu":0.0041542085836213018,"problem":0.0042143771091196361,"m\u00eam":0.0033052694029060592,"don":0.0034304676627920569,"demand":0.0043141531446439559,"quel":0.0035002270008165784,"1+r":0,"%":0.0026794222162912469,"01":0,"flux":0.0038965861708874067,"tous":0.0040956194683044924,"formul":0.0062452853214268684,"12":0.0064241249703971132,"notion":0.0043788567225455091,"perdu":0.0045706902931580947,"video":0.004500270663118696,"&":0.0046434041215411863,"pai":0.0042637076724600636,"003":0,"1+7":0,"compr\u00e9hens":0.0044727133113719513,"tap":0.00445906117621412,"1+3":0,"ta":0.0086032806629673143,"1+tap":0.0027926242436942285,"k":0.0091451879442809546,"^k":0.0047185666821399543,"1+6":0,"revu":0.0047649098791128029,"combin":0.0047493549928892664,"q1":0.0047339077537994108,"q4":0.0047185666821399543,"15":0.00711046683899637,"mois":0.0043657650888875863,"proportionnels=>":0.0047649098791128029,"tae=":0.0047493549928892664,"k=15":0.0047649098791128029,"etant":0.0047185666821399543,"d\u00e9but":0.0045706902931580947,"\u00e9conom":0.0044052726183021447,"aurelien":0.0047493549928892664,"1\u00b0":0,"1=1":0,"3\u00b0":0,"1mais":0,"1+teg":0,"1+tri":0,"3h":0,"1er":0,"1+2":0,"1+ta":0,"1min45":0,"3iem":0,"3em":0,"1+n":0,"1+0":0,"1+5":0,"1=5":0,"1+taeg":0,"1=9":0,"1+r2":0,"1+2r+r":0,"3+":0,"3+1":0,"1+1":0,"1x":0,"1+taux":0,"1x4x":0,"1x08":0,"1=r":0,"1+rn":0,"3m":0,"1+4":0,"12^3+2":0,"12^4+189":0,"12^4":0,"1+i":0,"1+":0,"3=":0,"1\u20ac":0,"1+x":0,"1+9":0,"1=":0,"12\u20ac":0,"1\u2212":0,"1+f3":0,"1+a2":0,"1+12":0,"1+41":0,"3^2x24":0,"1x4":0,"3x0":0,"15x4":0,"1+11":0,"1usd":0,"1^3":0,"15an":0,"12=":0,"1=16":0,"1+15":0,"1+tmeg":0,"15\u20ac":0,"1\u00b2=4":0,"1m":0,"12^5":0,"1eur":0,"3e":0,"3+2":0,"1+g":0,"15h":0,"1+rd":0,"1an":0}