{"j":0.0018841017836575625,"question":0.0019678691603076007,"que":0.0033098122689888374,"le":0.0015733503106027176,"sur":0.0025451933563421661,"l":0.0013379981048635954,"la":0.00059966023342359145,"et":0.0013970546838987059,"merc":0.001115619026742395,"de":0.00097801893840399707,"pour":0.0012209057324774563,"d":0.0024593766616833952,"2em":0,"\"":0.006429522635082419,"*":0.0075304597703916157,"un":0.0040935416047675564,"dan":0.0031480033944508096,"dir":0.0040571315651274625,"est":0.0028261769895533305,"non":0.0039711390669365295,"(":0.0096915912749396971,")":0.0094729514817387794,":":0.0026750671951121133,"on":0.0020828594864253772,"taux":0.0057732814753681978,"4":0.0092194124898283807,"1":0.0051981912277698026,"\/":0.0028515078179042318,"3":0.0039292980876012729,"2":0.0074344292431771262,"cour":0.0034952113139177987,"par":0.002591591557228861,"je":0.0019582400021599827,"permet":0.0044110238088486903,"calcul":0.0018927796920148138,"pas":0.0023051893754057677,"ce":0.0037883288938599896,"il":0.0018841017836575625,"c":0.0035919355857697917,"\u00eatre":0.0039923431263860394,"\u00e0":0.0026800804296327396,"ann\u00e9":0.0038080797170345908,"tres":0.0042749784316040342,"clair":0.0045151757367056112,"suis":0.0038679050754588662,"avanc":0.0026509120061418432,"6":0.0066421903596951591,"compr":0.0039086544952225098,"ok":0.0097819302296778734,"1+r":0,"%":0.0083349977157539477,"donc":0.0038080797170345908,"ne":0.0037364844004506423,"comprend":0.0027933329861723607,"01":0,"raison":0.0040571315651274625,"or":0.0046663915942725988,"obten":0.0042039720104461191,"r\u00e9soudr":0.0045285263858078446,"faut":0.0040681059766573347,"=":0.010833421644347677,"2e":0,"003":0,"02":0,"1+7":0,"\u00e9tap":0.014042453975006626,"tap":0.013870999684997729,"1+3":0,"ta":0.0045419535433454247,"1+tap":0,"k":0.0095968469785272861,"06":0,"trimestriel":0.0098773052124385662,"17":0.023370909273332213,"1+6":0.0029246296623292958,"1\u00b0":0.0029313916658050615,"2\u00b0":0.003939688493001978,"^":0.0046241736488713547,"1=1":0.0029313916658050615,"51":0.013381655330641153,"tpe":0.014774029556204049,"3\u00b0":0.0041125249861735588,"correspond":0.0045554580912672525,"multipli":0.0048280441398224037,"nombr":0.0046241736488713547,"p\u00e9riod":0.0045554580912672525,"avais":0.0046663915942725988,"tpp":0.0048897064505776114,"tpe=tpp":0.005001681532874655,"emil":0.005001681532874655,"1mais":0,"1+teg":0,"04":0,"1+tri":0,"3h":0,"51\u20ac":0,"1er":0,"1+2":0,"1+ta":0,"6min15":0,"1min45":0,"3iem":0,"3em":0,"1+n":0,"1+0":0,"1+5":0,"1=5":0,"1+taeg":0,"1=9":0,"1+r2":0,"1+2r+r":0,"3+":0,"3+1":0,"1+1":0,"1x":0,"1+taux":0,"1x4x":0,"1x08":0,"2x3":0,"1=r":0,"06^":0,"2min54":0,"1+rn":0,"2i\u00e8meann":0,"3m":0,"1+4":0,"0051^4":0,"1+i":0,"1+":0,"3=":0,"1\u20ac":0,"04\u20ac":0,"1+x":0,"06=":0,"1+9":0,"1=":0,"1\u2212":0,"1+f3":0,"1+a2":0,"1+12":0,"1+41":0,"2\u20ac":0,"4em":0,"2^2x4":0,"3^2x24":0,"2x0":0,"1x4":0,"+2x0":0,"3x0":0,"1+11":0,"02+":0,"1usd":0,"1^3":0,"4an":0,"4e":0,"2=":0,"1=16":0,"1+15":0,"1+tmeg":0,"4min25":0,"1\u00b2=4":0,"2x":0,"2m":0,"1m":0,"1eur":0,"3e":0,"3+2":0,"1+g":0,"1+rd":0,"1an":0}