{"question":0.003425245449901628,"que":0.0021795697512604949,"le":0.0020481348714802075,"me":0.0012800407285058913,"en":0.0015925145809557928,"au":0.0036231013314344885,"roug":0.0021798993273553433,"sur":0.0022270374743770219,"l":0.0051709511672987964,"du":0.0030096461978645376,"avoir":0.0047971585686439446,"une":0.010519840036913202,"pu":0.0020723126646428336,"la":0.0018120314931045526,"vrai":0.0019691369952093605,"\u00e9tait":0.0059628900884985906,"seul":0.0019984227141912141,"et":0.005399186682123692,"merc":0.00048940816900495162,"de":0.0031203336723665399,"bien":0.0047523992344244391,"vouloir":0.0021658188441078768,"pour":0.0021250913878204897,"nous":0.0047610057990984719,"d":0.0063259157841575103,"2em":0,"\"":0.011141054978227153,"un":0.0096769118759147815,"000":0.0038374702288286062,"euros":0.0020043813349553889,"dan":0.0041128618285807524,"an":0.0017655038992490731,"est":0.0078548312728928798,"fait":0.0015996421741006658,"m":0.002643473003107152,"si":0.0027639181418176242,"(":0.0051572955249576113,")":0.0050409482714401793,"bonjour":0.00027299455807814292,"suiv":0.0018041134789063293,":":0.0058046678955930809,"on":0.0036253959981505024,"projet":0.0068212755741974083,"1":0.0011472292611359172,"\/":0.0024950618204026337,"3":0,"2":0.0016407620254625709,"actif":0.0017237341210850821,"prix":0.0018041134789063293,"savoir":0.0017560739321596385,"contenu":0.00217283497512657,"cour":0.0015333056611850778,"par":0.0011368989309331124,"ailleur":0.0021180028179020806,"je":0.0008620159939241493,"invest":0.0017467296932299943,"ou":0.0055372676550428631,"pas":0.0020185743461054082,"ce":0.012086524856870912,"il":0.0024662046333015198,"o\u00f9":0.0032894355685264384,"c":0.0015757373942863382,"\u00eatre":0.0034932897066064571,"moi":0.001839129100537651,"qui":0.0063024306517083144,"\u00e9nonc":0.0019075029960890922,"qu":0.0052707864362591169,"\u00e0":0.0040742810250620895,"contrair":0.00217283497512657,"cel":0.003358066155272611,"n":0.0029437009219013557,"aur":0.0071193625231782626,"sont":0.0032642800710026561,"clair":0.0019807513470697811,"suis":0.0016968017714728233,"possibl":0.0036886896169264823,"elle":0.0018189743527593858,"co\u00fbt":0.0019350611938105343,"compr":0.0017146780342798256,"id\u00e9":0.0021588502804447806,"cet":0.0055111249396822236,"tel":0.0062605221906441707,"avec":0.0013694761731323948,"financi":0.0020224673007526632,"m\u00eam":0.001522031041340063,"march":0.0093287536671267171,"constituent":0.0021798993273553433,"loi":0.0021450533054609387,"quel":0.0016118063303086452,"1+r":0,"dit":0.0018596869698832962,"auss":0.0019807513470697811,"vu":0.001963378665284685,"ne":0.0016447980383833465,"01":0,"s":0.0015257755234530405,"agit":0.0020164032170675978,"bas":0.001963378665284685,"100":0.0032539177444602828,"hypothes":0.006319692986171686,"effect":0.0020659481910372396,"deux":0.0017943242696442944,"somm":0.0038374702288286062,"titr":0.0020470878599853689,"notion":0.0080005079004214566,"video":0.0082223405047575967,"assimil":0.0021658188441078768,"th\u00e9or":0.0021450533054609387,"final":0.0019807513470697811,"pouvoir":0.0020408772114628593,"suppos":0.0082477502419796515,"entre":0.0018442301492367639,"exact":0.0020596228836710332,"2e":0,"s\u00fbr":0.0021588502804447806,"princip":0.0020408772114628593,"ten":0.0021246989927459718,"remarqu":0.0021113499842992933,"003":0,"02":0,"sujet":0.0020659481910372396,"arriv":0.0016619557495784183,"1+7":0,"\u00e9clairc":0.0020164032170675978,"r\u00e9alit":0.0021246989927459718,"compr\u00e9hens":0.0020596228836710332,"\u00e9t\u00e9":0.0038264774554321152,"1+3":0,"1+tap":0,"impliqu":0.0021314390772467573,"model":0.0021519286434921849,"1+6":0,"ensuit":0.001963378665284685,"d\u00e9velopp":0.0021113499842992933,"d\u00e9duct":0.0021658188441078768,"\u00e9conom":0.0020285673732755769,"1\u00b0":0,"2\u00b0":0,"1=1":0,"concept":0.0062605221906441707,"aoa":0.012081694238669366,"lien":0.0021382236510761477,"son":0.0020164032170675978,"acquis":0.00217283497512657,"apprentissag":0.0021870125682237245,"stad":0.0043338930091000767,"fut":0.0021941753791146976,"intuit":0.0021382236510761477,"conna\u00eetr":0.00217283497512657,"d\u00e9finit":0.002098172121705444,"d\u00e9faut":0.00217283497512657,"appr\u00e9hend":0.0021941753791146976,"util":0.0021450533054609387,"about":0.0021450533054609387,"concurrentiel":0.0063597840725589305,"09":0.0035036322100401081,"39":0.0052951592512320254,"import":0.0020659481910372396,"analys":0.0021450533054609387,"situat":0.0084569371008933643,"entrepris":0.0039391512651111658,"entreprendr":0.0021798993273553433,"avait":0.0021314390772467573,"l\u00e0":0.0020596228836710332,"certitud":0.0021941753791146976,"rapport":0.001963378665284685,"110":0.0058703654891471045,"amen":0.00217283497512657,"eut":0.0021941753791146976,"conclus":0.0021588502804447806,"laquel":0.0021246989927459718,"aurion":0.0021941753791146976,"annonc":0.0021519286434921849,"r\u00f4l":0.0021870125682237245,"travail":0.0021658188441078768,"math\u00e9mat":0.0021519286434921849,"quas":0.0021870125682237245,"comport":0.00217283497512657,"rationnel":0.0021941753791146976,"sach":0.0021314390772467573,"terribl":0.0021941753791146976,"\u00e9motionnel":0.0021941753791146976,"traver":0.00217283497512657,"programm":0.0021658188441078768,"ordin":0.0021870125682237245,"agiss":0.0021798993273553433,"boursi":0.0021798993273553433,"pos":0.0019691369952093605,"poul":0.0021941753791146976,"\u0153uf":0.0021941753791146976,"uniqu":0.0020723126646428336,"induit":0.0021798993273553433,"fondamental":0.0021798993273553433,"fil":0.0021588502804447806,"sincer":0.0021941753791146976,"bv":0.0021588502804447806,"9":0,"1mais":0,"1+teg":0,"1+tri":0,"1er":0,"1+2":0,"1+ta":0,"1min45":0,"100k":0,"1+n":0,"1+0":0,"1+5":0,"1=5":0,"1+taeg":0,"1=9":0,"1+r2":0,"1+2r+r":0,"1+1":0,"1x":0,"1+taux":0,"1x4x":0,"1x08":0,"2x3":0,"1=r":0,"2min54":0,"1+rn":0,"2i\u00e8meann":0,"1+4":0,"1+i":0,"1+":0,"1\u20ac":0,"1+x":0,"1+9":0,"1=":0,"1\u2212":0,"1+f3":0,"1+a2":0,"1+12":0,"1+41":0,"2\u20ac":0,"2^2x4":0,"2x0":0,"1x4":0,"+2x0":0,"1+11":0,"02+":0,"1usd":0,"1^3":0,"2=":0,"1=16":0,"1+15":0,"1+tmeg":0,"100+2":0,"1\u00b2=4":0,"+100":0,"2x":0,"2m":0,"1m":0,"1eur":0,"1+g":0,"1+rd":0,"1an":0}