{"j":0.0014654050534399104,"question":0.0015305571264972761,"que":0.0025777830282368575,"le":0.0018258055896421689,"quand":0.0033249663321574391,"l":0.0010406599056203096,"r\u00e9sultat":0.00311344227895854,"une":0.0085428616016185038,"autr":0.0030480595024772561,"la":0.0018391568448028175,"\u00e9tait":0.00354311607025688,"et":0.0010865925670654481,"premi":0.0031812584544214386,"merc":0.00086769927913785843,"de":0.0029627080869927269,"pour":0.0046587701372495603,"d":0.0037947330317695794,"vous":0.0012920228546565,"2em":0,"un":0.0016017517042394773,"dan":0.0036601842126733272,"an":0.0031301611981838407,"est":0.001105847758876385,"fait":0.0028360956135401599,"(":0.0090512264265145623,")":0.011688126722722302,"bonjour":0.00048400741192075646,"suiv":0.0031986142943071258,":":0.0082044262200101446,"on":0.0032244846160869997,"utilis":0.0025582445613448433,"comment":0.0020432144107063619,"1":0.0099789320185000429,"\/":0.0065902161064035521,"2":0.0057901608823102751,"appliqu":0.0033532203773970846,"savoir":0.0061970903949760377,"vos":0.0032879630422797076,"je":0.001525137207955505,"permet":0.0034307788657693132,"calcul":0.0014721545034273298,"valeur":0.0051288332270256884,"pas":0.00090199181226120382,"cas":0.0060035906631886564,"o\u00f9":0.0058198926865542407,"qui":0.0067125955927212549,"\u00e0":0.0041352713037316,"avanc":0.0020618099742380101,"pourquoi":0.0023773190334878628,"avec":0.0048328077099978285,"votr":0.0026984944695168231,"m\u00eam":0.0053711656294243284,"don":0.0055746166975194624,"quel":0.002857662130491529,"1+r":0.0065300481341434135,"r":0.010049281612994121,"%":0.0043541444767576593,"second":0.0037433311812285872,"ne":0.0029100883343138998,"comprend":0.0021725812848237005,"01":0,"raison":0.0062808645530122607,"flux":0.0031812584544214386,"rent":0.010020706022713833,"va":0.0061805652647580426,"69=137083":0,"formul":0.0051042415409055944,"7":0.0052991991231250259,"futur":0.0069694137980398927,"part":0.0029772032997526596,"18+1":0,"18":0.0064037903492249948,"vf":0.0069489784774588734,"erreur":0.0032971436632752201,"=":0.008448658378748107,"2e":0,"mon":0.0030886480269152537,"02":0,"cf":0.0061477391600980105,"34":0.009388085766029999,"1+7":0.0022747004030205576,"^18":0.0038648661684275985,"pass":0.0033915870452996188,"retrouv":0.0035965612324219058,"1+3":0,"1+tap":0,"1+6":0,"const":0.0069694137980398927,"1\u00b0":0,"2\u00b0":0,"1=1":0,"correspond":0.00354311607025688,"avais":0.0036293972453557361,"60000":0.011671057626844034,"m\u00e9thod":0.0035857460706284635,"repart":0.0038774776333861368,"hor":0.0075456761857962641,"vf=fx":0.0038901769838267609,"^n":0.011053782126047353,"f=vf":0.0038901769838267609,"f":0.0037433311812285872,"833":0.012934213984763463,"69":0.010001255749074746,"\u20ac":0.014399450696201381,"d\u00e9monstr":0.0038774776333861368,"1764":0.011671057626844034,"76":0.010407901268924607,"s\u00e9quenc":0.0038648661684275985,"vfn=vax":0.0038901769838267609,"approch":0.0038648661684275985,"mauvais":0.0038399020874467274,"ni":0.0037551263642413659,"vf=":0.0038774776333861368,"finalis":0.0038774776333861368,"lumi":0.0038523413808889163,"1mais":0,"1+teg":0,"1+tri":0,"1er":0,"1+2":0,"1+ta":0,"1min45":0,"1+n":0,"1+0":0,"1+5":0,"1=5":0,"1+taeg":0,"1=9":0,"1+r2":0,"1+2r+r":0,"1+1":0,"1x":0,"1+taux":0,"1x4x":0,"18x3xx":0,"1x08":0,"2x3":0,"1=r":0,"2min54":0,"1+rn":0,"2i\u00e8meann":0,"1+4":0,"1+i":0,"1+":0,"1\u20ac":0,"1+x":0,"1+9":0,"1=":0,"007=>":0,"1\u2212":0,"1+f3":0,"1+a2":0,"1+12":0,"1+41":0,"2\u20ac":0,"2^2x4":0,"2x0":0,"1x4":0,"+2x0":0,"1+11":0,"02+":0,"+7":0,"1usd":0,"1^3":0,"7e":0,"2=":0,"1=16":0,"1+15":0,"1+tmeg":0,"1\u00b2=4":0,"2x":0,"60000+20600":0,"2m":0,"1m":0,"34=2":0,"1eur":0,"34xcf=60":0,"1+g":0,"1+rd":0,"1an":0}