{"a":0.0039614575981576335,"que":0.0013747872958362322,"le":0.001620807691676468,"me":0.004793776434262007,"au":0.0022853105201624544,"sur":0.004181480447785285,"l":0.0043524088285446013,"une":0.0036780998082881849,"autr":0.0032356355882751813,"la":0.0024262406967753931,"vrai":0.0037060401225405461,"et":0.0045445155101921514,"premi":0.0033770315383480978,"merc":0.00092109706691007249,"de":0.0023771785971517471,"exempl":0.0030801378702406124,"un":0.011551538060405066,"dan":0.0026018792842116265,"dir":0.0033497205543537951,"est":0.0057526857634282082,"5":0.0030801378702406124,"comm":0.0030644738502285163,"fait":0.0030106275456445587,"financ":0.0037611576942626996,"(":0.012668986557859373,"+":0.0034518039727021088,")":0.012383177496943027,":":0.0043948492734354585,"ser":0.0034140565135514014,"\/":0.0023543122019101343,"3":0,"actif":0.0064554164758773682,"san":0.0062724754801579694,"risqu":0.0062080496764958864,"prix":0.0033954554481021213,"par":0.0021397155523268183,"je":0.0024155580262051825,"achet":0.0039612534139085017,"pas":0.0019052789119051651,"ce":0.0031311193908144541,"il":0.0030953777049472801,"qui":0.0047717170506113233,"qu":0.0025001693577472468,"\u00e0":0.0033059736219942155,"cel":0.0031686333619196506,"sont":0.006129004765315413,"clair":0.0037278990658729501,"6":0.0054840424118961237,"cet":0.0026141726415099169,"y":0.0028716058464515679,"pr\u00e9sent":0.0038645084602528519,"term":0.0039002232451575574,"financi":0.014996861866624658,"encor":0.0037389218643683474,"march":0.010541194779220988,"don":0.0029730633381306044,"demand":0.0037389218643683474,"quel":0.0060362448090590937,"se":0.0033138955323403648,"dit":0.0069645624336785571,"donc":0.0031440939727986859,"deuxiem":0.0039612534139085017,"ne":0.0015520128839207974,"diff\u00e9rent":0.0064384215170905845,"s":0.00852794197490289,"deux":0.0033770315383480978,"video":0.0039002232451575574,"suppos":0.0039122762181169552,"entre":0.0034709575539429165,"princip":0.0038410597379771728,"compt":0.0034047336236908152,"plac":0.0076897826546450014,"003":0,"cec":0.0039736939448982312,"p":0.0040371257227744314,"effectu":0.0037836520861117841,"06":0,"impliqu":0.0040115028859063371,"aoa":0.0038410597379771728,"d\u00e9finit":0.0039488923756722475,"concurrentiel":0.0040115028859063371,"uniqu":0.0039002232451575574,"fondamental":0.0041027081355602211,"bv":0.0040630925005985261,"52":0.0099658239564084736,"altern":0.012263796363375464,"consist":0.0081637636926890564,"aujourd":0.0039366098207474394,"hui":0.0039366098207474394,"tent":0.0040500655429402286,"produit":0.0040630925005985261,"trait":0.003998817621422456,"cotat":0.0041160957038826138,"verr":0.0041295765661165254,"plut\u00f4t":0.0039366098207474394,"ex":0.0040630925005985261,"ici":0.0037060401225405461,"majeur":0.0041295765661165254,"niveau":0.0038178918454765298,"6min15":0,"05":0,"06^":0,"5iem":0,"5em":0,"0005+1":0,"06=":0,"5e":0,"5=>":0,"5^2x18":0,"5x0":0,"5^2":0,"5+5":0,"5xtaux":0,"52=":0,"5an":0,"5min08":0}