{"question":0.0021263598491183602,"que":0.0017992295152895314,"le":0.00085997855396101016,"r\u00e9pons":0.0033260049783592877,"quand":0.0046192819503248399,"l":0.0028723692181707419,"avoir":0.0039600427016555232,"la":0.0055404468561775387,"\u00e9tait":0.004922351228929229,"et":0.0015095724079545029,"merc":0.001205470136544407,"de":0.0020851000739027441,"pour":0.002620999261141677,"exempl":0.0040310781050148046,"*":0.0040935933465278719,"dan":0.0017112694501123175,"est":0.0074833413866554717,"\u00e9gal":0.0046192819503248399,"(":0.0063529802061125093,")":0.0062096586153572693,"bonjour":0.00067241784678712503,"suiv":0.0044437446276807324,":":0.0028905150769733814,"on":0.0044714125175783371,"utilis":0.0035540970182002334,"1":0.0028257611982264665,"\/":0.003081166093629364,"appliqu":0.0046585344985196567,"cour":0.0037767129807234319,"par":0.0028003163745623197,"je":0.003151594468817299,"valeur":0.0035798001693625749,"pas":0.0012531117856509114,"ce":0.0020593534030071674,"c":0.0038812273520290623,"peut":0.0039700694024595315,"qui":0.00313838296143913,"qu":0.0032720541681650621,"ann\u00e9":0.0041147795676002418,"n":0.0071943354708433344,"pourquoi":0.0033027422850410377,"votr":0.0037489422601167661,"car":0.0040935933465278719,"bon":0.004348644671838181,"aux":0.0093880886204945908,"lorsqu":0.0046850450930452023,"1+r":0.0030530353748400006,"r":0.0046984052224332993,"vu":0.0048360335965400656,"ne":0.0020311704925680112,"comprend":0.003018305905097047,"01":0,"raison":0.0043838898625400882,"flux":0.0044196326488190815,"rent":0.0046850450930452023,"formul":0.01054757521088219,"7":0.0073620278869848052,"futur":0.0048644803974352575,"mont":0.0047118362281709427,"fonction":0.0049370280157936784,"\u00e9quat":0.0050269216710757646,"inconnu":0.0052835196974467891,"expos":0.0051043509058885895,"cf":0.0042909715938021396,"1+7":0,"pass":0.0047118362281709427,"1+3":0,"1+tap":0,"1+6":0,"aid":0.004190359468040211,"ensuit":0.0048360335965400656,"1\u00b0":0,"1=1":0,"^n":0.0051680458035434614,"reprendr":0.0053175032767390747,"pend":0.010463635268232846,"dur":0.0050730944762464427,"cibl":0.0052333846206709658,"ln":0.0053346676722732774,"regard":0.005120125029464807,"meliss":0.0053868703184934245,"1mais":0,"1+teg":0,"1+tri":0,"1er":0,"1+2":0,"1+ta":0,"1min45":0,"1+n":0,"1+0":0,"1+5":0,"1=5":0,"1+taeg":0,"1=9":0,"1+r2":0,"1+2r+r":0,"1+1":0,"1x":0,"1+taux":0,"1x4x":0,"1x08":0,"1=r":0,"1+rn":0,"1+4":0,"1+i":0,"1+":0,"1\u20ac":0,"1+x":0,"1+9":0,"1=":0,"007=>":0,"1\u2212":0,"1+f3":0,"1+a2":0,"1+12":0,"1+41":0,"1x4":0,"1+11":0,"+7":0,"1usd":0,"1^3":0,"7e":0,"1=16":0,"1+15":0,"1+tmeg":0,"1\u00b2=4":0,"1m":0,"1eur":0,"1+g":0,"1+rd":0,"1an":0}