{"le":0.0011727577725180881,"me":0.0085422829221673529,"sur":0.0074512004279548493,"l":0.0039170666647858846,"la":0.0017555399383624207,"pour":0.0035742719874935721,"vous":0.0048632023072896057,"pourr":0.010058138357477998,"bonjour":0.0018218144933853258,"1":0.0076559727413133723,"\/":0.0083479536908818743,"3":0.01150324690222111,"je":0.0056670310308643054,"pas":0.0033951169259395513,"\u00e0":0.0039472620022482051,"oper":0.013829467055499339,"1+r":0,"%":0.0082339450317180825,"ne":0.0055031493580635091,"comprend":0.008177643513850889,"01":0,"raison":0.011877486784655429,"003":0,"1+7":0,"8":0.021196911254816021,"1+3":0,"1+tap":0,"1+6":0,"svp":0.012585961767358881,"1\u00b0":0,"1=1":0,"3\u00b0":0,"about":0.01431489780779524,"20":0.023733140351763212,"bloqu":0.013744782485026349,"puissanc":0.014453475512553429,"d\u00e9compos":0.014642711323044665,"1mais":0,"1+teg":0,"1+tri":0,"3h":0,"1er":0,"1+2":0,"1+ta":0,"1min45":0,"3iem":0,"3em":0,"1+n":0,"1+0":0,"1+5":0,"1=5":0,"1+taeg":0,"1=9":0,"1+r2":0,"1+2r+r":0,"3+":0,"3+1":0,"1+1":0,"1x":0,"1+taux":0,"1x4x":0,"1x08":0,"1=r":0,"1+rn":0,"20em":0,"08":0,"3m":0,"1+4":0,"1+i":0,"1+":0,"3=":0,"1\u20ac":0,"1+x":0,"1+9":0,"1=":0,"1\u2212":0,"1+f3":0,"1+a2":0,"1+12":0,"1+41":0,"3^2x24":0,"1x4":0,"3x0":0,"1+11":0,"1usd":0,"1^3":0,"1=16":0,"1+15":0,"1+tmeg":0,"1\u00b2=4":0,"08+0":0,"1m":0,"1eur":0,"3e":0,"3+2":0,"1+g":0,"8min25":0,"1+rd":0,"8+50":0,"1an":0}