{"j":0.0045277464736873628,"ai":0.0051198349907817043,"correct":0.0098829429840839172,"que":0.0078870151214895639,"le":0.001897446351391917,"l":0.0032153869040641957,"et":0.0033573076961326454,"v\u00e9rifi":0.023086839166578041,"*":0.0091042022063440031,"est":0.0067345513404065954,"\u00e9gal":0.010273340159579552,"(":0.013909838557121983,")":0.013596036195950265,"bonjour":0.0014954656034647106,"d\u00e9termin":0.010215884374908271,"1":0.0062845278359941045,"\/":0.0068525514806021771,"je":0.0023674800067737239,"pas":0.0027869361018468776,"ce":0.0045800274253431465,"\u00e0":0.0032401732304019556,"n":0.010652108596548393,"1+r":0.006789988414271861,"r":0.010449311294844853,"01":0,"raison":0.0097498252465060362,"mon":0.009543173868207501,"arriv":0.0091042022063440031,"1+7":0,"1+3":0,"1+tap":0,"1+6":0,"1\u00b0":0,"1=1":0,"^n":0.011493797752777566,"tme":0.012019704094232957,"srd":0.011639112089766285,"=0":0.011941499808734764,"parcontr":0.012019704094232957,"vf=cf":0.012019704094232957,"1mais":0,"1+teg":0,"1+tri":0,"1er":0,"1+2":0,"1+ta":0,"1min45":0,"1+n":0,"1+0":0,"1+5":0,"1=5":0,"1+taeg":0,"1=9":0,"1+r2":0,"1+2r+r":0,"1+1":0,"1x":0,"1+taux":0,"1x4x":0,"1x08":0,"1=r":0,"1+rn":0,"1+4":0,"1+i":0,"1+":0,"1\u20ac":0,"1+x":0,"1+9":0,"1=":0,"1\u2212":0,"1+f3":0,"1+a2":0,"1+12":0,"1+41":0,"1x4":0,"1+11":0,"1usd":0,"1^3":0,"1=16":0,"1+15":0,"1+tmeg":0,"1\u00b2=4":0,"1m":0,"1eur":0,"1+g":0,"1+rd":0,"1an":0}