{"le":0.0018432036394947162,"merc":0.0051331786163893584,"de":0.0022639164252065088,"un":0.0094757225166035765,"bonjour":0.0028633151562764535,"taux":0.026005223077055634,"ou":0.014637621132207096,"il":0.008669116208256689,"peut":0.016905499974230364,"\u00eatre":0.018369541818854206,"sont":0.017165289543359066,"n\u00e9gat":0.02140582835357515,"banqu":0.022144985060536426,"directeur":0.022716284037823626,"central":0.022716284037823626,"nominal":0.043092343933153636,"r\u00e9el":0.021470969007550082}