{"j":0.0023885256338322084,"ai":0.0027008705517281529,"a":0.003056829867778619,"question":0.0024947197514446242,"le":0.0010078096654594605,"me":0.0036990826282024209,"tout":0.0049034455049602171,"au":0.0035089831100178831,"du":0.0043500638351601341,"une":0.0028381788955345881,"la":0.002245615498121893,"et":0.0052317086827243543,"merc":0.0014142997294935206,"de":0.0024381699158544604,"quiz":0.0046696347395390643,"un":0.0026107628028370906,"est":0.0018024680022713283,"5":0.0047294018330745046,"quelqu":0.0054655556212942118,"si":0.0040044601694869441,":":0.0033912533936171886,"on":0.0026404960274172781,"taux":0.0036820606656703574,"rentabl":0.010694830166737753,"format":0.0054966587780871882,"comment":0.0066090080774026021,"1":0.0033152818780905207,"oblig":0.0054966587780871882,"san":0.0096051764332877407,"risqu":0.0095065198162968562,"prix":0.0052135566318408143,"je":0.0012489185771832922,"calcul":0.0070881061874856523,"valeur":0.0041999467740309647,"pas":0.0014701945786493068,"il":0.0023885256338322084,"c":0.0045535916881465979,"\u00e0":0.0050491774830623629,"n":0.0028509820374817466,"elle":0.0052565018281033691,"votr":0.0043983901912070722,"march":0.0054501253303191619,"loi":0.0061988101175971455,"1+r":0,"donc":0.0048276033167148538,"01":0,"esper":0.011529152195978691,"fair":0.0049551046215289126,"tous":0.0054501253303191619,"depuis":0.0061206391763254766,"part":0.0048526694935958591,"d\u00e9j\u00e0":0.0057922939569907076,"1+7":0,"sa":0.0059337647098323017,"1+3":0,"1+tap":0,"1+6":0,"aid":0.0049162762995676804,"1\u00b0":0,"1=1":0,"l\u00e0":0.0059519318877677653,"rapport":0.0056738037717089778,"uniqu":0.0059886030243207957,"ici":0.0056904442876843462,"1mais":0,"boonjour":0.0063407638892759525,"sait":0.0063407638892759525,"rend":0.0057750746372722392,"inform":0.0061988101175971455,"fourn":0.0061988101175971455,"b":0.0060071097778524882,">":0.012262343881247141,"1+teg":0,"1+tri":0,"1er":0,"1+2":0,"1+ta":0,"1min45":0,"05":0,"1+n":0,"1+0":0,"1+5":0,"1=5":0,"1+taeg":0,"1=9":0,"1+r2":0,"1+2r+r":0,"1+1":0,"1x":0,"1+taux":0,"1x4x":0,"1x08":0,"1=r":0,"1+rn":0,"5iem":0,"1+4":0,"5em":0,"0005+1":0,"1+i":0,"1+":0,"1\u20ac":0,"1+x":0,"5e":0,"1+9":0,"1=":0,"1\u2212":0,"1+f3":0,"1+a2":0,"1+12":0,"1+41":0,"5=>":0,"5^2x18":0,"5x0":0,"1x4":0,"5^2":0,"1+11":0,"1usd":0,"1^3":0,"1=16":0,"1+15":0,"1+tmeg":0,"1\u00b2=4":0,"5+5":0,"1m":0,"1eur":0,"5xtaux":0,"1+g":0,"1+rd":0,"5an":0,"5min08":0,"1an":0}