{"j":0.012541707265158663,"ai":0.01418177278110872,"le":0.0021506157351228569,"me":0.0040152583286167838,"en":0.007388619268408469,"sur":0.0035024003359687035,"l":0.0036514501002425934,"du":0.0023793863795143685,"avoir":0.005043178389690821,"autr":0.0053928100265325232,"la":0.0016364966523396498,"et":0.0019224648618781305,"de":0.0019974528716419759,"pour":0.0016800690748936151,"d":0.0017026003341970477,"trouv":0.0040807742855824567,"un":0.0028339153627473072,"dan":0.0021793293052462799,"est":0.001956532304254644,"(":0.0027327553761352778,")":0.0026711051214601878,"bonjour":0.00085633499667606605,"taux":0.0079263868721517593,"4":0.018829228381518969,"\/":0.0039239148234294441,"appliqu":0.0059327189832427173,"aim":0.005849829840259905,"savoir":0.0055084891634667715,"je":0.0013556687489396145,"calcul":0.005165471140072527,"ou":0.0043776903901471369,"il":0.0025926826752231832,"\u00e0":0.0036795978897593887,"ann\u00e9":0.020444005770089303,"problem":0.0060875107919331371,";":0.0060699401212803861,"raison":0.0055829546000360358,"somm":0.0060350834565453069,"flux":0.0056284736160997252,"va":0.010895263346080222,"formul":0.0045370742435174886,"faudr":0.0066859423425095548,"vf":0.012249842410024603,"chaqu":0.01173250681950907,"compt":0.005674644477903017,"annuel":0.0061408047339880176,"mon":0.0054646216828907728,"pren":0.0066021919172763021,"pass":0.0060005995975093585,"ta":0.0062501104588097477,"capitalis":0.0064213476932181313,"ensuit":0.006158766953622408,"son":0.0063250954683533615,"l\u00e0":0.0064606678157208119,"inter\u00eat":0.0068602664226160024,"d\u00e9gag":0.0068157938542864494,"interet":0.0067937855088642234,"\u00e9quivalent":0.0064409478148869078,"04":0,"04\u20ac":0,"4em":0,"4an":0,"4e":0,"4min25":0}