{"question":0.010929259449452045,"la":0.0033304258254552676,"de":0.0052888786223118135,"d":0.0068716688984014002,"bonjour":0.0034561549443408966,"je":0.0054714583284845913,"pas":0.0064408589309205904,"ce":0.010584853569779987,"quizz":0.023413152038920224,"6":0.036889760365170964,"ne":0.010439996460877222,"vois":0.025225350182743269,"06":0,"moyen":0.025527988533962782,"abord":0.025527988533962782,"6min15":0,"06^":0,"06=":0}