{"j":0.0031931335853205016,"ai":0.0036106962161797439,"alor":0.0066417548817430255,"que":0.013550982778487469,"le":0.0026338947132755978,"au":0.0092853361220053294,"premi":0.0069319968499852221,"merc":0.0018907261877318872,"de":0.00083387826371511314,"pour":0.0020691637430096783,"d":0.0041505878157639363,"\u2019":0.0072655539642616498,"vous":0.0055726115316681816,"2em":0,"dan":0.0078883504215956149,"est":0.0024096543210565553,"taux":0.01909681536019776,"2":0.0063387412099913465,"cour":0.0059236060021116066,"je":0.0016696341029994639,"pas":0.0019654499912187301,"ce":0.0094928950456982311,"cas":0.0065723920834284627,"\u00eatre":0.0067661338848897835,"moi":0.0071050909511302949,"qui":0.0049224138138621804,"derni":0.0071050909511302949,"exercic":0.0060875321358508892,"essai":0.0079326355614428006,"%":0.0094350541342062381,"consider":0.0075191030026635023,"ne":0.0031858003990504866,"comprend":0.0047340783021899086,"rent":0.0073482844407228715,"doit":0.0072451378820819652,"2e":0,"annuel":0.014970013100518023,"mon":0.0067301977189349249,"02":0,"indiqu":0.0072248262304467157,"aid":0.0065723920834284627,"g":0.0080555840587041138,"2\u00b0":0,"sup\u00e9rieur":0.0080806372600211382,"croiss":0.0081824612810189497,"avez":0.007327439672454388,"index":0.01661549710649006,"inf\u00e9rieur":0.0082605802443736047,"rat":0.0083402669165254135,"parc":0.0080059469219219588,"g=4":0.008476738053235738,"2x3":0,"2min54":0,"2i\u00e8meann":0,"2\u20ac":0,"2^2x4":0,"2x0":0,"+2x0":0,"02+":0,"2=":0,"2x":0,"2m":0}