{"correct":0.0077898653854254294,"que":0.0062355701705683747,"le":0.0029335928241400692,"l":0.0025344101635573326,"et":0.0026462739947447239,"premi":0.0077475971892877688,"merc":0.0021131840095708608,"pour":0.0045720637817591456,"vous":0.0031465763566993006,"un":0.0039008861365712488,"an":0.015071050562302343,"est":0.0053244182752967221,"m":0.005722549245077176,"sauf":0.0091741009263306261,"si":0.0059832870081603156,"bonjour":0.0011787456184139797,"taux":0.0055015719502052593,"3":0.0074428005336213002,"par":0.0097050260152969237,"je":0.0036892554477154604,"calcul":0.0035852667289886096,"n":0.0042598110764948578,"m\u00eam":0.0065718797975310569,"r":0.0082362843222242871,"%":0.0053275054423153187,"second":0.0091164621025845872,"raison":0.0076849402373380558,"25":0.014318941613866324,"puis":0.0085024097971048204,"inconnu":0.0092619875021565344,"=":0.0069244305442425864,"mon":0.007522054908418248,"003":0,"fais":0.0087855167581582412,"indiqu":0.008074880096955157,"cf":0.007522054908418248,"mensuel":0.0090033826849503559,"const":0.0085274133959040762,"3\u00b0":0,"pend":0.009232498177394792,"20":0.015355754003724428,"pouv":0.0068896215262100411,"commenc":0.0091164621025845872,"proportionnel":0.0092619875021565344,"3h":0,"3iem":0,"3em":0,"3+":0,"3+1":0,"20em":0,"3m":0,"3=":0,"25\u20ac":0,"0025^t":0,"3^2x24":0,"3x0":0,"25=":0,"025":0,"3e":0,"3+2":0}