{"a":0.0056266167122551473,"le":0.00093476935196936772,"en":0.004246961097862584,"la":0.0053690869743523353,"de":0.0022639164252065088,"vous":0.0076434131603737021,"un":0.0048055542027441098,"est":0.0033177497680808091,"comm":0.0086610000763020275,"m":0.0070496855361336878,"taux":0.0067774606285345759,"utilis":0.0076752113769438099,"calcul":0.004416738401032576,"ce":0.0044472541371176691,"qui":0.0067774606285345759,"expliqu":0.0075658599613624014,"cet":0.0073883317509450151,"rent":0.010117537933121621,"formul":0.0076936511533501461,"or":0.010888869441926633,"suppos":0.011057110055319555,"simpl":0.010790355271760385,"const":0.010505035483871468,"etant":0.011557743478178914,"pouv":0.0084874176075531889,"interet":0.022716284037823626,"proportionnel":0.01140996722500434,"lor":0.010233869737167155,"resolu":0.011520423275102457,"mensualit":0.011671257351914821,"calcule":0.011671257351914821,"compos":0.011195532348091284,"definis":0.011671257351914821,"contradict":0.011595320179508891}