{"j":0.0049731748207117784,"ai":0.0056235115217524011,"le":0.0010573827491952353,"l":0.0035317086067135212,"merc":0.002944728624231611,"de":0.0012987312537475978,"d":0.0032658563242936515,"vous":0.0043847641397705452,"est":0.003752937945092258,":":0.007060965035879177,"taux":0.0076664579736854688,"inflat":0.012430640025269633,"vid\u00e9os":0.011779033266902984,"par":0.0068406271836120112,"ce":0.0050305990413231517,"qui":0.0076664579736854688,"not":0.012242645486262639,"avanc":0.0069972062842987405,"car":0.0099998507951761569,"r":0.022590156109264112,"depuis":0.012743848425661172,"\u00e9quat":0.012279790007092971,"=":0.0096492159403930352,"nominal":0.012703818874086238,"r\u00e9el":0.012317158967477225,"fish":0.013116274622587201,"pouv":0.0096007094632866493,"redon":0.013202172449634623,"faux":0.013073768997350054,"manifest":0.013159074406740303}