{"j":0.0060433589460073085,"ai":0.0027662169939463056,"alor":0.0025544407124588734,"le":0.0012849223538432231,"me":0.0037885803973825606,"r\u00e9pons":0.0059709792978792659,"au":0.0018041865574934639,"sur":0.0016590004034094702,"du":0.00335415540262221,"r\u00e9sultat":0.0026092350581734666,"avoir":0.0071092295844870351,"la":0.0022991025152484398,"seul":0.0029693252154282712,"et":0.002710045732100045,"merc":0.00072717949337916532,"de":0.001267556317436131,"pour":0.0046809631253926128,"afin":0.0029430684902558902,"d":0.0016064815069913678,"quiz":0.0024009497798460296,"2em":0,"mal":0.0028101822300083969,"*":0.0097598129037615756,"un":0.0013423556073083043,"dan":0.0020562971568859716,"an":0.0026232464276702595,"est":0.0018460779676156976,"5":0.0048438277478647131,"comm":0.0048191944950773079,"(":0.0038522899382066001,")":0.0086487758524921316,"bonjour":0.00040562470553392945,":":0.0017436543847562267,"int\u00e9r\u00eat":0.0025477276090652488,"4":0.003023232996434165,"1":0.0050729213350979244,"\/":0.0018586613894934305,"3":0.0025611834543741519,"2":0.0024379006604190413,"appliqu":0.0028101822300083969,"vos":0.0027554930110233605,"je":0.0031599674499392808,"calcul":0.0012337460589362322,"temp":0.0027554930110233605,"pas":0.0037198317796558722,"ce":0.0061131403612722504,"il":0.0012280896503849698,"o\u00f9":0.0024504189974178039,"\u00eatre":0.0026022772850319564,"qui":0.0037711465955306417,"mais":0.0077829720904349208,"\u00e0":0.0051694409220782583,"n":0.0029199603648059082,"fois":0.0058281222258598185,"avanc":0.0017279096209463364,"cet":0.0020638136905982022,"encor":0.0029517706708549365,"problem":0.0028835032808387732,"bon":0.0052254223754308682,"m\u00eam":0.0022614860798080231,"aux":0.0028504808361946889,"don":0.0023471475153628474,"1+r":0,"%":0.010783396788169402,"donc":0.0024821712547038769,"comprendr":0.00265166080194643,"ne":0.0036464398100719579,"01":0,"raison":0.007870137231821667,"25":0.0098151634491882578,"emprunt":0.0028669028069277544,"ci":0.0029087473029056777,"7":0.0088463666618535681,"10":0.0042870671251277019,"12":0.0043954266429014318,"obten":0.0054584311546209997,"vf":0.0029258114867225008,"doit":0.0027865037934840615,"final":0.0029430684902558902,"=":0.016288133749971498,"2e":0,"mon":0.0077033265798115303,"003":0,"02":0,"obtien":0.0029870838871864634,"arriv":0.0024693910247844631,"1+7":0,"pass":0.0028423355978845718,"taeg":0.003023232996434165,"fauss":0.0031770462566700036,"tap":0.0030509176559570224,"1+3":0,"ta":0.0058972658862224501,"1+tap":0,"k":0.0031470014471337861,"1+6":0,"avou":0.0031470014471337861,"15":0.0096909751816967489,"mois":0.0059501748736795288,"1\u00b0":0,"2\u00b0":0,"1=1":0,"3\u00b0":0,"stad":0.003228472952589977,"\u20ac":0.0060959364099176828,"lumi":0.003228472952589977,"erron":0.0032389694101485332,"dur":0.0030602585325560519,"pr\u00eat":0.0030886289192009744,"37":0.015266036363654234,"10iem":0,"avant":0.0029087473029056777,"1mais":0,"775=55":0,"1+teg":0,"\u00e9quivalent":0.0030509176559570224,"abord":0.0029960412651397726,"04":0,"rest":0.0030050514892863787,"demain":0.0032180481437641896,"soir":0.0031669655034817596,"souvent":0.0031770462566700036,"per\u00e7ois":0.0032601812589554886,"70":0.0091617472652347487,"mensualis":0.0032495385081296115,"85":0.014032534426868038,"ramen":0.003228472952589977,"r=5":0.0032601812589554886,"n=1":0.0032495385081296115,"cred":0.0032180481437641896,"800":0.0065126149879768825,"858":0.014907717978921731,"92":0.016141219915707928,"775":0.0068091355989159793,"83":0.0083815997818895999,"tomb":0.0031569508540684097,"loin":0.0032180481437641896,"peur":0.0064519227208697932,"d\u00e9courag":0.0032389694101485332,"dommag":0.0032601812589554886,"rattrap":0.003228472952589977,"rythm":0.0032495385081296115,"1+tri":0,"3h":0,"1er":0,"1+2":0,"10+1":0,"1+ta":0,"1min45":0,"05":0,"3iem":0,"3em":0,"1+n":0,"1+0":0,"1+5":0,"1=5":0,"92\u20ac":0,"1+taeg":0,"1=9":0,"1+r2":0,"1+2r+r":0,"3+":0,"3+1":0,"1+1":0,"+10":0,"1x":0,"1+taux":0,"1x4x":0,"1x08":0,"2x3":0,"1=r":0,"2min54":0,"1+rn":0,"5iem":0,"2i\u00e8meann":0,"3m":0,"1+4":0,"12^3+2":0,"12^4+189":0,"12^4":0,"5em":0,"0005+1":0,"1+i":0,"1+":0,"3=":0,"1\u20ac":0,"800\u20ac":0,"25\u20ac":0,"775\u20ac":0,"04\u20ac":0,"1+x":0,"5e":0,"0025^t":0,"1+9":0,"1=":0,"12\u20ac":0,"007=>":0,"1\u2212":0,"1+f3":0,"1+a2":0,"1+12":0,"1+41":0,"10^7":0,"5=>":0,"2\u20ac":0,"4em":0,"2^2x4":0,"5^2x18":0,"3^2x24":0,"2x0":0,"5x0":0,"1x4":0,"+2x0":0,"3x0":0,"15x4":0,"5^2":0,"1+11":0,"02+":0,"92+505":0,"+7":0,"1usd":0,"1^3":0,"15an":0,"7e":0,"4an":0,"4e":0,"2=":0,"25=":0,"12=":0,"1=16":0,"775=":0,"1+15":0,"1+tmeg":0,"4min25":0,"10em":0,"15\u20ac":0,"1\u00b2=4":0,"5+5":0,"025":0,"070":0,"083":0,"2x":0,"2m":0,"1m":0,"12^5":0,"1eur":0,"3e":0,"10h":0,"3+2":0,"5xtaux":0,"1+g":0,"10min15":0,"15h":0,"1+rd":0,"10^1":0,"10^2":0,"5an":0,"5min08":0,"1an":0}