{"le":0.0013724319994581381,"et":0.0047863161963601457,"d":0.0042389245791126049,"vous":0.011150066005723311,"un":0.0070555333773851458,"non":0.013605141912580243,"taux":0.0099506940638050892,"int\u00e9r\u00eat":0.013391069463545657,"utilis":0.011268775205488371,"pas":0.0039731709482143029,"il":0.0064549419479739412,"\u00e0":0.0046193244752484328,"sont":0.012781112268055332,"pourquoi":0.010471818912426673,"oper":0.016184077877963218,"term":0.016184077877963218,"s":0.01191580320728775,"puisqu":0.015890365561719813,"simpl":0.015842441591913739,"avez":0.014812470712285232,"compos":0.016437324151800711,"plait":0.015607021754671149,"long":0.01696912394224618}