{"j":0.0040447261828000063,"ai":0.0045736506580426259,"correct":0.0088286299781024369,"a":0.0051764316980480122,"que":0.003574627474590589,"le":0.00085997855396101016,"en":0.0039071621849538496,"au":0.00594210740678589,"l":0.0028723692181707419,"r\u00e9sultat":0.0085935431127244378,"la":0.0012873303703390549,"merc":0.0023949733112268814,"d":0.0026561492528112923,"quiz":0.0079075533574336186,"un":0.0044210623139819853,"quelqu":0.027056990268039104,"pourr":0.0073755923711605912,"bonjour":0.0013359292347666434,"format":0.0093080347820996227,"je":0.0021149170843160641,"pas":0.002489625575645471,"ce":0.0040914297991028947,"il":0.0040447261828000063,"qui":0.0062351967130452541,"\u00e0":0.0028945113375885099,"n":0.0048278492515877285,"avanc":0.0056908885138498332,"concern":0.0089999828172950044,"m\u00eam":0.0074482281942282579,"don":0.0077303550333692149,"chos":0.009608011882493734,"tous":0.0092292351025411012,"puisqu":0.0099570496775614262,"manqu":0.01043043420155986,"indiqu":0.0091516508907769321,"about":0.010497056941617936,"\u00e9vident":0.010332125990739117}