{"j":0.0043964887907668865,"ai":0.0049714128824038242,"r\u00e9pondu":0.011446538522042801,"correct":0.0095964401500439195,"question":0.0045919571755793582,"me":0.0068087924536609414,"r\u00e9pons":0.014162920436884266,"au":0.0064588818690767703,"la":0.0040817566040132723,"de":0.0022639164252065088,"d":0.0028871498066414592,"si":0.0073708919003624106,"par":0.0060473926251925041,"je":0.002298847643664267,"pas":0.0027061438628596234,"\u00eatre":0.0093159997810615073,"mais":0.0070496855361336878,"\u00e0":0.0031462418159654143,"plus":0.0079779815178875127,"cet":0.0073883317509450151,"bon":0.009391068079644101,"veux":0.011301698567822715,"donc":0.008886027249434535,"vu":0.010443603505861203,"sembl":0.010233869737167155,"ne":0.0043863920408579744,"flux":0.009544369389585812,"d\u00e9faut":0.011557743478178914,"s\u00e9quenc":0.011595320179508891,"erron":0.011595320179508891,"just":0.010790355271760385,"explicit":0.011337550424301963,"difficil":0.011483356092296854,"d\u00e9voil":0.011633156929283439}