{"correct":0.011617121931654617,"question":0.0055588661607395744,"en":0.0051412257192723276,"du":0.014167205862930575,"la":0.0033304258254552676,"merc":0.0031514172695638666,"bien":0.007712717722849728,"pour":0.0067807330805893873,"quiz":0.010405126476273003,"est":0.0040163542930382566,"fait":0.010300481871467339,"si":0.0089229494075637669,"bonjour":0.00175787781919045,"je":0.0027829062611954571,"calcul":0.0053467523105202568,"c":0.010146553227233304,"qui":0.0082045618247631527,"m\u00eam":0.0098007250639962663,"comprend":0.0078906486903245095,"certif":0.011941629735388735,"r\u00e9soudr":0.01279224889125688,"exact":0.013262408630380166,"8":0.020453004554239443,"logiqu":0.013510636474057498,"bv":0.013901357776738794,"confirm":0.013812515726308329,"tri":0.012569127761856605,"pr\u00e9vaut":0.014128824609227032,"08":0,"08+0":0,"8min25":0,"8+50":0}