{"j":0.0075472407312376861,"ai":0.0085341852518025282,"correct":0.0033609832239785975,"a":0.0019706228645171736,"question":0.0047765859030668373,"que":0.0013608298234121044,"le":0.00097235360403213336,"en":0.0014874229172096222,"l":0.0021759823374882586,"du":0.0028120292501224737,"r\u00e9sultat":0.003271487683597711,"apres":0.0033336926526356348,"avoir":0.0059601774926065576,"une":0.0072097868138949767,"la":0.0033304258254552676,"\u00e9tait":0.0037229726928741497,"et":0.0022720258762838389,"merc":0.00091174566618773567,"de":0.0038484378988331326,"pour":0.0039317901975780513,"d":0.002012183469759786,"\u2019":0.0035035942181110996,"trouv":0.002423568862287331,"2em":0,"un":0.0016830602603475704,"dan":0.0025755958783173411,"si":0.0025815243606520494,"(":0.0032296511896021964,")":0.0031567910938580007,"bonjour":0.00050857672794191676,"on":0.0017022281482340234,"4":0.003790562863050048,"2":0.0060826126649426403,"savoir":0.003271487683597711,"je":0.0031726106848203217,"calcul":0.0015468844111432931,"temp":0.0034548675174221086,"pas":0.0037347150680609644,"ce":0.0030994897597429343,"il":0.0015397923437379878,"obtenu":0.0039582197872344614,"o\u00f9":0.0030723623556238623,"peut":0.0030027235535947843,"\u00eatre":0.0032627639509211878,"mais":0.0049132402725282137,"pens":0.0035234374631518623,"qu":0.0024747864894503874,"\u00e0":0.0032727426957947867,"chacun":0.0039210369488181839,"n":0.0054587135898716841,"aur":0.0033427463622232828,"fois":0.0036684147000699322,"tres":0.0034937491783752351,"int\u00e9ress":0.0039088014055227386,"cepend":0.0038020635343210762,"quizz":0.0034452692215833085,"suis":0.0031610662827010697,"surtout":0.0038606263863874037,"proposit":0.0039582197872344614,"compr":0.0031943689657663219,"y":0.0028424519842241516,"eu":0.0037564695705555127,"avec":0.0025512732415960003,"encor":0.0037009626113435751,"votr":0.0028354761804782391,"bon":0.003289055293152667,"m\u00eam":0.0028354761804782391,"demand":0.0037009626113435751,"actualis":0.0033701672032648393,"vu":0.0036576871873600886,"effet":0.0036792026497899128,"raison":0.0033157126518895169,"somm":0.0035842316489457446,"imagin":0.0039582197872344614,"plusieur":0.0037564695705555127,"certif":0.0034548675174221086,"rent":0.0035434884946407169,"va":0.0064927357494981774,"part":0.0031283329042365682,"t=0":0.0037340733385156765,"notion":0.0037564695705555127,"erreur":0.0034645141676001375,"2e":0.0031943689657663219,"mon":0.0032454348189816496,"02":0,"arriv":0.0030961496927089127,"\u00e9lev":0.0038606263863874037,"2\u00b0":0,"correspond":0.0037229726928741497,"p\u00e9riod":0.0074085279416565954,"04":0,"sen":0.0039582197872344614,"repons":0.0040089474163015077,"faux":0.0040478949829150547,"ramen":0.0040478949829150547,"enfin":0.0039707762650836665,"retour":0.0038845623981889794,"ref":0.0040478949829150547,"doubl":0.0040743072087052069,"subtil":0.0040743072087052069,"coc":0.003690051721364137,"aur\u00e9lien":0.0040218421182989942,"2x3":0,"2min54":0,"2i\u00e8meann":0,"04\u20ac":0,"2\u20ac":0,"4em":0,"2^2x4":0,"2x0":0,"+2x0":0,"02+":0,"4an":0,"4e":0,"2=":0,"4min25":0,"2x":0,"2m":0}