{"que":0.0023724616917350522,"le":0.00057076330036876877,"sur":0.0036263854716026603,"l":0.0037795970068951715,"la":0.0033304258254552676,"merc":0.0015895313494910118,"de":0.0020669605020084444,"pour":0.0017395435986897329,"d":0.0034950847204057623,"\u00e9ventuel":0.0069891723459644325,"dan":0.0022564776645377896,"est":0.0020257936392950701,"(":0.018829066582216013,")":0.018404287708766502,"bonjour":0.00088664929559290322,"on":0.0029676532677336345,"projet":0.0055837157535909539,"ser":0.0058916156094477676,"comment":0.0037429480900070785,"actif":0.0055984546175900721,"ains":0.0064522336789626343,"par":0.003692493518437194,"permet":0.0062848162853493903,"calcul":0.002696828026430034,"ou":0.0045326608346196824,"ce":0.0053836936159826895,"c":0.0051177813232579543,"qui":0.0082045618247631527,"\u00e0":0.0019210721434708474,"int\u00e9ress":0.006814578454748128,"avec":0.004447872854269618,"quel":0.0052349283350595945,"contraint":0.0070116528839340286,"li":0.0066893757584399116,"sembl":0.0062487256930531055,"flux":0.011554086851577237,"formul":0.0093136707102450672,"fonction":0.019194079950209608,"pouvoir":0.0066284923577750706,"pai":0.0063767875917090612,"annuel":0.0063581895086598627,"d\u00e9taill":0.0067513901845614845,"bv":0.0070116528839340286,"cibl":0.0069007341337768485,"r\u00e9el":0.0066486637017623817,"explicit":0.0069226250140087811,"tri":0.0063396944626104117,"xirr":0.014128824609227032,"lev":0.0071263840129093771,"espac":0.0071263840129093771,"irr":0.0071031201747008199,"condit":0.0069446603895454793,"rar":0.0071263840129093771,"rempl":0.0070800173332019514,"solv":0.0070570732753732646,"irr\u00e9guli":0.0071263840129093771}