{"j":0.0020358459115216278,"que":0.003574627474590589,"le":0.0016976174571363277,"me":0.0062640216821227739,"en":0.0039071621849538496,"quand":0.0046192819503248399,"sur":0.0027501812977864968,"l":0.0028723692181707419,"apres":0.0044076622310396472,"la":0.0012873303703390549,"merc":0.001205470136544407,"de":0.0050203504443442426,"bien":0.0029502443158784964,"nous":0.0039301986785458907,"d":0.0026561492528112923,"\u2019":0.0046322986301236052,"vous":0.0035661666763997153,"\"":0.0069439431581082255,"un":0.0044210623139819853,"dan":0.0050664015007485875,"est":0.003052296956406964,"pourr":0.0037123822219982034,"m":0.0032644399108652045,"financ":0.014573162427355834,"bonjour":0.00067241784678712503,"on":0.0022506114088387463,"format":0.013870591500900756,"vos":0.004567874323311686,"par":0.0028003163745623197,"je":0.0021149170843160641,"choix":0.0052333846206709658,"ou":0.0034374831782764854,"cas":0.004190359468040211,"pratiqu":0.005135998051013415,"c":0.0038812273520290623,"qui":0.0092915280785941714,"mais":0.0032644399108652045,"\u00e0":0.0028945113375885099,"plus":0.0036942982976543195,"exercic":0.0038812273520290623,"avanc":0.0056908885138498332,"cet":0.010128998998363451,"avec":0.0033731815976359744,"financi":0.004981575886139825,"car":0.0040935933465278719,"bon":0.004348644671838181,"moin":0.010048229394937028,"m\u00eam":0.0037489422601167661,"s":0.0037581653619158158,"bas":0.0048360335965400656,"tous":0.0046453825798840826,"va":0.0043138834121085505,"difficult":0.0051519712184706946,"notion":0.0049666393316423491,"permettr":0.0052835196974467891,"princip":0.0050269216710757646,"compr\u00e9hens":0.0050730944762464427,"conseil":0.01043043420155986,"rencontr":0.0052666974518751145,"point":0.0049370280157936784,"continu":0.0051519712184706946,"corrig":0.005135998051013415,"achat":0.010497056941617936,"bouquin":0.010702389261019027,"r\u00e9sum":0.0053693495659111476,"them":0.0054045131678973042,"abordon":0.0053868703184934245,"devien":0.0054045131678973042,"idiot":0.0054045131678973042,"lol":0.0054045131678973042,"passion":0.0053868703184934245,"malgr":0.0052835196974467891,"accroch":0.0054045131678973042,"exerc":0.0053346676722732774}