{"que":0.0042556141364724831,"le":0.0010238093108482017,"la":0.0015325740545740899,"et":0.007031130364043436,"de":0.0024762909530021268,"dan":0.0040475672510516666,"utilis":0.0084063013553964099,"comment":0.0067139304543492057,"\/":0.014351137026234953,"risqu":0.0096574421096174388,"qui":0.0074230367959562593,"n":0.005747581718614737,"sont":0.009534477298837097,"plus":0.0087379113816471888,"pourquoi":0.0078117864552062514,"encor":0.011573724014880184,"quel":0.0093901769220170305,"se":0.010258067351169794,"van":0.009342839316868053,"direct":0.012147880926281168,"rien":0.012073027753282541,"\u00e9t\u00e9":0.01117657236504317,"m\u00e9thod":0.023202669371312441,"ont":0.011642554380363775,"tri":0.011371856274851135,"dr":0.012536860233126328,"dra":0.012339212725155832,"apport":0.012496805395706925,"introduit":0.012699813849305864,"but":0.012658657839417926,"apprendr":0.012741254678136853}