{"j":0.0052005635336920307,"ai":0.005880635611184246,"correct":0.007610772059948194,"a":0.0022440097899221745,"le":0.0014660381163303607,"me":0.0027154856470469548,"r\u00e9pons":0.0028645827770845639,"en":0.0016937749216620361,"l":0.0024761426683110078,"du":0.001609159120921642,"apres":0.0037961799204734611,"avoir":0.0034106593927221806,"la":0.0037773922412088824,"merc":0.0010382332599929924,"de":0.002671197695539613,"pour":0.0044681170268830016,"d":0.0011514543752312299,"\u2019":0.0039896521383772461,"\"":0.0059860667741969912,"an":0.003745349965397,"est":0.0026312504264087411,"(":0.0036751571814532501,"+":0.0038907709297755911,")":0.0053578681348376306,"bonjour":0.00057913220077646262,"ma":0.0037655399830888816,":":0.0049505660720583983,"projet":0.0072525424962307291,"1":0,"san":0.0035531104488073801,"indic":0.0041773383678202049,"prix":0.0038272565462291368,"bravo":0.0046244507722423625,"vos":0.0039341655227769067,"par":0.0047960833504642067,"je":0.0018231766303880583,"calcul":0.0052245165993612492,"valeur":0.0030831685392181908,"invest":0.0073686947639101099,"ou":0.0029605954209564089,"pas":0.0032010710728224982,"ce":0.0017736558810248315,"\u00e9nonc":0.0040465876532108751,"mais":0.0028115587337770287,"\u00e0":0.0037216586314627307,"n":0.0020928975048423062,"avanc":0.0024670294680504122,"prof":0.0045797972049794146,"essai":0.0043559591720538377,"bon":0.003745349965397,"quel":0.0034192950726508109,"auss":0.0042019771195992506,"actualis":0.0076315687043504036,"travaill":0.0045360397566809856,"ne":0.0017493828326146791,"s":0.0032367888320150562,"vois":0.0042268974632082108,"bas":0.0082826427847019577,"raison":0.0075082591992069302,"van":0.0067652340457350808,"flux":0.0038064896622894183,"futur":0.0041896229430277267,"t=0":0.0042521059096559235,"pourt":0.0044234725010335249,"mon":0.0073491186943353375,"p":0.0045505282241517344,"ta":0.0042268974632082108,"mois":0.0042648202683145111,"tpp":0.0045505282241517344,"52":0.011233180808498226,"addition":0.0045505282241517344,"simon":0.0046547360692534004,"weekend":0.0046395408416846249,"semain":0.0045073484699438256,"repassag":0.0046547360692534004,"1er":0.0026905653034379937,"valid":0.0045505282241517344,"g\u00e9ner":0.0045073484699438256,"dat":0.0044234725010335249,"transform":0.0045797972049794146,"devr":0.004303414308252004,"can":0.0046547360692534004,"you":0.0046547360692534004,"giv":0.0046547360692534004,"hint":0.0046547360692534004,"pleas":0.0046547360692534004,"brezanov":0.0046547360692534004,"52=":0}