{"le":0.00066491602307736921,"et":0.0023188750566374866,"merc":0.0018517393511066737,"de":0.0016168675387472739,"d":0.0020536746989149716,"2em":0,"un":0.0067674707302304259,"quelqu":0.0071560392811763907,"pourr":0.0057026416817996944,"m":0.0050145513016195574,"(":0.01279581107590673,")":0.012507140886656342,"bonjour":0.0010329103554995195,"on":0.0034571953161303499,"utilis":0.0054594975908055805,"comment":0.0043603822407372178,"1":0.0043406908632228373,"\/":0.0093704205370948798,"2":0.0062080361562575235,"je":0.0032373756460541839,"pas":0.0038109547017984987,"il":0.003127291065012095,"\u00e0":0.0086876548030526725,"n":0.010975094619550218,"suis":0.0064200698113642445,"avanc":0.0044000666539613141,"x":0.0076522676250880307,"avec":0.0051815909108100201,"1+r":0,"%":0.018122352167688521,"1000":0.013354909306887725,"ne":0.0061771813396405313,"comprend":0.0046364614507727019,"01":0,"raison":0.0067341538568957034,"tous":0.0071358364370396965,"\u00e9quat":0.0077219239125622292,"r\u00e9soudr":0.0075165897229373616,"=":0.0060677349746664526,"expos":0.0078408640311785193,"2e":0,"02":0,"1+7":0,"trop":0.0079387066445097323,"pass":0.0072379168053764266,"\u00e9tant":0.0076753480414984265,"1+3":0,"1+tap":0,"1+6":0,"aid":0.0064368691409442029,"1\u00b0":0,"2\u00b0":0,"1=1":0,"1mais":0,"1+teg":0,"50":0.014004589115568381,"1+tri":0,"50\u20ac":0,"1er":0,"habitu":0.0083019474337686864,"000=1":0.0083019474337686864,"000x":0.0083019474337686864,"1+2":0.014272834115174311,"5000":0.020034922538826043,"max":0.0082479321383661201,"1+ta":0,"1min45":0,"50$":0,"1+n":0,"1+0":0,"1+5":0,"1=5":0,"1+taeg":0,"1=9":0,"1+r2":0,"1+2r+r":0,"1+1":0,"1x":0,"1+taux":0,"1x4x":0,"1x08":0,"2x3":0,"1=r":0,"5000=":0,"2min54":0,"1+rn":0,"2i\u00e8meann":0,"1+4":0,"1+i":0,"1+":0,"1\u20ac":0,"1+x":0,"1+9":0,"1=":0,"1\u2212":0,"5000=1000":0,"1+f3":0,"1+a2":0,"1+12":0,"1+41":0,"2\u20ac":0,"2^2x4":0,"2x0":0,"1x4":0,"+2x0":0,"1+11":0,"02+":0,"1usd":0,"1^3":0,"1000\u20ac":0,"2=":0,"1=16":0,"1000\u20ac+3":0,"1+15":0,"1+tmeg":0,"1\u00b2=4":0,"1000+413":0,"2x":0,"2m":0,"1m":0,"1eur":0,"1+g":0,"1+rd":0,"1000k":0,"1an":0}