{"j":0.0028350029746502009,"le":0.00060277053338801808,"en":0.0054269129705518228,"r\u00e9sultat":0.0060233299329284047,"une":0.0033687080839573777,"la":0.0017880573043734091,"merc":0.0016786690012315657,"de":0.0014671215965245958,"bien":0.0041083420725142291,"d":0.0018617307309594104,"\u2019":0.0064506750346606263,"vous":0.0024995741809876459,"*":0.0057005047625341846,"un":0.0030987820299311882,"pourr":0.005169651879270736,"m":0.0045458729491725455,"\u00e9clair":0.0066564687488645446,"(":0.011631477475751724,")":0.011369074351458258,"utilis":0.0049492329266030647,"1":0.0039349939783190919,"\/":0.004290656277764069,"par":0.0038995609672208258,"je":0.0029375465909030497,"calcul":0.0028480606004217717,"pas":0.001745012046237969,"n":0.0033839044649343858,"avanc":0.0039888202899307796,"concern":0.006308208987627688,"contr":0.0072192535953435237,"cet":0.0047642433515628305,"bonsoir":0.0065056198599010451,"1+r":0.0042514830422084931,"r":0.006542731307083471,"ne":0.0028284922527108711,"comprend":0.0042031207621989475,"diff\u00e9rent":0.011685473107807128,"01":0,"va":0.0060072681514884759,"formul":0.0049611235109879581,"fix":0.0073341026735607934,"=":0.0055006222142299777,"obtien":0.0068955810376292309,"13\u20ac":0,"cf":0.0059753624592719301,"1+7":0,"mensual":0.00724192605244012,"retrouv":0.0069579818688988828,"1+3":0,"1+tap":0,"1+6":0,"svp":0.0064688949973214565,"mois":0.013664630486131661,"1\u00b0":0,"^":0.0069579818688988828,"1=1":0,"rembours":0.0068140616849394972,"1mais":0,"1+teg":0,"13":0.015034149060598511,"dra":0.0072647452578531741,"1+tri":0,"1er":0,"1+2":0,"16":0.018162385212531704,"alexandr":0.0075014485578475433,"1+ta":0,"1min45":0,"1+n":0,"1+0":0,"1+5":0,"1=5":0,"1+taeg":0,"1=9":0,"1+r2":0,"1+2r+r":0,"1+1":0,"1x":0,"1+taux":0,"1x4x":0,"1x08":0,"1=r":0,"1+rn":0,"1+4":0,"1+i":0,"1+":0,"1\u20ac":0,"1+x":0,"1+9":0,"1=":0,"1\u2212":0,"1+f3":0,"1+a2":0,"1+12":0,"1+41":0,"1x4":0,"1+11":0,"1usd":0,"1^3":0,"1=16":0,"1+15":0,"1+tmeg":0,"1\u00b2=4":0,"1m":0,"1eur":0,"1+g":0,"1+rd":0,"1an":0}