{"question":0.0068389654922601613,"alor":0.004605508134664065,"que":0.0038855064379971012,"le":0.0018432036394947162,"tout":0.0045455165605079234,"en":0.0063251505370559152,"sur":0.0029910813024736798,"l":0.010553221143128851,"la":0.0027591525543421932,"et":0.0032599805971869804,"de":0.0028102389425002723,"pour":0.0014347940597112393,"d":0.0014540359572554969,"vous":0.0019522000021509746,"2em":0,"un":0.0024201891392184155,"dan":0.010780023521773182,"dir":0.0047678933059799779,"est":0.00654202925521214,"non":0.0046668359333245854,"(":0.0046340142177455097,")":0.0045294720552135582,"on":0.0048602832735686148,"4":0.016119074441816136,"1":0.006102341716078684,"3":0.0091688862818148729,"2":0.0043953931944089152,"cour":0.0041075312345929807,"invest":0.0092912043257654345,"pas":0.0040303565097715788,"il":0.0043964887907668865,"\u00eatre":0.0093159997810615073,"qui":0.0034132871907455262,"\u00e0":0.0031462418159654143,"fin":0.010146389654543928,"ann\u00e9":0.013234277106362361,"n":0.0078156144641499739,"sont":0.0043841772753037064,"interven":0.005877917320753075,"avec":0.010849091490757983,"financi":0.0054179331747616771,"car":0.0044521684910682306,"1+r":0,"donc":0.0044752105027969277,"ne":0.0022090893016203181,"01":0,"flux":0.0048067669539912771,"tous":0.0050522912757466161,"doit":0.0050239043817188371,"suppos":0.0055686184231875328,"2e":0,"003":0,"02":0,"cf":0.0046668359333245854,"1+7":0,"trop":0.0056207367804253236,"souc":0.0056560386015687839,"1+3":0,"1+tap":0,"1+6":0,"1\u00b0":0,"2\u00b0":0,"1=1":0,"3\u00b0":0,"avant":0.00524430232413544,"1mais":0,"1+teg":0,"argent":0.00563833111717828,"04":0,"explicit":0.0057098547315454868,"1+tri":0,"3h":0,"1er":0,"1+2":0,"inclus":0.011557743478178914,"allez":0.005839673590234992,"claret":0.005877917320753075,"vis":0.011595320179508891,"phas":0.0058587290595948829,"invst":0.005877917320753075,"excercis":0.005877917320753075,"exploit":0.0057463255207952993,"exercis":0.0058587290595948829,"\u00e9tend":0.005877917320753075,"activ":0.0057832858654438858,"400":0.014609514052460226,"d\u00e9marr":0.0057647436786529456,"0m\u20ac":0.005877917320753075,"capex":0.005877917320753075,"1+ta":0,"1min45":0,"3iem":0,"3em":0,"1+n":0,"1+0":0,"1+5":0,"1=5":0,"1+taeg":0,"1=9":0,"1+r2":0,"1+2r+r":0,"3+":0,"3+1":0,"1+1":0,"1x":0,"1+taux":0,"1x4x":0,"1x08":0,"2x3":0,"1=r":0,"2min54":0,"1+rn":0,"2i\u00e8meann":0,"3m":0,"1+4":0,"1+i":0,"1+":0,"3=":0,"1\u20ac":0,"04\u20ac":0,"1+x":0,"1+9":0,"1=":0,"1\u2212":0,"1+f3":0,"1+a2":0,"1+12":0,"1+41":0,"2\u20ac":0,"4em":0,"2^2x4":0,"3^2x24":0,"2x0":0,"1x4":0,"+2x0":0,"3x0":0,"1+11":0,"02+":0,"1usd":0,"1^3":0,"4an":0,"4e":0,"2=":0,"1=16":0,"1+15":0,"1+tmeg":0,"4min25":0,"1\u00b2=4":0,"2x":0,"2m":0,"1m":0,"1eur":0,"3e":0,"3+2":0,"1+g":0,"1+rd":0,"1an":0}