{"question":0.0043403106885814471,"le":0.001743521072886862,"me":0.006435659901211672,"l":0.0058234431985838848,"une":0.0049378605309320636,"de":0.004173093442268884,"pour":0.0026928163250416258,"vous":0.0036638819348028431,"trouv":0.0065406689398900732,"\"":0.01407815482063654,"est":0.0061882288106980526,"non":0.0087587008759128001,"bonjour":0.0013725345542115845,"par":0.0057159859827874025,"je":0.002172867171383719,"ou":0.0070165663571377336,"pas":0.0050474684917930666,"ce":0.0042035376045802359,"il":0.0041555542791808552,"exist":0.010323557336930878,"n":0.0049601354232555401,"car":0.008355813793233368,"dit":0.0093499469152466767,"ne":0.0041460108470725079,"s":0.0076711405628463875,"solveur":0.010168357474186275,"solut":0.0098138573575000301,"model":0.021349952352146494,"outil":0.021487761346047671,"libr":0.021698030864698431,"offic":0.021769095335954104,"lin\u00e9air":0.021349952352146494,"sav":0.010959878367397207,"calc":0.011031654063130373,"version":0.010784683046788679,"logiciel":0.010995641603679334}