{"j":0.0055158166988443129,"ai":0.0031469091270138146,"me":0.0043099721594654569,"r\u00e9pons":0.0045466165623615348,"au":0.0040884784235168479,"la":0.0026099344200101429,"et":0.0080363791202912125,"premi":0.0060415949860024368,"merc":0.0016478659905520333,"de":0.0021414812286743843,"pour":0.0035742719874935721,"d":0.003622206236254334,"trouv":0.004380296887643049,"\"":0.018606659166632511,"un":0.014680383249606776,"fait":0.0053860889594724605,"bonjour":0.00091918867798506656,"on":0.003076563977939031,"utilis":0.0048584161696475243,"fond":0.0064967063521015472,"je":0.0014551727652850478,"invest":0.005881341257570981,"achet":0.0070867827238182421,"pas":0.0033951169259395513,"moi":0.006192455477750481,"mais":0.0044624577119230175,"cel":0.005668765368184287,"n":0.0033218109579384149,"avanc":0.0039156267813240612,"proposit":0.014179064397165826,"y":0.010182180853157028,"financi":0.0068097659438131793,"votr":0.0051247677264729301,"bon":0.0059445551096432873,"quel":0.0054270463863982221,"second":0.0071090391489647842,"vu":0.0066108110448506669,"sembl":0.0064780493679273115,"ne":0.0027765903727075426,"mani":0.0068926648098260532,"journ":0.0070208595461914687,"entre":0.0062096310077064034,"logiqu":0.0070646685132217746,"impliqu":0.014224043988395108,"intuit":0.0071995243601394232,"point":0.0067488694369072762,"jos":0.0073398488048935272,"propr":0.0069991612796112363,"different":0.0073160627168788054,"possed":0.0072924389925047954,"terrain":0.014453475512553429,"construit":0.014500297285365791,"hotel":0.014642711323044665,"input":0.0073879171079245754}