{"question":0.0041148139526362955,"que":0.0034817694270224621,"du":0.010576532623115663,"la":0.0036679938306057509,"et":0.0029212410163507556,"merc":0.0023327591232480986,"de":0.0010288306894893216,"bien":0.011273748118164303,"vous":0.0034735284148670444,"\"":0.013355872979649793,"un":0.0043062164405108178,"veut":0.0098473213076900375,"dir":0.0084834611510747459,"est":0.0029730074813540289,"bonjour":0.0013012258198481922,"par":0.01585221315926506,"je":0.004067798842453659,"ce":0.0039851467848287256,"peut":0.0076826586887201887,"qu":0.0063318982205809605,"\u00e0":0.002819320657333623,"cel":0.0080248419507430845,"cepend":0.0097278207352949932,"suis":0.0080877886055610911,"surtout":0.0098776575072232562,"avanc":0.0055430563830668909,"votr":0.0072547456753156757,";":0.0092234497496898344,"comprend":0.0058408586189056307,"total":0.0095538635063896534,"notion":0.018978984390325238,"cf":0.0083036508575271839,"aid":0.0081089518374806782,"cash":0.0095824308209806631,"flow":0.0096691460151825861,"perturb":0.010356796090765251,"incr\u00e9mental":0.010290138183989581,"quiz4":0.0104585149120884}