{"j":0.0038399074573468688,"question":0.0079222222507446,"que":0.0033936138261441637,"le":0.00081643056001067752,"r\u00e9pons":0.0062733388844880469,"l":0.0027269168498996002,"la":0.0047132069384167447,"merc":0.0022736955389055439,"de":0.0010027815241051773,"pour":0.0024882758816547057,"vous":0.0033855814697867914,"\"":0.013021835170254887,"dan":0.0032277080921634155,"est":0.0028977333236512386,"non":0.008093409097935737,"pourr":0.0070021036946348479,"bonjour":0.001268279828899799,"utilis":0.0067035543147374206,"3":0.0080081347831584045,"je":0.0020078209294537804,"calcul":0.0038575935321142805,"pas":0.0046687441333460563,"il":0.0038399074573468688,"qui":0.0059194559221985802,"\u00e9nonc":0.008861889374414688,"qu":0.0061715796515214062,"tel":0.0097477011932127784,"avec":0.00636232098826503,"ne":0.0075675733239367006,"comprend":0.0056929727775289511,"princip":0.0094815201401146632,"amort":0.0091482289938157775,"003":0,"propos":0.0089126902229794119,"avou":0.0098398307658910545,"3\u00b0":0,"3h":0,"regl":0.0099022530237656697,"lin\u00e9air":0.0099974435790460541,"reformul":0.010193713728180523,"semblent":0.010193713728180523,"coll":0.010193713728180523,"3iem":0,"3em":0,"3+":0,"3+1":0,"3m":0,"3=":0,"3^2x24":0,"3x0":0,"3e":0,"3+2":0}