{"a":0.0042662087641902767,"question":0.0034817100487001744,"que":0.0086507812124677012,"le":0.0014022767814306075,"me":0.0051625570968950188,"en":0.0063709993557500609,"au":0.0048972481769921335,"l":0.0023672922676003468,"une":0.0078369144938114556,"autr":0.006933723162034491,"la":0.0010609664009320907,"chois":0.0082062036317235541,"et":0.004890398994916334,"merc":0.0019738415816847044,"pour":0.0021601231641934725,"5":0.013059049177976092,"(":0.0035135985051316138,")":0.0034343326313695357,"bonjour":0.0011010196486990528,"on":0.0072910631604919751,"taux":0.0051388007058365982,"projet":0.006933723162034491,"t":0.0068792959614603286,"1":0.0046269125910985403,"3":0.0069520255268400478,"san":0.0067550110542805618,"risqu":0.0066856290348059604,"invest":0.0070447694150071434,"pas":0.0020518502068473453,"il":0.0033335021683601517,"qu":0.0053576744697823022,"cel":0.013434248934140077,"n":0.0039789210001708007,"1+r":0,"sembl":0.0077595164193768771,"01":0,"10":0.01163672990244558,"003":0,"1+7":0,"solut":0.015575644650836804,"propos":0.015308170923445297,"mieux":0.008515326585112901,"1+3":0,"1+tap":0,"1+6":0,"1\u00b0":0,"1=1":0,"3\u00b0":0,"l\u00e0":0.0083067050119837952,"10iem":0,"1mais":0,"1+teg":0,"rest":0.0081568521096402908,"posit":0.00823110147770615,"meilleur":0.0085963482956386058,"1+tri":0,"3h":0,"1er":0,"1+2":0,"conviendr":0.0088204828203089676,"million":0.0086512561035861756,"supos":0.0088493712918828928,"10+1":0,"1+ta":0,"1min45":0,"05":0,"3iem":0,"3em":0,"1+n":0,"1+0":0,"1+5":0,"1=5":0,"1+taeg":0,"1=9":0,"1+r2":0,"1+2r+r":0,"3+":0,"3+1":0,"1+1":0,"+10":0,"1x":0,"1+taux":0,"1x4x":0,"1x08":0,"1=r":0,"1+rn":0,"5iem":0,"3m":0,"1+4":0,"5em":0,"0005+1":0,"1+i":0,"1+":0,"3=":0,"1\u20ac":0,"1+x":0,"5e":0,"1+9":0,"1=":0,"1\u2212":0,"1+f3":0,"1+a2":0,"1+12":0,"1+41":0,"10^7":0,"5=>":0,"5^2x18":0,"3^2x24":0,"5x0":0,"1x4":0,"3x0":0,"5^2":0,"1+11":0,"1usd":0,"1^3":0,"1=16":0,"1+15":0,"1+tmeg":0,"10em":0,"1\u00b2=4":0,"5+5":0,"1m":0,"1eur":0,"3e":0,"10h":0,"3+2":0,"5xtaux":0,"1+g":0,"10min15":0,"1+rd":0,"10^1":0,"10^2":0,"5an":0,"5min08":0,"1an":0}