{"j":0.0038891424011807873,"ai":0.0022129563235604023,"a":0.0074189164728661258,"question":0.0020440468151789021,"que":0.0067883156396447743,"le":0.00082689875832350713,"en":0.0018904765385098449,"au":0.0028750827608572862,"sur":0.002643719653207277,"l":0.0027618811294912071,"du":0.0017960341282219584,"une":0.002325459815262229,"la":0.00062287351976557869,"seul":0.004731803206713338,"et":0.0014511356927853615,"de":0.0024918753539660897,"pour":0.0037564437682402851,"nous":0.025476531391691749,"d":0.0025539782462658343,"vous":0.0084130459333444322,"mal":0.0044781990259307744,"un":0.0042510024477520883,"est":0.0043745841712749534,"comm":0.0038553255061651959,"si":0.0032810515294195547,"bonjour":0.0006463880319996446,"int\u00e9r\u00eat":0.0040599613702698729,"projet":0.0080894612889311993,"d\u00e9termin":0.004415631747687135,"savoir":0.0041579772909965101,"vos":0.0043910483762069049,"je":0.0010233005284986379,"permet":0.0045817777675555005,"calcul":0.0019660505786337061,"ou":0.003304415546456262,"pas":0.0012046028594759812,"il":0.0019570367420952638,"c":0.0037309820401234678,"qui":0.0030168937302880315,"mais":0.0062361653215510671,"clair":0.0046899614927363989,"parl":0.004731803206713338,"encor":0.0047038289552325963,"votr":0.0036038178064068229,"don":0.0037403245970217148,"quel":0.0075841522000039676,"prendr":0.0048323256461866469,"comprendr":0.004225585335204343,"ne":0.001952542312224549,"chos":0.0046488269966179453,"van":0.0037971458491897034,"fair":0.0040599613702698729,"examen":0.0048916879326053684,"faut":0.004225585335204343,"moment":0.004876711066366648,"grand":0.0047743768827252335,"remerci":0.0048323256461866469,"avou":0.0050149412606296179,"pos":0.0046624613912880034,"tri":0.0046217852397046309,"meilleur":0.0050467552180080517,"dis":0.0051447711387346889,"d\u00e9cis":0.0050467552180080517,"effort":0.00509526977630235,"aident":0.0051953002841985136,"d\u00e9montr":0.0051614978924350383,"tre":0.0050628195211077512,"insist":0.0051953002841985136,"ip":0.00509526977630235,"aller":0.0051447711387346889,"espagn":0.0051953002841985136,"espagnol":0.0051953002841985136,"allemand":0.0051953002841985136,"tien":0.0051783404031371617,"disponibil":0.0051783404031371617,"bientot":0.0051953002841985136,"emmanuel":0.0051953002841985136}