{"la":0.0035773421081561193,"et":0.0083342904357261976,"merc":0.0066553536462481524,"nous":0.021698473742967336,"vous":0.0099099644583292446,"exempl":0.022255425125193948,"il":0.011239825939848767,"don":0.021481761954069954,"s":0.020748684506054164,"plusieur":0.027420622198240353,"doit":0.025502875632630984,"professeur":0.029357728365822698,"plait":0.027176109309084831}