{"que":0.0037760408653114389,"le":0.0026519553604122032,"sur":0.0057718022515798606,"du":0.003921124470444376,"la":0.0013598653622258984,"et":0.0031681378351919253,"merc":0.0025299187562359154,"de":0.0042860970982066355,"bien":0.012213692108558992,"pour":0.0054614965269291424,"d":0.0028058107297266304,"vous":0.010997151952268769,"un":0.0046701683138594312,"projet":0.0088871145693497338,"calcul":0.0042923065396557065,"choix":0.010983298141574761,"ou":0.0072142418989296674,"il":0.012472907879470658,"\u00e0":0.0030576033932300326,"chacun":0.010880122920887657,"encor":0.010269458988180175,"se":0.0091020661824480868,"s":0.0078872572201598556,"bas":0.0101493780150754,"van":0.0082899769403847346,"tous":0.019231381025565313,"faudr":0.021734374751928957,"uniqu":0.010712495236286278,"cash":0.010392316644582159,"flow":0.01048636081488493,"plait":0.010330532728539491,"tri":0.01009034010867349,"effort":0.011124057549593348,"criter":0.011124057549593348,"d\u00e9ploi":0.011342445422150607}