{"le":0.0038743278193822967,"au":0.0092853361220053294,"l":0.0022676092782212679,"du":0.0058004523536432234,"la":0.0010162907586706142,"et":0.011369416480353551,"merc":0.0018907261877318872,"de":0.0062257680092121116,"bien":0.0091592378347756277,"pour":0.0020691637430096783,"vous":0.0028153318841919162,"2em":0,"non":0.0067301977189349249,"5":0.0063225663638523128,"(":0.0066618929526991192,")":0.0065116023702566769,"taux":0.0097433272918175193,"4":0.030495900606773232,"t":0.013043360878669145,"1":0.013025765485321588,"3":0.025835122913923619,"2":0.030437926521117934,"vos":0.0071645073100782908,"par":0.017039706566158726,"ailleur":0.0081824612810189497,"ou":0.010671904632921742,"il":0.0093845337760229963,"pr\u00e9cis":0.0078369461303205469,"\u00e0":0.0022850895085181201,"ann\u00e9":0.025038112498018118,"sont":0.0063225663638523128,"avanc":0.0044927064089438484,"concern":0.014063674691477646,"co\u00fbt":0.014797259817104721,"bonsoir":0.007327439672454388,"1+r":0,"%":0.0094350541342062381,"01":0,"vent":0.0081312229025373352,"direct":0.0080555840587041138,"2e":0,"amort":0.0076073492840213475,"annuel":0.014970013100518023,"003":0,"02":0,"1+7":0,"1+3":0,"1+tap":0,"1+6":0,"1\u00b0":0,"2\u00b0":0,"1=1":0,"3\u00b0":0,"rapport":0.015013801280551322,"niveau":0.0078369461303205469,"1mais":0,"ca":0.015465647399968398,"1+teg":0,"04":0,"1+tri":0,"3h":0,"1er":0.0048997874322070385,"1+2":0,"lin\u00e9air":0.0083135266185960718,"croissanc":0.015653918868061532,"idem":0.0083671885059943447,"d\u00e9gress":0.0083671885059943447,"1+ta":0,"1min45":0,"05":0,"3iem":0,"3em":0,"1+n":0,"1+0":0,"1+5":0,"1=5":0,"1+taeg":0,"1=9":0,"1+r2":0,"1+2r+r":0,"3+":0,"3+1":0,"1+1":0,"1x":0,"1+taux":0,"1x4x":0,"1x08":0,"2x3":0,"1=r":0,"2min54":0,"1+rn":0,"5iem":0,"2i\u00e8meann":0,"3m":0,"1+4":0,"5em":0,"0005+1":0,"1+i":0,"1+":0,"3=":0,"1\u20ac":0,"04\u20ac":0,"1+x":0,"5e":0,"1+9":0,"1=":0,"1\u2212":0,"1+f3":0,"1+a2":0,"1+12":0,"1+41":0,"5=>":0,"2\u20ac":0,"4em":0,"2^2x4":0,"5^2x18":0,"3^2x24":0,"2x0":0,"5x0":0,"1x4":0,"+2x0":0,"3x0":0,"5^2":0,"1+11":0,"02+":0,"1usd":0,"1^3":0,"4an":0,"4e":0,"2=":0,"1=16":0,"1+15":0,"1+tmeg":0,"4min25":0,"1\u00b2=4":0,"5+5":0,"2x":0,"2m":0,"1m":0,"1eur":0,"3e":0,"3+2":0,"5xtaux":0,"1+g":0,"1+rd":0,"5an":0,"5min08":0,"1an":0}