{"j":0.0079843825705088259,"ai":0.0045736506580426259,"que":0.003574627474590589,"en":0.0077128280728513314,"l":0.0083970397915105119,"du":0.0037119723443946062,"une":0.0048061684277681017,"la":0.0012873303703390549,"de":0.0010562693844134276,"vous":0.010425276561053567,"fait":0.0078280269049723974,"m":0.0064856409342812591,"bonjour":0.0013359292347666434,"taux":0.0062351967130452541,"je":0.0021149170843160641,"pas":0.0049145781827722758,"ce":0.0040914297991028947,"o\u00f9":0.0080704807459125189,"\u00e0":0.0028945113375885099,"n":0.0048278492515877285,"aur":0.0087807253937383142,"expliqu":0.0069605162977756227,"soit":0.01869288693581115,"ne":0.0040354372727944756,"van":0.0078477909513772152,"fonction":0.0098086630071981817,"arriv":0.0081329653176265369,"aid":0.008325215852440556,"svp":0.0092292351025411012,"avez":0.018322152845768724,"rat":0.010564573973320021,"sen":0.010397450848364886,"reproduir":0.010702389261019027,"repr\u00e9sent":0.010078993670280083,"graphiqu":0.010172431837145919,"endroit":0.010633009632243817,"voulu":0.010598675414709186}