{"j":0.0055158166988443129,"ai":0.0031469091270138146,"a":0.0035616537802916496,"question":0.0057610505280102217,"le":0.0033975905360728621,"me":0.0043099721594654569,"en":0.0079213831243547094,"sur":0.0037594711731854464,"du":0.0050620383475962032,"merc":0.0016478659905520333,"de":0.00072676818037047803,"pour":0.0035742719874935721,"quiz":0.0054408072879589551,"vous":0.0024537078367978392,"trouv":0.01290689908318041,"un":0.0030419204235683584,"5":0.0055104446913589152,"m":0.0044624577119230175,"\u00e9clair":0.0065343247896868751,"bonjour":0.00091918867798506656,"utilis":0.0096292885288402959,"format":0.0064044112242903949,"d\u00e9termin":0.0062791984190506472,"je":0.0042877842556997966,"valeur":0.0048935521281141979,"qui":0.0042901390840825726,"sont":0.0055104446913589152,"suis":0.0057132310186065139,"proposit":0.0071539860428255836,"avec":0.0091391255493243582,"peu":0.0064410344462878695,"car":0.0055959024204701785,"bon":0.0059445551096432873,"m\u00eam":0.0051247677264729301,"%":0.0041544016011436204,"soit":0.0065154644586350044,"accord":0.0071995243601394232,"ne":0.0027765903727075426,"7":0.010063820752320233,"perdu":0.0070867827238182421,"solveur":0.0068097659438131793,"48":0,"excel":0.0064410344462878695,"sous":0.0070208595461914687,"tableau":0.0067088590238560536,"aucun":0.0069561686499317868,"ca":0.013496826701777766,"pouv":0.0053725434933242222,"pr\u00e9c\u00e9dent":0.0069991612796112363,"aur\u00e9lien":0.0072689754302051298,"t=2":0.014547440859828816,"tri=coc=11":0.0073879171079245754,"plutot":0.0073637995038233033,"48m":0.019765864679667806,"prior":0.0073637995038233033,"05":0,"5iem":0,"5em":0,"0005+1":0,"5e":0,"007=>":0,"5=>":0,"5^2x18":0,"5x0":0,"5^2":0,"+7":0,"7e":0,"5+5":0,"5xtaux":0,"5an":0,"5min08":0}