{"en":0.008374273435346127,"du":0.0079559204161294382,"la":0.0027591525543421932,"merc":0.0051331786163893584,"de":0.0044053976538808923,"un":0.0094757225166035765,"taux":0.013363981254550636,"moi":0.019289784620582718,"\u00e0":0.0062038452091954695,"bonsoir":0.019893444584192534,"van":0.016820276246363237,"fonction":0.021023039784157874,"aid":0.017843547479316858,"svp":0.019781144137144855,"repr\u00e9sent":0.021602443142258558,"trac":0.022789873029581097,"grafiqu":0.023013702774065514}