{"j":0.0022807684405616044,"ai":0.0025790220666547462,"a":0.0086282953692777969,"question":0.0023821716612735743,"que":0.0020156858987093931,"le":0.00096267699942254666,"en":0.0022031978929731885,"au":0.003350677012811457,"l":0.004787786542869754,"du":0.008190051192437731,"la":0.0014410630735795116,"et":0.0016911815807473703,"merc":0.0013504942726313808,"de":0.0028923616228410131,"d":0.0014977679861234812,"quiz":0.0044589663983648012,"\"":0.015321032773362254,"dan":0.0019171437941470752,"quelqu":0.0052189796896513494,"\u00e9gal":0.0051750048619751974,"(":0.0024039896116974163,")":0.0091941720241361224,"bonjour":0.00075331310446584865,":":0.0032382586163414301,"on":0.0025213713101748031,"projet":0.004744024801801393,"t":0.018416803863692346,"1":0.0031657145194556638,"par":0.0031372085551975609,"valeur":0.0079615198289846763,"ce":0.0023071040018108916,"il":0.0067419207339701028,"c":0.0043481585738166647,"qu":0.0036656987841388725,"ann\u00e9":0.00915132062390611,"avanc":0.0032090179494321069,"6":0.015962064385018362,"y":0.004210291605744796,"avec":0.003778992353316702,"problem":0.0053551491775306048,"quel":0.0044476887709056718,"1+r":0,"soit":0.0053396923568840727,"mani":0.0056488236314165404,"01":0,"s":0.0083582062221154284,"agit":0.011045867269548365,"certif":0.0051174126382060956,"revenus":0.0059572257347830018,"entre":0.0050890492061508013,"cf":0.0048071971140367315,"1+7":0,"compr\u00e9hens":0.0056834133231440133,"1+3":0,"1+tap":0,"06":0,"1+6":0,"1\u00b0":0,"1=1":0,"analys":0.005919153759537471,"ici":0.0054337226112584607,"initial":0.0058079112833036815,"1mais":0,"b":0.0057361018890691364,"entend":0.0058815860637081805,"ca":0.011079086351391569,"1+teg":0,"jos":0.0060153093939807221,"coc":0.0054657717609482058,"tri":0.0053863178381035473,"inclu":0.0060153093939807221,"1+tri":0,"1er":0,"g\u00e9ner":0.0058629871802161676,"1+2":0,"different":0.0059958157119602406,"terminal":0.0058815860637081805,"bfr":0.0057184300588846663,"sensit":0.006054703354600538,"modifi":0.0060153093939807221,"1+ta":0,"6min15":0,"1min45":0,"1+n":0,"1+0":0,"1+5":0,"1=5":0,"1+taeg":0,"1=9":0,"1+r2":0,"1+2r+r":0,"1+1":0,"1x":0,"1+taux":0,"1x4x":0,"1x08":0,"1=r":0,"06^":0,"1+rn":0,"1+4":0,"1+i":0,"1+":0,"1\u20ac":0,"1+x":0,"06=":0,"1+9":0,"1=":0,"1\u2212":0,"1+f3":0,"1+a2":0,"1+12":0,"1+41":0,"1x4":0,"1+11":0,"1usd":0,"1^3":0,"1=16":0,"1+15":0,"1+tmeg":0,"1\u00b2=4":0,"1m":0,"1eur":0,"1+g":0,"1+rd":0,"1an":0}