{"question":0.0027550508375649378,"le":0.0005608364772583742,"tout":0.0054151339594645216,"en":0.0050525661710650923,"au":0.0038751554561019708,"l":0.0073049997406912015,"du":0.0094402755891264609,"la":0.0040588625898217885,"et":0.0038783655663729047,"premi":0.0057263650063308635,"merc":0.0015618859200728459,"de":0.0020316122135944975,"pour":0.0017092891279032346,"d":0.0034348125889769468,"vous":0.0023256816660091953,"2em":0,"est":0.0019905606537431752,"pourr":0.0048100051147589272,"(":0.0055130393081771539,")":0.0053886665668952142,"bonjour":0.00087122852359754178,"suiv":0.0057576060625357597,":":0.0037451403096759274,"on":0.0057822292891228306,"projet":0.010879412741235401,"comment":0.0036778500299585724,"2":0.0052362900091564787,"valeur":0.0046382231394214435,"ce":0.0052908527508384214,"\u00e0":0.0055672583837106703,"ann\u00e9":0.010571615713233508,"expliqu":0.0045393125472300653,"quizz":0.0059019940402363141,"avanc":0.0037113226276133259,"6":0.018439394444064269,"compr":0.0054721838514566112,"\u00e9valu":0.0066545348559150499,"%":0.0039376389854253874,"estim":0.0066135307456658653,"interpret":0.0068676153405970155,"tous":0.0060188613760863109,"certif":0.005918436611540216,"doit":0.0059850436940237098,"2e":0,"02":0,"romain":0.006911944205831827,"06":0,"2\u00b0":0,"cash":0.0064158633569172032,"flow":0.0064739230337739302,"entend":0.0068022254124064027,"ca":0.006454455403300305,"g\u00e9ner":0.0067807152624976231,"200":0.016898848860365259,"croissanc":0.0065330288870410176,"terminal":0.0068022254124064027,"bfr":0.0066135307456658653,"phras":0.0069343353242182727,"del\u00e0":0.0069568803346601489,"horizon":0.006911944205831827,"stabl":0.0069343353242182727,"r\u00e9cuper":0.0068022254124064027,"6min15":0,"2x3":0,"06^":0,"2min54":0,"2i\u00e8meann":0,"06=":0,"2\u20ac":0,"2^2x4":0,"2x0":0,"+2x0":0,"02+":0,"2=":0,"2x":0,"2m":0}