{"j":0.003127291065012095,"ai":0.0035362435405904011,"question":0.003266330776565587,"le":0.001954979434662771,"r\u00e9pons":0.0051091222533804458,"au":0.0045943034363131159,"du":0.0028700133016572199,"avoir":0.0060830763703022582,"la":0.00099533480956011063,"et":0.0045909009329213393,"merc":0.0018517393511066737,"de":0.00081668366629338008,"bien":0.0045319111021293644,"pour":0.004012052878701892,"d":0.0020536746989149716,"vous":0.0027572796474762372,"2em":0,"mal":0.0071560392811763907,"\"":0.010629330404654577,"dan":0.0052043005513367898,"est":0.0023599671691316285,"bonjour":0.0010329103554995195,":":0.0044401601920576253,"3":0.0065219718529590546,"2":0.0062080361562575235,"ou":0.0052803654582672613,"pas":0.0019249223472902384,"ce":0.003163401247844463,"cas":0.0064368691409442029,"il":0.003127291065012095,"mais":0.0050145513016195574,"avanc":0.0044000666539613141,"6":0.01102491529075453,"compr":0.0064877069727090437,"votr":0.0057588020620611005,"dit":0.0070363671082049094,"ne":0.0031201090892858945,"deux":0.0067890588453019167,"pourt":0.0078894776485558954,"faut":0.0067523695283731276,"2e":0,"003":0,"02":0,"solut":0.0073854861146135323,"06":0,"2\u00b0":0,"3\u00b0":0,"plut\u00f4t":0.007914014252031823,"invers":0.007988566798618155,"chapitr":0.0080390745052819554,"coc":0.014837446766291743,"tri":0.014621760235250763,"3h":0,"criter":0.0081421014243180049,"<":0.016276310160318951,"s\u00e9lect":0.0082479321383661201,"6min15":0,"3iem":0,"3em":0,"3+":0,"3+1":0,"2x3":0,"06^":0,"2min54":0,"2i\u00e8meann":0,"3m":0,"3=":0,"06=":0,"2\u20ac":0,"2^2x4":0,"3^2x24":0,"2x0":0,"+2x0":0,"3x0":0,"02+":0,"2=":0,"2x":0,"2m":0,"3e":0,"3+2":0}