{"question":0.0019678691603076007,"que":0.0033098122689888374,"le":0.001954979434662771,"r\u00e9pons":0.0030780973533979044,"tout":0.0076883499946653758,"en":0.007148242021801675,"sur":0.0025451933563421661,"l":0.0090346617765446439,"du":0.0017290994245054018,"une":0.0022387944444357678,"la":0.0017770851420309303,"seul":0.0045554580912672525,"et":0.0068179332275637699,"merc":0.001115619026742395,"de":0.0037750222067497257,"pour":0.0059582877156615808,"d":0.0024593766616833952,"est":0.0028261769895533305,"non":0.0039711390669365295,"(":0.0039474177581002995,")":0.0038583650341642039,"bonjour":0.00062229840545638014,"on":0.0020828594864253772,"appliqu":0.0043113052457545631,"je":0.00098516410524711502,"invest":0.011799765803558597,"ce":0.0019058571170973691,"il":0.0018841017836575625,"o\u00f9":0.0037593662663764154,"exist":0.0046806349972732635,"\u00e9nonc":0.0043482041591822816,"mais":0.0030211211093608965,"\u00e0":0.0039957055391413258,"ann\u00e9":0.0038080797170345908,"cel":0.0038378014590653427,"plus":0.0067959277718458323,"concern":0.0041923440333393198,"compr":0.0039086544952225098,"y":0.0034780461633136888,"avec":0.0031217576088342818,"votr":0.0034695105160664685,"aux":0.0043731302727554062,"don":0.0036009299637174762,"donc":0.007569433349828231,"vu":0.0044755742433664229,"s":0.0034780461633136888,"contient":0.0049691388906014855,"t=0":0.0045690409268606411,"mont":0.004360634069384914,"doit":0.0042749784316040342,"d\u00e9j\u00e0":0.0045690409268606411,"inconnu":0.0048897064505776114,"relat":0.0047679630895139788,"exact":0.0046949655164301015,"amort":0.013302204381507646,"effectu":0.0045827029631090692,"pris":0.0045419535433454247,"uniqu":0.004723892211965482,"tableau":0.0045419535433454247,"b":0.0047384905930106247,"n\u00e9cessair":0.004797811041923606,"particuli":0.004905378967729376,"lor":0.0043856934802175302,"d\u00e9duis":0.0049370420519881473,"ref":0.0049530355105249883,"concevoir":0.0049853537136411224,"exclus":0.0049691388906014855,"d\u00e9cis":0.0048586724527981424,"activ":0.014583783520099022,"incr\u00e9mental":0.0049211570245121621,"idem":0.0049370420519881473,"t=2":0.0098773052124385662,"bfr":0.004723892211965482,"t=1":0.014307844722274948,"extens":0.019644392855919381,"strict":0.0049853537136411224,"rubriqu":0.0049853537136411224,"varianc":0.004905378967729376,"r\u00e9alis":0.0047093842239520475,"portion":0.005001681532874655}