{"le":0.0020161117460884247,"en":0.0046514985815926712,"l":0.0034195717279367228,"la":0.0030179844238936698,"merc":0.0028512292126045254,"de":0.0012574946497740163,"pour":0.0031203143786824794,"vous":0.0083604300266359385,"dan":0.0079705740038322603,"est":0.0036337767134420398,"5":0.009534477298837097,"m":0.0077211920515362423,"(":0.0050754198270786593,")":0.004960919668134718,"bonjour":0.0015904312763250761,"utilis":0.0084063013553964099,"comment":0.0067139304543492057,"calcul":0.0048374477501120852,"valeur":0.0084670955411902914,"fin":0.011112867765647877,"expliqu":0.0082865338456991657,"illustr":0.012185661340985239,"vid\u00e9o":0.0094139867977876893,"cet":0.0080920954696648874,"quel":0.0093901769220170305,"va":0.010203380433490221,"formul":0.0084264975831984789,"pouv":0.0092958729908751616,"aur\u00e9lien":0.012577184802122405,"colon":0.012617782760114219,"tra":0.012261944867715025,"05":0,"5iem":0,"5em":0,"0005+1":0,"5e":0,"5=>":0,"5^2x18":0,"5x0":0,"5^2":0,"5+5":0,"5xtaux":0,"5an":0,"5min08":0}