{"le":0.0021506157351228569,"en":0.0049669129099634236,"merc":0.0030445687420808084,"pour":0.0033319003539964286,"vous":0.0045334282186446579,"*":0.010338892659220689,"m":0.0082447597926496932,"(":0.0054195799096577839,")":0.0052973155882405773,"bonjour":0.0016982771251504562,":":0.0073003648826121476,"1":0,"expliqu":0.0088484369531849662,"cet":0.0086408138693171623,"avec":0.0085194008065303667,"raison":0.01107207357494153,"\u00e9quat":0.012696132508531952,"inconnu":0.013344203586102003,"r\u00e9soudr":0.012358528809048681,"=":0.0099763696375839185,"beaucoup":0.01190034399293867,"71":0.032940758576667596,"ta":0.012395172056567755,"svp":0.01173250681950907,"pouv":0.0099262185632977111,"145":0.035092239174663635,"40":0.028067460406808381,"106":0.040951212121576167,"1+ta":0.0079814307919169082,"^3":0.013259510570550741,"71^8":0,"40=":0}