{"j":0.0024662046333015198,"ai":0.0027887075500766952,"alor":0.0051297342328268268,"que":0.0021795697512604949,"le":0.0015481669554614616,"du":0.0022633135052162641,"une":0.0058140730797979047,"la":0.0015572972448804285,"chois":0.0060711457188966358,"et":0.0036281035308304644,"merc":0.0014602952115518439,"de":0.00064404271936440826,"d":0.001619542905494989,"2em":0,"dan":0.0020730157537020974,"est":0.0018610873903191943,"5":0.0048832101896932826,"quelqu":0.0056433049768767323,"(":0.0051572955249576113,")":0.0050409482714401793,"bonjour":0.00081456066978152634,"on":0.0027263695414408142,"projet":0.015145550200606629,"ser":0.005412600428129727,"4":0.0060711457188966358,"1":0.0034231005992300667,"\/":0.0037324956928595898,"2":0.014454571858481964,"je":0.0012895355771099712,"valeur":0.0043365363331338532,"ou":0.004164134865602495,"ce":0.0024946813878981397,"il":0.0024662046333015198,"mais":0.0039545118752591993,"qu":0.0039637357151017854,"aur":0.0053539015179501675,"avanc":0.0034699247825826975,"elle":0.0054274523914685019,"6":0.0086943289276818353,"cet":0.0041444750262563468,"avec":0.0040862405342060124,"1+r":0,"%":0.01086969697401464,"donc":0.0049846053560337602,"01":0,"chos":0.005858325718607422,"van":0.0047850602317089435,"contient":0.0065043796793875872,"faudr":0.0063597840725589305,"erreur":0.005548930624977899,"=":0.0047850602317089435,"2e":0,"02":0,"obtien":0.00599855240236762,"indiqu":0.005580067181103425,"1+7":0,"solut":0.011555304876228904,"1+3":0,"1+tap":0,"06":0,"1+6":0,"1\u00b0":0,"2\u00b0":0,"1=1":0,"09":0,"9":0.010378401089158518,"1mais":0,"1+teg":0,"04":0,"coc":0.0059101622951692094,"tri":0.0058242484298382654,"posit":0.0060895657408496177,"1+tri":0,"1er":0,"1+2":0,"9+":0,"1+ta":0,"6min15":0,"[":0.0059452132416613667,"2180":0.021767646005081128,"2000":0.038969349384412086,"]":0.0059452132416613667,"loup":0.0065256041546549928,"micha\u00ebl":0.0065469765368663599,"1min45":0,"05":0,"1+n":0,"1+0":0,"1+5":0,"1=5":0,"1+taeg":0,"1=9":0,"1+r2":0,"1+2r+r":0,"1+1":0,"1x":0,"1+taux":0,"1x4x":0,"1x08":0,"2x3":0,"1=r":0,"06^":0,"2min54":0,"1+rn":0,"5iem":0,"2i\u00e8meann":0,"1+4":0,"5em":0,"0005+1":0,"1+i":0,"1+":0,"1\u20ac":0,"04\u20ac":0,"1+x":0,"06=":0,"5e":0,"1+9":0,"1=":0,"9=":0,"1\u2212":0,"9=850":0,"1+f3":0,"1+a2":0,"1+12":0,"1+41":0,"5=>":0,"2\u20ac":0,"4em":0,"2^2x4":0,"5^2x18":0,"2x0":0,"5x0":0,"1x4":0,"+2x0":0,"5^2":0,"1+11":0,"02+":0,"1usd":0,"1^3":0,"4an":0,"4e":0,"2=":0,"1=16":0,"1+15":0,"1+tmeg":0,"4min25":0,"1\u00b2=4":0,"5+5":0,"2x":0,"2m":0,"1m":0,"1eur":0,"5xtaux":0,"1+g":0,"1+rd":0,"5an":0,"5min08":0,"1an":0}