{"question":0.0081254441262774112,"que":0.0034817694270224621,"le":0.0016540694631859982,"l":0.0055246705733397522,"du":0.0071395502536362411,"et":0.0057685185602475136,"merc":0.0023327591232480986,"de":0.0020316122135944975,"bien":0.0057091495965258055,"pour":0.0025529136002449444,"d":0.002587150501075954,"est":0.0058707408050052631,"comm":0.007761048850211714,"bonjour":0.0013012258198481922,"ma":0.016707025173459376,":":0.0055935648775380861,"1":0.0054682567534848599,"ou":0.0066520272896374204,"ce":0.0039851467848287256,"\u00e0":0.002819320657333623,"ann\u00e9":0.015723778589191474,"cel":0.01584650135911829,"avanc":0.0055430563830668909,"concern":0.0087661903903914363,"6":0,"1+r":0,"01":0,"titr":0.0097574237291142996,"compt":0.0086227865750762769,"1+7":0,"1+3":0,"1+tap":0,"1+6":0,"1\u00b0":0,"1=1":0,"1mais":0,"1+teg":0,"pr\u00e9c\u00e9dent":0.0099081827185645739,"continu":0.0099698097018402661,"1+tri":0,"1er":0,"1+2":0,"ver":0.0099081827185645739,"correspondent":0.010290138183989581,"1+ta":0,"r\u00e9invest":0.020385328532838597,"dividend":0.028285084570096038,"environ":0.010356796090765251,"6min15":0.014632558733624826,"2012":0.031376960672395753,"2013":0.029390473345933355,"tient":0.01032335377271601,"eric":0.0104243734459008,"1min45":0,"1+n":0,"1+0":0,"1+5":0,"1=5":0,"1+taeg":0,"1=9":0,"1+r2":0,"1+2r+r":0,"1+1":0,"1x":0,"1+taux":0,"1x4x":0,"1x08":0,"1=r":0,"1+rn":0,"1+4":0,"1+i":0,"1+":0,"1\u20ac":0,"1+x":0,"1+9":0,"1=":0,"1\u2212":0,"1+f3":0,"1+a2":0,"1+12":0,"1+41":0,"1x4":0,"1+11":0,"1usd":0,"1^3":0,"1=16":0,"1+15":0,"1+tmeg":0,"1\u00b2=4":0,"1m":0,"1eur":0,"1+g":0,"1+rd":0,"1an":0}