{"j":0.0024662046333015198,"le":0.0010403252060207425,"sur":0.0033315438170617123,"l":0.0017513794393620667,"du":0.0022633135052162641,"la":0.0052439758165818261,"et":0.0018286818495113677,"merc":0.0014602952115518439,"de":0.0031203336723665399,"pour":0.0047184251603702449,"d":0.001619542905494989,"vous":0.0021744109200425759,"2em":0,"dan":0.0061205830047537726,"est":0.0036923961014899052,"comm":0.0048583766577680858,"\u00e9gal":0.0055957548083305298,"(":0.0051572955249576113,")":0.0050409482714401793,"bonjour":0.00081456066978152634,"ma":0.005296305000139198,"on":0.0027263695414408142,"1":0,"2":0.0048957027708600729,"je":0.0012895355771099712,"pas":0.0015180078582210457,"cas":0.0050761621382021151,"n":0.0086912826405161053,"aur":0.0053539015179501675,"i":0.006420920803349113,"expliqu":0.0042440592435509655,"avanc":0.0034699247825826975,"cet":0.0041444750262563468,"prof":0.0064415735711983429,"votr":0.0045414334746825061,"%":0.01086969697401464,"donc":0.0049846053560337602,"ne":0.0024605408746541787,"comprend":0.0036563474503372773,"ponder":0.0062801192185738828,"portefeuill":0.0063396730205878046,"somm":0.011389496906673024,"titr":0.029593224743923858,"video":0.0061833627893235158,"2e":0,"02":0,"d\u00e9taill":0.006202471414602952,"svp":0.0056273728660562157,"aurelien":0.0065256041546549928,"2\u00b0":0,"pouv":0.0047610057990984719,"cad":0.0064833010779548252,"ver":0.006202471414602952,"diversif":0.0065043796793875872,"tir":0.0065256041546549928,"1min45":0.0038282089038340883,"ecrit":0.0065043796793875872,"xi":0.012989196943151149,"=100":0.0065469765368663599,"comprehens":0.0065469765368663599,"repartit":0.0065256041546549928,"xj":0.0065469765368663599,"xi+xj=100":0.0065469765368663599,"xi+xj+xl+":0.0065469765368663599,"+xn=100":0.0065469765368663599,"coef":0.0065469765368663599,"2x3":0,"2min54":0,"2i\u00e8meann":0,"2\u20ac":0,"2^2x4":0,"2x0":0,"+2x0":0,"02+":0,"2=":0,"2x":0,"2m":0}