{"le":0.001954979434662771,"une":0.010925807850131735,"d":0.0060381937906749126,"dan":0.007728891163985287,"est":0.0069387518453511614,"bonjour":0.0030369526869061564,"ou":0.015525277659333795,"il":0.0091948298824374754,"qui":0.014174401546335579,"possibl":0.020573335437396333,"deux":0.019961122852556447,"obten":0.020516305330140421,"videos":0.024171899478030789,"tableur":0.023561914178748346,"fichi":0.023414370030969415,"appar":0.02425048750422977}