{"j":0.0062768230277386785,"ai":0.0070976363970726665,"que":0.0091219261133738717,"le":0.0030321783017785058,"tout":0.0043547892317320203,"en":0.0040699811299660035,"au":0.0031163560085204593,"l":0.0029920663547751366,"du":0.0038666573542352613,"la":0.0032850786844802696,"et":0.0046542416587931875,"merc":0.0012560509189323318,"de":0.0037242755572210969,"pour":0.0040674072296857863,"nous":0.0040951073876663805,"d":0.002766836088592762,"vous":0.0073291396310568996,"trouv":0.0066315231683985792,"exempl":0.0042002196525631882,"dan":0.0035415516193510531,"est":0.004736718125677687,"5":0.0042002196525631882,"pourr":0.0038681514871331882,"m":0.0034014137932902437,"\u00e9clair":0.0049806505527424773,"(":0.0022358727630831681,")":0.0021854320516792396,"bonjour":0.00070063208432899688,"projet":0.0087636664345962789,"4":0.0052220044953023414,"1":0.0058480440627403695,"ailleur":0.0054357886815335531,"je":0.0032820417641728412,"pas":0.0025933730502864958,"n":0.0025319799851202087,"plus":0.0076455219355226426,"exercic":0.0080323802968293202,"avanc":0.0029846035084628063,"6":0.0074782959998270322,"y":0.003915855659324439,"avec":0.00351471821407516,"problem":0.0049806505527424773,"m\u00eam":0.0039062455618704183,"don":0.0040542078267930869,"prendr":0.0052378481995874557,"1+r":0,"%":0.0062895304075245434,"dit":0.009479823877586023,"auss":0.0050835370294734098,"donc":0.0042874331768216929,"comprendr":0.0045801910220328607,"comprend":0.0031449521566612212,"01":0,"arriv":0.0042653579949984942,"1+7":0,"8":0.0081518926145996949,"solut":0.024375619918652797,"1+3":0,"1+tap":0,"06":0,"1+6":0,"ensuit":0.010008396172758446,"svp":0.0048402999637815625,"chiffr":0.010728990529154559,"1\u00b0":0,"1=1":0,"l\u00e0":0.0052859583871451201,"sup\u00e9rieur":0.0053681447487560043,"just":0.0052062553808601333,"1mais":0,"1+teg":0,"04":0,"rest":0.0051905997335227839,"loin":0.0055585070329202775,"coc":0.015042159231664808,"tri":0.014823496870468368,"d\u00e9voil":0.0056129000699336002,"1+tri":0,"1er":0,"1+2":0,"vais":0.0055052129206608893,"1+ta":0,"6min15":0,"eric":0.0056129000699336002,"1min45":0,"no":0.0056312832024016119,"dehor":0.0056129000699336002,"ident":0.0055406224299508044,"affirm":0.0056129000699336002,"05":0,"1+n":0,"1+0":0,"1+5":0,"1=5":0,"1+taeg":0,"1=9":0,"1+r2":0,"1+2r+r":0,"1+1":0,"1x":0,"1+taux":0,"1x4x":0,"1x08":0,"1=r":0,"06^":0,"1+rn":0,"08":0,"5iem":0,"1+4":0,"5em":0,"0005+1":0,"1+i":0,"1+":0,"1\u20ac":0,"04\u20ac":0,"1+x":0,"06=":0,"5e":0,"1+9":0,"1=":0,"1\u2212":0,"1+f3":0,"1+a2":0,"1+12":0,"1+41":0,"5=>":0,"4em":0,"5^2x18":0,"5x0":0,"1x4":0,"5^2":0,"1+11":0,"1usd":0,"1^3":0,"4an":0,"4e":0,"1=16":0,"1+15":0,"1+tmeg":0,"4min25":0,"1\u00b2=4":0,"5+5":0,"08+0":0,"1m":0,"1eur":0,"5xtaux":0,"1+g":0,"8min25":0,"1+rd":0,"8+50":0,"5an":0,"5min08":0,"1an":0}