{"ai":0.012949676300512145,"a":0.0037691414376220763,"que":0.0051560428350888709,"le":0.0018432036394947162,"tout":0.0060460609321701855,"en":0.0028449417965609124,"l":0.0041431054934683255,"la":0.00093735038454849156,"de":0.0029906846055769818,"pour":0.0056176230848988488,"d":0.0019340354122812384,"vous":0.0025966510093340545,"est":0.0022224844467008992,"comm":0.0058018052318609091,"fait":0.0056998608893995481,"ma":0.0063247731133005735,"\/":0.0044572939819530945,"cour":0.010822907104940757,"je":0.0088207145817944862,"pas":0.0053360480919817351,"ce":0.0029791135080050762,"pratiqu":0.0074298666506287638,"qui":0.0045400653720063539,"mais":0.0047224225916388625,"n":0.013669405407208568,"exercic":0.0056146831404382857,"avec":0.0048797311077337716,"rentr":0.0076677735248607192,"etre":0.0077172672257127912,"video":0.0073840850779305122,"pouvoir":0.007272073958805185,"mon":0.0062074296810325251,"situat":0.0075947648988230042,"interet":0.0077172672257127912,"peux":0.0074996302480530045,"remerc":0.0067968336293291968,"peur":0.0077674389435291209,"discut":0.0077674389435291209,"monsieur":0.0078183075130102524,"madam":0.0075707485627578,"elev":0.0078183075130102524,"docu":0.0078183075130102524,"materiel":0.0078183075130102524,"echec":0.0077927849140711639,"sent":0.0078183075130102524,"suffis":0.0076924367704261868,"outill":0.0078183075130102524,"contact":0.0075468886860183436,"echang":0.0078183075130102524,"attent":0.0076432752520718475,"porte":0.0078183075130102524}