{"j":0.0077795638450557023,"ai":0.0044548409993066043,"a":0.0050419636047243704,"question":0.0041148139526362955,"le":0.0024503391693862083,"quand":0.0089389788977809227,"sur":0.0053219987111322465,"avoir":0.0076632555719879257,"une":0.0092441100940062557,"la":0.0036679938306057509,"et":0.0029212410163507556,"merc":0.0023327591232480986,"de":0.0039640810599308107,"pour":0.0025529136002449444,"\u2019":0.0089641680564622097,"quiz":0.015209265948320231,"si":0.0066049938349345451,"bonjour":0.0013012258198481922,"suiv":0.0085992887814895173,"format":0.017902930281726716,"je":0.004067798842453659,"pas":0.0024249526071268169,"fin":0.009092093876971824,"n":0.0047024362795669104,"plus":0.0071490017019891303,"not":0.0096983955383065108,"concern":0.0087661903903914363,"avec":0.0065275944278591815,"m\u00eam":0.0072547456753156757,"%":0.011613239628566934,"obtient":0.0099081827185645739,"puis":0.0093858717148906194,"50":0.034838329046904697,"50\u20ac":0,"certificat":0.0098776575072232562,"atteint":0.0104585149120884,"rectif":0.0104585149120884,"attest":0.010390468254728133,"succes":0.0104585149120884,"50$":0}