{"j":0.002351492733355603,"a":0.0030094352429674404,"que":0.0020781902534460599,"le":0.0014772331466873627,"r\u00e9pons":0.0038416839375976209,"tout":0.0048274200243015476,"en":0.0067115504945009698,"sur":0.0063046645295276047,"l":0.0049340288767232001,"une":0.0027941743451607667,"pu":0.0058957527167284316,"la":0.0014854103693195809,"et":0.0051518071121784935,"merc":0.0013923717165031846,"de":0.0018144128586691649,"pour":0.0045022366757498395,"d":0.0030648477915946304,"trouv":0.0037011513868296722,"est":0.0017745216335177793,"(":0.0024785348667736196,")":0.0024226197610557488,"on":0.0025995564514683582,"projet":0.0048911321508587034,"ains":0.0056519223013334228,"par":0.0032344901785608675,"invest":0.004969465520313212,"pas":0.0014473999438582158,"ce":0.0023786449333795963,"qu":0.0075010341570305866,"\u00e0":0.0049720636307193098,"ann\u00e9":0.00475275373141583,"n":0.0055707046963643179,"aur":0.0051048726227180567,"fois":0.0056022167828217026,"suis":0.0048274200243015476,"m\u00eam":0.0043301953416726713,"donc":0.00475275373141583,"imagin":0.0060447924062999548,"t=0":0.0057024873237261865,"erreur":0.0052908302362006812,"amort":0.0056022167828217026,"arriv":0.0093843750559051593,"\u00e9t\u00e9":0.0054579769243882628,"propos":0.0054579769243882628,"pass":0.0054423807757751014,"proced":0.0059139725322629021,"avait":0.006063968022115309,"conclus":0.0061419532019006164,"initial":0.0059880086622470675,"cash":0.005719538514505621,"flow":0.0057712968733496847,"aut":0.0060257417139497407,"aucun":0.0058776457181123724,"impossibl":0.0061617788434890569,"luxdrop":0.0062424535028471236,"essais":0.0062220752257220622,"comptabilis":0.006201837975865882,"normal":0.0061617788434890569,"charg":0.006063968022115309,"influ":0.0062424535028471236,"ebit":0.0062220752257220622,"imp\u00f4t":0.0058776457181123724,"bient\u00f4t":0.0062220752257220622,"david":0.0062424535028471236}