{"ai":0.0039427422744560525,"certain":0.0086357755602383072,"le":0.00074134953745653119,"me":0.010678515766717786,"en":0.0033681919918139161,"l":0.0024761426683110078,"pu":0.0087421880674055756,"la":0.0011097506678612735,"et":0.0025854346879796201,"de":0.00091056319481182333,"pour":0.0022594477280527482,"vous":0.0060793798318674996,"un":0.0038112026008565378,"bonjour":0.001151645602913269,"savoir":0.0074081140539928644,"cour":0.0064683513658919225,"vid\u00e9os":0.0082584862205760008,"je":0.0018231766303880583,"il":0.0068951984055791405,"qu":0.0056040255523650377,"\u00e0":0.0024952304117356115,"n":0.0041618756573512106,"int\u00e9ress":0.0088512778977286946,"avec":0.011424615312052008,"votr":0.0064207886362154087,"quel":0.0067995116317168102,"lign":0.0088789846504392991,"s":0.0064365849817211813,"raison":0.0075082591992069302,"fair":0.0072334827202858859,"remerci":0.0086095755285873436,"suivr":0.0088789846504392991,"nombr":0.0085576456618502213,"pouv":0.0067312253063322161,"rest":0.0085319121023685902,"dat":0.0087963899237392621,"hel":0.0091960495213379585,"fort":0.0091662480841262755,"assidu":0.0092562739901016055,"rigueur":0.0092562739901016055,"requiert":0.0092562739901016055,"pla\u00eet":0.0090490492727754081,"jusqu":0.0086886553868972573}