{"que":0.00993347603727914,"le":0.0023897808706133949,"du":0.010315141534660146,"apres":0.024334531409355542,"2em":0,"bonjour":0.0037123927277415121,"\/":0.017010997928754545,"2":0.022312360561920538,"calcul":0.011291595000471444,"10":0.039236458237212876,"2e":0,"35":0.061354789720303775,"02":0,"2\u00b0":0,"10iem":0,"repr\u00e9sent":0.02800835690300351,"10+1":0,"imp\u00f4t":0.028094373361471935,"cmpc":0.027837895883192972,"+10":0,"2x3":0,"2min54":0,"2i\u00e8meann":0,"0035^3+1":0,"10^7":0,"2\u20ac":0,"2^2x4":0,"2x0":0,"+2x0":0,"02+":0,"2=":0,"10em":0,"2x":0,"2m":0,"10h":0,"10min15":0,"10^1":0,"10^2":0}