{"le":0.0012647615000327555,"en":0.011275554359285204,"du":0.010712262242546018,"la":0.0037150655340119237,"merc":0.0035222622979305812,"de":0.0015534443794164318,"vous":0.0052447241785690173,"m":0.0095383645544808628,"bonjour":0.0019647372078277154,"on":0.006576059806317004,"comment":0.008294045250988466,"je":0.0031103865226454943,"valeur":0.020524825357952324,"pas":0.0036614663971213848,"\u00e0":0.0042569276691011978,"expliqu":0.010236758804308821,"t0":0.014960489526245719,"ne":0.0059348755558141899,"comprend":0.0088191857855724944,"raison":0.012809284538038168,"titr":0.028909621838870903,"pass":0.013767510780553107,"svp":0.013573339914909166,"pouv":0.011483644604006188,"t4":0.015637856491185414}