{"a":0.0063646582286184831,"que":0.0043951670759952294,"le":0.0030734944952836608,"l":0.0035317086067135212,"merc":0.002944728624231611,"pour":0.0032226378106986111,"vous":0.0043847641397705452,"trouv":0.0078275695363759796,"2em":0,"*":0.0099998507951761569,"5":0.01938161554182841,"m":0.0079743905354346702,"(":0.0052418563820544736,")":0.005123601457465897,"bonjour":0.0016425857604024444,":":0.007060965035879177,"on":0.0054978050776337498,"2":0.0098723299035962438,"avec":0.0082400252848769413,"don":0.0095048231374962374,"%":0.028338003810148036,"raison":0.010708988611452863,"2e":0,"02":0,"indiqu":0.011252371043433561,"beaucoup":0.01151009767322872,"8":0.019111575145599042,"2\u00b0":0,"09":0,"9":0.020928353746037475,"pouv":0.0096007094632866493,"9+":0,"bet":0.012824693290950843,"77":0.032813888559635088,"=2":0.013031553515160388,"+bet":0.013159074406740303,"05":0,"77\u20ac":0,"2x3":0,"2min54":0,"08":0,"5iem":0,"2i\u00e8meann":0,"5em":0,"0005+1":0,"5e":0,"9=":0,"9=850":0,"5=>":0,"2\u20ac":0,"2^2x4":0,"5^2x18":0,"2x0":0,"5x0":0,"+2x0":0,"5^2":0,"02+":0,"2=":0,"5+5":0,"08+0":0,"2x":0,"2m":0,"5xtaux":0,"8min25":0,"8+50":0,"5an":0,"5min08":0}