{"j":0.0048152692956223405,"ai":0.0036491107612001659,"question":0.001694256045944497,"que":0.0014336028238987849,"le":0.00068613832369162817,"en":0.0015669657276446457,"au":0.0023830796408383218,"sur":0.0021913089137523926,"du":0.0072891372789913502,"r\u00e9sultat":0.003446436799713994,"avoir":0.0062772315281108531,"une":0.0038346262627357861,"la":0.0015325740545740899,"et":0.0023928872052861303,"merc":0.00096050302487263263,"de":0.0028743621885212864,"bien":0.004676557307707864,"pour":0.0020911777754847143,"d":0.0021192223775865684,"quiz":0.0031713209009689961,"2em":0,"\"":0.0055402608546100355,"un":0.0069812425351266066,"est":0.0024352908656058003,"fait":0.0031394268511320635,"quelqu":0.0037118600798592334,"(":0.0017097734811556725,"capital":0.0038759551103969394,")":0.004960919668134718,"bonjour":0.00053577384975192531,"on":0.0035675395336475582,"taux":0.0025006229820940654,"rentabl":0.0036599997268304311,"4":0.0079442834280097768,"1":0.002251530001601373,"\/":0.0024550333213144487,"2":0.0032201278776305057,"san":0.0032870969032614892,"aim":0.0036599997268304311,"je":0.0025178206975297285,"calcul":0.0032419692368864089,"valeur":0.0028523385083340487,"pas":0.00099846327514303205,"ce":0.0016408661756983044,"pens":0.0037118600798592334,"qu":0.0051866717440964966,"\u00e0":0.0011608425372630468,"ann\u00e9":0.0032786031785852895,"fois":0.0038645902542506624,"avanc":0.0022823284109857321,"proposit":0.0041698932276214087,"elle":0.0035698839509429041,"parl":0.0039220658409880715,"avec":0.0053469731187170879,"peu":0.0037543302091548152,"problem":0.0038087069955803502,"m\u00eam":0.0029871087401942865,"1+r":0,"r":0.0037436285573701684,"%":0.0048173846073102178,"consider":0.0075990994641533085,"soit":0.0037977137442302498,"comprend":0.0024049471355193932,"diff\u00e9rent":0.0033740610860367366,"01":0,"\u00e7a":0.0039573540288346514,"100":0.0063860761511097992,"hypothes":0.0041567514441368577,"depuis":0.0041567514441368577,"doit":0.0036805841567715343,"final":0.0038873843570065491,"2e":0,"chaqu":0.0037013808010704949,"02":0,"1+7":0,"30":0,"1+3":0,"1+tap":0,"1+6":0,"aid":0.0033388242664342698,"ensuit":0.0038532890671002509,"1\u00b0":0,"2\u00b0":0,"1=1":0,"entrepris":0.0038759551103969394,"11":0.0076690287075972668,"20":0.0069796326789225453,"bloqu":0.0040421761121909395,"1mais":0,"rend":0.0039220658409880715,"1+teg":0,"d\u00e9gag":0.0042643639774165819,"04":0,"jour":0.0041307219651776656,"aur\u00e9lien":0.0042369178855969679,"propr":0.0040796494491556904,"1+tri":0,"1er":0,"devr":0.0039812271669895424,"1+2":0,"terminal":0.0041831211873509418,"=>":0.0041964364609779637,"1+ta":0,"1min45":0,"comprhens":0.0043062462423249818,"polym":0.0043062462423249818,"conform":0.0043062462423249818,"secteur":0.0042921886479424477,"bpa":0.0083484653536969374,"mention":0.0042369178855969679,"distribu":0.0084289998200334764,"ecart":0.0042505942541198509,"30\u20ac":0.0076690287075972668,"tj":0.0043062462423249818,"100k":0,"1+n":0,"1+0":0,"1+5":0,"1=5":0,"1+taeg":0,"1=9":0,"1+r2":0,"1+2r+r":0,"1+1":0,"1x":0,"1+taux":0,"1x4x":0,"1x08":0,"2x3":0,"1=r":0,"2min54":0,"1+rn":0,"20em":0,"2i\u00e8meann":0,"1+4":0,"1+i":0,"1+":0,"1\u20ac":0,"04\u20ac":0,"1+x":0,"1+9":0,"1=":0,"1\u2212":0,"1+f3":0,"1+a2":0,"1+12":0,"1+41":0,"2\u20ac":0,"4em":0,"2^2x4":0,"2x0":0,"1x4":0,"+2x0":0,"1+11":0,"02+":0,"1usd":0,"1^3":0,"4an":0,"4e":0,"2=":0,"1=16":0,"1+15":0,"1+tmeg":0,"4min25":0,"100+2":0,"1\u00b2=4":0,"+100":0,"2x":0,"2m":0,"1m":0,"1eur":0,"1+g":0,"1+rd":0,"1an":0}