{"j":0.010114963603368514,"ai":0.011437686471176158,"a":0.0065804500073196343,"question":0.0053703932887125003,"le":0.0010932329859276294,"tout":0.010555666950629166,"sur":0.0069459340057135893,"la":0.0032193278983538784,"merc":0.0030445687420808084,"de":0.0038989902407804006,"pour":0.0033319003539964286,"vous":0.0045334282186446579,"trouv":0.0080929608727978511,"mal":0.011765723669236301,"un":0.011056096846386478,"m":0.0082447597926496932,"bonjour":0.0016982771251504562,"taux":0.0079263868721517593,"utilis":0.0089763258001177588,"mais":0.0082447597926496932,"expliqu":0.0088484369531849662,"peu":0.023410441666167302,"bon":0.01098305734578192,"diff\u00e9rent":0.010694980286793856,"ponder":0.013093417357091828,"m\u00e9thod":0.012581605939008764,"coefficient":0.013430033454566359,"pouv":0.0099262185632977111,"conceptualis":0.013649788043951361}