{"j":0.0039914999168919382,"le":0.00084866173172888626,"me":0.0031111301500675297,"sur":0.0027137539831945477,"l":0.0014266097613104883,"du":0.0018436125644043649,"une":0.00238706317773549,"la":0.0037150655340119237,"et":0.007258096043122656,"merc":0.0011895031746824939,"de":0.0044886947498579306,"pour":0.0038546763077263726,"d":0.0013192205332054575,"vous":0.0017711957637019898,"2em":0,"un":0.0021957938459267116,"dan":0.0016886029623934876,"an":0.0085259963674074318,"dir":0.0043258233869634651,"est":0.0015159738535290305,"5":0,"fait":0.0038879192562670472,"pourr":0.0036632101491624485,"(":0.0062699132795284336,")":0.0061284656571582554,"bonjour":0.00066351138797952924,"suiv":0.0043848853504217765,":":0.0028522289821161337,"rentabl":0.030535492916935993,"4":0.0098260206412693219,"t":0.0041456945996411988,"d\u00e9termin":0.01342159130624344,"1":0,"\/":0.006040965152151306,"2":0.0079235911485802876,"respect":0.010164239820380063,"oblig":0.013689229782698887,"prix":0.0043848853504217765,"pourcentag":0.0051477912209828749,"par":0.005490328375580447,"je":0.0041206510207665754,"ce":0.0020320763960957606,"o\u00f9":0.0040083379733192636,"qui":0.0030968137516061748,"chacun":0.010164239820380063,"ann\u00e9":0.004060277571711411,"avanc":0.0028264740664357417,"6":0.014071587054726921,"cet":0.0033759380720596276,"avec":0.0033285023805488113,";":0.0093448248492438799,"1+r":0.0030125966298928373,"r":0.0046361728578776292,"%":0.0059584632166405438,"mani":0.0049754329055385115,"raison":0.0043258233869634651,"ponder":0.0051155558744451629,"100":0.0079086246048174283,"somm":0.0046761449857449112,"10":0.013933696182761033,"=":0.0038977353973626075,"2e":0,"mon":0.0042341358599985697,"02":0,"obtien":0.004886201823898993,"effectu":0.004886201823898993,"romain":0.0052640077424359949,"06":0,"ensuit":0.0047719782859537464,"2\u00b0":0,"d\u00e9faut":0.0052810604004202132,"annonc":0.0052302477057718432,"m\u00e9thod":0.0049155928063646347,"10iem":0,"d\u00e9fin":0.014960489526245719,"04":0,"10+1":0,"28":0.013254947941271994,"6min15":0,"port":0.0051804479565229567,"feuill":0.0052982302597224919,"p1":0.020920559330386369,"p0":0.010596142732816203,"^t":0.0052982302597224919,"diff\u00e9retn":0.0053329281049264441,"05":0.0040393719710987317,"100k":0,"+10":0,"2x3":0,"06^":0,"2min54":0,"2i\u00e8meann":0,"04\u20ac":0,"06=":0,"10^7":0,"2\u20ac":0,"4em":0,"2^2x4":0,"2x0":0,"+2x0":0,"02+":0,"4an":0,"4e":0,"2=":0,"4min25":0,"10em":0,"100+2":0,"+100":0,"2x":0,"2m":0,"10h":0,"10min15":0,"10^1":0,"10^2":0}