{"j":0.010114963603368514,"ai":0.011437686471176158,"a":0.019107679319857934,"le":0.0021506157351228569,"du":0.0092828200138556673,"la":0.0032193278983538784,"de":0.0013427643372587925,"d":0.0033765841779956566,"mal":0.02314561560424969,"dan":0.0043220294880343948,"comm":0.01012922701689665,"1":0.0071368206941791685,"vos":0.011536749821422037,"calcul":0.005165471140072527,"valeur":0.0090412423901099145,"vient":0.012619553998121568,"1+r":0,"01":0,"tous":0.01173250681950907,"video":0.012891689927075831,"lecon":0.013259510570550741,"1+7":0,"actuel":0.012734768452018813,"effectu":0.012506378845531,"1+3":0,"1+tap":0,"1+6":0,"aid":0.010583287854022771,"svp":0.01173250681950907,"1\u00b0":0,"1=1":0,"1mais":0,"1+teg":0,"salut":0.012812747823250415,"1+tri":0,"1er":0,"1+2":0,"1+ta":0,"1min45":0,"voir":0.013301716857076972,"o\u00fa":0.013649788043951361,"98131":0.040951212121576167,"105000":0.045383354058473088,"troisim":0.013649788043951361,"1+n":0,"1+0":0,"1+5":0,"1=5":0,"1+taeg":0,"1=9":0,"1+r2":0,"1+2r+r":0,"1+1":0,"1x":0,"1+taux":0,"1x4x":0,"1x08":0,"1=r":0,"1+rn":0,"1+4":0,"1+i":0,"1+":0,"1\u20ac":0,"1+x":0,"1+9":0,"1=":0,"1\u2212":0,"1+f3":0,"1+a2":0,"1+12":0,"1+41":0,"1x4":0,"1+11":0,"1usd":0,"1^3":0,"1=16":0,"1+15":0,"1+tmeg":0,"1\u00b2=4":0,"1m":0,"1eur":0,"1+g":0,"1+rd":0,"1an":0}