{"question":0.0051942827311052039,"que":0.0086507812124677012,"me":0.0077018995843027007,"r\u00e9pons":0.0081247819976589183,"en":0.0048040336281054193,"la":0.0060418787434874197,"vrai":0.011848135037500285,"pour":0.0032226378106986111,"vous":0.0086303056483558148,"trouv":0.022752396802209963,"dan":0.0041802977782296946,"5":0.0098471382429913355,"(":0.0052418563820544736,")":0.005123601457465897,"1":0,"par":0.013464054516764147,"je":0.0026003867545695562,"ce":0.0050305990413231517,"n":0.0059360602550275199,"dont":0.01220572272508693,"car":0.0099998507951761569,"m\u00eam":0.0091579353559130793,"1+r":0.0074579704519721641,"chos":0.011813487640846819,"arriv":0.0099998507951761569,"proced":0.012507467648373653,"pos":0.011848135037500285,"^n":0.012624528760753645,"avez":0.022462021031428334,"05":0,"fa\u00e7on":0.012546242346717669,"compliqu":0.012824693290950843,"5iem":0,"5em":0,"0005+1":0,"5e":0,"5=>":0,"5^2x18":0,"5x0":0,"5^2":0,"5+5":0,"5xtaux":0,"5an":0,"5min08":0}