{"que":0.0032300499421461242,"le":0.0015358752516269219,"r\u00e9pons":0.011801451843777164,"en":0.0035305298465852426,"la":0.0044936635104430916,"merc":0.0021641089764901753,"de":0.0027970032683457247,"pour":0.0069404108534453588,"d":0.0024001087669582176,"vous":0.0032224047257141458,"un":0.0039948923833349869,"m":0.0058604551868597305,"pay":0.0095155912571223272,"aim":0.0082463439028061785,"savoir":0.0077651653581790187,"par":0.005027241753640486,"je":0.0019110488727559945,"temp":0.0082004336124785037,"pas":0.0022496372010065721,"il":0.003654833312175111,"\u00e0":0.0026154938507515053,"n":0.0043624669442141502,"avanc":0.0051423132188133857,"votr":0.0067302534932296848,"m\u00eam":0.0067302534932296848,"tous":0.0083395795844237383,"arriv":0.0073489851293342913,"salut":0.0091074253619415312,"ont":0.0088368049585198297,"connexion":0.019113889205220943,"condit":0.0094549892913427646,"rempl":0.0096392745379917499,"sollicit":0.0095770121931454937,"additionnel":0.0096707285050280974,"soumiss":0.0097024016652403032,"afriqu":0.0096707285050280974,"fluidit":0.0096707285050280974,"internet":0.0096392745379917499,"soi":0.0096707285050280974,"handicap":0.0097024016652403032,"vitess":0.0097024016652403032}