{"question":0.0024947197514446242,"le":0.0015001441846809438,"me":0.0036990826282024209,"en":0.0045788069904505093,"l":0.0033661321523745262,"r\u00e9sultat":0.010070781148734232,"la":0.0029715243355931211,"et":0.003514706540317773,"merc":0.0014142997294935206,"de":0.004173093442268884,"bien":0.0034613298259280824,"vouloir":0.0062588187107329388,"pour":0.0045720637817591456,"d":0.0015685315373393557,"trouv":0.0037594396260460104,"un":0.0026107628028370906,"dan":0.0020077211761730103,"est":0.0035769896357891015,"m":0.0038299550879951926,"+":0.0053000770496795802,"bonjour":0.00078890413788580292,":":0.0033912533936171886,"taux":0.0036820606656703574,"int\u00e9r\u00eat":0.0049551046215289126,"rentabl":0.0053891934637988722,"4":0.0058799204982850966,"d\u00e9termin":0.0053891934637988722,"actif":0.0098853179095397779,"san":0.0048401099639620452,"risqu":0.014150638664960831,"prix":0.0052135566318408143,"balanced":0.012301510771302924,"ains":0.0057409326023723306,"par":0.0032854291209509934,"je":0.0048818296597412086,"calcul":0.0047618502264636289,"pas":0.0029175945225075176,"ce":0.0024161054450952016,"\u00e0":0.0033920805226684164,"n":0.0028509820374817466,"proposit":0.0061399898918838456,"dit":0.0053741538147924943,"ne":0.0047291326849320794,"comprend":0.0035411820630781728,"prim":0.011292661070506031,"context":0.0062588187107329388,"t=0":0.0057922939569907076,"cordial":0.0049034455049602171,"mon":0.0050343179647529893,"suit":0.0058977603376951585,"propos":0.0055439328422515703,"aid":0.0049162762995676804,"ensuit":0.0056738037717089778,"aoa":0.0058977603376951585,"aucun":0.0059702108644247697,"\u00e9l\u00e9ment":0.0061206391763254766,"inform":0.0061988101175971455,"d\u00e9fin":0.0060071097778524882,"04":0,"commenc":0.006101413708994358,"normal":0.0062588187107329388,"jusqu":0.0059519318877677653,"conjonctur":0.0061988101175971455,"communiqu":0.0063200646812383897,"04\u20ac":0,"4em":0,"4an":0,"4e":0,"4min25":0}