{"a":0.0061625710839198437,"le":0.0039135580974803416,"en":0.0046514985815926712,"l":0.0034195717279367228,"la":0.0015325740545740899,"et":0.007031130364043436,"de":0.0036586997896940251,"bien":0.0069780432735285329,"est":0.0036337767134420398,"bonjour":0.0015904312763250761,"actif":0.010042253873272081,"oblig":0.011081267819667702,"fond":0.011240961973260901,"indic":0.011471939538272032,"cour":0.008932842093566604,"cas":0.019517423302614058,"il":0.0048152692956223405,"mais":0.0077211920515362423,"qu":0.0077392016165909808,"\u00e0":0.0034459320457811736,"dont":0.011818173297310112,"pr\u00e9sent":0.011962473674130178,"don":0.0092030311952226752,"ne":0.0048042107959568661,"somm":0.011208680623562761,"flux":0.010453503023655761,"tous":0.010987456357448929,"ni":0.024298696494623823,"interm\u00e9diair":0.012577184802122405,"agress":0.012782984295560743,"d\u00e9fens":0.012782984295560743}