{"j":0.0025926826752231832,"que":0.0022913478700137945,"le":0.0016262580905096022,"r\u00e9pons":0.0042357211006470484,"sur":0.0035024003359687035,"l":0.0018411980372031701,"du":0.004718781173149212,"r\u00e9sultat":0.0055084891634667715,"apres":0.0056132290955707995,"avoir":0.005043178389690821,"la":0.0047519019529279729,"merc":0.0015351857038048756,"de":0.0038989902407804006,"pour":0.0065545381646950158,"vous":0.0089181923584151709,"trouv":0.0080929608727978511,"2em":0,"\"":0.0044510902123165901,"*":0.02033874345439677,"un":0.0056201996343106155,"dan":0.0043220294880343948,"est":0.001956532304254644,"pourr":0.0047277787657256272,"d\u00e9termin":0.005849829840259905,"1":0.0035986525608334733,"2":0.015183675343788762,"savoir":0.0055084891634667715,"cour":0.0048097050267883823,"je":0.0052889388218586861,"calcul":0.005165471140072527,"pratiqu":0.0065407765349440846,"mais":0.004157316992071094,"tres":0.0058827302286483174,"plus":0.0047047485957696948,"co\u00fbt":0.01790713124829918,"votr":0.014084934217295142,"m\u00eam":0.0094684323360646125,"don":0.0049551827892750332,"quel":0.0050559475552337911,"1+r":0,"01":0,"mont":0.0060005995975093585,"\u00e9crit":0.0067286477361797126,"2e":0,"annuel":0.018116191287650567,"02":0,"1+7":0,"cec":0.006622926458737001,"compr\u00e9hens":0.0064606678157208119,"71":0.016609965457645006,"1+3":0,"1+tap":0,"1+6":0,"1\u00b0":0,"2\u00b0":0,"1=1":0,"m\u00e9thod":0.0063441174119366018,"1mais":0,"avez":0.011799113975884148,"1+teg":0,"\u00e9quivalent":0.012773639265905261,"salut":0.0064606678157208119,"1+tri":0,"1er":0,"1+2":0,"d\u00e9march":0.0067502144392362949,"1+ta":0,"1min45":0,"revien":0.0067937855088642234,"m\u00e9thodolog":0.0068157938542864494,"adopt":0.013560977877510478,"machin":0.026084203861501488,"61624":0.022883988585413143,"repris":0.0067937855088642234,"692":0.022883988585413143,"apprec":0.0068827348765064158,"enseign":0.0068827348765064158,"1+n":0,"1+0":0,"1+5":0,"1=5":0,"1+taeg":0,"1=9":0,"1+r2":0,"1+2r+r":0,"1+1":0,"1x":0,"1+taux":0,"1x4x":0,"1x08":0,"2x3":0,"1=r":0,"2min54":0,"1+rn":0,"2i\u00e8meann":0,"1+4":0,"1+i":0,"1+":0,"1\u20ac":0,"1+x":0,"1+9":0,"71^8":0,"1=":0,"1\u2212":0,"1+f3":0,"1+a2":0,"1+12":0,"1+41":0,"2\u20ac":0,"2^2x4":0,"2x0":0,"1x4":0,"+2x0":0,"1+11":0,"02+":0,"1usd":0,"1^3":0,"2=":0,"1=16":0,"1+15":0,"1+tmeg":0,"1\u00b2=4":0,"2x":0,"2m":0,"1m":0,"1eur":0,"1+g":0,"1+rd":0,"1an":0}