{"j":0.0037450851703267705,"ai":0.0042348259139344691,"que":0.0033098122689888374,"le":0.002332144957827127,"au":0.0055019047826464556,"sur":0.0099963937842970467,"du":0.0034369823694794001,"r\u00e9sultat":0.007956917085979013,"avoir":0.0072847837411948975,"une":0.0044501183248124567,"proch":0.009813505371396098,"la":0.0011919624867981944,"merc":0.0022175491308524232,"de":0.0019324688463363173,"d":0.0048594854286416241,"trouv":0.0058946076997525741,"mal":0.0085697097050049902,"un":0.0040935416047675564,"fait":0.0072481117756249026,"pourr":0.0068291944530314294,"t":0.007728673325035745,"1":0,"je":0.0019582400021599827,"il":0.0037450851703267705,"exist":0.0093038374402317128,"\u00e0":0.0026800804296327396,"derni":0.0083332469638066134,"ann\u00e9":0.007569433349828231,"plus":0.0067959277718458323,"avanc":0.0052692966633523502,"car":0.0075304597703916157,"\u00e9clairc":0.0091364907344058683,"cash":0.0091091750222936172,"flow":0.0091916075382005441,"ca":0.0091639676020939861,"salut":0.0093323226395149346,"1er":0.00574674399294517,"survien":0.0099419911906790323,"trimestr":0.009813505371396098,"influenc":0.0097819302296778734,"v\u00f4tr":0.0099095358986105893}