{"le":0.0018432036394947162,"r\u00e9pons":0.0071826377048654754,"au":0.0064588818690767703,"la":0.0040817566040132723,"merc":0.0026032598601534239,"de":0.0022639164252065088,"v\u00e9rifi":0.011373638928411343,"pour":0.0056176230848988488,"est":0.0096779611095032074,"(":0.0046340142177455097,")":0.0045294720552135582,"bonjour":0.0014521126129342595,"prix":0.0095964401500439195,"par":0.0060473926251925041,"valeur":0.0077307183361557475,"ce":0.0087692166993102727,"fin":0.010146389654543928,"mooc":0.011230692524068395,"avanc":0.0061858149179642346,"votr":0.0080959872898811666,"quel":0.02500917756626625,"s":0.0081159049385824463,"ajout":0.011091388465546533,"pai":0.010443603505861203,"\u00e9tant":0.010790355271760385,"31":0.026791976685070273,"salut":0.010955545738060611,"meilleur":0.011337550424301963,"dat":0.011091388465546533,"certificat":0.021735540455414464,"d\u00e9cembr":0.011520423275102457,"2016":0.032798516902098562,"butoir":0.011671257351914821,"inscrir":0.011301698567822715}