{"a":0.0056266167122551473,"question":0.0045919571755793582,"le":0.0018432036394947162,"me":0.013425762199746645,"tout":0.0090256277317425238,"sur":0.0059391239680108817,"l":0.0031221740359910848,"constat":0.011301698567822715,"la":0.0027591525543421932,"seul":0.010630009805619347,"merc":0.0026032598601534239,"de":0.0033491282694674586,"pour":0.0028489428830113326,"je":0.002298847643664267,"ce":0.0044472541371176691,"il":0.0043964887907668865,"mais":0.0070496855361336878,"qu":0.0070661288222779806,"\u00e0":0.0031462418159654143,"vid\u00e9o":0.016948365817714476,"6":0.030562000739565779,"cet":0.0073883317509450151,"y":0.0081159049385824463,"bonsoir":0.01008883766500261,"selon":0.010790355271760385,"le\u00e7on":0.030111791443409867,"rent":0.010117537933121621,"12":0.015735369123985883,"mieux":0.011230692524068395,"06":0,"comport":0.011557743478178914,"6min15":0,"repondr":0.011633156929283439,"introduct":0.011595320179508891,"repondent":0.011671257351914821,"situ":0.011520423275102457,"06^":0,"12^3+2":0,"12^4+189":0,"12^4":0,"06=":0,"12\u20ac":0,"12=":0,"12^5":0}