{"j":0.0049731748207117784,"ai":0.0056235115217524011,"question":0.0051942827311052039,"me":0.0077018995843027007,"l":0.0035317086067135212,"autr":0.010344261290875057,"la":0.0015828312460142405,"et":0.0036875912105103479,"de":0.0012987312537475978,"vous":0.0043847641397705452,"pourr":0.0090686263075285649,"on":0.0054978050776337498,"3":0.010371566165812413,"je":0.0026003867545695562,"ou":0.0083971015154322998,"pas":0.0030611078886998971,"ce":0.0050305990413231517,"moi":0.011065888248293141,"mais":0.0079743905354346702,"qu":0.0079929906821686481,"\u00e0":0.0035589333496970892,"n":0.0059360602550275199,"expliqu":0.0085582713950956447,"003":0,"arriv":0.0099998507951761569,"mieux":0.012703818874086238,"svp":0.011347764360803498,"3\u00b0":0,"3h":0,"3iem":0,"3em":0,"lu":0.013202172449634623,"relu":0.013159074406740303,"cern":0.013073768997350054,"attend":0.013116274622587201,"3+":0,"3+1":0,"3m":0,"3=":0,"3^2x24":0,"3x0":0,"3e":0,"3+2":0}