{"j":0.0070556090425823335,"ai":0.0040355211436522509,"a":0.0045673797865192767,"que":0.003154041668885181,"le":0.00075879464722440984,"au":0.0052429671329990808,"du":0.0032752267281532365,"autr":0.0074232061218897239,"merc":0.0021131840095708608,"de":0.0018425533604134092,"d":0.0023436303451745172,"trouv":0.0056171881653067105,"mal":0.0081663911132014207,"un":0.0077120887374278009,"dan":0.0029998480496669319,"on":0.0039453122037093171,"aim":0.0080522941599245716,"savoir":0.007582438520813548,"cour":0.0066205617523478651,"par":0.0049089426648326996,"je":0.0018660788173273952,"ce":0.0071370787002588473,"il":0.0035688292026131306,"exist":0.0088659683940291271,"r\u00e9f\u00e9rent":0.0091451879442809546,"peut":0.0069595147352329067,"qui":0.0055015719502052593,"\u00e0":0.0050491774830623629,"exercic":0.013451127438631406,"eu":0.0087064975719916473,"peu":0.0082598288180162818,"bonsoir":0.0081895667640276455,"lequel":0.0091741009263306261,"s":0.0065880478556600338,"puis":0.0085024097971048204,"expos":0.0089479053744812159,"\u00e9t\u00e9":0.0082834988850462223,"rapport":0.0084775462752241012,"chapitr":0.0091741009263306261,"abord":0.0087064975719916473,"compliqu":0.0092032035030595247,"livr":0.0094431607001928021}