{"sur":0.01107758589955754,"la":0.0026099344200101429,"merc":0.0048555704300912257,"de":0.0061055622886052006,"d":0.0053850787018802143,"quiz":0.016031778757924525,"vous":0.0072300486112025818,"r\u00e9solu":0.018554062896429881,"m":0.013148992597563879,"derni":0.018246570946797051,"exercic":0.015633380032952275,"avanc":0.011537711029706485,"avec":0.013586998403594015,"trois":0.021146669002403948,"\u00e9clairc":0.020005362509253884,"aid":0.016878547968674065,"pouv":0.015830633965462856,"salut":0.020434158243466317}