{"le":0.0026888304754875631,"sur":0.008719844917117088,"l":0.0045839880670498784,"avoir":0.012555884316204909,"et":0.0047863161963601457,"merc":0.0038221162551514169,"de":0.0033025582999178819,"d":0.0083047827477873652,"dan":0.0054258256458909557,"quelqu":0.014770552908939458,"taux":0.0099506940638050892,"int\u00e9r\u00eat":0.013391069463545657,"inflat":0.016134373439901054,"\/":0.009769279764192949,"je":0.0033751770545288147,"ou":0.01089903427235679,"cas":0.013286136713129715,"null":0.016859908092875964,"souhait":0.016234092002995183,"\u00e9clairc":0.01574744354709719,"\u00e9conom":0.015842441591913739,"comport":0.01696912394224618,"nul":0.016859908092875964}