{"j":0.0027829816250925523,"ai":0.0092726222829525584,"a":0.0035616537802916496,"question":0.0029067133003244003,"le":0.0011727577725180881,"r\u00e9pons":0.0045466165623615348,"du":0.0050620383475962032,"une":0.0033068934254331314,"la":0.0050859657638176953,"et":0.0060804784157964722,"merc":0.0016478659905520333,"pour":0.0018033835798716433,"d":0.0018275685992073594,"trouv":0.004380296887643049,"*":0.016488779110859959,"est":0.002100138788165408,"fait":0.0053860889594724605,"(":0.0058138151196023211,")":0.0056826569537864477,"bonjour":0.00091918867798506656,"int\u00e9r\u00eat":0.0057734214432529221,"4":0.0068509671706885279,"1":0,"cour":0.0051627300323265025,"je":0.0042877842556997966,"pas":0.0033951169259395513,"moi":0.006192455477750481,"\u00e0":0.0019915740898323229,"n":0.0065837661977345583,"tres":0.0063145136457146579,"int\u00e9ress":0.0070646685132217746,"quizz":0.0062268922015076529,"elle":0.0061245932606577768,"compr":0.011442811594237977,"avec":0.0046111065435717911,"car":0.0055959024204701785,"quel":0.0054270463863982221,"1+r":0.0041734697605806548,"r":0.0064226743916477626,"diff\u00e9rent":0.011472962689305031,"va":0.0058970368045765127,"formul":0.004870088565814534,"vf":0.0066301996792180566,"entre":0.0062096310077064034,"=":0.010702078316876288,"coup":0.0069991612796112363,"sert":0.0073398488048935272,"capitalis":0.0068926648098260532,"correspond":0.0067288064115437144,"^n":0.0070646685132217746,"f":0.014089980507612537,"04":0,"lor":0.0064780493679273115,"quoi":0.0068926648098260532,"vfn":0.014642711323044665,"1+n":0.0043199314819726171,"04\u20ac":0,"4em":0,"4an":0,"4e":0,"4min25":0}