{"j":0.0073999184825018988,"le":0.0015733503106027176,"en":0.007148242021801675,"de":0.0037750222067497257,"est":0.01090866493155968,"aim":0.016696321677971662,"savoir":0.015722082444158066,"pas":0.0045548265764123507,"ce":0.007485363810037067,"il":0.014455527525084227,"n":0.008832659936160496,"possibl":0.016557240002959418,"bonsoir":0.016980954542861838,"s":0.013660227016470759,"pai":0.017578076115932404,"trop":0.018784878287509511,"moment":0.018439748001456507,"frais":0.018161708856383438,"tard":0.01920460425837291,"certificat":0.018553359267464879}