{"question":0.0048745824606319949,"le":0.00099230243524022366,"en":0.00450835260152778,"sur":0.0063046645295276047,"du":0.0042831291314435836,"la":0.0029264734428990935,"et":0.0068179332275637699,"de":0.0012187963032281115,"quiz":0.0091242792244434767,"vous":0.004114888518050662,"5":0.0092410617310565348,"m":0.014743733536989758,"\u00e9clair":0.010958117200043662,"je":0.0048078168773058854,"calcul":0.0046885793398447435,"pas":0.0028727013135043259,"ce":0.0047209732551636296,"\u00e0":0.0033398863679683544,"expliqu":0.0080315226943731017,"suis":0.0095811360940653671,"problem":0.010958117200043662,"ne":0.0046563652251666223,"d\u00e9j\u00e0":0.011317910363767903,"\u00e9conom":0.011454478894410619,"son":0.011385792947673921,"pouv":0.0090098002711922164,"n\u00e9cessair":0.011884593765741833,"apport":0.012112226657334789,"but":0.012269098227403779,"\u00e9clairag":0.012308987695494997,"d\u00e9march":0.01215104884061958,"05":0,"profan":0.012349153217464409,"5iem":0,"5em":0,"0005+1":0,"5e":0,"5=>":0,"5^2x18":0,"5x0":0,"5^2":0,"5+5":0,"5xtaux":0,"5an":0,"5min08":0}