{"j":0.006191400190702496,"ai":0.0070010429078807869,"a":0.011767523117883665,"que":0.0054718040795902444,"le":0.001954979434662771,"au":0.0045943034363131159,"sur":0.004224591532717141,"l":0.0043968334372734095,"du":0.0028700133016572199,"une":0.0037160210362367548,"la":0.00099533480956011063,"vrai":0.007450485489775783,"et":0.0023188750566374866,"de":0.0024012051399200105,"pour":0.0020264975180835265,"d":0.0020536746989149716,"\u2019":0.0071157380008322006,"quiz":0.0061139419192251659,"est":0.0023599671691316285,"bonjour":0.0010329103554995195,"on":0.0034571953161303499,"cour":0.011485712811930185,"je":0.0032373756460541839,"pas":0.0019249223472902384,"ce":0.003163401247844463,"il":0.006191400190702496,"\u00eatre":0.006626615980041297,"qu":0.014778123075096289,"\u00e0":0.0022379708871542009,"n":0.0073901533567522449,"fois":0.007450485489775783,"suis":0.0064200698113642445,"y":0.011429305924762226,"fair":0.0064877069727090437,"certif":0.0070167749320054797,"examen":0.0078167832189425489,"erreur":0.0070363671082049094,"remarqu":0.007988566798618155,"\u00e9tap":0.0078650948805955231,"pr\u00eat":0.0078650948805955231,"aucun":0.0078167832189425489,"moyen":0.015104508416404419,"revoir":0.0082748460087591347,"corrig":0.0078894776485558954,"tien":0.0082748460087591347,"prochain":0.0078408640311785193,"soum":0.0083019474337686864,"commis":0.0083019474337686864}