{"question":0.0034817100487001744,"le":0.0020811920600434346,"me":0.010214082807949778,"du":0.0030592597124501487,"une":0.0039610525289942109,"et":0.0024717798467624994,"merc":0.0019738415816847044,"de":0.004173093442268884,"pour":0.0042737884463714031,"d":0.0021890923868683652,"\u00e9ventuel":0.008678985162792122,"quiz":0.0065170904214783389,"vous":0.0058149737641638964,"dan":0.0028020393833903829,"bonjour":0.0011010196486990528,":":0.0047329408489303112,"4":0.0082062036317235541,"format":0.0076713114131797865,"je":0.0034485733490998132,"permet":0.007804332843919147,"ou":0.0056285485869221078,"derni":0.0074174272573101982,"fois":0.0079417646196636837,"expliqu":0.005736580209115355,"suis":0.006843404145089862,"plus":0.0060490586817523303,"avanc":0.0046902035745919638,"ci":0.0078954459378501492,"7":0.012054613655141079,"10":0.01163672990244558,"erreur":0.0075003395990223881,"mon":0.0070260539028811899,"lien":0.0086237112919810809,"09":0,"travail":0.0087350060003865138,"9":0.014028204337815587,"10iem":0,"avez":0.0076495503191430711,"04":0,"tomb":0.0085691647300704856,"fichi":0.0084886674649746301,"10+1":0,"9+":0,"sollicit":0.0087350060003865138,"n\u00b0":0.0088493712918828928,"joint":0.0088493712918828928,"d\u00e9cel":0.0088493712918828928,"pieg":0.0088204828203089676,"lesquel":0.008706900951076034,"^^^^^^^^":0.0088493712918828928,"+10":0,"04\u20ac":0,"007=>":0,"9=":0,"9=850":0,"10^7":0,"4em":0,"+7":0,"7e":0,"4an":0,"4e":0,"4min25":0,"10em":0,"10h":0,"10min15":0,"10^1":0,"10^2":0}