{"j":0.0067419207339701028,"ai":0.0038541337808669701,"a":0.020891616164003559,"question":0.0070416672860756022,"le":0.0007246885788738277,"avoir":0.0066299138793085664,"une":0.0080111248845258186,"la":0.003183924869251085,"et":0.0025273300853889172,"merc":0.0020182012648567089,"de":0.0017606345007277935,"quiz":0.0066635540834979311,"trouv":0.0053647085198521571,"mal":0.0077993306779397288,"dan":0.0056670511858624437,"fait":0.0065965385613647905,"m":0.0054653338622247813,"on":0.01105904268509462,"utilis":0.0059502785511691813,"aim":0.0076903621194153822,"je":0.0017822028807691355,"ce":0.003447774869521148,"qu":0.0054780816717703322,"cel":0.01373288505650924,"expliqu":0.0058655028556582212,"clair":0.008168140883611643,"cepend":0.0084160854486061976,"plus":0.0061850039010147451,"cet":0.0057278724698883576,"comprend":0.0050532556640957771,"formul":0.0059645741582411349,"notion":0.0083151605977908986,"relat":0.0086254437288914854,"mem":0.0088456825374783037,"beaucoup":0.0078885685735458743,"concept":0.0086523558413880274,"pos":0.0081202460974194764,"salut":0.0084933880801459308,"repons":0.008874034773484479,"perdr":0.0090187124183494852,"different":0.0089602474434401433,"tre":0.0088175186898131856,"resultat":0.008874034773484479,"montr":0.0087895407434870586}