{"j":0.0055158166988443129,"ai":0.0062371140923185653,"le":0.0011727577725180881,"et":0.0080363791202912125,"merc":0.0032660390806002002,"de":0.0014404407234786764,"bien":0.0079932409280574612,"pour":0.0035742719874935721,"d":0.0071172909566600828,"vous":0.0048632023072896057,"bonjour":0.0018218144933853258,"cour":0.010232432822111979,"vos":0.02431759459999534,"vid\u00e9os":0.01306428805181783,"je":0.0028841247696688587,"pas":0.0033951169259395513,"mais":0.008844506389614766,"\u00e0":0.0039472620022482051,"n":0.0065837661977345583,"avanc":0.0077606978760238841,"march":0.012585961767358881,"arriv":0.011090972264290904,"concept":0.014002038750698676,"aoa":0.013619684250257412,"concurrentiel":0.014224043988395108,"remerc":0.012729618600881822,"cern":0.014500297285365791}