{"j":0.0035410536795708642,"ai":0.0040041134454550402,"correct":0.0025965153031115027,"a":0.001522397490078293,"que":0.0041566303143960037,"le":0.0024441455105523278,"tout":0.0024420702009536081,"en":0.0034206199397490999,"au":0.0034815680595440194,"l":0.0081635620991997605,"du":0.005374826599890299,"une":0.0042076767688644942,"la":0.0018640164514677831,"et":0.0060338622676419235,"de":0.0052498754142964775,"pour":0.0015356819873801621,"d":0.001556276884091456,"\u2019":0.026156534788419301,"*":0.029720771166154583,"un":0.0038705262771831172,"b\u00e9n\u00e9fic":0.009017191423123844,"000":0.016297221949954262,"euros":0.0057470398117835091,"dan":0.00099990834020606024,"est":0.0086749348207732745,"euro":0.012167271656664369,"si":0.0019943472076761753,"financ":0.0028761689440005155,"(":0.0037323632284455657,"+":0.0052586685061566706,")":0.0036481620790916767,"ma":0.002554645102169001,"suiv":0.0025965153031115027,":":0.005027624630746969,"on":0.001315050133170478,"taux":0.0054587542557188642,"int\u00e9r\u00eat":0.0024677980670127666,"projet":0.0024743005610468605,"1":0.0081290427121293411,"\/":0.0053592339535463588,"3":0.0024808317637569481,"prix":0.0051728240566961212,"savoir":0.0025273758505544837,"cour":0.0043963533908380785,"valeur":0.0041671333494040751,"action":0.011474069000726676,"pas":0.0021796031194601714,"ce":0.0023972288501813194,"il":0.0058566443549653664,"qui":0.0018337821070186318,"\u00e9nonc":0.0027453155125689989,"\u00e0":0.0016959367327200705,"cel":0.0024230637509241072,"int\u00e9ress":0.0030197302366327347,"plus":0.0021586078561685045,"exercic":0.002267831988279242,"dollar":0.015396284698773703,"co\u00fbt":0.0055482824176837486,"cet":0.0019990659198458648,"bonsoir":0.0027297436318265487,"problem":0.002793039490312582,"m\u00eam":0.0021905367577243176,"march":0.0027143339611241076,"offre":0.0030970976711612625,"quel":0.0023197431044279021,"1+r":0,"donc":0.0071570521354356702,"soit":0.0055482824176837486,"ne":0.0046924668428175728,"01":0,"s":0.0021959258894071361,"25":0.014207499998099003,"ci":0.0028174915348084971,"flux":0.00258242648222999,"fair":0.0024677980670127666,"tous":0.0027143339611241076,"futur":0.0028423545572236787,"puisqu":0.002928385482884004,"doit":0.0080345596170131768,"faut":0.0025684705767339876,"=":0.0045981360557520454,"compt":0.0051869589409910318,"rien":0.0029825128017106667,"plac":0.011684231491502179,"003":0,"1+7":0,"simpl":0.0029195537252433646,"sa":0.0029552015950199007,"solut":0.011107351608287967,"propos":0.0055006190975201907,"chang":0.0091027006330678395,"1+3":0,"1+tap":0,"1+6":0,"mois":0.0028933704751538634,"1\u00b0":0,"1=1":0,"3\u00b0":0,"aujourd":0.0030103377288201536,"hui":0.0030103377288201536,"trait":0.0030579082267678955,"\u20ac":0.014594085907173565,"11":0.01674116545940469,"opportun":0.0060347918761793325,"20":0.015236243073123008,"d\u00e9pend":0.0031271864713699458,"1mais":0,"net":0.0059054305202763382,"1+teg":0,"re\u00e7oit":0.0031475911398503153,"sais":0.0028092958628158256,"convert":0.0062099196919911158,"peur":0.0031373536248683492,"d\u00e9duis":0.0031170887187775111,"dessous":0.0030482709613421006,"1+tri":0,"3h":0,"exclus":0.0031373536248683492,"d\u00e9cis":0.0061113446926010489,"lui":0.0031373536248683492,"1er":0,"devr":0.0029195537252433646,"1+2":0,"200":0.030131385480940558,"quant":0.0030872025505821413,"investisseur":0.018287002646403192,"40":0.019329534555167817,"1+ta":0,"1min45":0,"prochain":0.0029825128017106667,"3iem":0,"3em":0,"influenc":0.0031070594260509225,"1+n":0,"1+0":0,"franc":0.0092490126279515285,"\u00e9chang":0.0031475911398503153,"gaz":0.0031578999969755221,"gdf":0.0094003534998226349,"accept":0.006230036614647461,"anticip":0.0062502917990253995,"d\u00e9pr\u00e9ci":0.0031578999969755221,"unit":0.0031271864713699458,"\u00d7":0.006270687158804732,"$":0.0031475911398503153,"21":0.0069522680836341917,"750":0.020917312029124446,"offert":0.0031271864713699458,"modif":0.0031373536248683492,"1+5":0,"1=5":0,"1+taeg":0,"1=9":0,"1+r2":0,"1+2r+r":0,"3+":0,"3+1":0,"1+1":0,"1x":0,"1+taux":0,"1x4x":0,"1x08":0,"1=r":0,"1+rn":0,"20em":0,"3m":0,"1+4":0,"1+i":0,"1+":0,"3=":0,"1\u20ac":0,"25\u20ac":0,"1+x":0,"0025^t":0,"1+9":0,"1=":0,"1\u2212":0,"1+f3":0,"1+a2":0,"1+12":0,"1+41":0,"3^2x24":0,"1x4":0,"3x0":0,"1+11":0,"1usd":0,"1^3":0,"25=":0,"1=16":0,"1+15":0,"1+tmeg":0,"1\u00b2=4":0,"025":0,"1m":0,"1eur":0,"3e":0,"3+2":0,"1+g":0,"40=":0,"1+rd":0,"1an":0}