{"a":0.011767523117883665,"me":0.027665691219403262,"et":0.013246051659942699,"vous":0.0081069260167355474,"\"":0.044746788648258838,"invest":0.019431652676516545,"il":0.0091948298824374754,"\u00e0":0.0065800595983703126,"y":0.016973628002650478,"quel":0.017930685505467239,"diff\u00e9rent":0.019125352769212768,"tous":0.020980714856237728,"entre":0.020516305330140421,"plac":0.022842525236700793,"remerci":0.022703923384522279,"salut":0.022912461312828456}