{"que":0.0064351838877329866,"le":0.0025404693907016859,"en":0.0070338258512530312,"l":0.0017513794393620667,"du":0.0066824374825503949,"la":0.003065920900542001,"et":0.0018286818495113677,"de":0.0012777803119531307,"pour":0.001598110781687759,"\"":0.0084001619148316407,"dan":0.0061205830047537726,"an":0.010451524554295315,"est":0.0054948641037612421,"non":0.0051980427232287711,"fait":0.0047730094325661929,"(":0.0051572955249576113,")":0.0050409482714401793,"bonjour":0.00081456066978152634,"utilis":0.0043053997770083272,"4":0.0060711457188966358,"pourcentag":0.02468464742527729,"temp":0.0055334800913642949,"pas":0.0015180078582210457,"ce":0.0073655516017072792,"c":0.0047016823936917949,"qui":0.0038018076696142442,"mais":0.0039545118752591993,"\u00e0":0.0068936016823957069,"derni":0.0054875900915205373,"ann\u00e9":0.0049846053560337602,"n":0.0029437009219013557,"plus":0.0088788696898761642,"don":0.0047134556305522702,"%":0.0036815207060502662,"donc":0.0049846053560337602,"effet":0.0058927859062735356,"bas":0.005858325718607422,"va":0.0052257978849258573,"formul":0.0043157435454505115,"total":0.0059806694103825492,"fix":0.0063800278717084666,"puisqu":0.0060711457188966358,"part":0.005010486728495276,"67":0.012737274149802427,"t=0":0.0059806694103825492,"\u00e9pargn":0.006299842273272566,"chaqu":0.0056273728660562157,"compt":0.0053978200407956214,"constitu":0.0064623663588816854,"sa":0.0061267410376628535,"30":0.011659563383928918,"solut":0.011555304876228904,"propos":0.01135687068389362,"n\u00e9cessair":0.0062801192185738828,"04":0,"salair":0.025323698732109153,"prend":0.0061643724844636814,"consacr":0.012821330408262964,"30\u20ac":0,"gros":0.0064833010779548252,"augment":0.012459752207324854,"vit":0.0065469765368663599,"diminu":0.0064623663588816854,"67=13":0,"04\u20ac":0,"4em":0,"4an":0,"4e":0,"4min25":0,"67\u20ac":0}