{"j":0.0055158166988443129,"ai":0.0062371140923185653,"question":0.0057610505280102217,"me":0.0085422829221673529,"l":0.0039170666647858846,"du":0.0099464241966710845,"la":0.0050859657638176953,"vrai":0.013140929777460153,"et":0.0040899582079307138,"merc":0.0032660390806002002,"de":0.0014404407234786764,"pour":0.0035742719874935721,"quiz":0.010783576658764249,"mal":0.012621594902470626,"un":0.0060290284770801953,"5":0.010921596669056228,"r\u00e9solu":0.012480159725026503,"quelqu":0.012621594902470626,"pourr":0.010058138357477998,"calcul":0.0055412217763423271,"\u00e0":0.0077559946396703484,"bonsoir":0.012657414112238433,"auss":0.013218437529627631,"comprendr":0.011909615007717214,"formul":0.0096524229962449727,"rappel":0.014360780006182003,"infin":0.014224043988395108,"05":0,"5iem":0,"5em":0,"0005+1":0,"5e":0,"5=>":0,"5^2x18":0,"5x0":0,"5^2":0,"5+5":0,"5xtaux":0,"5an":0,"5min08":0}