{"que":0.0028220113125736902,"le":0.0029485048635361916,"en":0.0015503837686046628,"l":0.0077361676010936639,"avoir":0.0031219206844358993,"une":0.0037942587779302797,"et":0.0023676970482063207,"de":0.0032350834036351237,"bien":0.0023258407668255779,"pour":0.0040956612610932256,"d":0.0061627712855237132,"vous":0.0082741847316925247,"000":0.0037359479319232988,"euros":0.0077435084255056867,"dan":0.0013490883547077517,"an":0.020045722798483174,"est":0.0024096543210565553,"5":0.0031779218217422912,"si":0.0026907972310395807,"bonjour":0.00053010417882387356,":":0.0022787529042816875,"on":0.0017742814507893405,"taux":0.0024741608667254978,"int\u00e9r\u00eat":0.0066243002635877537,"ser":0.0070079976242053022,"1":0.002227703840246864,"3":0.0066592865624799137,"vos":0.0071645073100782908,"par":0.0086937761558216805,"je":0.00083921090659999176,"pas":0.00098789732795015006,"ce":0.0016235021866617214,"obtenu":0.0041257665454089943,"qui":0.0073452958076790729,"pens":0.0036725804002079804,"\u00e0":0.0022850895085181201,"fin":0.0037040126970459401,"ann\u00e9":0.022017925752075913,"sont":0.0031779218217422912,"dev":0.0081824612810189497,"exercic":0.0030597861851924864,"votr":0.0172813055572217,"quel":0.0031298252872381861,"1+r":0,"%":0.0047666715295253863,"consider":0.0037793389799285764,"soit":0.011155352503758728,"ne":0.0016012840396172913,"01":0,"deux":0.0069319968499852221,"ci":0.0038013934540384944,"assist":0.0042056135767674831,"revenus":0.0041920819344365397,"\u00e2ge":0.0042192375859725333,"obten":0.0035811487075267743,"r\u00e9soudr":0.0038576199777827966,"cordial":0.0032948704766342781,"pai":0.0038125127563280212,"annuel":0.0038013934540384944,"suit":0.011765366792315237,"003":0,"1+7":0,"retrait":0.0041652907993108002,"30":0.0075878734419380861,"frais":0.0078369461303205469,"1+3":0,"1+tap":0,"1+6":0,"ensuit":0.0038125127563280212,"svp":0.0036622120153389864,"1\u00b0":0,"1=1":0,"3\u00b0":0,"entreprendr":0.004232955231714337,"programm":0.0083671885059943447,"20":0.0069057727462168142,"1mais":0,"1+teg":0,"pert":0.0041786414149672007,"salair":0.01661549710649006,"index":0.0083942938620013199,"commenc":0.0040998452771956037,"des":0.0040240421314272218,"dessous":0.0041127638310257059,"1+tri":0,"3h":0,"1er":0,"1+2":0,"activ":0.0041920819344365397,"1+ta":0,"1min45":0,"fort":0.0042192375859725333,"jusqu":0.0039994009592043463,"prochain":0.0080059469219219588,"77":0.010589875955494476,"30\u20ac":0,"05":0,"3iem":0,"3em":0,"mesdam":0.004232955231714337,"inscrir":0.0041257665454089943,"1+n":0,"1+0":0,"augment":0.0040870098014565799,"1+5":0,"1=5":0,"1+taeg":0,"1=9":0,"messieur":0.004232955231714337,"parvien":0.0040116835185739427,"ven":0.0041520288927190049,"\u00e9col":0.0042606766439945536,"inscript":0.0083671885059943447,"alleg":0.0042606766439945536,"14000":0.01416606587885862,"entrepren":0.0042467678100157344,"\u00e9tud":0.0082869651868741293,"suppl":0.0084490660301943799,"minimal":0.0042606766439945536,"dipl\u00f4m":0.004232955231714337,"justifi":0.0042467678100157344,"besoin":0.0041127638310257059,"1+r2":0,"1+2r+r":0,"3+":0,"3+1":0,"1+1":0,"1x":0,"1+taux":0,"1x4x":0,"77\u20ac":0,"1x08":0,"1=r":0,"1+rn":0,"20em":0,"5iem":0,"3m":0,"1+4":0,"5em":0,"0005+1":0,"1+i":0,"1+":0,"3=":0,"1\u20ac":0,"1+x":0,"5e":0,"1+9":0,"1=":0,"1\u2212":0,"1+f3":0,"1+a2":0,"1+12":0,"1+41":0,"5=>":0,"5^2x18":0,"3^2x24":0,"5x0":0,"1x4":0,"3x0":0,"5^2":0,"1+11":0,"1usd":0,"1^3":0,"1=16":0,"1+15":0,"1+tmeg":0,"1\u00b2=4":0,"5+5":0,"1m":0,"1eur":0,"3e":0,"3+2":0,"5xtaux":0,"1+g":0,"1+rd":0,"5an":0,"5min08":0,"1an":0}