{"me":0.022387111945601744,"au":0.010871220556652576,"et":0.010718721574553787,"vous":0.0065243829885424541,"est":0.0055842466562629599,"non":0.015596877850708473,"\u00e9gal":0.016790224489312024,"(":0.015236504234227151,")":0.014892772638416841,"on":0.0081805508299730417,"1":0,"\u00e0":0.015169445727795593,"pourquoi":0.012004849453340412,"1+r":0.011097211616140834,"dit":0.016649727170014016,"tous":0.016885095387933237,"remerci":0.01827191850491269,"salut":0.018439748001456507,"carr":0.038001525064171759,"1+r2":0.011486651772459285,"1+2r+r":0.011486651772459285}