{"j":0.014455527525084227,"question":0.015098221900394478,"le":0.0058793751342009213,"avoir":0.028118290264661904,"et":0.010718721574553787,"pour":0.009367241501730187,"5":0.028622677272884967,"4":0.03558569830874931,"aim":0.032615783289274621,"04":0,"05":0,"demarch":0.03837475538599458,"5iem":0,"5em":0,"0005+1":0,"04\u20ac":0,"5e":0,"5=>":0,"4em":0,"5^2x18":0,"5x0":0,"5^2":0,"4an":0,"4e":0,"4min25":0,"5+5":0,"5xtaux":0,"5an":0,"5min08":0}