{"question":0.0019926228802192533,"que":0.0016860673419968031,"le":0.0015927822392530764,"me":0.0029545910623866426,"en":0.0018429161099339643,"au":0.0028027517027816948,"du":0.0017508496728028625,"une":0.0022669561188677525,"la":0.0017991658139191347,"lieu":0.0046682606871016876,"merc":0.0011296523382415065,"de":0.001956336129094639,"pour":0.0012362634397630125,"d":0.0024901220529282096,"\u00e9vit":0.0050316454203957837,"vous":0.0033432572645990268,"2em":0,"*":0.011366587398547697,"dan":0.0016036395071736592,"5":0.0037775442700038768,"comm":0.0037583335945293736,"(":0.0098105807085047837,"+":0.0042333632024201791,")":0.0095892565444498212,"bonjour":0.00063012626349737274,":":0.0027087167209181398,"ser":0.0041870689441664668,"1":0.010397967672716104,"\/":0.0028873767807773808,"3":0.0079080226036824762,"2":0.003787208256719782,"par":0.0026241910474932538,"je":0.00099755643133270146,"connaiss":0.0049354495901293852,"calcul":0.001916588865559296,"qui":0.0029409950053594018,"mais":0.0030591236286689437,"\u00e0":0.0027135849036160897,"ann\u00e9":0.0038559813461764305,"cel":0.0038860769563953505,"tres":0.004328753154466067,"sont":0.0037775442700038768,"avanc":0.0026842576851300818,"don":0.0072471558310149157,"se":0.0040642294621071259,"1+r":0,"%":0.013894453232731583,"comprendr":0.0041192784620787499,"01":0.0086942199164158785,"effet":0.0045585298952698534,"tous":0.0043532121902541245,"formul":0.0066356551227176788,"facteur":0.0048581624479602991,"entre":0.0042568535473704247,"=":0.0037016176158190099,"2e":0,"chaqu":0.0043532121902541245,"003":0,"02":0,"1+7":0,"chemin":0.0050316454203957837,"raccourc":0.0050480642088189106,"30":0.01792711746711146,"solut":0.0089550510873561036,"1+3":0,"1+tap":0,"\u00e9lev":0.0047833137970314079,"capitalis":0.0047250898821733335,"1+6":0,"15":0.015021468289116576,"1\u00b0":0,"2\u00b0":0,"1=1":0,"3\u00b0":0,"util":0.0049512138039978348,"math\u00e9mat":0.0049670834648966079,"puissanc":0.0049991448373826099,"1mais":0,"1+teg":0,"sais":0.0045055108071431465,"1+tri":0,"3h":0,"1er":0,"1+2":0,"coupon":0.0048734197703711266,"replac":0.0050153394767708127,"1+ta":0,"1min45":0,"30\u20ac":0,"05":0,"3iem":0,"3em":0,"1+n":0,"1+0":0,"1+5":0,"1=5":0,"1+taeg":0,"1=9":0,"1+r2":0,"1+2r+r":0,"per\u00e7us":0.0050480642088189106,"lpour":0.0050645974148089551,"\u00e9crir":0.0049354495901293852,"3+":0.0041642562159172579,"3+1":0.0041642562159172579,"^4+":0.0050645974148089551,"^3+":0.0050645974148089551,"abreg":0.0050645974148089551,"=3":0.0050480642088189106,"1+1":0.0029682654832875956,"^5":0.0050316454203957837,"pur":0.0050645974148089551,"1x":0,"1+taux":0,"1x4x":0,"1x08":0,"2x3":0,"1=r":0,"2min54":0,"1+rn":0,"5iem":0,"2i\u00e8meann":0,"3m":0,"1+4":0,"5em":0,"0005+1":0,"1+i":0,"1+":0,"3=":0,"1\u20ac":0,"1+x":0,"5e":0,"1+9":0,"1=":0,"1\u2212":0,"1+f3":0,"1+a2":0,"1+12":0,"1+41":0,"5=>":0,"2\u20ac":0,"2^2x4":0,"5^2x18":0,"3^2x24":0,"2x0":0,"5x0":0,"1x4":0,"+2x0":0,"3x0":0,"15x4":0,"5^2":0,"1+11":0,"02+":0,"1usd":0,"1^3":0,"15an":0,"2=":0,"1=16":0,"1+15":0,"1+tmeg":0,"15\u20ac":0,"1\u00b2=4":0,"5+5":0,"2x":0,"2m":0,"1m":0,"1eur":0,"3e":0,"3+2":0,"5xtaux":0,"1+g":0,"15h":0,"1+rd":0,"5an":0,"5min08":0,"1an":0}