{"a":0.013391839583761079,"me":0.031364773847605686,"et":0.0077590387681132642,"de":0.0027326527187902026,"vous":0.0092259561885667963,"on":0.011567899016384347,"comment":0.014589994727327703,"t":0.02159444908987657,"tous":0.023876763605449349,"effectu":0.025451666540555331,"remerci":0.025837833233184743,"salut":0.02607515645363051,"resolu":0.02741961436633281,"graphiqu":0.026316888406191546}