{"le":0.0012647615000327555,"au":0.008738995458139066,"l":0.0042243634847506303,"une":0.013869967716177527,"de":0.0015534443794164318,"d":0.0076652961583682658,"un":0.012758602301962014,"dan":0.0050001569371179288,"pourr":0.010847206861163364,"taux":0.0091700388474431193,"oblig":0.013689229782698887,"savoir":0.012638434328140566,"je":0.0031103865226454943,"qui":0.0091700388474431193,"\u00e0":0.0042569276691011978,"actuariel":0.015739892388426439,"d\u00e9j\u00e0":0.01442549849779419,"chang":0.015291422641791869,"d\u00e9but":0.015147777637773025,"\u00e9conom":0.014599565005684132,"peuvent":0.0152432303849259,"variat":0.015339930915714331,"\u00e9miss":0.015487393976729338,"conduir":0.015791443017014795,"connu":0.015688698514450573}