{"j":0.0041555542791808552,"ai":0.0046989716249099013,"que":0.0036725745643007022,"le":0.00088354251892584605,"me":0.006435659901211672,"la":0.0013226040496710793,"de":0.0010852118442609498,"d":0.0027289294490689051,"dan":0.0034930311012244617,"est":0.0031359318542910682,"non":0.0087587008759128001,"si":0.013748103023679455,"bonjour":0.0013725345542115845,":":0.0059000989363560226,"savoir":0.0088290117158650056,"cour":0.0077089998312067304,"je":0.0063477621686996643,"ou":0.0070165663571377336,"achet":0.010581999538932805,"pas":0.0025578429161475795,"ce":0.0082949674036831567,"oui":0.010548978551066311,"moi":0.018246570946797051,"possibl":0.009298009121103153,"se":0.008852662864781622,"veux":0.010682347682577781,"final":0.0099586222021913768,"pai":0.0098712775817812459,"mon":0.017283808329713497,"argent":0.010581999538932805,"peux":0.010581999538932805,"voul":0.010682347682577781,"certificat":0.010418964976358263,"prochain":0.010418964976358263,"apre":0.010959878367397207,"evalu":0.01092436092849523}