{"j":0.0030034296917349924,"question":0.0031369625127384677,"que":0.0078103986082267221,"le":0.00063858095863334569,"me":0.0046513775863896486,"en":0.002901280923939072,"sur":0.0040572698162861373,"l":0.0021328907336583968,"du":0.0027563418264165743,"la":0.00095591297966972854,"et":0.0044108184992258893,"merc":0.001778398247189173,"bien":0.0043524175017543966,"afin":0.0071976009940913997,"vous":0.010291486329608659,"2em":0,"m":0.0048159419628419796,"bonjour":0.00099200028590744728,"1":0.0041687708467890387,"2":0.0059621569375718185,"par":0.0081822423379752981,"je":0.0061033715573464023,"pas":0.0018486827135527147,"il":0.005948536658987231,"\u00e0":0.0042569276691011978,"n":0.003584941262797989,"expliqu":0.0051685628083908064,"quizz":0.0067201424388201609,"suis":0.00616579266004083,"avanc":0.004225794964201497,"1+r":0,"01":0,"s":0.0055443220778882765,"r\u00e9soudr":0.0072188831436362831,"examen":0.0075071869952524168,"final":0.0071976009940913997,"erreur":0.0067576805149885772,"2e":0,"mon":0.0063303570364931601,"02":0,"arriv":0.0060391701224879303,"1+7":0,"1+3":0,"1+tap":0,"1+6":0,"1\u00b0":0,"2\u00b0":0,"1=1":0,"avais":0.0074386528313208069,"travail":0.0078700942894391265,"proc\u00e9dur":0.0078955893177118722,"avant":0.0071136647170362884,"1mais":0,"1+teg":0,"rest":0.0073491873050847345,"plait":0.0072618147328569159,"1+tri":0,"mail":0.0078196204518685853,"1er":0,"1+2":0,"1+ta":0,"1min45":0,"envoi":0.007794637033368519,"1+n":0,"1+0":0,"1+5":0,"1=5":0,"1+taeg":0,"1=9":0,"1+r2":0,"1+2r+r":0,"1+1":0,"r\u00e9vis":0.0079212595709214177,"retravaill":0.0079471074743552392,"cert":0.0079731355040045058,"imprim":0.0079471074743552392,"puiss":0.0078447721101443414,"identifi":0.0078196204518685853,"1x":0,"1+taux":0,"1x4x":0,"1x08":0,"2x3":0,"1=r":0,"2min54":0,"1+rn":0,"2i\u00e8meann":0,"1+4":0,"1+i":0,"1+":0,"1\u20ac":0,"1+x":0,"1+9":0,"1=":0,"1\u2212":0,"1+f3":0,"1+a2":0,"1+12":0,"1+41":0,"2\u20ac":0,"2^2x4":0,"2x0":0,"1x4":0,"+2x0":0,"1+11":0,"02+":0,"1usd":0,"1^3":0,"2=":0,"1=16":0,"1+15":0,"1+tmeg":0,"1\u00b2=4":0,"2x":0,"2m":0,"1m":0,"1eur":0,"1+g":0,"1+rd":0,"1an":0}