{"j":0.0022807684405616044,"ai":0.0025790220666547462,"que":0.0078870151214895639,"tout":0.0046822289027661172,"au":0.0066517125366250471,"sur":0.0030810419758762579,"l":0.0063375609400552896,"du":0.0020931328828474372,"avoir":0.0044364558074346579,"la":0.0007259088374712301,"et":0.0016911815807473703,"merc":0.0013504942726313808,"de":0.0023305400818554732,"bien":0.0065613798284719247,"pour":0.0043687924630237251,"d":0.0014977679861234812,"\u2019":0.0051895875139911993,"vous":0.0020109149647515477,"dan":0.0019171437941470752,"est":0.0050876977097095754,"m":0.010810540716911142,"\u00e9clair":0.0053551491775306048,"bonjour":0.00075331310446584865,"comment":0.0094002607450763675,"savoir":0.0048457870912139702,"par":0.0062279382336244294,"je":0.00690041033286841,"ou":0.0038510297383531214,"pas":0.0027869361018468776,"ce":0.0090272815624608278,"il":0.0067419207339701028,"o\u00f9":0.0045508390317524454,"mais":0.0036571684932904603,"\u00e0":0.0032401732304019556,"cel":0.0046457874648286003,"not":0.005614650693107028,"y":0.004210291605744796,"car":0.0045860732683228643,"quel":0.0044476887709056718,"toujour":0.0052042455288845201,"ne":0.0045173482841385157,"obten":0.0050890492061508013,"examen":0.011317274893633477,"faut":0.0097761982129435047,"pouvoir":0.005631685696681963,"pai":0.016015040720994717,"pren":0.0058079112833036815,"moment":0.0056834133231440133,"pass":0.010479182017635086,"31":0.013898885631620528,"aid":0.0046944808422025291,"proced":0.011387221358845658,"avant":0.010724030073415556,"point":0.005530977381374905,"sais":0.010692835433845065,"peux":0.011529776265227573,"attest":0.011941499808734764,"jusqu":0.0056834133231440133,"d\u00e9cembr":0.0059764550936525374,"messag":0.005919153759537471,"besoin":0.0058445094629487994,"post":0.005919153759537471,"identif":0.0060153093939807221,"webcam":0.011980466179063579,"v\u00e9rif":0.0060153093939807221,"ordre":0.0059958157119602406}