{"j":0.0052304577376221569,"ai":0.0059144390478811735,"certain":0.0065330288870410176,"question":0.0027550508375649378,"que":0.0023311993899458074,"le":0.0016540694631859982,"r\u00e9pons":0.0043093894973483616,"en":0.0025480624671321717,"l":0.0018732204730971768,"une":0.0031343509180835794,"et":0.0019559007044947603,"de":0.0026863007479776854,"pour":0.0066657165109104939,"d":0.0017322122547798865,"quiz":0.005156924377112744,"vous":0.004611606136787399,"dan":0.0022172325788534951,"5":0.0052229283364786357,"m":0.0042296217709051429,"bonjour":0.00087122852359754178,"ser":0.0057891475181187689,"san":0.0053451891750158484,"par":0.0036282729738259297,"je":0.0013792467751645233,"ou":0.0044538279413772258,"pas":0.0016236135553685707,"ce":0.0078693928590365149,"il":0.0026377750623989547,"moi":0.011638372447896977,"mais":0.0042296217709051429,"qu":0.004239487300467369,"aur":0.0057263650063308635,"eu":0.012760198095125474,"fair":0.0054721838514566112,"certif":0.005918436611540216,"titr":0.0065330288870410176,"difficult":0.0066752307359656407,"erreur":0.0059349620173059824,"cordial":0.0054151339594645216,"mon":0.011024285014745748,"suit":0.0065132083668777534,"indiqu":0.005968264700371235,"grand":0.0064351026267720664,"fallu":0.0069568803346601489,"util":0.0068456735456969061,"analys":0.0068456735456969061,"travail":0.013705729714696099,"fichi":0.0067170183852384661,"mail":0.0068676153405970155,"envoi":0.0068456735456969061,"05":0,"dessus":0.0068676153405970155,"retravaill":0.0069795813671766271,"identifi":0.0068676153405970155,"ayant":0.0067807152624976231,"justess":0.0070024405963176137,"\u00e9voqu":0.0069343353242182727,"restent":0.0070024405963176137,"5iem":0,"5em":0,"0005+1":0,"5e":0,"5=>":0,"5^2x18":0,"5x0":0,"5^2":0,"5+5":0,"5xtaux":0,"5an":0,"5min08":0}