{"a":0.035389468341059077,"le":0.0058793751342009213,"cour":0.051298155941898599,"commenc":0.07063716223339303,"dej":0.072226328477698346}