{"le":0.0034895942635875259,"en":0.0041273123374835118,"l":0.0030342136698643346,"et":0.0062494663601587765,"2em":0,"\"":0.014469413251449011,"dan":0.0070844702813133683,"si":0.0071632332808355299,"on":0.013788700125123952,"comment":0.0059573248300881336,"t":0.0088173539579310296,"d\u00e9termin":0.0096402631922522988,"1":0.01169834547657584,"\/":0.024839717113830852,"3":0.034228436036225579,"2":0.016730920025263774,"actif":0.017576990006556405,"san":0.0086580550959003896,"risqu":0.0085691265445702984,"fond":0.0099741965355038559,"indic":0.010179144798312081,"par":0.0058770206781798544,"invest":0.0090294451397521704,"il":0.0042726274174897704,"peut":0.0083319799805515009,"\u00eatre":0.0090535420377926314,"qu":0.0068670562301862154,"1+r":0,"01":0,"s":0.0078872572201598556,"flux":0.0092754778363670562,"2e":0,"003":0,"02":0,"1+7":0,"1+3":0,"1+tap":0,"1+6":0,"1\u00b0":0,"2\u00b0":0,"1=1":0,"3\u00b0":0,"regard":0.010745600370863112,"peuvent":0.010948683316147879,"1mais":0,"1+teg":0,"1+tri":0,"3h":0,"1er":0,"g\u00e9ner":0.010983298141574761,"1+2":0,"1+ta":0,"1min45":0,"3iem":0,"3em":0.0092754778363670562,"apercevoir":0.011232129551402096,"r\u00e9pliqu":0.011124057549593348,"1+n":0,"1+0":0,"1+5":0,"1=5":0,"1+taeg":0,"1=9":0,"1+r2":0,"1+2r+r":0,"3+":0,"3+1":0,"1+1":0,"proport":0.011159837866022947,"1x":0,"1+taux":0,"1x4x":0,"1x08":0,"2x3":0,"1=r":0,"2min54":0,"1+rn":0,"2i\u00e8meann":0,"3m":0,"1+4":0,"1+i":0,"1+":0,"3=":0,"1\u20ac":0,"1+x":0,"1+9":0,"1=":0,"1\u2212":0,"1+f3":0,"1+a2":0,"1+12":0,"1+41":0,"2\u20ac":0,"2^2x4":0,"3^2x24":0,"2x0":0,"1x4":0,"+2x0":0,"3x0":0,"1+11":0,"02+":0,"1usd":0,"1^3":0,"2=":0,"1=16":0,"1+15":0,"1+tmeg":0,"1\u00b2=4":0,"2x":0,"2m":0,"1m":0,"1eur":0,"3e":0,"3+2":0,"1+g":0,"1+rd":0,"1an":0}