{"j":0.00276606286294118,"ai":0.0020915105008105709,"a":0.0011871883183012643,"question":0.0038404651896170503,"que":0.0024445769279416124,"le":0.0019200482689945891,"en":0.00089608780222770175,"au":0.0027172998043439836,"quand":0.0021047853885821856,"sur":0.0024986337764615978,"l":0.003254249420212347,"du":0.0058527240124022209,"apres":0.0020083604251620564,"avoir":0.001804401659444046,"une":0.0032867896120193515,"autr":0.0076481734738871252,"la":0.0011702882988932843,"et":0.0013714981661628644,"lieu":0.0045259320827807778,"merc":0.00054927496460622279,"de":0.0032636604283516561,"bien":0.001344284933369791,"pour":0.0017924201521650291,"d":0.0030092831072265009,"vous":0.00081788221429319411,"2em":0,"exempl":0.0018367690881203023,"*":0.014612046263306826,"un":0.0040191062169755909,"dan":0.0046084894713358006,"est":0.0007000288040117091,"non":0.0019551900946035202,"comm":0.0018274282115212726,"\u00e9gal":0.0062761254100503691,"(":0.0019495643646145534,"+":0.004104294001582973,")":0.0037882060067766514,"bonjour":0.00030638858466734388,"ma":0.0039721904589751682,":":0.011573299917186537,"on":0.0010254957501277962,"utilis":0.0016194316679425274,"4":0.0022835987706365086,"t":0.0019143507162929149,"1":0.0051036693156423681,"\/":0.022772234484943442,"3":0.0019345896907984952,"2":0.0072992444381458745,"actif":0.0095567519691827293,"oblig":0.0063654764683989534,"risqu":0.0037096054379160935,"fond":0.0064572105004051293,"indic":0.0044065880811481623,"prix":0.0060376263829491081,"cour":0.0017208670923705681,"connaiss":0.0047849747775722809,"calcul":0.00093190997411957794,"valeur":0.001631143362008574,"ou":0.0015662963302390763,"pas":0.0011384949188002751,"ce":0.0018709930049216354,"il":0.00092763740643157116,"o\u00f9":0.0018509237682466854,"peut":0.0018089703464336934,"qui":0.0028513282659709781,"pr\u00e9cis":0.0022767116340185311,"n":0.0022077544091108152,"sont":0.0018367690881203023,"illustr":0.0023475063569718918,"quizz":0.0041385403585603876,"x":0.002269865370855554,"y":0.001712415831443203,"avec":0.0015369971818323918,"encor":0.002229619709468536,"votr":0.0034060422724390273,"m\u00eam":0.0017082133060046594,"doivent":0.0024074466938936558,"aux":0.0042931319858845376,"march":0.0063115878100849804,"don":0.0017729176636094755,"loi":0.0024074466938936558,"quel":0.0036069438447080123,"petit":0.0023846025423159894,"1+r":0,"%":0.0027611139129464883,"dit":0.0020871729555273651,"soit":0.0021717673223603314,"t1":0.0023921671068453045,"diff\u00e9rent":0.0019294965613021542,"01":0,"s":0.001712415831443203,"ponder":0.0023622019946496027,"100":0.0036519528424583756,"ci":0.0021971220123762343,"flux":0.019604461663736392,"_":0.0048467280476629038,"total":0.0044854588188523586,"sp\u00e9cif":0.0024074466938936558,"forum":0.0024074466938936558,"\u00e9quat":0.0022905272716863189,"solveur":0.002269865370855554,"erreur":0.0020871729555273651,"relat":0.0046807420704190403,"=":0.0035887605788405739,"2e":0,"princip":0.0022905272716863189,"003":0,"02":0,"1+7":0,"cec":0.0023696206180114044,"souc":0.0023696206180114044,"propos":0.002153110442011831,"1+3":0,"1+tap":0,"pris":0.0022362305697213878,"impliqu":0.0023921671068453045,"1+6":0,"aid":0.0019093459711022459,"1\u00b0":0,"2\u00b0":0,"1=1":0,"3\u00b0":0,"aoa":0.0045671302794059575,"concurrentiel":0.0023921671068453045,"import":0.0023186650558315236,"avait":0.0023921671068453045,"uniqu":0.004637477387629191,"induit":0.0024465552512388093,"arrond":0.0023770872586870834,"1mais":0,"avez":0.0021286948860478505,"1+teg":0,"04":0,"pr\u00e9c\u00e9dent":0.0023329955749883616,"sen":0.0023846025423159894,"ceux":0.0023921671068453045,"solv":0.0048624289356143085,"1+tri":0,"3h":0,"c\u00f4t":0.0024151630568253306,"edx":0.002438626752970555,"1er":0,"discuss":0.0024307523745661225,"limit":0.0024074466938936558,"1+2":0,"=>":0.0023997816028550121,"1+ta":0,"[":0.013216712212684847,"]":0.013216712212684847,"1min45":0,"ident":0.0024229313821883583,"gen":0.0024545386184436509,"100k":0,"3iem":0,"3em":0,"463":0.0065884572438435207,"http":0.0067278979236136561,"com":0.0044988709335510319,"1+n":0,"1+0":0,"lesquel":0.0024229313821883583,"1+5":0,"1=5":0,"1+taeg":0,"1=9":0,"1+r2":0,"1+2r+r":0,"\u00e9crir":0.0023997816028550121,"3+":0,"3+1":0,"1+1":0,"post":0.0048002583630635904,"proport":0.0024229313821883583,"n\u00b01":0.002462577619318155,"n\u00e9anmoin":0.0024545386184436509,"th\u00e9oriqu":0.0024074466938936558,"typ":0.0046232347962800752,"ss":0.0049101850694382885,"devient":0.0024465552512388093,"fr":0.0048624289356143085,"numberempir":0.0049101850694382885,"equationsolv":0.0049101850694382885,"php":0.0049101850694382885,"obtenus":0.002438626752970555,"33":0.0054214825683696864,"462":0.0073880662564010683,"87":0.0073880662564010683,"pet":0.0023997816028550121,"s\u00e9bastien":0.002438626752970555,"cours":0.0097612098426061028,"org":0.002462577619318155,"v1":0.002462577619318155,"louvainx+louv9x+1t2017":0.002462577619318155,"i4x":0.002462577619318155,"louvainx":0.002462577619318155,"louv9x":0.0024545386184436509,"spring":0.002462577619318155,"2015":0.0069203249688162315,"thread":0.002462577619318155,"58999934dad66c082f0002d7":0.0081876752689586177,"1x":0,"1+taux":0,"1x4x":0,"1x08":0,"2x3":0,"1=r":0,"2min54":0,"1+rn":0,"2i\u00e8meann":0,"3m":0,"1+4":0,"1+i":0,"1+":0,"3=":0,"1\u20ac":0,"04\u20ac":0,"1+x":0,"1+9":0,"1=":0,"1\u2212":0,"1+f3":0,"1+a2":0,"1+12":0,"1+41":0,"2\u20ac":0,"4em":0,"2^2x4":0,"3^2x24":0,"2x0":0,"1x4":0,"+2x0":0,"3x0":0,"1+11":0,"02+":0,"1usd":0,"1^3":0,"4an":0,"4e":0,"2=":0,"1=16":0,"1+15":0,"1+tmeg":0,"4min25":0,"100+2":0,"1\u00b2=4":0,"+100":0,"2x":0,"2m":0,"1m":0,"1eur":0,"3e":0,"3+2":0,"1+g":0,"1+rd":0,"1an":0}