{"le":0.0028058806389172609,"sur":0.017827363422712302,"de":0.003446325261898405,"d":0.0086663065354483839,"expliqu":0.022710308096453,"plus":0.023947366087173422,"financi":0.032291821565186556,"march":0.030112532419511614,"don":0.025222086551091691,"fonction":0.032003051121213343,"pouv":0.025476531391691749}