{"que":0.0057047156695639919,"l":0.0045839880670498784,"de":0.0016856907611706117,"trouv":0.010159809130499201,"est":0.0095433880749973606,"bonjour":0.0021319973880284592,"on":0.0071358868121034705,"par":0.0088788053808308062,"je":0.0033751770545288147,"pas":0.0039731709482143029,"ce":0.0065294758269983299,"qui":0.0099506940638050892,"\u00e0":0.0046193244752484328,"n":0.007704720973471425,"sont":0.012781112268055332,"don":0.012336803709932054,"lorsqu":0.01485460855760138,"comprendr":0.013937351020682224,"notion":0.01574744354709719,"lecon":0.016645835643841377,"beaucoup":0.01493955370054087,"d\u00e9but":0.016437324151800711,"ais":0.016859908092875964}