{"que":0.0059583403172370217,"une":0.0080111248845258186,"et":0.0097854261285115676,"merc":0.003992042846541418,"pour":0.0043687924630237251,"d":0.0086663065354483839,"un":0.027694228114269647,"est":0.0050876977097095754,"non":0.014210009801532099,"quelqu":0.015427233538519712,"bonjour":0.0022267833717127023,"ce":0.0068197682976550815,"aur":0.014636084599022475,"essai":0.016748813896350585,"pai":0.016015040720994717,"ensuit":0.016015040720994717,"mois":0.016398381654643492,"lien":0.017441229981794287,"libr":0.017839195238658474,"version":0.0174969386410645,"gratuit":0.017723550337961899,"exel":0.017897621414986048}