{"le":0.0020811920600434346,"l":0.004683671056428966,"une":0.0078369144938114556,"la":0.0010609664009320907,"et":0.0024717798467624994,"de":0.0025562259035216109,"d":0.010493875134655748,"vous":0.0058149737641638964,"exempl":0.0066005032737730491,"un":0.0036436634135544911,"non":0.0070260539028811899,"r\u00e9solu":0.014922636729470187,"(":0.0035135985051316138,")":0.0034343326313695357,"bonjour":0.0011010196486990528,"on":0.0036851600452868331,"taux":0.0051388007058365982,"ser":0.0073160657554533076,"comment":0.0046479024024968377,"par":0.0045852491359333223,"je":0.001743030397570456,"calcul":0.0066256876055815414,"il":0.0065953105310136038,"o\u00f9":0.0066513686836482851,"\u00e0":0.0023855409202298114,"sont":0.0066005032737730491,"possibl":0.0074586761438571701,"avanc":0.0046902035745919638,"cet":0.0056019749132678407,"r":0.0076931873420173994,"%":0.0049762120672250526,"obtient":0.0083837130263159886,"s":0.0061536348660291501,"45":0.017929030932546351,"18+1":0,"18":0.014567336836156663,"obten":0.0074380003957867768,"\u00e9quat":0.00823110147770615,"solveur":0.0081568521096402908,"excel":0.0077151793240708101,"aid":0.0068613112091966593,"remerc":0.0076931873420173994,"plait":0.0080598774210773674,"bi":0.0087917942705548913,"manuel":0.0088204828203089676,"r\u00e9solus":0.0088493712918828928,"18x3xx":0,"045":0,"45=4":0,"45=2788":0}