{"avoir":0.014394013325681966,"la":0.0046008156699079115,"merc":0.0043816581073426088,"pour":0.0047951777199710431,"d":0.0094928647575756187,"\"":0.024817096860971121,"est":0.0055842466562629599,"quelqu":0.016932900148225242,"bonjour":0.0024441128988417133,"il":0.0073999184825018988,"mais":0.011865627498975699,"possibl":0.016557240002959418,"avanc":0.010411609882165759,"vid\u00e9o":0.014467048595248826,"m\u00eam":0.013626702769334701,"cordial":0.015191420391783396,"svp":0.016885095387933237,"version":0.01920460425837291,"suppl":0.019580264403638734,"mac":0.019644392855919381}