{"a":0.0090297529786735799,"question":0.0073693022120766361,"le":0.0015001441846809438,"la":0.0084163915892729625,"et":0.0052317086827243543,"merc":0.0041777847467879548,"pour":0.0045720637817591456,"vous":0.0062208111778640366,"dan":0.0059307279289536226,"expliqu":0.012141905165414676,"bon":0.015071050562302343,"titr":0.017474764375449446,"relat":0.017855130641491867,"entre":0.015743089459893899,"mon":0.014871173602753614,"ici":0.016809344477530162,"pouv":0.013620846832542282,"phras":0.01854819226828093,"franc":0.018428813296228103,"desol":0.018669217898702843,"respons":0.01873036253007521}