{"le":0.0011315997776271461,"sur":0.0071897001622293283,"la":0.0016939291731156267,"merc":0.0031514172695638666,"de":0.0013898883815314175,"*":0.010701734017070315,"5":0.010538302667140745,"(":0.01627121526796357,")":0.015904140858778143,"1":0.0073872859806231499,"je":0.0027829062611954571,"pas":0.003275965121222081,"qui":0.0082045618247631527,"\u00e0":0.0038087326374221576,"1+r":0,"%":0.023044470689124415,"ne":0.0053100160457368369,"01":0,"part":0.010812974171380406,"=":0.010326488322923244,"1+7":0,"solut":0.012569127761856605,"1+3":0,"1+tap":0,"1+6":0,"1\u00b0":0,"1=1":0,"nominal":0.013595491910448418,"1mais":0,"1+teg":0,"1+tri":0,"1er":0,"1+2":0,"1+ta":0,"1min45":0,"05":0,"1+n":0,"1+0":0,"97":0.054747417327224185,"1+5":0,"1=5":0,"1+taeg":0,"1=9":0,"parvien":0.013303138810486661,"1+r2":0,"1+2r+r":0,"1+1":0.016280523476742241,"1x":0,"hello":0.014128824609227032,"retomb":0.013901357776738794,"font":0.013991408599591576,"help":0.014128824609227032,"1+taux":0.0082806389081124861,"1x4x":0,"1x08":0,"1=r":0,"1+rn":0,"5iem":0,"1+4":0,"5em":0,"0005+1":0,"1+i":0,"1+":0,"1\u20ac":0,"97\u20ac":0,"1+x":0,"5e":0,"1+9":0,"1=":0,"1\u2212":0,"1+f3":0,"1+a2":0,"1+12":0,"1+41":0,"5=>":0,"5^2x18":0,"5x0":0,"1x4":0,"5^2":0,"1+11":0,"1usd":0,"1^3":0,"1=16":0,"1+15":0,"1+tmeg":0,"1\u00b2=4":0,"5+5":0,"1m":0,"1eur":0,"5xtaux":0,"1+g":0,"1+rd":0,"5an":0,"5min08":0,"1an":0}