{"a":0.012527229312538312,"le":0.0020811920600434346,"de":0.004957431043441621,"on":0.010821046857390319,"utilis":0.017088267756315941,"comment":0.013648028597922296,"san":0.019835309794494996,"calcul":0.0098335283159980569,"peut":0.019088282793906442,"proposit":0.025162362538740646,"formul":0.017129322500103798,"part":0.019886780145998314,"taeg":0.024096569193443402,"excel":0.022654733024611712,"teg":0.025403414375970056}