{"le":0.001954979434662771,"au":0.01350812497046342,"de":0.0046651215651265197,"euros":0.022297921700823401,"pas":0.0056596374153512052,"il":0.0091948298824374754,"sont":0.018206229267482454,"pourquoi":0.014916724927274803,"ne":0.0091737135093051415,"25":0.036891715675172319,"emprunt":0.021464787681355266,"ajout":0.023196563201731822,"frais":0.022566981474685579,"dossi":0.024016325475426439,"\u20ac":0.022912461312828456,"800":0.048760598939571444,"800\u20ac":0,"25\u20ac":0,"0025^t":0,"25=":0,"025":0}