{"a":0.0061625710839198437,"question":0.0050293567086572791,"que":0.0042556141364724831,"le":0.0020161117460884247,"en":0.009159851183120446,"la":0.0015325740545740899,"et":0.007031130364043436,"de":0.0024762909530021268,"est":0.0036337767134420398,"si":0.0080729944140208888,"ma":0.010341045711717843,"suiv":0.010510533701081846,":":0.0068367691385250026,"cour":0.008932842093566604,"je":0.00732563757483561,"qu":0.0077392016165909808,"suis":0.0098853494592434418,"elle":0.010597111245835164,"veux":0.012378223780828295,"deux":0.010453503023655761,"fair":0.0099894942732361262,"tous":0.021636782931319862,"suivr":0.012261944867715025,"programm":0.012617782760114219,"ralph":0.012782984295560743,"hait":0.012782984295560743,"volet":0.012782984295560743,"micromast":0.012699813849305864,"manag":0.012741254678136853,"obtiendr":0.012741254678136853,"reuss":0.012782984295560743}