{"j":0.0019321056590854999,"ai":0.002184765029747186,"a":0.0024727045850961756,"question":0.0040106301736411217,"que":0.0017075464841473753,"le":0.00081643056001067752,"me":0.0029922301767002233,"en":0.005529331638785215,"sur":0.0077324433415501756,"l":0.0027269168498996002,"du":0.0035240037625585215,"la":0.0024141044231683049,"et":0.0028472775438967619,"de":0.0014948096469628209,"d":0.0025216459316995767,"quiz":0.0075071269930953944,"vous":0.0017035048864405928,"trouv":0.0030410536414548842,"2em":0,"mal":0.0044211503516528488,"*":0.029776621019858507,"un":0.006256592015524514,"dan":0.0016240685849897706,"gain":0.0050465401703777757,"est":0.0014580369488944808,"non":0.0040723172870994386,"5":0.0038256671464362031,"m":0.003098094403821102,"\u00e9clair":0.0045365035078292386,":":0.0027432235938318452,"on":0.0021359273876330083,"taux":0.0088239158825442841,"inflat":0.0095979950541524878,"1":0.0053298048915898805,"\/":0.0029241596391910499,"2":0.0038354542445719442,"san":0.0039152202176550403,"je":0.0010102644981210879,"calcul":0.0019410046665550016,"pas":0.0011892571823931678,"ce":0.0038842460742077949,"il":0.0019321056590854999,"o\u00f9":0.0038551488570540762,"mais":0.003098094403821102,"pr\u00e9cis":0.0047419901371964441,"\u00e0":0.0054280181560098142,"derni":0.004299158199364256,"clair":0.0046302151339823851,"pr\u00e9sent":0.0047998900297145401,"avec":0.0032012949590297596,"votr":0.0035579080496040958,"bonsoir":0.0044336972693034757,"prendr":0.0047707656819693644,"1+r":0,"%":0.0057321678106712747,"actualis":0.0042288293950631262,"sembl":0.0044974338783826343,"ne":0.001927668484657045,"01":0,"van":0.0037487732477305318,"3000":0.0094174854094247109,"pouvoir":0.0047707656819693644,"cordial":0.0039664530599785603,"2e":0,"compt":0.0084044645558547914,"02":0,"1+7":0,"\u00e9t\u00e9":0.0044845505806519175,"logiqu":0.0097477011932127784,"1+3":0,"1+tap":0,"1+6":0,"1\u00b0":0,"2\u00b0":0,"1=1":0,"ici":0.0046030653618340184,"nominal":0.0049355032194718261,"r\u00e9el":0.004785283727772191,"1mais":0,"pouv":0.0037299282156738989,"1+teg":0,"particuli":0.0050303601141494904,"pert":0.0050303601141494904,"achat":0.0050142882865318464,"1+tri":0,"prend":0.0048293717403324133,"1er":0,"1+2":0,"=>":0.0049983232492549013,"1+ta":0,"1min45":0,"jusqu":0.0048145856673922505,"05":0,"1+n":0,"1+0":0,"97":0.020090258162230437,"1+5":0,"1=5":0,"1+taeg":0,"1=9":0,"1+r2":0,"1+2r+r":0,"1+1":0,"1x":0,"1+taux":0,"assez":0.0049983232492549013,"adher":0.0051291163133716129,"mesur":0.0050303601141494904,"dus":0.0051291163133716129,"1x4x":0,"1x08":0,"2x3":0,"1=r":0,"2min54":0,"1+rn":0,"5iem":0,"2i\u00e8meann":0,"1+4":0,"5em":0,"0005+1":0,"1+i":0,"1+":0,"1\u20ac":0,"97\u20ac":0,"1+x":0,"5e":0,"1+9":0,"1=":0,"1\u2212":0,"1+f3":0,"1+a2":0,"1+12":0,"1+41":0,"5=>":0,"2\u20ac":0,"2^2x4":0,"5^2x18":0,"2x0":0,"5x0":0,"1x4":0,"+2x0":0,"5^2":0,"1+11":0,"02+":0,"1usd":0,"1^3":0,"2=":0,"1=16":0,"1+15":0,"1+tmeg":0,"1\u00b2=4":0,"5+5":0,"2x":0,"3000\u20ac":0,"2m":0,"1m":0,"1eur":0,"5xtaux":0,"1+g":0,"1+rd":0,"5an":0,"5min08":0,"1an":0}