{"le":0.00081643056001067752,"sur":0.0051872499852079644,"l":0.0053864954904560792,"la":0.0058229576062780123,"et":0.0028472775438967619,"premi":0.0083360829377551807,"de":0.0019808004625091829,"d":0.0025216459316995767,"trouv":0.0060438540206654984,"an":0.016201834131745186,"est":0.0028977333236512386,"comm":0.0075645453369330238,"(":0.0079947806877050127,")":0.0078144205026065769,"on":0.0042449870510733075,"comment":0.0053539833469338216,"d\u00e9termin":0.0086639238355270785,"ce":0.0038842460742077949,"exist":0.0095394024818857628,"\u00e0":0.0054280181560098142,"180":0.024600284036531615,"soit":0.0089899194221086526,"obtient":0.0096573155030654709,"s":0.0070884574895834036,"chos":0.0091214769085616616,"emprunt":0.017706717622762658,"fair":0.0079660619583199511,"va":0.008136624186797942,"futur":0.0091751317958382057,"mensual":0.019375625425822978,"15":0.030047632743901074,"mois":0.009339811381467493,"aujourd":0.0097173821407022971,"hui":0.0097173821407022971,"srd":0.019498127800792721,"dat":0.0096872543768624416,"con":0.010160436696450665,"850":0.027272580781715131,"matur":0.010061974760122605,"15x4":0,"15an":0,"15\u20ac":0,"180mois":0,"15h":0}