{"j":0.0041555542791808552,"ai":0.0023655786843729343,"le":0.0013163984760294282,"r\u00e9pons":0.0067890178437263983,"sur":0.0028260507414909404,"l":0.0029510739804131238,"du":0.0038136827717894272,"une":0.002485841275664924,"la":0.0026099344200101429,"et":0.0030813285249668269,"merc":0.0012387255254656955,"de":0.003170311918163699,"d":0.0013738106656472425,"2em":0,"dan":0.0017584783600532467,"an":0.0088764227549950319,"est":0.0031359318542910682,"5":0.0041422837384771476,"(":0.0022050321540140081,")":0.0021552871987762013,":":0.0029702559184538262,"4":0.0051499745471513848,"1":0.0029037156699275126,"3":0.0043628888729944013,"2":0.0041528808280572819,"je":0.0053244616402010224,"calcul":0.0041746941789044837,"pas":0.0038109547017984987,"o\u00f9":0.0041742053892116259,"qui":0.0095444280708988551,"mais":0.0033544962428762128,"n":0.0049601354232555401,"fois":0.0049840203200203969,"suis":0.0042947212553730999,"exercic":0.0039882990422939616,"avanc":0.0029434352490024531,"bon":0.0088764227549950319,"m\u00eam":0.0038523645923041255,"1+r":0,"toujour":0.004773535073835585,"ne":0.0020872045349287997,"comprend":0.0031015721210857386,"diff\u00e9rent":0.0043514028415563176,"01":0,"raison":0.004504828538619431,"ci":0.0098424877189188936,"plusieur":0.0051036543580610062,"va":0.0044328908153462672,"3000":0,"18":0,"ajout":0.0052776851882618278,"erreur":0.0047069948253092722,"=":0.023554545413833866,"2e":0,"mon":0.0044093469271066612,"003":0,"fais":0.010229879236710905,"02":0,"cf":0.013049672469714967,"1+7":0,"30":0.0098904650684360409,"1+3":0,"1+tap":0,"1+6":0,"1\u00b0":0,"2\u00b0":0,"1=1":0,"51":0.014858296276509145,"3\u00b0":0,"20":0.0090013762933254179,"pr\u00eat":0.010451163005863594,"bloqu":0.0052130462881806918,"srd":0.0053777583680240104,"1mais":0,"visibl":0.0055174741877127174,"1+teg":0,"04":0,"tomb":0.0053777583680240104,"ceux":0.010716234800844021,"ref":0.0054995938293924762,"1+tri":0,"3h":0,"51\u20ac":0,"1er":0,"1+2":0,"1+ta":0,"1min45":0,"77":0,"30\u20ac":0,"05":0,"3iem":0,"3em":0,"1+n":0,"1+0":0,"1+5":0,"1=5":0,"1+taeg":0,"1=9":0,"1+r2":0,"1+2r+r":0,"3+":0,"3+1":0,"1+1":0,"1x":0,"1+taux":0,"1x4x":0.0032548653209807654,"42\u20ac":0.013803445592278698,"pv":0.011031654063130373,"18x3xx":0.0091420365972847313,"77\u20ac":0.013803445592278698,"1x08":0.0032548653209807654,"2x3":0.0043744258404369279,"73\u20ac":0.018464854587272664,"figur":0.0055174741877127174,"possibil":0.0053948179825619004,"1=r":0,"2min54":0,"1+rn":0,"20em":0,"5iem":0,"2i\u00e8meann":0,"3m":0,"1+4":0,"5em":0,"0005+1":0,"0051^4":0,"1+i":0,"1+":0,"3=":0,"1\u20ac":0,"04\u20ac":0,"1+x":0,"5e":0,"1+9":0,"42":0,"1=":0,"1\u2212":0,"1+f3":0,"1+a2":0,"1+12":0,"1+41":0,"5=>":0,"2\u20ac":0,"4em":0,"2^2x4":0,"5^2x18":0,"3^2x24":0,"2x0":0,"5x0":0,"1x4":0,"+2x0":0,"3x0":0,"5^2":0,"1+11":0,"02+":0,"1usd":0,"1^3":0,"4an":0,"4e":0,"2=":0,"1=16":0,"1+15":0,"1+tmeg":0,"4min25":0,"1\u00b2=4":0,"5+5":0,"2x":0,"3000\u20ac":0.010307609603837115,"2m":0,"1m":0,"1eur":0,"3e":0,"3+2":0,"5xtaux":0,"1+g":0,"1+rd":0,"5an":0,"5min08":0,"1an":0}