{"le":0.0033975905360728621,"en":0.0053282198722145449,"la":0.0017555399383624207,"merc":0.0032660390806002002,"de":0.0014404407234786764,"pour":0.0070231047140865361,"\u00e9gal":0.012515246057707938,"(":0.0058138151196023211,")":0.0056826569537864477,"on":0.0060976913435476388,"taux":0.016707535968388785,"utilis":0.0096292885288402959,"1":0.0076559727413133723,"calcul":0.0055412217763423271,"peut":0.010756302813354896,"chacun":0.01404586869588766,"plus":0.010009142698566819,"proposit":0.014179064397165826,"1+r":0,"r":0.012729618600881822,"01":0,"formul":0.0096524229962449727,"=":0.010702078316876288,"1+7":0,"1+3":0,"1+tap":0,"1+6":0,"ensuit":0.013102501872565927,"1\u00b0":0,"1=1":0,"^n":0.014002038750698676,"s\u00e9lection":0.014547440859828816,"1mais":0,"1+teg":0,"\u00e9quivalent":0.026924756629296331,"avantag":0.01431489780779524,"1+tri":0,"1er":0,"1+2":0,"1+ta":0,"1min45":0,"1+n":0,"1+0":0,"1+5":0,"1=5":0,"1+taeg":0,"1=9":0,"1+r2":0,"1+2r+r":0,"1+1":0,"1x":0,"1+taux":0,"1x4x":0,"1x08":0,"1=r":0.008581818265524949,"1+rn":0,"1+4":0,"1+i":0,"1+":0,"1\u20ac":0,"1+x":0,"1+9":0,"1=":0,"1\u2212":0,"1+f3":0,"1+a2":0,"1+12":0,"1+41":0,"1x4":0,"1+11":0,"1usd":0,"1^3":0,"1=16":0,"1+15":0,"1+tmeg":0,"1\u00b2=4":0,"1m":0,"1eur":0,"1+g":0,"1+rd":0,"1an":0}