{"a":0.0046774476573166112,"question":0.0038173276112143839,"alor":0.0076020956669933977,"que":0.0032300499421461242,"le":0.0022772247890834522,"tout":0.007503070397117984,"au":0.0053693157740060948,"l":0.0025954861290930276,"la":0.0011632376849878196,"et":0.002710045732100045,"de":0.00095444990793231571,"d":0.0024001087669582176,"un":0.0039948923833349869,"dan":0.0030721404586575157,"an":0.0078068636331950327,"on":0.0079857012642140356,"int\u00e9r\u00eat":0.0075821172607724802,"utilis":0.0063804593969058101,"4":0.008997236205329882,"t":0.0075424219857716029,"par":0.005027241753640486,"temp":0.0082004336124785037,"ou":0.006171109492572718,"il":0.003654833312175111,"qu":0.0058741246109892771,"plus":0.0066321544312197677,"pourquoi":0.0059292171654952352,"y":0.006746811180383696,"ne":0.0036464398100719579,"emprunt":0.0085319926588774114,"puis":0.0087073067373102074,"pass":0.0084588798743424655,"tap":0.0090796266202549224,"ta":0.0088106084589258706,"capitalis":0.0090519968689234901,"tpe":0.0096707285050280974,"tpp":0.0094851892702080588,"quas":0.0096707285050280974,"dur":0.0091074253619415312,"jam":0.0095155912571223272,"04":0,"normal":0.0095770121931454937,"04\u20ac":0,"4em":0,"4an":0,"4e":0,"4min25":0}