{"j":0.0027328350737517671,"ai":0.0030902049653047576,"le":0.00058104787536248921,"sur":0.0036917292547694112,"l":0.0019407275027818807,"la":0.0017241842841141546,"et":0.0020263873603982969,"merc":0.0016181730900481706,"de":0.0041010137962815951,"pour":0.0017708884076219327,"nous":0.0052757356216194913,"d":0.0035575101026728618,"trouv":0.0043013683094650429,"exempl":0.0054111519776973236,"un":0.014424747097601711,"bonjour":0.00090262581540026109,"on":0.0030211273656086143,"comment":0.0038103922131740887,"par":0.0037590285014672134,"je":0.002832611490414754,"calcul":0.0054422501549424591,"pas":0.0016821252629080107,"ce":0.002764390554873414,"o\u00f9":0.0054528518984194949,"vient":0.006707229961972763,"\u00e0":0.0038767600558867531,"cepend":0.006747931058029265,"suis":0.0056102842977179814,"plus":0.0049590727390489524,"vid\u00e9o":0.0053427693708053064,"peu":0.0063249734340137418,"essai":0.0067891255127134004,"demand":0.006568496376836562,"ne":0.0027265589853559726,"diff\u00e9rent":0.0056843286405343189,"absolu":0.0071151101332917995,"emprunt":0.0063796421876477737,"formul":0.00478233443043045,"part":0.0055521888505533201,"d\u00fb":0.0070697961166254339,"\u00e9clairc":0.0066670105470028112,"moment":0.0068099115157396559,"chiffr":0.013794995791876359,"bloqu":0.0068099115157396559,"srd":0.0070250783543402591,"point":0.0066272615453356349,"moyen":0.0066670105470028112,"rest":0.0066870607579646024,"sold":0.0072311111861742628,"compliqu":0.007047363686001144,"montr":0.007047363686001144,"complet":0.0069809413586477687,"recalcul":0.014241307843860336,"rachat":0.0072547942151201059,"127":0.017507848766162692}