{"a":0.0056266167122551473,"question":0.0045919571755793582,"r\u00e9pons":0.0071826377048654754,"une":0.010301125647010499,"la":0.0040817566040132723,"merc":0.0026032598601534239,"2em":0,"dan":0.0072869924205487199,"est":0.0033177497680808091,"5":0.0087052706705868649,"(":0.0046340142177455097,"+":0.0097556957350845956,")":0.0045294720552135582,":":0.0062421802473046099,"t":0.0090729647246056942,"1":0.017800687192654523,"3":0,"2":0.0087275411230569901,"vos":0.0098645030777705558,"calcul":0.004416738401032576,"ou":0.007423379233277373,"il":0.0043964887907668865,"\u00e0":0.0031462418159654143,"6":0.030562000739565779,"y":0.0081159049385824463,"1+r":0,"%":0.0065630257516215221,"01":0,"formul":0.0076936511533501461,"erreur":0.019505406716834497,"2e":0,"mon":0.0092665208142152719,"003":0,"02":0,"13\u20ac":0,"1+7":0,"1+3":0,"1+tap":0,"06":0,"1+6":0,"1\u00b0":0,"2\u00b0":0,"1=1":0,"hor":0.011373638928411343,"arrond":0.011266080275583921,"1mais":0,"1+teg":0,"13":0.0233147790018793,"1+tri":0,"1er":0,"1+2":0,"d\u00e9montr":0.011595320179508891,"1+ta":0,"6min15":0,"1min45":0,"05":0,"1+n":0,"1+0":0,"1+5":0,"1=5":0,"1+taeg":0,"1=9":0,"1+r2":0,"1+2r+r":0,"1+1":0,"1x":0,"1+taux":0,"1x4x":0,"1x08":0,"2x3":0,"1=r":0,"==>":0.011671257351914821,"^4":0.011557743478178914,"06^":0,"2min54":0,"1+rn":0,"5iem":0,"2i\u00e8meann":0,"1+4":0,"5em":0,"0005+1":0,"1+i":0,"1+":0,"1\u20ac":0,"1+x":0,"06=":0,"5e":0,"1+9":0,"1=":0,"1\u2212":0,"1+f3":0,"1+a2":0,"1+12":0,"1+41":0,"5=>":0,"2\u20ac":0,"2^2x4":0,"5^2x18":0,"2x0":0,"5x0":0,"1x4":0,"+2x0":0,"5^2":0,"1+11":0,"02+":0,"1usd":0,"1^3":0,"2=":0,"1=16":0,"1+15":0,"1+tmeg":0,"1\u00b2=4":0,"5+5":0,"2x":0,"2m":0,"1m":0,"1eur":0,"5xtaux":0,"1+g":0,"1+rd":0,"5an":0,"5min08":0,"1an":0}