{"j":0.0031931335853205016,"a":0.0020540369977088899,"question":0.0016763270741351874,"que":0.0014184321389973187,"le":0.00167121771385305,"en":0.0015503837686046628,"l":0.0022676092782212679,"apres":0.0034748039164670974,"une":0.0019071144648887596,"la":0.0015165235047943195,"seul":0.0038805617200108134,"et":0.0011900794208801499,"merc":0.00095033878098699372,"de":0.0020526745669432246,"d":0.00105397485274819,"trouv":0.0050258589490840529,"2em":0,"un":0.0017543022088980429,"dan":0.0040051773388277978,"est":0.0012111684732203322,"5":0.0063225663638523128,"bonjour":0.00053010417882387356,"suiv":0.0035032496653906457,":":0.0045336440832402973,"on":0.0017742814507893405,"taux":0.0049224138138621804,"comment":0.0066436158913081413,"t":0.00331215118717023,"1":0.0066136134875385659,"\/":0.0072113813605209475,"2":0.0031860518109824891,"actif":0.0066592865624799137,"san":0.0032523121563785644,"risqu":0.0032189070318631354,"je":0.00083921090659999176,"calcul":0.0016123621971908589,"valeur":0.0083784201926364391,"arbitrag":0.0041127638310257059,"pas":0.0019654499912187301,"il":0.0016049699309673004,"r\u00e9f\u00e9rent":0.0041127638310257059,"qui":0.0024741608667254978,"mais":0.0025735385319374487,"qu":0.0025795412720975748,"\u00e0":0.0034098430204753867,"n":0.0019157175368240298,"dont":0.0039390969884877313,"sont":0.0031779218217422912,"quizz":0.0035911033895030457,"exercic":0.0090839019163026259,"cet":0.0053660844769985588,"demand":0.0038576199777827966,"1+r":0,"dit":0.0036111629513041633,"actualis":0.0035128223916488254,"donc":0.0032439083140732377,"ne":0.0016012840396172913,"comprend":0.0023794974819686099,"diff\u00e9rent":0.0033383560659842816,"01":0,"van":0.0061954861033558309,"imagin":0.0041257665454089943,"ci":0.0038013934540384944,"&":0.0082605802443736047,"faut":0.0034654113833746418,"2e":0,"chaqu":0.0036622120153389864,"annuel":0.0038013934540384944,"02":0,"1+7":0,"excel":0.0037146011017132937,"1+3":0,"1+tap":0,"1+6":0,"const":0.0038349389428142429,"d\u00e9but":0.0040870098014565799,"1\u00b0":0,"2\u00b0":0,"1=1":0,"correspond":0.0038805617200108134,"avais":0.0039750602965764681,"opportun":0.0040870098014565799,"=0":0.004232955231714337,"1mais":0,"b":0.0040364777454802861,"1+teg":0,"jour":0.0040870098014565799,"ont":0.0038805617200108134,"commenc":0.0040998452771956037,"resolu":0.0042056135767674831,"inclu":0.004232955231714337,"1+tri":0,"1er":0,"1+2":0,"exploit":0.0041652907993108002,"1+ta":0,"[":0.011486470041280211,"]":0.011486470041280211,"1min45":0,"feuill":0.004232955231714337,"05":0,"http":0.0039037702326604252,"edxupload":0.0039510129020825045,"s3":0.0039510129020825045,"amazonaw":0.0039510129020825045,"com":0.0039037702326604252,"png":0.0040116835185739427,"1+n":0,"1+0":0,"1+5":0,"1=5":0,"1+taeg":0,"1=9":0,"1+r2":0,"1+2r+r":0,"1+1":0,"s\u00e9bastien":0.0042192375859725333,"1x":0,"1+taux":0,"1x4x":0,"1x08":0,"2x3":0,"1=r":0,"r\u00e9capitul":0.004232955231714337,"option":0.0082869651868741293,"maximal":0.0042606766439945536,"remettr":0.0042606766439945536,"var":0.0042467678100157344,"1488288405895182":0.01416606587885862,"2min54":0,"1+rn":0,"5iem":0,"2i\u00e8meann":0,"1+4":0,"5em":0,"0005+1":0,"1+i":0,"1+":0,"1\u20ac":0,"1+x":0,"5e":0,"1+9":0,"1=":0,"1\u2212":0,"1+f3":0,"1+a2":0,"1+12":0,"1+41":0,"5=>":0,"2\u20ac":0,"2^2x4":0,"5^2x18":0,"2x0":0,"5x0":0,"1x4":0,"+2x0":0,"5^2":0,"1+11":0,"02+":0,"1usd":0,"1^3":0,"2=":0,"1=16":0,"1+15":0,"1+tmeg":0,"1\u00b2=4":0,"5+5":0,"2x":0,"2m":0,"1m":0,"1eur":0,"5xtaux":0,"1+g":0,"1+rd":0,"5an":0,"5min08":0,"1an":0}