{"en":0.015436358501450288,"merc":0.0094620250922448704,"pour":0.010355005068082972,"vous":0.014089158495856421,"fait":0.030926852775521409,"comment":0.022280698495161861,"cf":0.033680868285176427,"\u00e9vident":0.040820010361838896,"mettr":0.041471617120205549}