{"a":0.0056266167122551473,"question":0.0045919571755793582,"r\u00e9pons":0.0071826377048654754,"l":0.0031221740359910848,"du":0.0040347959456850328,"avoir":0.0085518669415279892,"la":0.0013992871921162846,"merc":0.0026032598601534239,"de":0.0011481312451635719,"pour":0.0056176230848988488,"d":0.0028871498066414592,"quiz":0.008595259141690818,"un":0.0048055542027441098,"pourr":0.0080170344590855709,"si":0.0073708919003624106,"bonjour":0.0014521126129342595,"on":0.014177570881114236,"t":0.0090729647246056942,"vos":0.0098645030777705558,"ou":0.007423379233277373,"pas":0.0027061438628596234,"peut":0.0085735199936788006,"n":0.0052477186733624823,"avanc":0.0061858149179642346,"m\u00eam":0.0080959872898811666,"aux":0.010204553910781127,"se":0.0093659306168713367,"certif":0.0098645030777705558,"acces":0.01140996722500434,"voir":0.011373638928411343,"dipl\u00f4m":0.011595320179508891,"possibil":0.011337550424301963,"opt\u00e9":0.011671257351914821,"d\u00e9cern":0.011671257351914821}