{"question":0.0027550508375649378,"que":0.0046225472599596184,"le":0.0016540694631859982,"r\u00e9pons":0.0043093894973483616,"tout":0.0054151339594645216,"en":0.0025480624671321717,"l":0.0018732204730971768,"r\u00e9sultat":0.005604293763268482,"la":0.0032739342707131416,"merc":0.0015618859200728459,"de":0.0026863007479776854,"pour":0.0017092891279032346,"afin":0.0063213240727951828,"d":0.0017322122547798865,"vous":0.0023256816660091953,"2em":0,"un":0.0028832033107023605,"an":0.011172457622288839,"est":0.0019905606537431752,"5":0.0052229283364786357,"pourr":0.0048100051147589272,"m":0.024340009062530473,"(":0.0027802839320418566,"+":0.0058531551315224176,")":0.0027175614454350073,"bonjour":0.00087122852359754178,":":0.0037451403096759274,"\/":0.0079160750546574624,"3":0.010908130210365203,"2":0.010383066390019471,"je":0.0027349155241041478,"calcul":0.0026499242840902076,"ce":0.0052908527508384214,"qui":0.0080630755753080732,"\u00e9nonc":0.0060875609782847307,"pens":0.0060359018617160351,"pr\u00e9cis":0.0064739230337739302,"expliqu":0.0045393125472300653,"cet":0.0044328003943287005,"votr":0.0048573746903656694,"don":0.014868445429700698,"%":0.0039376389854253874,"t0":0.0066339687314510704,"raison":0.0056800543156377177,"rent":0.012036731375073259,"formul":0.0046159838263943442,"obten":0.0058856334771101894,"vers":0.013319210302514817,"=":0.0051179502223146029,"2e":0,"003":0,"02":0,"13\u20ac":0,"divis":0.0065330288870410176,"\u00e9tant":0.0064739230337739302,"aid":0.0054293036839032872,"15":0.020720240730249508,"2\u00b0":0,"3\u00b0":0,"13":0.013988240517217974,"perp\u00e9tuel":0.006738113545443754,"3h":0,"million":0.013574321281876668,"40":0.028551477251529501,"05":0,"3iem":0,"3em":0,"3+":0,"3+1":0,"33":0.03056887880168151,"2x3":0,"2min54":0,"5iem":0,"2i\u00e8meann":0,"3m":0,"5em":0,"0005+1":0,"3=":0,"5e":0,"5=>":0,"2\u20ac":0,"2^2x4":0,"5^2x18":0,"3^2x24":0,"2x0":0,"5x0":0,"+2x0":0,"3x0":0,"15x4":0,"5^2":0,"02+":0,"15an":0,"2=":0,"15\u20ac":0,"5+5":0,"2x":0,"2m":0,"3e":0,"3+2":0,"5xtaux":0,"15h":0,"40=":0,"5an":0,"5min08":0}