{"le":0.00077708060440250871,"en":0.0035305298465852426,"quand":0.0082927226735730712,"une":0.0043428760513946722,"la":0.0022991025152484398,"premi":0.0079343041342493561,"merc":0.0021641089764901753,"de":0.0027970032683457247,"d":0.0092717776653596269,"dan":0.0030721404586575157,"dir":0.007870137231821667,"est":0.0027580696667096165,"on":0.0040403890605047021,"je":0.0019110488727559945,"ou":0.006171109492572718,"pas":0.0044463368183303206,"ce":0.0036970349161770596,"il":0.0072236625147882576,"r\u00e9f\u00e9rent":0.01851076294024516,"\u00e0":0.0026154938507515053,"cel":0.0074446745604565467,"n":0.0043624669442141502,"avanc":0.0051423132188133857,"vid\u00e9o":0.0071453018380946724,"parl":0.017465665675287644,"cet":0.0061419742639773024,"avec":0.0060556726819474965,"financi":0.0089431274698898843,"m\u00eam":0.0067302534932296848,"march":0.032216343189873119,"chos":0.0086818440371167916,"notion":0.017622810332262564,"assimil":0.0095770121931454937,"trois":0.00942498865372428,"princip":0.0090245340657489626,"arriv":0.0073489851293342913,"aoa":0.017836706321740194,"lien":0.0094549892913427646,"concurrentiel":0.00942498865372428,"existent":0.0096080367511308176,"veulent":0.0097024016652403032}