{"j":0.0027829816250925523,"a":0.0035616537802916496,"le":0.0028556066080912771,"tout":0.011323515316324483,"en":0.0053282198722145449,"au":0.0081032865463310146,"quand":0.0063145136457146579,"l":0.001976339162004008,"la":0.0017555399383624207,"et":0.0020635708475324208,"de":0.0014404407234786764,"bien":0.0040329553794603958,"pour":0.0018033835798716433,"quiz":0.0054408072879589551,"comm":0.005482421362677771,"financ":0.0067288064115437144,"(":0.0029333354483894536,")":0.0028671601591484428,"bonjour":0.00091918867798506656,"ser":0.0061078336047434879,"aim":0.0062791984190506472,"savoir":0.0059128038577377501,"cour":0.015212401631707161,"je":0.0042877842556997966,"temp":0.0062442399179450121,"pas":0.0017129916630315442,"il":0.0027829816250925523,"fin":0.012729618600881822,"n":0.0033218109579384149,"plus":0.0050500699595178791,"6":0.0194453955835584,"y":0.0051373756172213656,"votr":0.0051247677264729301,"mar":0.0067893478186135166,"vien":0.0071090391489647842,"termin":0.0073160627168788054,"deux":0.0060415949860024368,"plusieur":0.0067893478186135166,"certif":0.0062442399179450121,"total":0.0067488694369072762,"cordial":0.0057132310186065139,"arriv":0.0055959024204701785,"06":0,"programm":0.014453475512553429,"jour":0.0070867827238182421,"ont":0.0067288064115437144,"commenc":0.0071090391489647842,"\u00e9quip":0.0072689754302051298,"voudr":0.0067488694369072762,"6min15":0,"prochain":0.0069775982056005199,"louv9x":0.0073637995038233033,"d\u00e9couvr":0.0073637995038233033,"f\u00e9vri":0.0072689754302051298,"s\u00e9anc":0.0073879171079245754,"soph":0.0070867827238182421,"06^":0,"06=":0}