{"j":0.0027328350737517671,"que":0.0024152110418993204,"le":0.0028058806389172609,"me":0.0083897094238690462,"r\u00e9pons":0.0088503568952739003,"r\u00e9sultat":0.011509750970851771,"avoir":0.005315796999857546,"la":0.0017241842841141546,"et":0.0078952731346369539,"merc":0.0016181730900481706,"de":0.0021035609246396149,"nous":0.0052757356216194913,"vous":0.0024094944704917726,"trouv":0.0043013683094650429,"mal":0.006253423403896877,"fait":0.0052890370119867344,"bonjour":0.00090262581540026109,"appliqu":0.006253423403896877,"par":0.0074515220199044448,"je":0.002832611490414754,"calcul":0.0027454221285123977,"choix":0.0070250783543402591,"pas":0.0049580903841300854,"ce":0.002764390554873414,"cas":0.00562496467000736,"qui":0.0042128350595431003,"\u00e0":0.0094440184395974194,"plus":0.0049590727390489524,"bon":0.022744014973199556,"selon":0.006707229961972763,"quel":0.0053292564269566862,"se":0.005821814840484751,"ne":0.0054048577471594774,"s":0.0050448052359356749,"fair":0.005669390150985068,"formul":0.0094800213142811948,"slid":0.0070250783543402591,"propos":0.0063430988151135471,"aid":0.00562496467000736,"avou":0.0070029382050234359,"rapport":0.0064916908277152744,"regard":0.0068730433788368149,"pouv":0.0052757356216194913,"souvent":0.014014456506170983,"ceux":0.007047363686001144,"cherch":0.0068730433788368149,"plein":0.0072311111861742628,"simplifi":0.0072311111861742628,"multipl":0.007047363686001144,"battaill":0.0072547942151201059,"rapproch":0.0072547942151201059,"facil":0.0071842345684870008,"devin":0.0071842345684870008,"maxim":0.0072075920549353051,"haeck":0.0072547942151201059}