{"que":0.003574627474590589,"le":0.0025140480171470135,"tout":0.0083034882016421556,"sur":0.0054639352809809994,"du":0.0037119723443946062,"la":0.0025412197777764994,"merc":0.0023949733112268814,"de":0.0020851000739027441,"d":0.0052432997538872329,"vous":0.0070396950912667419,"un":0.0087272787544927823,"dan":0.0033998724125057773,"pourr":0.0073755923711605912,"(":0.0042632472252279591,")":0.004167069470177716,"bonjour":0.0013359292347666434,"comment":0.0056395621160570727,"2":0,"je":0.0041748949973159349,"calcul":0.0080211575159162881,"pas":0.002489625575645471,"\u00e0":0.0057138319949221186,"avanc":0.0056908885138498332,"vid\u00e9o":0.0079075533574336186,"ne":0.0040354372727944756,"comprend":0.0059966330717638912,"raison":0.008709713249503483,"n\u00e9gat":0.0099872596382739078,"rent":0.0093080347820996227,"mont":0.0093612621924339459,"expos":0.020018750032155773,"exact":0.010078993670280083,"pass":0.0093612621924339459,"avou":0.010364682371959935,"dois":0.010299778976761704,"posit":0.0099872596382739078,"montr":0.01043043420155986,"2min54":0.0084352846501181498}