{"j":0.0031931335853205016,"ai":0.0036106962161797439,"correct":0.0069698154142861573,"le":0.0019953137546422544,"au":0.0046910326856921657,"l":0.0022676092782212679,"apres":0.0069132217831564865,"la":0.0010162907586706142,"merc":0.0018907261877318872,"de":0.0024507458024623867,"an":0.006820655371649934,"est":0.0024096543210565553,"5":0.0063225663638523128,"(":0.0033656463459229772,")":0.0032897182346165498,"bonjour":0.0010546574265731478,":":0.017588558630052036,"taux":0.0049224138138621804,"3":0.0066592865624799137,"par":0.0043921714381883834,"calcul":0.0094277576213535625,"ce":0.0063934052859553111,"il":0.0031931335853205016,"moi":0.0071050909511302949,"\u00e0":0.0045230603956723445,"120":0.021792845297472451,"selon":0.0078369461303205469,"%":0.0094350541342062381,"emprunt":0.0074541818960700435,"puis":0.022357795060658884,"10":0.011146725335139437,"faudr":0.0082343694611782415,"003":0,"cf":0.0067301977189349249,"mensuel":0.0080555840587041138,"ta":0.007697601333441377,"proced":0.0080306879317818703,"mois":0.0077666625391353819,"3\u00b0":0,"correspond":0.0077204885393756814,"multipli":0.0081824612810189497,"initial":0.0081312229025373352,"75":0.014299444127169016,"10iem":0,"srd":0.016247405058488901,"\u00e9quivalent":0.0079326355614428006,"3h":0,"quant":0.0082869651868741293,"10+1":0,"05":0,"3iem":0,"fa\u00e7on":0.0080555840587041138,"3em":0,"3+":0,"3+1":0,"+10":0,"75+0":0,"tommy":0.0083671885059943447,"dout":0.0083402669165254135,"5iem":0,"3m":0,"5em":0,"0005+1":0,"3=":0,"5e":0,"10^7":0,"5=>":0,"5^2x18":0,"3^2x24":0,"5x0":0,"3x0":0,"5^2":0,"10em":0,"5+5":0,"3e":0,"10h":0,"3+2":0,"5xtaux":0,"10min15":0,"10^1":0,"10^2":0,"5an":0,"5min08":0}