{"que":0.0079651501200902527,"le":0.0019162439529848108,"l":0.0021759823374882586,"la":0.0019311386333389817,"et":0.0022720258762838389,"premi":0.0066518967151713328,"de":0.0015845214736266294,"nous":0.011713378162519042,"un":0.0033492050559873121,"dan":0.00510018649096585,"5":0.0060670913933337433,"(":0.0063953446681635842,")":0.0062510673460986817,"bonjour":0.0010120420454991881,"on":0.0067076157428157274,"utilis":0.0053491971300110948,"1":0.0084217649587235884,"\/":0.0091829616230916147,"vid\u00e9os":0.0072573847946415812,"par":0.0042146976397164611,"je":0.0016021694535686129,"temp":0.0068750121607213917,"pas":0.0055474987516296349,"mais":0.0049132402725282137,"n":0.0072423104592974144,"pourquoi":0.0098433368188758381,"m\u00eam":0.0056424546307261509,"1+r":0,"vu":0.0072786130774643732,"ne":0.0060536044200192431,"comprend":0.0045427891254405384,"mani":0.0075889387675747242,"01":0,"formul":0.0053620486326194953,"7":0.011080434282591126,"12":0.010966680554302432,"1+7":0,"divis":0.0075889387675747242,"taeg":0.0075430289723216609,"1+3":0,"1+tap":0,"1+6":0,"1\u00b0":0,"^":0.0075202798485641369,"1=1":0,"ici":0.00729996028686171,"ni":0.007851833821497279,"r=":0.0080032630288638697,"1mais":0,"teg":0.0079521150540373831,"1+teg":0,"1+tri":0,"1er":0,"1+2":0,"1+ta":0,"[":0.0073865655355464174,"]":0.0073865655355464174,"1min45":0,"05":0,"1+n":0,"1+0":0,"1+5":0,"1=5":0,"1+taeg":0,"1=9":0,"1+r2":0,"1+2r+r":0,"1+1":0,"typ":0.007658857553322327,"1x":0,"1+taux":0,"1x4x":0,"1x08":0,"1=r":0,"1+rn":0.0047673135454122193,"faison":0.0080812957949422202,"passon":0.0081342197972589757,"b\u00e0v":0.0080812957949422202,"roman":0.0081342197972589757,"5iem":0,"1+4":0,"12^3+2":0,"12^4+189":0,"12^4":0,"5em":0,"0005+1":0,"1+i":0,"1+":0,"1\u20ac":0,"1+x":0,"5e":0,"1+9":0,"1=":0,"12\u20ac":0,"007=>":0,"1\u2212":0,"1+f3":0,"1+a2":0,"1+12":0,"1+41":0,"5=>":0,"5^2x18":0,"5x0":0,"1x4":0,"5^2":0,"1+11":0,"+7":0,"1usd":0,"1^3":0,"7e":0,"12=":0,"1=16":0,"1+15":0,"1+tmeg":0,"1\u00b2=4":0,"5+5":0,"1m":0,"12^5":0,"1eur":0,"5xtaux":0,"1+g":0,"1+rd":0,"5an":0,"5min08":0,"1an":0}