{"j":0.0034084185656099424,"ai":0.0038541337808669701,"question":0.0070416672860756022,"sur":0.0046043607431775707,"l":0.0024204942752694011,"du":0.0061872725572916787,"une":0.0080111248845258186,"la":0.0021457767282654708,"seul":0.0082410133400496622,"et":0.0049991099321514227,"bien":0.0049393067728832601,"pour":0.0022086692988302473,"vous":0.0030051450107027684,"est":0.0025721161690036268,"(":0.0035925623479888696,")":0.0035115150703496694,"bonjour":0.0011257637230136467,"je":0.0017822028807691355,"pas":0.0020979630387669536,"c":0.0064979610142112832,"\u00e0":0.0024391530441191696,"n":0.0040683423988138291,"fois":0.0081202460974194764,"quizz":0.0076263007970685474,"pourquoi":0.0055294597975468077,"6":0.023767888387681787,"car":0.0068535047192910831,"don":0.0065142322183728155,"mar":0.0083151605977908986,"toujour":0.0077773117012592298,"comprendr":0.0073593730752646806,"certif":0.0076475471747818984,"\u00e9pargn":0.00870669816879357,"r\u00e9soudr":0.0081922927636521453,"cordial":0.0069972013102276368,"arriv":0.0068535047192910831,"pass":0.0078885685735458743,"06":0,"laquel":0.0087617462604231908,"pouv":0.0065799489375299733,"\u00e9ch\u00e9anc":0.0088456825374783037,"6min15":0,"multipl":0.0087895407434870586,"06^":0,"pist":0.0089313146111069264,"cr\u00e9dit":0.0090187124183494852,"\u00e9chou":0.0089602474434401433,"06=":0}