{"j":0.013196862681944043,"alor":0.0094177651643375902,"que":0.0078870151214895639,"une":0.010604272287302959,"la":0.0042002156279217018,"merc":0.0026809804853034813,"de":0.0023305400818554732,"d":0.0029733459990802799,"\u00e9ventuel":0.011788276257623662,"vous":0.0078683473179923802,"trouv":0.0071264839149162455,"m":0.0072601547157058492,"bonjour":0.0014954656034647106,"appliqu":0.020420925580410365,"o\u00f9":0.009034255741131824,"avanc":0.0063704931400063464,"peu":0.010479182017635086,"m\u00eam":0.0083376939297013647,"se":0.009645551562055198,"lorsqu":0.010419598201932162,"r":0.010449311294844853,"toujour":0.01033138828236678,"n\u00e9gat":0.011179935937638903,"van":0.01731527168740573,"formul":0.015616997154486119,"erreur":0.010187374855567309,"mon":0.009543173868207501,"obtien":0.011012843022150085,"indiqu":0.010244538981486329,"import":0.011317274893633477,"l\u00e0":0.011282624827111652,"pouv":0.0087408104449204736,"pist":0.011864366848557881}