{"j":0.0030641091256903828,"ai":0.0034647993672903645,"alor":0.0063733825096781143,"que":0.0027079827337667195,"le":0.0012900634115854009,"me":0.0093967287256916943,"au":0.004501482846574519,"avoir":0.0059601774926065576,"une":0.0036409447447279535,"la":0.0037879840192037544,"et":0.0022720258762838389,"merc":0.0018143279043020585,"de":0.0045752060792036081,"bien":0.0044403510502142663,"pour":0.0058402316683447263,"d":0.002012183469759786,"2em":0,"un":0.0033492050559873121,"est":0.0023122877880373937,"bonjour":0.0010120420454991881,"taux":0.004723514592943537,"comment":0.0042722876565023261,"1":0.004252994111934548,"2":0.0060826126649426403,"appliqu":0.007011462895337061,"je":0.0016021694535686129,"calcul":0.0030782219822356057,"il":0.0030641091256903828,"mais":0.0049132402725282137,"qu":0.0049247003320277124,"cel":0.0062414050956852516,"co\u00fbt":0.0071736348978412431,"compr":0.0063566331776047924,"demand":0.0073647289891879122,"1+r":0,"r":0.0070714714884728561,"sembl":0.0071324402597443557,"01":0,"raison":0.006598100994682248,"ci":0.0072573847946415812,"va":0.0064927357494981774,"formul":0.0053620486326194953,"2e":0,"02":0,"1+7":0,"effectu":0.0074528361956813401,"1+3":0,"1+tap":0,"celui":0.0075659147282720876,"1+6":0,"d\u00e9taill":0.0077061931547328637,"g":0.0077300833076683652,"1\u00b0":0,"2\u00b0":0,"1=1":0,"1mais":0,">":0.0079267962438666038,"1+teg":0,"inf\u00e9rieur":0.0079267962438666038,"coc":0.007343016868270204,"condit":0.0079267962438666038,"1+tri":0,"1er":0,"1+2":0,"croissanc":0.0075889387675747242,"1+ta":0,"1min45":0,"machin":0.015646810572663917,"1+n":0,"1+0":0,"1+5":0,"1=5":0,"1+taeg":0,"1=9":0,"1+r2":0,"1+2r+r":0,"1+1":0,"1x":0,"1+taux":0,"1x4x":0,"1x08":0,"2x3":0,"1=r":0,"2min54":0,"1+rn":0,"2i\u00e8meann":0,"1+4":0,"1+i":0,"1+":0,"1\u20ac":0,"1+x":0,"1+9":0,"1=":0,"1\u2212":0,"1+f3":0,"1+a2":0,"1+12":0,"1+41":0,"2\u20ac":0,"2^2x4":0,"2x0":0,"1x4":0,"+2x0":0,"1+11":0,"02+":0,"1usd":0,"1^3":0,"2=":0,"1=16":0,"1+15":0,"1+tmeg":0,"1\u00b2=4":0,"2x":0,"2m":0,"1m":0,"1eur":0,"1+g":0,"1+rd":0,"1an":0}