{"le":0.0056719963833633986,"sur":0.0077324433415501756,"merc":0.0033893145656479586,"de":0.0029352503704414942,"trouv":0.0090093515663719377,"bonjour":0.0018905782343561902,"comment":0.0079809866499251023,"3":0.023440679772980835,"par":0.0078734037360177461,"je":0.0029929850347009128,"pas":0.0035232644084130737,"cas":0.011781665882692178,"\u00eatre":0.012128967313184051,"moi":0.012736581535271069,"pens":0.013097992519057763,"ann\u00e9":0.022717537638251437,"cel":0.011659460867440628,"sembl":0.013323988240298172,"ne":0.0057108637759451441,"fair":0.01187471645354253,"annuel":0.01355739496408892,"003":0,"3\u00b0":0,"multipli":0.014667874905713543,"nombr":0.0275860398730963,"p\u00e9riod":0.013839742861875852,"3h":0,"semain":0.014714248146639762,"3iem":0,"3em":0,"3+":0,"3+1":0,"hebdomadair":0.015145790410091875,"3m":0,"3=":0,"3^2x24":0,"3x0":0,"3e":0,"3+2":0}