{"j":0.0048667782936207098,"a":0.0041744551888822498,"que":0.0028827043569903069,"le":0.0010347610123015627,"me":0.002539342487407652,"tout":0.0033661122924102949,"en":0.0031508719535381043,"au":0.0071497841976756434,"sur":0.002214999198843574,"l":0.0011644163391131609,"du":0.0044663954037338837,"r\u00e9sultat":0.0069301330975396402,"apres":0.0035499362599780942,"une":0.0076701207427475101,"la":0.0020544388996562315,"premi":0.0035595772483058854,"merc":0.00097088704254689551,"de":0.0020961374864136113,"d":0.0021420114622636654,"vous":0.0042909561210694707,"trouv":0.0025807762980146563,"2em":0,"un":0.0053196011626025956,"dan":0.001378258394839295,"si":0.0027489777519382826,"(":0.0017282578769228392,")":0.0016892688260963416,"bonjour":0.0005415661117033852,":":0.0046311492422335433,"taux":0.0025276572678488408,"1":0.0067551051799423544,"\/":0.0073656617029074205,"2":0.0032549407453975132,"je":0.0033751770545288147,"calcul":0.0032768317941344527,"invest":0.0034651592134984513,"pas":0.0010092576818525399,"il":0.0032618083626534461,"o\u00f9":0.0065083173490443156,"mais":0.0026291836807482917,"qu":0.0026353162123863142,"\u00e0":0.0023342349667303166,"ann\u00e9":0.0065926514026017008,"n":0.0019571392548566962,"avanc":0.0023070027097067498,"co\u00fbt":0.0038387709045105182,"id\u00e9":0.004282723290753577,"y":0.0060212883187064793,"avec":0.0027167643610736271,"m\u00eam":0.0030194024333424531,"1+r":0,"r":0.0037841010015988185,"01":0,"n\u00e9gat":0.0040486885293867722,"van":0.0063287325264222835,"flux":0.0035595772483058854,"rent":0.0037733407379336925,"formul":0.002869350973753119,"total":0.0039762880754271738,"puisqu":0.0040364418545390376,"fonction":0.0039762880754271738,"2e":0,"chaqu":0.0037413965039492965,"mon":0.0034559534857509346,"02":0,"arriv":0.0097859131327387577,"1+7":0,"moment":0.004085876160087239,"1+3":0,"1+tap":0,"1+6":0,"1\u00b0":0,"2\u00b0":0,"1=1":0,"rapport":0.00389494705332275,"20":0,"tableau":0.00395271480440811,"1mais":0,"1+teg":0,"integr":0.0041623500689387414,"perp\u00e9tuel":0.0041884922889732874,"posit":0.0040486885293867722,"1+tri":0,"1er":0,"1+2":0,"million":0.0042553528766769363,"repr\u00e9sent":0.004085876160087239,"graphiqu":0.0041237546220576158,"colon":0.0042965475147738238,"1+ta":0,"[":0.011732211660282961,"]":0.011732211660282961,"1min45":0,"http":0.0039881777023073606,"edxupload":0.0040364418545390376,"s3":0.0040364418545390376,"amazonaw":0.0040364418545390376,"com":0.0039881777023073606,"1+n":0,"1+0":0,"1+5":0,"1=5":0,"1+taeg":0,"1=9":0,"1+r2":0,"1+2r+r":0,"1+1":0,"droit":0.004228344995312187,"1x":0,"1+taux":0,"1x4x":0,"1x08":0,"2x3":0,"1=r":0,"2min54":0,"1+rn":0,"join":0.0043528011577516771,"cop":0.004338591586431283,"\u00e9cran":0.004338591586431283,"100000":0.011190616207059906,"900000":0.014472365098439317,"20em":0.007055089629313103,"milieu":0.004338591586431283,"libreoffic":0.0043528011577516771,"magnif":0.0043528011577516771,"sor":0.0043528011577516771,"rout":0.004338591586431283,"14890964221378811":0.014472365098439317,"jpg":0.0042965475147738238,"2i\u00e8meann":0,"1+4":0,"1+i":0,"1+":0,"1\u20ac":0,"1+x":0,"1+9":0,"1=":0,"1\u2212":0,"1+f3":0,"1+a2":0,"1+12":0,"1+41":0,"2\u20ac":0,"2^2x4":0,"2x0":0,"1x4":0,"+2x0":0,"1+11":0,"02+":0,"1usd":0,"1^3":0,"2=":0,"1=16":0,"1+15":0,"1+tmeg":0,"1\u00b2=4":0,"2x":0,"2m":0,"1m":0,"1eur":0,"1+g":0,"1+rd":0,"1an":0}