{"correct":0.0090705401124113651,"le":0.001743521072886862,"tout":0.0085310091138418968,"l":0.0029510739804131238,"du":0.0038136827717894272,"une":0.0049378605309320636,"la":0.0026099344200101429,"et":0.0060804784157964722,"pour":0.0078667291864282472,"d":0.0027289294490689051,"est":0.0031359318542910682,"bonjour":0.0013725345542115845,"taux":0.0064060451094597069,"je":0.0083555830981534608,"calcul":0.0082380498027723841,"pas":0.0025578429161475795,"ce":0.0042035376045802359,"\u00e0":0.0086876548030526725,"suis":0.0085310091138418968,"ok":0.010854050088543026,"ne":0.0041460108470725079,"van":0.0080628254661076759,"formul":0.0072720269502272762,"indiqu":0.0094024120056528902,"ensuit":0.0098712775817812459,"l\u00e0":0.01035516457318617,"niveau":0.010199026804666111,"\u00e9quilibr":0.010854050088543026,"bloqu":0.020434158243466317,"dois":0.010581999538932805,"tri":0.0098138573575000301,"solv":0.01092436092849523,"jusqu":0.01035516457318617,"parvien":0.010386966316734633,"complet":0.010615232881878038,"object":0.010889085931338416}