{"r\u00e9pons":0.0069802827320187364,"l":0.0030342136698643346,"la":0.0039697997822360411,"et":0.0031681378351919253,"de":0.0032572664087173126,"d":0.0028058107297266304,"vous":0.0074309852758690596,"un":0.0046701683138594312,"5":0.0084600188727721355,"(":0.0045034610895307746,")":0.0044018641718141308,"ser":0.0093771719819474297,"comment":0.0059573248300881336,"1":0.005930421699644868,"je":0.002234082682430407,"pas":0.0026299042291220917,"il":0.0042726274174897704,"\u00e0":0.0030576033932300326,"n":0.0050998757759076569,"exercic":0.0081455272739163892,"possibl":0.0095599590403440196,"bonsoir":0.0098046069191898497,"car":0.0085912195365296824,"1+r":0,"%":0.0063781269787289117,"actualis":0.0093515653930569213,"comprendr":0.0092253514560013995,"01":0,"van":0.016352802406492475,"3000":0,"futur":0.010209079282620655,"obten":0.0095334584521874714,"entre":0.0095334584521874714,"arriv":0.0085912195365296824,"1+7":0,"1+3":0,"1+tap":0,"1+6":0,"d\u00e9taill":0.010745600370863112,"1\u00b0":0,"1=1":0,"1mais":0,"tx":0.011305418394879512,"1+teg":0,"1+tri":0,"1er":0,"1+2":0,"1+ta":0,"1min45":0,"05":0,"1+n":0,"1+0":0,"97":0.022354233481372006,"1+5":0,"1=5":0,"1+taeg":0,"1=9":0,"1+r2":0,"1+2r+r":0,"1+1":0,"1x":0,"1+taux":0,"1x4x":0,"1x08":0,"1=r":0,"1+rn":0,"5iem":0,"1+4":0,"5em":0,"0005+1":0,"1+i":0,"1+":0,"1\u20ac":0,"97\u20ac":0,"1+x":0,"5e":0,"1+9":0,"1=":0,"1\u2212":0,"1+f3":0,"1+a2":0,"1+12":0,"1+41":0,"5=>":0,"5^2x18":0,"5x0":0,"1x4":0,"5^2":0,"1+11":0,"1usd":0,"1^3":0,"1=16":0,"1+15":0,"1+tmeg":0,"1\u00b2=4":0,"5+5":0,"3000\u20ac":0.021051810374942619,"1m":0,"1eur":0,"5xtaux":0,"1+g":0,"1+rd":0,"5an":0,"5min08":0,"1an":0}