{"tout":0.012211853592211042,"l":0.0042243634847506303,"merc":0.0035222622979305812,"de":0.0015534443794164318,"vous":0.0052447241785690173,"exempl":0.01177840412538835,"un":0.012758602301962014,"dan":0.0050001569371179288,"comm":0.011718505131998088,"pourr":0.010847206861163364,"m":0.0095383645544808628,"bonjour":0.0019647372078277154,"comment":0.008294045250988466,"il":0.011672545899991687,"peut":0.011600142842639282,"\u00eatre":0.012604732742442636,"\u00e0":0.0042569276691011978,"expliqu":0.010236758804308821,"t0":0.014960489526245719,"100":0.023418390860091693,"flux":0.025340014518036139,"suit":0.014688158702493169,"rapport":0.014130402979079705,"posit":0.014688158702493169,"100k":0,"an\u00e9mon":0.015637856491185414,"100+2":0,"+100":0}