{"que":0.007247202038891315,"le":0.001743521072886862,"l":0.0058234431985838848,"du":0.0075256551161840581,"merc":0.0048555704300912257,"bien":0.011883429234330632,"pour":0.0053138155861833201,"vous":0.0072300486112025818,"veut":0.020496913582166598,"dir":0.017658078238541416,"bonjour":0.0027084637889782368,"calcul":0.0082380498027723841,"invest":0.017329847732321092,"\u00e0":0.005868334145719069,"pourquoi":0.013303272550100564,"ajout":0.020687530540569498,"cf":0.017283808329713497,"incr\u00e9mental":0.041738362409234162}