{"j":0.0070556090425823335,"a":0.017658048347951392,"certain":0.017474764375449446,"merc":0.0041777847467879548,"de":0.0018425533604134092,"d":0.0046333793289339963,"bonjour":0.0023303912213272532,"on":0.0077999194917816976,"aim":0.015919461611302969,"savoir":0.014990552574806441,"il":0.0070556090425823335,"qui":0.010876659710098598,"qu":0.011339922558023796,"avanc":0.009927170009528476,"y":0.01302463283738124,"le\u00e7on":0.016566275773290947,"s":0.01302463283738124,"re\u00e7u":0.01854819226828093,"montr":0.018194820253478856,"badg":0.01873036253007521,"numer":0.018488299755225909}