{"le":0.0025811599760621781,"en":0.0059808262917522125,"merc":0.0036660672554087431,"de":0.0046651215651265197,"pour":0.004012052878701892,"est":0.0046722549571690357,"\u00e9gal":0.014048127604497232,"bonjour":0.0020449524009987135,"san":0.012546257544582339,"calcul":0.0062199169109370478,"il":0.012139936849689701,"qui":0.0095444280708988551,"mais":0.0099277915741478005,"qu":0.0099509479996078981,"sont":0.012259286229315483,"faut":0.013368318175878335,"amort":0.014750445776637536,"retrait":0.0160682027442355,"cash":0.015059349895973172,"flow":0.015195627890062608,"sort":0.015815737317758358,"charg":0.015966221045881041,"provis":0.016436167231027709,"ressourc":0.016276310160318951}