{"question":0.0033351006627127728,"alor":0.0066417548817430255,"que":0.0055858326583972271,"le":0.0026338947132755978,"en":0.0030845328539480161,"l":0.0044884603780064288,"du":0.0058004523536432234,"une":0.0037942587779302797,"la":0.002011625568230735,"merc":0.0018907261877318872,"de":0.00083387826371511314,"d":0.0020969131168489439,"dan":0.0078883504215956149,"est":0.007081909278225591,"comm":0.0062904129959761371,"si":0.0053534180572102873,"+":0.014024860005253898,"bonjour":0.0010546574265731478,":":0.0045336440832402973,"4":0.0078606531812534658,"cour":0.0059236060021116066,"je":0.0016696341029994639,"calcul":0.0063495356391179703,"invest":0.01983255842666834,"pas":0.0038903723385089882,"il":0.0093845337760229963,"\u00e0":0.0022850895085181201,"n":0.0038113748356229517,"avanc":0.0044927064089438484,"pourquoi":0.010253592196703696,"se":0.0068023982395498759,"dit":0.014220879091507276,"ne":0.0031858003990504866,"comprend":0.0047340783021899086,"part":0.0064873584436271085,"=":0.0061954861033558309,"compt":0.0069888606269897071,"amort":0.015057834773797206,"suit":0.0078845026177301429,"cf":0.013321618537953878,"pris":0.007697601333441377,"correspond":0.0077204885393756814,"ici":0.0076073492840213475,"04":0,"rn":0.024277623294326214,"bsr":0.024912905284263445,"cf=":0.008476738053235738,"pr\u00e9senc":0.0084490660301943799,"04\u20ac":0,"4em":0,"4an":0,"4e":0,"4min25":0}