{"le":0.0025811599760621781,"d":0.007972229202956151,"trouv":0.019107753755690175,"bonjour":0.0040096896088264201,"on":0.013420603308858668,"comment":0.016926715148227998,"je":0.0063477621686996643,"pas":0.007472421098919867,"actualis":0.026570866641153004,"ne":0.012112056895454694,"comprend":0.017998436361785723,"facteur":0.03091400027902242}