{"a":0.0027533041062424934,"question":0.0022470083166807701,"alor":0.0044748509763097915,"que":0.0056249058510085314,"le":0.0022248327635547697,"en":0.0061481705691593261,"au":0.0031605611118189583,"l":0.0030342136698643346,"du":0.0077348072422338326,"r\u00e9sultat":0.0045708393193632426,"la":0.00068472109775576811,"et":0.0015952247013655747,"premi":0.0046704001313267593,"merc":0.0012738678373035864,"de":0.0022009970243038871,"pour":0.0013940892972433435,"d":0.0041796213953738939,"exempl":0.0042597992202089568,"un":0.0023515289552899338,"000":0.0099455530326536118,"euros":0.01036133488385135,"dan":0.0070844702813133683,"non":0.0045344389200690036,"comm":0.0042381360404930265,"(":0.0022675883264476108,")":0.0022164321201348963,"bonjour":0.00071057045901318781,"projet":0.013238517410906118,"format":0.004950871929067833,"ains":0.0051708907565927633,"je":0.0011249080896412922,"calcul":0.0042923065396557065,"invest":0.0045465174420624291,"ou":0.0036325240496052854,"pas":0.0026299042291220917,"il":0.0021513586689319614,"\u00e0":0.0015395682617338725,"sont":0.0042597992202089568,"quizz":0.004813642460816751,"avanc":0.0030269397197415998,"pourquoi":0.0034901380335118286,"votr":0.0039616551454031311,"r":0.0049649901047187847,"consider":0.0050659601282383613,"soit":0.005036720623240315,"ne":0.0042628151212366905,"comprend":0.0031895628925893188,"t=0":0.01036133488385135,"&":0.0055655269171450885,"faut":0.0046451604339685483,"relat":0.005444291181477828,"cf":0.0045344389200690036,"frais":0.0052801054340248076,"analys":0.0055833036475138789,"20":0.0092567429311859878,"net":0.005360939017052758,"50":0.0096341829309360104,"retour":0.005427411705440352,"50\u20ac":0,"comptabilis":0.011268647612064156,"50$":0,"nul":0.0056192154360721544,"monsolin":0.0055655269171450885,"endet":0.0055478675257854305,"20em":0,"d\u00e9pens":0.0056011992866618768,"irr\u00e9cuper":0.0056740034546697536,"entrepr":0.0056925183249459232,"commerc":0.0056925183249459232,"d\u00e9co":0.0056740034546697536,"design":0.0057111622197490068,"pr\u00e9alabl":0.0056556158353663925,"faisabl":0.0056925183249459232}