{"question":0.0028543372276858279,"le":0.0022638967109356815,"en":0.012748028049509606,"l":0.0019407275027818807,"du":0.0049716254092458797,"la":0.003388901941652759,"de":0.0041010137962815951,"bien":0.0039602855485970749,"pour":0.0035104320063116829,"vous":0.0093879469111921385,"dan":0.0089501766489653127,"est":0.002062296383237561,"bonjour":0.00090262581540026109,"suiv":0.0059650983940357418,"projet":0.0056843286405343189,"4":0.0067275195798523722,"form":0.0071379957477239126,"par":0.0037590285014672134,"calcul":0.0080921744390326442,"invest":0.01144850647475013,"pas":0.0049580903841300854,"ce":0.008148084170856093,"mais":0.004382048677691759,"\u00e0":0.0019556879124158866,"n":0.006466173716904897,"tres":0.0062007324119932941,"clair":0.0065491316469475499,"quizz":0.012121149337281263,"contr":0.006959085972069433,"pourquoi":0.0044334641954199379,"cet":0.0045925494426142686,"m\u00eam":0.005032424526795273,"le\u00e7on":0.0064165827785327405,"vu":0.0064916908277152744,"soit":0.006398062291822949,"ne":0.0027265589853559726,"part":0.0055521888505533201,"mont":0.012537994537808935,"cordial":0.0056102842977179814,"chaqu":0.0062357688140622447,"compt":0.017630264227285933,"amort":0.0065107300982421108,"mon":0.0057600222127078358,"cf":0.0057600222127078358,"pren":0.020512014177114769,"8":0.010502100721458336,"sous":0.0068943506643091377,"p\u00e9riod":0.0066075600356653042,"avez":0.006271170185219041,"point":0.0066272615453356349,"04":0,"dotat":0.0072311111861742628,"d\u00e9march":0.0071151101332917995,"charg":0.007047363686001144,"monsolin":0.0070697961166254339,"rn":0.014014456506170983,"08":0,"04\u20ac":0,"4em":0,"4an":0,"4e":0,"4min25":0,"08+0":0,"8min25":0,"8+50":0}