{"que":0.0033098122689888374,"le":0.00079626970620020536,"sur":0.0050591565578517123,"l":0.0077894749332068271,"et":0.0027769671597293781,"de":0.0019324688463363173,"bien":0.0054271868876261094,"pour":0.0047951777199710431,"vous":0.0065243829885424541,"2em":0,"000":0.017225064231852712,"dan":0.0062201438531083392,"an":0.0079996450514023508,"euro":0.0096884692559433602,"bonjour":0.0012369610548685023,"on":0.0041401617694683205,"3":0.0078103827114381812,"2":0.0074344292431771262,"invest":0.0079145775619799755,"il":0.0037450851703267705,"qui":0.0057732814753681978,"\u00e9nonc":0.0086430547730251776,"qu":0.0060191792867771215,"\u00e0":0.0052955742803842574,"ann\u00e9":0.007569433349828231,"aur":0.0081302325474196489,"t3":0.0098773052124385662,"exercic":0.0071397972294900084,"pourquoi":0.0060756322878451488,"y":0.0069134158360870321,"dit":0.0084263963801563674,"ne":0.0037364844004506423,"2e":0,"003":0,"02":0,"d\u00e9velopp":0.0095667024359799863,"2\u00b0":0,"3\u00b0":0,"tableau":0.0090281761882709741,"50":0.033138206736039316,"3h":0,"50\u20ac":0,"prend":0.0093609831334352227,"activ":0.0097819302296778734,"t4":0.0098452960447599769,"3iem":0,"3em":0,"50$":0,"3+":0,"3+1":0,"font":0.0098452960447599769,"2x3":0,"2min54":0,"pralin":0.0099419911906790323,"killian":0.0099419911906790323,"2i\u00e8meann":0,"3m":0,"3=":0,"2\u20ac":0,"2^2x4":0,"3^2x24":0,"2x0":0,"+2x0":0,"3x0":0,"02+":0,"2=":0,"2x":0,"2m":0,"3e":0,"3+2":0}