{"correct":0.0090705401124113651,"a":0.0026773484469090041,"le":0.00044479718464957246,"system":0.0054466784751350727,"me":0.0095885514332669872,"au":0.0030733704151691744,"l":0.0014856437240577569,"du":0.0038136827717894272,"la":0.00066583163243238714,"de":0.0010852118442609498,"pour":0.0026928163250416258,"quiz":0.004089936260215408,"\"":0.020841715265113886,"est":0.0015787057557086824,"5":0.0041422837384771476,"rentabl":0.0047201674200073682,"projet":0.0086436010842080944,"t":0.0043172459146496953,"permet":0.004897772137691837,"pas":0.0012876814680763344,"ce":0.0021161649292882742,"i":0.026511828846801599,"%":0.0031229258543337005,"second":0.005343971115277131,"ne":0.0020872045349287997,"entrepris":0.0049986771581948582,"regard":0.0052613742765582078,"point":0.0050732261527721362,"coc":0.0050134170383884088,"tri":0.0049405388305199006,"regl":0.0053948179825619004,"05":0,"evalu":0.0054995938293924762,"put":0.011031654063130373,"as":0.016382511922172792,"my":0.011031654063130373,"first":0.0055536078504448624,"answer":0.010995641603679334,"conclur":0.0055354782865212121,"and":0.011031654063130373,"it":0.021769095335954104,"told":0.0055536078504448624,"was":0.011031654063130373,"incorrect":0.0055174741877127174,"so":0.011031654063130373,"then":0.0055536078504448624,"attempt":0.0055536078504448624,"gav":0.011031654063130373,"error":0.011031654063130373,"anoth":0.0055536078504448624,"tim":0.0055536078504448624,"when":0.0055536078504448624,"clicked":0.0055536078504448624,"upon":0.0055536078504448624,"show":0.0055536078504448624,"the":0.02162745819303083,"comput":0.0055536078504448624,"two":0.0055536078504448624,"one":0.016436167231027709,"with":0.0055536078504448624,"both":0.0055536078504448624,"tick":0.0055536078504448624,"which":0.0055536078504448624,"hav":0.0055536078504448624,"missed":0.0055536078504448624,"to":0.0055174741877127174,"this":0.0055354782865212121,"hop":0.0055536078504448624,"won":0.0055536078504448624,"happen":0.0055536078504448624,"during":0.0055536078504448624,"kind":0.0055354782865212121,"matteo":0.0055354782865212121,"5iem":0,"5em":0,"0005+1":0,"5e":0,"5=>":0,"5^2x18":0,"5x0":0,"5^2":0,"5+5":0,"5xtaux":0,"5an":0,"5min08":0}