{"ai":0.0054449568616606967,"le":0.0010238093108482017,"r\u00e9pons":0.015491522282120593,"en":0.0046514985815926712,"au":0.007074112326530501,"une":0.0057217705757773313,"pu":0.012073027753282541,"pour":0.0031203143786824794,"d":0.0031621606416873359,"vous":0.00424554150858528,"\"":0.016279202894944594,"dan":0.0040475672510516666,"si":0.0080729944140208888,"bonjour":0.0015904312763250761,"1":0.0066836105117655635,"cour":0.017590783439810888,"je":0.00732563757483561,"temp":0.01080413053405627,"pas":0.0029639132663617676,"ce":0.0048708702138091286,"n":0.005747581718614737,"quizz":0.010774114552076079,"avanc":0.0067750348199295931,"encor":0.011573724014880184,"votr":0.0088671576046287174,"m\u00eam":0.0088671576046287174,"1+r":0,"01":0,"puis":0.011471939538272032,"1+7":0,"1+3":0,"1+tap":0,"1+6":0,"1\u00b0":0,"1=1":0,"1mais":0,"1+teg":0,"remerc":0.011112867765647877,"1+tri":0,"1er":0,"1+2":0,"1+ta":0,"1min45":0,"1+n":0,"1+0":0,"1+5":0,"1=5":0,"1+taeg":0,"1=9":0,"1+r2":0,"1+2r+r":0,"1+1":0,"1x":0,"1+taux":0,"1x4x":0,"1x08":0,"1=r":0,"1+rn":0,"upgrad":0.012699813849305864,"certifi":0.012617782760114219,"introduir":0.012741254678136853,"1+4":0,"1+i":0,"1+":0,"1\u20ac":0,"1+x":0,"1+9":0,"1=":0,"1\u2212":0,"1+f3":0,"1+a2":0,"1+12":0,"1+41":0,"1x4":0,"1+11":0,"1usd":0,"1^3":0,"1=16":0,"1+15":0,"1+tmeg":0,"1\u00b2=4":0,"1m":0,"1eur":0,"1+g":0,"1+rd":0,"1an":0}