{"en":0.0079213831243547094,"du":0.0075256551161840581,"la":0.0050859657638176953,"de":0.0021414812286743843,"vous":0.0072300486112025818,"5":0,"on":0.0090653446112812994,"je":0.0083555830981534608,"calcul":0.0082380498027723841,"pas":0.0050474684917930666,"ann\u00e9":0.016574116097190672,"pourquoi":0.013303272550100564,"ne":0.0081814481198670096,"comprend":0.012157577742880132,"van":0.015910616417484945,"remerc":0.018924929598032325,"lor":0.019088096444688289,"prend":0.020496913582166598,"5iem":0.016660173235377659}