{"le":0.001743521072886862,"la":0.0050859657638176953,"merc":0.0048555704300912257,"de":0.004173093442268884,"pour":0.0053138155861833201,"on":0.0090653446112812994,"t":0.016922789731586698,"2":0,"calcul":0.0082380498027723841,"valeur":0.014419247164280263,"pas":0.0050474684917930666,"pourquoi":0.013303272550100564,"ne":0.0081814481198670096,"amort":0.019536419643703413,"prend":0.020496913582166598,"d\u00e9gress":0.021487761346047671,"r\u00e9siduel":0.021557370560739118,"2i\u00e8meann":0.017101701519811233,"immo":0.021769095335954104}