{"ai":0.002184765029747186,"question":0.0020180072934218862,"que":0.0033936138261441637,"le":0.0012170230980953092,"me":0.0029922301767002233,"r\u00e9pons":0.0062733388844880469,"en":0.0018663933792641273,"au":0.002838456505749713,"l":0.0053864954904560792,"du":0.0035240037625585215,"autr":0.0040188021735978871,"la":0.0024141044231683049,"et":0.0014326493845638153,"merc":0.0011440432006640476,"de":0.0019808004625091829,"bien":0.0027999092201105003,"pour":0.0061064138138951863,"nous":0.0037299282156738989,"d":0.0025216459316995767,"trouv":0.0030410536414548842,"un":0.0082907281092697294,"euros":0.004685452722327647,"dan":0.0032277080921634155,"est":0.0014580369488944808,"non":0.008093409097935737,"comm":0.0038062117424036836,"fait":0.0037393322561332354,"si":0.0032392535568624863,"bonjour":0.00063815356540243193,"on":0.0042449870510733075,"4":0.0047563348321626349,"3":0.0040294102670772021,"par":0.0026576211312956087,"je":0.0020078209294537804,"calcul":0.0038575935321142805,"invest":0.016029545318332932,"pas":0.0023635547579402682,"cas":0.0079036397004453376,"peut":0.003767767253918107,"\u00eatre":0.0040940615917932407,"qui":0.002978460916839204,"lis":0.0051123724876318,"mais":0.0091783391418509691,"pens":0.0044211503516528488,"cel":0.0039355824519799014,"n":0.0045833743759842701,"exercic":0.0036834523126791736,"avanc":0.0027184529695956439,"contr":0.0049200515310420766,"pourquoi":0.0031344450104572523,"parl":0.0046715238179849804,"cet":0.0032469177715592277,"avec":0.0032012949590297596,"peu":0.0044717359941690467,"sembl":0.0044974338783826343,"van":0.0037487732477305318,"va":0.0040940615917932407,"part":0.0039253797645894435,"ten":0.0049667079343013306,"compt":0.012528227129891911,"mon":0.0040723172870994386,"003":0,"fais":0.0047563348321626349,"cf":0.012064548164872334,"celui":0.0047707656819693644,"3\u00b0":0,"avait":0.0049824635925297227,"trait":0.0049667079343013306,"initial":0.014576025020926022,"04":0,"pr\u00e9c\u00e9dent":0.0048592196927420414,"3h":0,"discuss":0.0050628299227400394,"incr\u00e9mental":0.0050465401703777757,"tient":0.0050628299227400394,"3iem":0,"3em":0,"messag":0.0050142882865318464,"3+":0,"3+1":0,"apparent":0.0050465401703777757,"r\u00e9p\u00e9tit":0.0051291163133716129,"rassur":0.0051291163133716129,"regardon":0.0051291163133716129,"3m":0.0041944221827083334,"tenu":0.0051123724876318,"3=":0,"04\u20ac":0,"4em":0,"3^2x24":0,"3x0":0,"4an":0,"4e":0,"4min25":0,"3e":0,"3+2":0}