{"j":0.0027829816250925523,"ai":0.0046989716249099013,"a":0.0017889959354328269,"question":0.0043403106885814471,"alor":0.0029075938942360923,"que":0.0024595293052569272,"le":0.0014594021898495933,"en":0.0053282198722145449,"sur":0.0092724162451865693,"du":0.0012828728019467859,"r\u00e9sultat":0.0059128038577377501,"une":0.0033068934254331314,"proch":0.0036629455083965635,"la":0.0026099344200101429,"et":0.0010365184508222679,"de":0.0028303291050100887,"bien":0.0020257277171521707,"pour":0.0026928163250416258,"d":0.0018275685992073594,"\u00e9chec":0.0036748115541977446,"quiz":0.0081242254004908528,"vous":0.001232481767616266,"exempl":0.0027678611575943949,"un":0.0045422022621751023,"dan":0.0011750097908674502,"est":0.0031359318542910682,"comm":0.005482421362677771,"bonjour":0.00046170259948076774,"ma":0.0030020081706904843,":":0.0019847158002328541,"projet":0.0057886340487707253,"ser":0.0030679257915662349,"comment":0.001949055699324998,"1":0.0038627881643979838,"\/":0.0021156226023118078,"san":0.0028326525934099255,"cour":0.0025932063062044154,"je":0.0014551727652850478,"valeur":0.0073070627930226645,"pas":0.0017129916630315442,"il":0.001397873887468964,"o\u00f9":0.0027891911056936868,"pratiqu":0.0035265328878633421,"c":0.0053056001647149974,"mais":0.0022414639942957702,"\u00e0":0.00297382280813054,"n":0.0033218109579384149,"fois":0.0066301996792180566,"tres":0.0063145136457146579,"suis":0.0028697194339981163,"plus":0.0025366178715127956,"cet":0.0069834395320479909,"eu":0.0034102460264244759,"essai":0.003472709115937468,"encor":0.0033598549920939563,"bon":0.0029859120468013161,"m\u00eam":0.0025741380825473315,"demand":0.0033598549920939563,"prendr":0.003451637719033731,"1+r":0,"auss":0.0033499497290542159,"comprendr":0.0030182547278238114,"ne":0.0013946636022350717,"diff\u00e9rent":0.0029075938942360923,"01":0,"hypothes":0.0035820765571930109,"emprunt":0.0032632540877284739,"ci":0.0033108836139959601,"certif":0.0031364418110724659,"notion":0.0034102460264244759,"d\u00e9j\u00e0":0.0033899139939439263,"faut":0.0030182547278238114,"pouvoir":0.003451637719033731,"cordial":0.0028697194339981163,"ten":0.0035934014764652752,"compt":0.0090953256132472789,"mon":0.0029463119526388429,"arriv":0.0028107860288655298,"1+7":0,"\u00e9t\u00e9":0.003244561768270089,"propos":0.003244561768270089,"1+3":0,"1+tap":0,"pris":0.0033698170191285457,"1+6":0,"suivr":0.0035596456787465301,"1\u00b0":0,"1=1":0,"sach":0.00360480065803373,"tent":0.0036394536784614827,"approch":0.0036867591542181768,"pr\u00eat":0.0035156339872086033,"1mais":0,"jam":0.0036394536784614827,"pouv":0.0026985942669885427,"1+teg":0,"abord":0.0034102460264244759,"rest":0.0034205019202436567,"manifest":0.0036987894372494026,"d\u00e9courag":0.0036867591542181768,"explicit":0.00360480065803373,"inclur":0.0036867591542181768,"malgr":0.0036278257490855908,"1+tri":0,"frustr":0.0037109035556817734,"voil\u00e0":0.0073637995038233033,"1er":0,"1+2":0,"terminal":0.010716234800844021,"d\u00e9march":0.0036394536784614827,"1+ta":0,"1min45":0,"suffis":0.0036511599109819159,"1+n":0,"1+0":0,"1+5":0,"1=5":0,"1+taeg":0,"1=9":0,"1+r2":0,"1+2r+r":0,"1+1":0,"1x":0,"1+taux":0,"1x4x":0,"1x08":0,"1=r":0,"multipl":0.00360480065803373,"option":0.0072225202067571935,"1+rn":0,"pist":0.0036629455083965635,"\u00e9chou":0.0036748115541977446,"certifc":0.0037109035556817734,"n\u00b06":0.0037109035556817734,"sommair":0.0037109035556817734,"certiif":0.0037109035556817734,"progress":0.0037109035556817734,"bienvenu":0.0036987894372494026,"1+4":0,"1+i":0,"1+":0,"1\u20ac":0,"1+x":0,"1+9":0,"1=":0,"1\u2212":0,"1+f3":0,"1+a2":0,"1+12":0,"1+41":0,"1x4":0,"1+11":0,"1usd":0,"1^3":0,"1=16":0,"1+15":0,"1+tmeg":0,"1\u00b2=4":0,"1m":0,"1eur":0,"1+g":0,"1+rd":0,"1an":0}