{"merc":0.0043816581073426088,"2em":0,"(":0.007799707696306917,")":0.0076237483074542587,"bonjour":0.0024441128988417133,"on":0.0081805508299730417,"comment":0.010317707070825397,"t":0.015271095310807383,"\/":0.011199461508786141,"2":0.014689698060628847,"\u00e0":0.0052955742803842574,"avec":0.012260883158158679,"%":0.031643296597276542,"van":0.01435771191505125,"=":0.028047376505028938,"2e":0,"02":0,"arriv":0.014879444899725942,"8":0.028437387232126531,"2\u00b0":0,"tri":0.0174758262232871,"2x3":0,"2min54":0,"150000+31500":0,"31500":0,"08":0,"150000":0.044125153680043772,"23":0.046178608928543079,"2i\u00e8meann":0,"+31500":0.05255722353568934,"23=2":0,"150000=190000":0,"2\u20ac":0,"2^2x4":0,"2x0":0,"+2x0":0,"02+":0,"2=":0,"08+0":0,"2x":0,"2m":0,"8min25":0,"8+50":0}