{"que":0.0026028116131856624,"le":0.0024349135366503118,"en":0.0028449417965609124,"l":0.0081327268678594369,"du":0.0053541490816622498,"r\u00e9sultat":0.0062572600840798444,"la":0.00093735038454849156,"et":0.0043259739415897492,"de":0.0057713176506936272,"pour":0.0019084414707666664,"d":0.003831229805408707,"un":0.0063769404866723996,"est":0.0022224844467008992,"suiv":0.0064284350743865903,"on":0.0032557922499125854,"1":0.0040878187025793246,"calcul":0.0029586717165591887,"pas":0.0053360480919817351,"il":0.008669116208256689,"qu":0.0047334375717497596,"\u00e0":0.0062038452091954695,"ann\u00e9":0.011791702796783677,"n":0.0069636899843358042,"pourquoi":0.0047778317895595616,"y":0.0054366585058452091,"don":0.0056287425746947518,"1+r":0,"%":0.012941152730350482,"donc":0.005952545772085969,"vu":0.0069959303690085191,"ne":0.0029383433861495541,"01":0,"compt":0.0064460009503912409,"suit":0.007272073958805185,"1+7":0,"pass":0.0068162632670789288,"\u00e9tant":0.0072282114210610957,"1+3":0,"1+tap":0,"pris":0.0070996902298319483,"1+6":0,"const":0.0070370822415732979,"1\u00b0":0,"1=1":0,"produit":0.0076924367704261868,"20":0.037300976977608695,"avant":0.006975526538374674,"variat":0.0223556903753869,"1mais":0,"ca":0.014275676580955533,"net":0.0073388687242813737,"1+teg":0,"rest":0.0072064755820348434,"1+tri":0,"1er":0,"devr":0.0072282114210610957,"1+2":0,"1+ta":0,"1min45":0,"imp\u00f4t":0.0073614071223392641,"influenc":0.0076924367704261868,"nul":0.0076924367704261868,"1+n":0,"1+0":0,"augment":0.0074996302480530045,"1+5":0,"1=5":0,"1+taeg":0,"1=9":0,"1+r2":0,"1+2r+r":0,"1+1":0,"1x":0,"1+taux":0,"1x4x":0,"1x08":0,"1=r":0,"1+rn":0,"20em":0,"\u00e9critur":0.0077674389435291209,"stock":0.037411408651402002,"imposit":0.0077674389435291209,"1+4":0,"1+i":0,"1+":0,"1\u20ac":0,"1+x":0,"1+9":0,"1=":0,"1\u2212":0,"1+f3":0,"1+a2":0,"1+12":0,"1+41":0,"1x4":0,"1+11":0,"1usd":0,"1^3":0,"1=16":0,"1+15":0,"1+tmeg":0,"1\u00b2=4":0,"1m":0,"1eur":0,"1+g":0,"1+rd":0,"1an":0}