{"j":0.008669116208256689,"a":0.011094715910637105,"que":0.0076615473033085687,"le":0.0018432036394947162,"la":0.0027591525543421932,"pour":0.0056176230848988488,"quiz":0.016948365817714476,"format":0.019950036553687454,"aim":0.01955999288627765,"savoir":0.018418656917166071,"ce":0.0087692166993102727,"e":0.022426850669611548,"not":0.021341078937118466,"bonsoir":0.019893444584192534,"tous":0.019781144137144855,"final":0.020775195640553652,"comptent":0.022938575324163036}