{"j":0.0055158166988443129,"ai":0.0062371140923185653,"question":0.0029067133003244003,"que":0.0024595293052569272,"le":0.00059170989715560019,"r\u00e9pons":0.0045466165623615348,"l":0.0039170666647858846,"du":0.0075256551161840581,"la":0.0034494691114780414,"et":0.0040899582079307138,"merc":0.0016478659905520333,"de":0.0035074012254871206,"d":0.0018275685992073594,"2em":0,"mal":0.012621594902470626,"dan":0.0023392887488647351,"est":0.0041624351714029647,"non":0.0058657165710640736,"5":0.010921596669056228,"\u00e9gal":0.0063145136457146579,"(":0.0086433101638118178,"+":0.0061753647655720294,")":0.0084483193214231461,"bonjour":0.00091918867798506656,":":0.0039513060889060543,"comment":0.0038803115546600501,"1":0.0038627881643979838,"\/":0.0083479536908818743,"3":0.0058039138183275159,"2":0.0055245419091516715,"oblig":0.012693421350215386,"je":0.0014551727652850478,"calcul":0.0027957996478299354,"pas":0.0033951169259395513,"ce":0.0028151161380662666,"\u00e0":0.0039472620022482051,"quizz":0.0062268922015076529,"plus":0.0050500699595178791,"avanc":0.0039156267813240612,"avec":0.0046111065435717911,"1+r":0,"%":0.020049244945739075,"comprendr":0.006008945100613651,"ne":0.0027765903727075426,"comprend":0.0041259949121174883,"01":0,"100":0.010956131766357236,"sp\u00e9cif":0.0072225202067571935,"expos":0.0069775982056005199,"2e":0,"003":0,"02":0,"1+7":0,"romain":0.0072924389925047954,"1+3":0,"1+tap":0,"1+6":0,"1\u00b0":0,"2\u00b0":0,"1=1":0,"3\u00b0":0,"puissanc":0.0072924389925047954,"1mais":0,"1+teg":0,"1+tri":0,"3h":0,"1er":0,"1+2":0,"revent":0.014269320476764841,"1+ta":0,"1min45":0,"05":0,"100k":0,"3iem":0,"3em":0,"1+n":0,"1+0":0,"^2":0.0072456698728902182,"1+5":0,"1=5":0,"1+taeg":0,"1=9":0,"1+r2":0,"1+2r+r":0,"3+":0,"3+1":0,"1+1":0,"1x":0,"1+taux":0,"1x4x":0,"1x08":0,"2x3":0,"1=r":0,"affich":0.0071766803023939783,"2min54":0,"1+rn":0,"5iem":0,"2i\u00e8meann":0,"3m":0,"1+4":0.0085620221101299545,"^1":0.0073398488048935272,"5em":0,"0005+1":0,"1+i":0,"1+":0,"3=":0,"1\u20ac":0,"1+x":0,"5e":0,"1+9":0,"1=":0,"1\u2212":0,"1+f3":0,"1+a2":0,"1+12":0,"1+41":0,"5=>":0,"2\u20ac":0,"2^2x4":0,"5^2x18":0,"3^2x24":0,"2x0":0,"5x0":0,"1x4":0,"+2x0":0,"3x0":0,"5^2":0,"1+11":0,"02+":0,"1usd":0,"1^3":0,"2=":0,"1=16":0,"1+15":0,"1+tmeg":0,"100+2":0,"1\u00b2=4":0,"5+5":0,"+100":0,"2x":0,"2m":0,"1m":0,"1eur":0,"3e":0,"3+2":0,"5xtaux":0,"1+g":0,"1+rd":0,"5an":0,"5min08":0,"1an":0}