{"correct":0.0069698154142861573,"que":0.0055858326583972271,"le":0.0019953137546422544,"r\u00e9pons":0.005216690586078967,"l":0.0087973334491530664,"la":0.0010162907586706142,"de":0.0024507458024623867,"d":0.0020969131168489439,"vous":0.0028153318841919162,"\"":0.010850838233166481,"b\u00e9n\u00e9fic":0.0081312229025373352,"dan":0.0026840498702588264,"pourr":0.0058227060739332774,"m":0.0051201285213444362,"taux":0.0049224138138621804,"comment":0.0044521864733045643,"par":0.0043921714381883834,"action":0.0077899524547943534,"pas":0.0019654499912187301,"ce":0.0032300040381108151,"qui":0.0049224138138621804,"\u00e9nonc":0.014586524459959603,"pens":0.0073067037546467517,"expliqu":0.010876735976487813,"cet":0.0053660844769985588,"bon":0.006820655371649934,"ne":0.0031858003990504866,"interpret":0.0083135266185960718,"total":0.0077435084255056867,"or":0.0079084961604374126,"futur":0.0076297207191747358,"puisqu":0.0078606531812534658,"compt":0.0069888606269897071,"indiqu":0.0072248262304467157,"d\u00e9duct":0.0083671885059943447,"const":0.0076297207191747358,"nombr":0.0078369461303205469,"son":0.0077899524547943534,"analys":0.0082869651868741293,"entrepris":0.0076297207191747358,"rest":0.0078133797748802889,"modifi":0.0084215855105764965,"distribu":0.0083402669165254135,"kokakool":0.008476738053235738,"laiss":0.0083402669165254135,"chut":0.008476738053235738,"contred":0.008476738053235738}