{"le":0.0038899250552943388,"me":0.0059468212390868394,"en":0.0037093094891980753,"sur":0.0051872499852079644,"l":0.0053864954904560792,"du":0.0035240037625585215,"la":0.0035773421081561193,"et":0.0056242447036261647,"de":0.0010027815241051773,"exempl":0.007603211416440046,"dan":0.0032277080921634155,"an":0.0082021890803427658,"5":0.015018669897890859,"(":0.0040473629296046794,")":0.0039560554684423405,"bonjour":0.001268279828899799,"utilis":0.0067035543147374206,"1":0.01052799611935973,"\/":0.0058115364199684046,"prix":0.0083815617074981426,"cour":0.0071234410506536821,"je":0.0039660609316137805,"temp":0.0086156887311761004,"pas":0.0023635547579402682,"1+r":0,"%":0.0057321678106712747,"ne":0.0038310889234860258,"comprend":0.011245363860133084,"diff\u00e9rent":0.007987052034879134,"01":0,"formul":0.0067196596747881969,"entre":0.0085679359859485923,"1+7":0,"logiqu":0.0097477011932127784,"1+3":0,"1+tap":0,"1+6":0,"chiffr":0.0097782139790023332,"1\u00b0":0,"1=1":0,"09":0,"9":0.016159283459072277,"1mais":0,"perturb":0.010094570345582518,"1+teg":0,"impact":0.009965502090529637,"revanch":0.010061974760122605,"1+tri":0,"1er":0,"1+2":0,"9+":0,"1+ta":0,"1min45":0,"05":0,"1+n":0,"1+0":0,"1+5":0.0059468212390868394,"1=5":0,"1+taeg":0,"1=9":0,"1+r2":0,"1+2r+r":0,"1+1":0,"1x":0,"1+taux":0,"1x4x":0,"1x08":0,"1=r":0,"1+rn":0,"5iem":0,"1+4":0,"parfait":0.010193713728180523,"^0":0.010127389957442442,"5em":0,"0005+1":0,"1+i":0,"1+":0,"1\u20ac":0,"1+x":0,"5e":0,"1+9":0,"1=":0,"9=":0,"1\u2212":0,"9=850":0,"1+f3":0,"1+a2":0,"1+12":0,"1+41":0,"5=>":0,"5^2x18":0,"5x0":0,"1x4":0,"5^2":0,"1+11":0,"1usd":0,"1^3":0,"1=16":0,"1+15":0,"1+tmeg":0,"1\u00b2=4":0,"5+5":0,"1m":0,"1eur":0,"5xtaux":0,"1+g":0,"1+rd":0,"5an":0,"5min08":0,"1an":0}