{"j":0.0048667782936207098,"ai":0.005503201635705517,"a":0.0020984494644281822,"le":0.00034862268860993788,"me":0.005051525711054751,"r\u00e9pons":0.0026787682573308977,"en":0.0031508719535381043,"au":0.0024088431631478142,"une":0.0057829764297059535,"autr":0.0034105381288405262,"la":0.00052186484508214351,"et":0.001215811363747834,"merc":0.00097088704254689551,"de":0.0016856907611706117,"pour":0.0010625146465051262,"d":0.0010767639374252736,"vous":0.0014456716496374416,"un":0.0017922337985213899,"000":0.0075926320933881342,"est":0.0024614787967717849,"fait":0.0031733672584655375,"m":0.0026291836807482917,"si":0.0054685541087488828,"(":0.0034380313580785206,"+":0.0036383915125804728,")":0.0033604702596145087,"bonjour":0.0005415661117033852,":":0.0023280241869488385,"1":0.004527401339695542,"\/":0.002481574736322292,"3":0.0068025079497644903,"savoir":0.0034836962978256275,"je":0.0025447538581293261,"calcul":0.0016472247544388821,"pas":0.0010092576818525399,"ce":0.0016586056131892074,"il":0.0016396726523516074,"o\u00f9":0.0032716544884238133,"oui":0.0041623500689387414,"qu":0.0026353162123863142,"\u00e0":0.0023342349667303166,"ann\u00e9":0.0033140482240163944,"n":0.0019571392548566962,"dont":0.0080054954615932077,"cepend":0.0040486885293867722,"x":0.007981422264153026,"cet":0.002755481952772696,"y":0.0030268307302013511,"bon":0.0035024034495215019,"veux":0.0042149740278418476,"1+r":0,"%":0.0048691884136965779,"actualis":0.0035887767720878868,"diff\u00e9rent":0.0034105381288405262,"01":0,"s":0.0030268307302013511,"effet":0.0039178581396730298,"raison":0.003530789966886974,"fair":0.0034015751903095446,"plusieur":0.0040001370634681803,"formul":0.0085166359369434758,"12":0.0058685136378471324,"18+1":0,"18":0.014254036359946289,"mont":0.0037949183491578645,"r\u00e9soudr":0.0039410295848492987,"entre":0.0036585804421874809,"=":0.0063287325264222835,"emploi":0.0042689921598569429,"003":0,"indiqu":0.0037099450027760078,"arriv":0.0032969848170549725,"1+7":0,"grand":0.0040001370634681803,"1+3":0,"1+tap":0,"capitalis":0.0040610092027187628,"1+6":0,"ensuit":0.00389494705332275,"1\u00b0":0,"^":0.0040242682946036454,"1=1":0,"3\u00b0":0,"intuit":0.0042418042206323328,"tent":0.0042689921598569429,"niveau":0.0040242682946036454,"f":0.0041884922889732874,"\u20ac":0.0081280522722782002,"just":0.0040242682946036454,"37":0.010232248147437943,"75":0.01460698251075958,"1mais":0,"pouv":0.0062969180742116883,"1+teg":0,"1+tri":0,"3h":0,"dis":0.00431046610282827,"1er":0,"1+2":0,"voudr":0.0039762880754271738,"1+ta":0,"1min45":0,"3iem":0,"fa\u00e7on":0.0082288356395529613,"3em":0,"1+n":0,"1+0":0,"1+5":0,"1=5":0,"1+taeg":0,"1=9":0,"1+r2":0,"1+2r+r":0,"3+":0,"3+1":0,"1+1":0,"75+0":0,"ayant":0.0042149740278418476,"1x":0,"1+taux":0,"1x4x":0,"18x3xx":0,"1x08":0,"possibil":0.004228344995312187,"1=r":0,"1+rn":0,"3m":0,"1+4":0,"t67":0.0043528011577516771,"t85":0.0043528011577516771,"dispos":0.004338591586431283,"216":0.025978314513715559,"000\u20ac":0.0042689921598569429,"guid":0.004338591586431283,"12^3+2":0,"12^4+189":0,"12^4":0,"1+i":0,"1+":0,"3=":0,"1\u20ac":0,"1+x":0,"1+9":0,"1=":0,"12\u20ac":0,"1\u2212":0,"1+f3":0,"1+a2":0,"1+12":0,"1+41":0,"3^2x24":0,"1x4":0,"3x0":0,"1+11":0,"1usd":0,"1^3":0,"12=":0,"1=16":0,"1+15":0,"1+tmeg":0,"1\u00b2=4":0,"1m":0,"12^5":0,"1eur":0,"3e":0,"3+2":0,"1+g":0,"1+rd":0,"1an":0}