{"j":0.0070556090425823335,"ai":0.0040355211436522509,"me":0.0055270054126348618,"r\u00e9pons":0.0058304725458978718,"en":0.0034474507976102694,"sur":0.0048210560890067922,"l":0.0025344101635573326,"du":0.0032752267281532365,"la":0.0043913922263873681,"seul":0.0086288607167677774,"merc":0.0021131840095708608,"de":0.0027326527187902026,"afin":0.0085525586589083966,"d":0.0023436303451745172,"vous":0.0031465763566993006,"trouv":0.0056171881653067105,"dan":0.0029998480496669319,"an":0.0076231555683133646,"dir":0.0076849402373380558,"est":0.0026931678488879714,"pourr":0.0065077902065911134,"bonjour":0.0011787456184139797,"utilis":0.0062303169192176339,"ser":0.0078325400127589647,"aim":0.0080522941599245716,"je":0.0018660788173273952,"calcul":0.0035852667289886096,"pas":0.0021966996173237389,"ce":0.0036100377349578346,"avanc":0.00502130631324547,"quel":0.0069595147352329067,"ne":0.0035606332131221351,"formul":0.0062452853214268684,"excel":0.0082598288180162818,"rend":0.0086288607167677774,"\u00e9quivalent":0.0088659683940291271,"version":0.018311036774931976,"tra":0.017966905644705926,"n\u00e9erland":0.0094740885399735696,"n\u00e9erlandais":0.0094740885399735696,"verval":0.0094740885399735696,"googl":0.0094740885399735696}