{"a":0.0099562687471360534,"le":0.0016540694631859982,"bien":0.011273748118164303,"d":0.014601661190351148,"un":0.0085034029450129483,"quelqu":0.017801625530952277,"pourr":0.014186100406635788,"m":0.012474381563554796,"je":0.004067798842453659,"arbitrag":0.019935269929834114,"pas":0.0047885073650670816,"il":0.0077795638450557023,"n":0.0092858106555511726,"arriv":0.015642819829721915,"aid":0.016012591537926005,"concept":0.019748617542861342,"opportunit":0.020584810142351449,"cern":0.020451366436347752,"abstenc":0.020652228640268906}