{"correct":0.0069698154142861573,"a":0.0040865653594657752,"question":0.0033351006627127728,"le":0.0013438313016902025,"me":0.0049451698603032619,"au":0.0046910326856921657,"du":0.0029304390519859736,"une":0.0037942587779302797,"la":0.0039427642015697076,"et":0.0069585979811276595,"de":0.0016505619300085017,"bien":0.0046273267326462164,"pour":0.0020691637430096783,"vous":0.0055726115316681816,"dan":0.0026840498702588264,"dir":0.0068759358825738522,"est":0.0024096543210565553,"fait":0.0061798832572038647,"pourr":0.0058227060739332774,"si":0.0053534180572102873,"on":0.003529983696898342,"4":0.0078606531812534658,"comment":0.0044521864733045643,"je":0.0016696341029994639,"cas":0.0065723920834284627,"il":0.0063204246503326287,"c":0.0060875321358508892,"pens":0.0073067037546467517,"qu":0.010158318812172233,"\u00e0":0.0022850895085181201,"cel":0.0065042201217728147,"sinon":0.0083942938620013199,"y":0.0058945148885812832,"avec":0.0052906850110016638,"se":0.0068023982395498759,"effect":0.0079813591081515194,"part":0.0064873584436271085,"entre":0.0071247977867965597,"pren":0.0081312229025373352,"chiffr":0.0081312229025373352,"niveau":0.0078369461303205469,"invers":0.0081567594486588839,"04":0,"b\u00eat":0.01604455617485822,"correl":0.0166695176489427,"alpha":0.016778685487004511,"gamm":0.032778685426722375,"covari":0.0082605802443736047,"04\u20ac":0,"4em":0,"4an":0,"4e":0,"4min25":0}