{"le":0.0015733503106027176,"la":0.0011919624867981944,"de":0.0019324688463363173,"\"":0.024817096860971121,"5":0.007415458481450748,"rentabl":0.0084499777751654449,"4":0.0092194124898283807,"par":0.0051513836421726439,"illustr":0.0094774220873247873,"%":0.011046509583409764,"video":0.0093898210928446725,"regard":0.0094188387291725822,"cout":0.0096271879038438753,"04":0,"det":0.0090820185863758479,"05":0,"is":0.0099095358986105893,"the":0.047114455295802903,"this":0.0099095358986105893,"kind":0.0099095358986105893,"matteo":0.0099095358986105893,"5iem":0,"in":0.019516579750430363,"miss":0.0099419911906790323,"platten":0.009813505371396098,"of":0.019644392855919381,"exig":0.0095667024359799863,"cr\u00e9anci":0.0099419911906790323,"numeric":0.0099419911906790323,"group":0.0099419911906790323,"highlight":0.0099419911906790323,"fact":0.0099419911906790323,"that":0.0099419911906790323,"324":0.033055524730491906,"substantially":0.0099419911906790323,"low":0.0099419911906790323,"than":0.0099419911906790323,"ytm":0.0099419911906790323,"308":0.033055524730491906,"what":0.0099419911906790323,"do":0.0099419911906790323,"imply":0.0099419911906790323,"falset":0.0099419911906790323,"5em":0,"0005+1":0,"04\u20ac":0,"5e":0,"5=>":0,"4em":0,"5^2x18":0,"5x0":0,"5^2":0,"4an":0,"4e":0,"4min25":0,"5+5":0,"5xtaux":0,"5an":0,"5min08":0}