{"que":0.0054718040795902444,"le":0.0025811599760621781,"me":0.0095885514332669872,"au":0.0090957862828876627,"lieu":0.015149933360326129,"de":0.003170311918163699,"v\u00e9rifi":0.016017043049952613,"d":0.0040658581686747698,"vous":0.0054588528475006089,"comm":0.012196941713284124,"pourr":0.011290070563376255,"utilis":0.010808694720816707,"calcul":0.0062199169109370478,"ce":0.0062628910075874155,"il":0.006191400190702496,"sembl":0.014411951458943421,"total":0.015014454692026339,"nombr":0.015195627890062608,"point":0.015014454692026339,"covari":0.016017043049952613,"\u00e9chantillon":0.016382511922172792,"n=5":0.016436167231027709,"diviseur":0.016436167231027709,"n=4":0.016382511922172792}