{"j":0.0040993912557105846,"question":0.0021552908016692599,"que":0.0071505265306948144,"le":0.001298723888237285,"me":0.0031957893300690447,"au":0.0030315545527127359,"l":0.0014654302563553777,"du":0.00376214019993728,"une":0.0024520192552671583,"la":0.00065677241723869706,"de":0.0031285536069273036,"bien":0.0029903849244173717,"pour":0.0026564224540189009,"afin":0.0049452051638030035,"d":0.0026920475030275258,"quiz":0.0040342891402754735,"vous":0.0036143639467627023,"un":0.0022555451573414696,"est":0.0030935492014603524,"si":0.0034596175237512311,"r\u00e9pondr":0.010504762588012027,"bonjour":0.00068156666928198279,"savoir":0.0043842685707030102,"cour":0.0038280984054853695,"je":0.003193909111327619,"temp":0.0046300241778440675,"ce":0.0041467260782991396,"il":0.0020635453441889616,"\u00e0":0.0043712380984215673,"fin":0.0047623310619902661,"cel":0.0042033171463815482,"plus":0.0037445623998487911,"possibl":0.0046171610675871206,"avanc":0.0029033872668541823,"y":0.0038092984303891987,"encor":0.0049598273408190093,"don":0.0039438857952539671,"%":0.0030804357472701545,"sembl":0.0048033908999194647,"vien":0.0052712617666009461,"estim":0.0051737999852260463,"deux":0.0044797655480122295,"total":0.0050042005234605304,"examen":0.0051579102432925969,"pouvoir":0.0050953172591523934,"compt":0.0045165134569722697,"mon":0.0043493539488061719,"8":0.0079300654679527096,"global":0.0053383553954462933,"\u00e9tant":0.0050645841358558305,"avais":0.0051108229566189205,"point":0.0050042005234605304,"jour":0.0052547589115064892,"avaient":0.0054601633171581622,"remerc":0.0047623310619902661,"\u00e9ch\u00e9anc":0.005355406522121341,"interm\u00e9diair":0.0053898524772059558,"voudr":0.0050042005234605304,"cinq":0.0054601633171581622,"40":0.011264266132641653,"suffis":0.0053898524772059558,"hel":0.0054424041796845299,"mesdam":0.0054424041796845299,"messieur":0.0054424041796845299,"mai":0.0053898524772059558,"08":0,"comptent":0.0054601633171581622,"rendr":0.0054601633171581622,"questionnair":0.0054424041796845299,"corp":0.0054780462126855509,"d\u00e9fend":0.0054780462126855509,"pr\u00e9vu":0.0054601633171581622,"b\u00e9n\u00e9fici":0.0054780462126855509,"del":0.00540725040908772,"08+0":0,"8min25":0,"40=":0,"8+50":0}