{"j":0.0031931335853205016,"ai":0.0036106962161797439,"le":0.0013438313016902025,"en":0.0030845328539480161,"au":0.0092853361220053294,"l":0.0022676092782212679,"la":0.002011625568230735,"merc":0.0018907261877318872,"de":0.0040041901818788197,"bien":0.0046273267326462164,"pour":0.0020691637430096783,"trouv":0.014770864356579259,"un":0.0069085000979236888,"5":0.012514761199834079,"quelqu":0.0073067037546467517,"m":0.0051201285213444362,"\u00e9clair":0.0074973444866520047,"si":0.0053534180572102873,"bonjour":0.0010546574265731478,":":0.0045336440832402973,"taux":0.0049224138138621804,"int\u00e9r\u00eat":0.0066243002635877537,"comment":0.0088125687140418272,"je":0.0016696341029994639,"valeur":0.005614757032856227,"pas":0.0038903723385089882,"peut":0.0062268769327300591,"mais":0.0051201285213444362,"illustr":0.0080806372600211382,"compr":0.0066243002635877537,"avec":0.0052906850110016638,"%":0.0094350541342062381,"donc":0.0064538483777854027,"ne":0.0031858003990504866,"comprend":0.0047340783021899086,"mani":0.0079084961604374126,"100":0,"plac":0.0079326355614428006,"13\u20ac":0,"ta":0.015236477872388443,"capitalis":0.0079084961604374126,"rapport":0.0075851031796943195,"pouv":0.0061643414790991244,"continu":0.0080806372600211382,"13":0.016933331894664071,"max":0.0166695176489427,"05":0,"5iem":0,"1051":0.025431361791065935,"27\u20ac":0.021068861120337335,"5em":0,"27":0,"0005+1":0,"5e":0,"5=>":0,"5^2x18":0,"5x0":0,"5^2":0,"5+5":0,"5xtaux":0,"5an":0,"5min08":0}