{"correct":0.016152179207568593,"le":0.0015733503106027176,"r\u00e9pons":0.023616304279779517,"au":0.010871220556652576,"avoir":0.014394013325681966,"merc":0.0043816581073426088,"de":0.0037750222067497257,"pour":0.0047951777199710431,"d":0.0048594854286416241,"bonjour":0.0024441128988417133,"vos":0.01660336739608935,"il":0.0073999184825018988,"quizz":0.016557240002959418,"avanc":0.010411609882165759,"%":0.011046509583409764,"100":0.029132237605735838,"obten":0.01651134267259682,"faut":0.015977720984374597,"certificat":0.018553359267464879,"100k":0,"evalu":0.01945333279589084,"100+2":0,"+100":0}