{"le":0.0016540694631859982,"de":0.0020316122135944975,"vous":0.013383492873196273,"trouv":0.012244708693175295,"(":0.0081998638416996127,")":0.008014877033675559,"projet":0.016181583001496642,"comment":0.010847046637320607,"je":0.004067798842453659,"ce":0.0078693928590365149,";":0.018213369171798471,"\u00e9valu":0.019626153688653582,"van":0.015094319859898472,"mont":0.018005307060348648,"avez":0.017852145307892375,"remerc":0.017953983251386498,"retour":0.019626153688653582,"coc":0.018643418428890952,"227559":0.06866534494601137}