{"j":0.004892948295091651,"ai":0.0055327938600092377,"le":0.0035031463901242284,"en":0.0047265356633566175,"au":0.0036231013314344885,"l":0.0051709511672987964,"du":0.0022633135052162641,"apres":0.0053394006661798442,"la":0.0015572972448804285,"de":0.0048809681730943291,"pour":0.0031706506909601985,"vous":0.0021744109200425759,"2em":0,"un":0.0053482061168148333,"an":0.0052679073487705633,"fait":0.0047730094325661929,"r\u00e9solu":0.011070849446798035,"pourr":0.0044971449875767754,"m":0.0039545118752591993,"bonjour":0.00081456066978152634,"taux":0.0075427837999001452,"4":0.012045148927792328,"2":0.0048957027708600729,"oblig":0.016756687481983303,"prix":0.010680087612122868,"par":0.0067302751908129245,"je":0.0012895355771099712,"\u00e0":0.0017648802290400995,"derni":0.0054875900915205373,"n":0.0029437009219013557,"exercic":0.0093281346331264003,"6":0.0086943289276818353,"y":0.0045526062536543812,"avec":0.0081070984074877693,"essai":0.012155450001960728,"adapt":0.0064833010779548252,"problem":0.0057905456243487847,"bon":0.0052679073487705633,"%":0.0036815207060502662,"auss":0.0059101622951692094,"actualis":0.0053978200407956214,"ponder":0.0062801192185738828,"100":0.0097090338943052086,"journ":0.0062216998439581046,"certif":0.0055334800913642949,"obten":0.005502810591424232,"r\u00e9soudr":0.0059276376953620764,"2e":0,"rien":0.0061833627893235158,"02":0,"actuel":0.0061080970627041178,"06":0,"2\u00b0":0,"m\u00e9thod":0.006034634282492771,"rencontr":0.0063800278717084666,"04":0,"compar":0.012155450001960728,"lor":0.0057406758355463472,"ver":0.006202471414602952,"tra":0.0062801192185738828,"6min15":0,"100k":0,"test":0.012498882734272545,"matur":0.0064623663588816854,"2x3":0,"aiguill":0.0065256041546549928,"06^":0,"2min54":0,"nouveau":0.0062801192185738828,"2i\u00e8meann":0,"prep":0.0065469765368663599,"origin":0.0064623663588816854,"poid":0.0065043796793875872,"04\u20ac":0,"06=":0,"2\u20ac":0,"4em":0,"2^2x4":0,"2x0":0,"+2x0":0,"02+":0,"4an":0,"4e":0,"2=":0,"4min25":0,"100+2":0,"+100":0,"2x":0,"2m":0}