{"le":0.0043060248235982038,"vous":0.017856261836922609,"*":0.076642890053128451,"pourr":0.019081242761696437,"m":0.016778867771503891,"\u00e9clair":0.024569100415064601,"je":0.010589665780583868,"pas":0.0064408589309205904,"ne":0.010439996460877222,"comprend":0.015513765625463801,"raison":0.022532719344465157,"invers":0.026730029854226307,"remerc":0.024149294248536977,"graphiqu":0.026316888406191546}