{"a":0.0079237403853791612,"du":0.0056820425517797105,"une":0.014425347616902494,"la":0.003863823827447585,"et":0.0045909009329213393,"de":0.0046651215651265197,"d":0.0040658581686747698,"vous":0.0054588528475006089,"trouv":0.0097450054074952087,"4":0.01524159522457747,"prix":0.013514284740092124,"ce":0.0062628910075874155,"o\u00f9":0.012353759876697755,"%":0.018122352167688521,"viennent":0.016171553365282133,"chiffr":0.01576622264124946,"20":0.026640002328333964,"variat":0.031306151961595301,"avez":0.014207708563762307,"04":0,"croissanc":0.01533436147519881,"33":0.036185009331197594,"20em":0,"27\u20ac":0,"iem":0.016436167231027709,"minut":0.016171553365282133,"27":0.039665071350535631,"04\u20ac":0,"27+":0,"4em":0,"4an":0,"4e":0,"4min25":0}