{"a":0.0038437827325045197,"que":0.0026543557731378577,"le":0.00063858095863334569,"system":0.0078196204518685853,"en":0.002901280923939072,"l":0.0042243634847506303,"du":0.0027563418264165743,"vrai":0.0071553970745434174,"\u00e9tait":0.0072618147328569159,"et":0.002227032294642441,"de":0.0037750222067497257,"nous":0.011483644604006188,"d":0.0019723356220001514,"un":0.00328287978535843,"est":0.0044889813348830444,"bonjour":0.00099200028590744728,"utilis":0.0052432654413373967,"je":0.0015704412312517084,"ou":0.0050712281239195774,"pas":0.0018486827135527147,"ce":0.0089395882048465894,"qui":0.0091700388474431193,"derni":0.0066829778820419877,"contr":0.0076481473897199873,"parl":0.0072618147328569159,"avec":0.0049763657006741671,"march":0.0068532102016818745,"appel":0.0078700942894391265,"ne":0.0029965321696646227,"comprend":0.0044528269663257495,"chos":0.0071344726100711535,"rent":0.020337633060844545,"grand":0.0073271518008179064,"fiscal":0.0075770022455075511,"\u00e9conom":0.014599565005684132,"r\u00e9el":0.0074386528313208069,"discut":0.0079212595709214177,"mot":0.0078447721101443414,"defois":0.0079731355040045058,"nos":0.0078700942894391265,"polit":0.0079731355040045058,"europ":0.0079731355040045058,"nich":0.0079731355040045058,"macron":0.0079731355040045058,"interlocuteur":0.0079731355040045058,"uberis":0.015791443017014795,"taximan":0.0079731355040045058,"pourron":0.0079731355040045058,"tax":0.0079212595709214177,"prive":0.0079731355040045058}