{"j":0.0017739178026775525,"ai":0.0020058911181753247,"question":0.0054945888499562077,"que":0.0015677440272920658,"le":0.0014828950349679928,"me":0.0027472464330288659,"r\u00e9pons":0.0057626702057622424,"au":0.0051819968706278705,"du":0.0032371392429802227,"une":0.004191366471087787,"autr":0.003689769598086489,"la":0.0016743422270088185,"et":0.002615500576626155,"merc":0.0010503766143155604,"de":0.0027015756245800057,"pour":0.002285722730902418,"nous":0.010155772009241334,"d":0.0034546709669007075,"trouv":0.0027920725598555352,"*":0.0070926016545470221,"un":0.0019389696090849672,"dan":0.0058625344746190584,"est":0.0026618491039500304,"(":0.012651073812407931,"capital":0.0084282484347461672,"+":0.003936278054049891,")":0.012365668858397259,"bonjour":0.00058590583034953626,"ma":0.0038095823847267892,":":0.002518626839552186,"\/":0.0053384598526733558,"je":0.0018443782588055402,"permet":0.0041530631361969992,"calcul":0.0017820882190841697,"pas":0.0042929598512073848,"ce":0.0070550142292093122,"cas":0.0036512356941685964,"qui":0.0054375943823988726,"mais":0.0028444432070631148,"\u00e0":0.0012694617533406851,"n":0.0042102738979474287,"exercic":0.0033818759352260866,"avanc":0.0024958842679389799,"pourquoi":0.0057223650256548464,"co\u00fbt":0.0082581129060456636,"cet":0.0029810819153261222,"votr":0.0032666103946249968,"m\u00eam":0.0032666103946249968,"%":0.0026480832260240713,"le\u00e7on":0.0041650850183092081,"ne":0.0017698439143396098,"comprend":0.0026299763398972519,"ci":0.0042015488221867417,"depuis":0.0045456957400241008,"formul":0.0031042737507213989,"10":0.0061924670500673896,"d\u00e9j\u00e0":0.0043018392698435807,"\u00e9t\u00e9":0.0041173856484596925,"ensuit":0.0042138386027640376,"correspond":0.0042890507707938211,"avait":0.0045745328814805301,"pos":0.0084035356018320202,"commentair":0.004693805707303534,"75":0.0079439327631612537,"10iem":0,"avant":0.0042015488221867417,"pr\u00e9c\u00e9dent":0.0044613793658450267,"propr":0.0088711809360037166,"semain":0.0045600671909046455,"10+1":0,"imp\u00f4t":0.0044339751636452499,"cmpc":0.0087362005555312594,"vd":0.004618507957060947,"vd+vcp":0.0093029899140626444,"vcp":0.0046483193554373537,"bet":0.0045745328814805301,"habitud":0.0046785391418203053,"droit":0.0045745328814805301,"medaf":0.0046333632987741249,"+10":0,"rcp":0.0090388389067507721,"75+0":0,"ayant":0.0045600671909046455,"typ":0.0044339751636452499,"nouveau":0.0045172307011084982,"rd":0.0046483193554373537,"utilison":0.004663377502014664,"appliquon":0.0093333465489881355,"r\u00e9\u00e9crir":0.0047091786608607659,"10^7":0,"10em":0,"10h":0,"10min15":0,"10^1":0,"10^2":0}