{"le":0.0015001441846809438,"en":0.0068156427894241981,"au":0.010365395543856274,"une":0.0083838667654034995,"autr":0.014675748618120481,"de":0.0018425533604134092,"d":0.0090607612852697857,"est":0.0053244182752967221,"bonjour":0.0023303912213272532,"cas":0.014522483252319029,"il":0.0070556090425823335,"quizz":0.015786851241851696,"possibl":0.015786851241851696,"se":0.015030709254024799,"mani":0.017474764375449446,"final":0.016908489250991844,"repass":0.018669217898702843,"modul":0.018488299755225909,"echec":0.018669217898702843,"prochain":0.017690093441886823,"r\u00e9inscrir":0.01873036253007521}