{"le":0.00079626970620020536,"en":0.003617712175216416,"l":0.0052550647696494963,"la":0.0034910650020466339,"et":0.0027769671597293781,"merc":0.0022175491308524232,"de":0.0028644590119378992,"pour":0.0024268306482848178,"d":0.0048594854286416241,"*":0.0075304597703916157,"est":0.0028261769895533305,"(":0.007799707696306917,"+":0.016420229099941591,")":0.0076237483074542587,"bonjour":0.0012369610548685023,":":0.0053173106511228965,"on":0.0041401617694683205,"1":0.0051981912277698026,"\/":0.0056680269264290086,"appliqu":0.0085697097050049902,"actif":0.0078103827114381812,"valeur":0.0065853002190095333,"action":0.018052803494676788,"pas":0.0023051893754057677,"ce":0.0037883288938599896,"peut":0.0073032285794195784,"pertinent":0.0098773052124385662,"exercic":0.0071397972294900084,"1+r":0,"r":0.025314107082288439,"consider":0.0088188233899422434,"ne":0.0037364844004506423,"01":0,"formul":0.0065537250772913095,"direct":0.0094480382954430647,"=":0.0072664116638623544,"1+7":0,"1+3":0,"1+tap":0,"1+6":0,"1\u00b0":0,"1=1":0,"nombr":0.0091916075382005441,"1mais":0,"1+teg":0,"resolu":0.009813505371396098,"1+tri":0,"1er":0,"1+2":0,"1+ta":0,"1min45":0,"levi":0.019328128202441248,"quoi":0.0092755254043239577,"1+n":0,"1+0":0,"1+5":0,"1=5":0,"1+taeg":0,"1=9":0,"1+r2":0,"1+2r+r":0,"1+1":0,"1x":0,"1+taux":0,"1x4x":0,"1x08":0,"1=r":0,"1+rn":0,"1+4":0,"danon":0.0099419911906790323,"cp":0.0097505677167890673,"1+i":0,"1+":0,"1\u20ac":0,"1+x":0,"1+9":0,"1=":0,"1\u2212":0,"1+f3":0,"1+a2":0,"1+12":0,"1+41":0,"1x4":0,"1+11":0,"1usd":0,"1^3":0,"1=16":0,"1+15":0,"1+tmeg":0,"1\u00b2=4":0,"1m":0,"1eur":0,"1+g":0,"1+rd":0,"1an":0}