{"a":0.0036282305893648001,"question":0.0029610475249188632,"que":0.0025055044682197069,"le":0.00060277053338801808,"en":0.0054269129705518228,"l":0.0020132822123871243,"la":0.0035122415884875631,"seul":0.0068545857509703708,"et":0.0041657153383215986,"de":0.0028818346448285042,"pour":0.0018370936291041485,"vous":0.0024995741809876459,"5":0.01112389429188523,"comm":0.0055849024410861477,"(":0.0029881673119399126,")":0.0029207550300351182,"bonjour":0.0009363707661080178,"suiv":0.0061881054782995494,":":0.0040251665389380992,"on":0.0031340731647370268,"appliqu":0.0064872096095635696,"respect":0.0072192535953435237,"vos":0.0063609614171329341,"valeur":0.0049850256698508377,"action":0.0069162588384190492,"pas":0.001745012046237969,"ce":0.0028677381673830622,"il":0.0028350029746502009,"r\u00e9f\u00e9rent":0.0072647452578531741,"\u00e0":0.0020288019216523328,"n":0.0033839044649343858,"6":0.0099944862805517887,"y":0.0052334068703143591,"votr":0.0052205633044590909,"soit":0.0066372558679195755,"obtient":0.00712999427263357,"25":0.011374666526330285,"12":0.010146692143831793,"text":0.0074048519693713155,"06":0,"09":0,"9":0.011930396027392442,"pouv":0.0054729706612795977,"det":0.0068750238077916366,"explicit":0.0073108315994446426,"million":0.0073575283738881577,"9+":0,"6min15":0,"05":0,"multipl":0.0073108315994446426,"06^":0,"5iem":0,"societ":0.0073108315994446426,"12^3+2":0,"12^4+189":0,"12^4":0,"5em":0,"0005+1":0,"sch\u00e9mat":0.0075260169842978151,"issu":0.0075014485578475433,"ebitd":0.0074528194430277884,"retranch":0.0073811107690277961,"valoris":0.0074770501564716063,"raision":0.0075260169842978151,"biosmil":0.0075014485578475433,"25\u20ac":0,"06=":0,"5e":0,"0025^t":0,"12\u20ac":0,"9=":0,"9=850":0,"5=>":0,"5^2x18":0,"5x0":0,"5^2":0,"25=":0,"12=":0,"5+5":0,"025":0,"12^5":0,"5xtaux":0,"5an":0,"5min08":0}