{"j":0.0029451069672522256,"ai":0.0033302354250972768,"que":0.0026028116131856624,"le":0.00062618054139940702,"r\u00e9pons":0.009531315483883503,"en":0.011062603887286785,"l":0.0041431054934683255,"du":0.0027028172290654859,"la":0.0053690869743523353,"de":0.0022639164252065088,"vous":0.0051438389793860648,"trouv":0.0046354754074244961,"5":0.0058314610872213244,"si":0.0049375913652298349,"(":0.0061493079953364154,")":0.006010581196992615,"bonjour":0.00097273692192026352,"\/":0.0044572939819530945,"je":0.0045329303260946913,"pas":0.0053360480919817351,"\u00e0":0.0041750432875431445,"expliqu":0.0050681959959179915,"suis":0.0060460609321701855,"exercic":0.0056146831404382857,"co\u00fbt":0.0068950292732788175,"6":0.010382645606427167,"avec":0.0048797311077337716,"m\u00eam":0.010743324692695694,"don":0.011150264458553563,"ne":0.0086492071620946961,"effet":0.0070370822415732979,"van":0.011319654032133281,"formul":0.0051538003833707623,"fonction":0.014148015976366264,"cordial":0.0060460609321701855,"mon":0.0062074296810325251,"fais":0.0072500770270590778,"excel":0.020064119580522507,"06":0,"peux":0.0074996302480530045,"convaincu":0.0077927849140711639,"integr":0.0074762277522852603,"fichi":0.0074996302480530045,"infin":0.0075947648988230042,"trac":0.0077422671734735061,"voul":0.0075707485627578,"6min15":0,"envoi":0.0076432752520718475,"05":0,"06^":0,"5iem":0,"5em":0,"0005+1":0,"chap":0.0078183075130102524,"d\u00e9chet":0.0077927849140711639,"va=100000":0.0078183075130102524,"r=2000000":0.0078183075130102524,"courb":0.0077422671734735061,"06=":0,"5e":0,"5=>":0,"5^2x18":0,"5x0":0,"5^2":0,"5+5":0,"5xtaux":0,"5an":0,"5min08":0}