{"a":0.0037691414376220763,"que":0.0026028116131856624,"le":0.004147561189639948,"en":0.013702493307560692,"au":0.0043266567705632702,"sur":0.0039784828780406126,"du":0.0053541490816622498,"une":0.0034995397667707579,"la":0.0018568453858647746,"et":0.0021837862045834379,"merc":0.0017438640507414004,"de":0.0037043571486851906,"nous":0.0056855263187476392,"d":0.0056929605363681109,"un":0.0032191305010790634,"dan":0.0072869924205487199,"fait":0.0056998608893995481,"taux":0.0045400653720063539,"int\u00e9r\u00eat":0.012103132173626633,"appliqu":0.0067391556164094011,"cour":0.010822907104940757,"vos":0.0066080042791956039,"je":0.0015399452913937787,"calcul":0.0087090449406883146,"mais":0.0047224225916388625,"\u00e0":0.0021075952046823599,"sont":0.0058314610872213244,"suis":0.0060460609321701855,"exercic":0.0056146831404382857,"elle":0.012839312437527287,"financi":0.0072064755820348434,"bonsoir":0.006758280872016742,"m\u00eam":0.0054233161299736699,"doivent":0.0076432752520718475,"actualis":0.0064460009503912409,"avon":0.0074762277522852603,"emprunt":0.0068751783947296977,"van":0.011319654032133281,"compt":0.012769213433223623,"pris":0.014064140007455964,"fiscal":0.0074298666506287638,"\u00e9conom":0.0072282114210610957,"lumi":0.0077422671734735061,"cash":0.0071633871070911053,"flow":0.0072282114210610957,"pr\u00e9par":0.0077172672257127912,"det":0.0071420314889970625,"dehor":0.0077927849140711639,"charg":0.015044858775942282,"ajust":0.0077674389435291209,"train":0.0077927849140711639}