{"alor":0.0081945309666175206,"que":0.0034817694270224621,"le":0.0016540694631859982,"l":0.0055246705733397522,"une":0.004681318658202328,"la":0.001253889407437451,"de":0.0010288306894893216,"pour":0.0025529136002449444,"quiz":0.015209265948320231,"dan":0.0065392620668878682,"est":0.0058707408050052631,"pourr":0.007183996712000951,"m":0.012474381563554796,"(":0.0081998638416996127,")":0.008014877033675559,"je":0.0020599779129998816,"calcul":0.0039578018920484338,"qui":0.0060732250958369744,"expliqu":0.0067797030639290398,"pourquoi":0.0063912841667338443,"n\u00e9gat":0.0097278207352949932,"ci":0.0093311305803538101,"rent":0.0090662400936444357,"va":0.0083479885408626643,"67":0.020347250503333518,"expos":0.0098776575072232562,"celui":0.0097278207352949932,"croiss":0.010095439163943074,">":0.010191821562222998,"instant":0.010257146270957546,"posit":0.0097278207352949932,"\u00e9tabl":0.010257146270957546,"voudr":0.0095538635063896534,"\u00e9chapp":0.010290138183989581,"67=13":0,"n\u00b09":0.0104585149120884,"pr\u00e9c\u00e8dent":0.0104585149120884,"n\u00b08":0.0104585149120884,"coh\u00e9rent":0.0104243734459008,"67\u20ac":0}