{"le":0.0037981830741574871,"une":0.0073569657809647295,"merc":0.0036660672554087431,"d":0.007972229202956151,"comm":0.012196941713284124,"bonjour":0.0020449524009987135,"projet":0.025251209409513496,"permet":0.014495190168697769,"pas":0.007472421098919867,"il":0.012139936849689701,"c":0.011803561178926282,"peut":0.012073746994495442,"\u00eatre":0.013119351729539513,"pourquoi":0.010044276483656184,"oper":0.015523315882246883,"consider":0.014579338609139278,"ne":0.012112056895454694,"permettr":0.0160682027442355,"uniqu":0.015523315882246883,"pouv":0.011952492430854198,"dra":0.015865572479840856,"s\u00e9lect":0.016329227933308387,"ecart":0.016223753603611724,"parm":0.016329227933308387}