{"correct":0.0074397289127328655,"question":0.0035599572373754187,"que":0.0059583403172370217,"le":0.0034707966619946322,"me":0.0052785792738015277,"au":0.0050073078593708123,"avoir":0.0066299138793085664,"la":0.0021457767282654708,"et":0.0025273300853889172,"merc":0.0020182012648567089,"de":0.0026124469981832895,"afin":0.008168140883611643,"d":0.0044273819563357807,"dan":0.0028650118024720534,"non":0.0071839558986508904,"bonjour":0.0011257637230136467,"suiv":0.0074397289127328655,":":0.0048393079244233661,"ser":0.0074804854140464068,"format":0.0078437147848384129,"vid\u00e9os":0.0080728864597008395,"je":0.0017822028807691355,"il":0.0067419207339701028,"qu":0.0054780816717703322,"sont":0.0067488415379565641,"quizz":0.029527841857680918,"plus":0.0061850039010147451,"possibl":0.0076263007970685474,"avanc":0.0047956101819467056,"don":0.0065142322183728155,"vu":0.0080965001334706715,"certif":0.022445597193394069,"r\u00e9soudr":0.0081922927636521453,"final":0.008168140883611643,"pouvoir":0.0084160854486061976,"suit":0.0084160854486061976,"solut":0.0080494036102795076,"\u00e9tant":0.0083653226445233268,"pos":0.0081202460974194764,"net":0.0084933880801459308,"souvent":0.0088175186898131856,"difficil":0.0089025779350770003,"mati":0.008874034773484479,"reprennent":0.0090482501231031309}