{"le":0.003282215512750005,"de":0.0013898883815314175,"pour":0.003448832726592977,"d":0.0034950847204057623,"vous":0.013610720328337341,"m":0.0085341079788542416,"bonjour":0.00175787781919045,"taux":0.0082045618247631527,"utilis":0.0092913481481746024,"par":0.0073207664922631446,"je":0.0054714583284845913,"pas":0.003275965121222081,"il":0.0053222388255355219,"\u00e0":0.0074883305271815264,"n":0.0063527085813371914,"avanc":0.0074883357812959147,"s":0.0098248366876751321,"formul":0.0093136707102450672,"obten":0.011875442850027871,"arriv":0.010701734017070315,"retrouv":0.01306243470682604,"aid":0.010954706212065433,"rend":0.012868325974606217,"pouv":0.010274577206774582,"remerc":0.012282871975435216,"plait":0.012868325974606217,"exig":0.013595491910448418,"actionnair":0.01368144939627451}