{"a":0.0061625710839198437,"question":0.0050293567086572791,"le":0.0010238093108482017,"r\u00e9pons":0.00786680836636117,"l":0.006733908994804319,"du":0.0087022531087777005,"la":0.0044590474974731814,"de":0.0012574946497740163,"pour":0.0031203143786824794,"d":0.0031621606416873359,"quiz":0.0094139867977876893,"un":0.0052632995788637633,"dan":0.0079705740038322603,"5":0.009534477298837097,"bonjour":0.0015904312763250761,"actif":0.010042253873272081,"prix":0.010510533701081846,"ce":0.0048708702138091286,"\u00e0":0.010025991644151482,"avec":0.0079783925117960803,"t0":0.012110337380937584,"portefeuill":0.02437551807334477,"n\u00e9gat":0.023413876282398268,"constitu":0.024847263804607136,"correspond":0.011642554380363775,"consist":0.012699813849305864,"cash":0.011712185116866973,"flow":0.011818173297310112,"attent":0.012496805395706925,"05":0,"quoi":0.011926071277121067,"5iem":0,"5em":0,"0005+1":0,"sign":0.012617782760114219,"5e":0,"5=>":0,"5^2x18":0,"5x0":0,"5^2":0,"5+5":0,"5xtaux":0,"5an":0,"5min08":0}