{"a":0.0061625710839198437,"que":0.0042556141364724831,"le":0.0029787887455109711,"me":0.0074573530839503613,"la":0.0015325740545740899,"de":0.0012574946497740163,"2em":0,"un":0.010364625513454451,"dan":0.0040475672510516666,"quelqu":0.011018563834506006,"2":0.0095588690876218692,"je":0.0025178206975297285,"calcul":0.0048374477501120852,"pas":0.0029639132663617676,"ce":0.0048708702138091286,"cas":0.0099112163498627521,"il":0.0094823527043724452,"o\u00f9":0.0096079527711815348,"peut":0.0093901769220170305,"qui":0.0074230367959562593,"y":0.0088889724770864122,"term":0.012073027753282541,"ne":0.0048042107959568661,"comprend":0.0071390254377093152,"emprunt":0.011240961973260901,"van":0.009342839316868053,"total":0.011677268540579346,"2e":0,"02":0,"d\u00e9taill":0.012110337380937584,"2\u00b0":0,"rest":0.011782635057293196,"repr\u00e9sent":0.011999098717153222,"ident":0.012577184802122405,"gros":0.012658657839417926,"2x3":0,"2min54":0,"2i\u00e8meann":0,"2\u20ac":0,"2^2x4":0,"2x0":0,"+2x0":0,"02+":0,"2=":0,"2x":0,"2m":0}