{"j":0.0046670834087501091,"ai":0.005277392866380147,"question":0.0048745824606319949,"que":0.0041246511692356368,"le":0.001954979434662771,"l":0.0033143372668675993,"du":0.0042831291314435836,"une":0.0055456878698688927,"la":0.0014854103693195809,"et":0.0034606255314311224,"de":0.0012187963032281115,"pour":0.0030242893123490957,"d":0.0030648477915946304,"dan":0.003923006752780598,"est":0.0035219502730253821,"bonjour":0.0015414870834414447,":":0.0066263732840181585,"taux":0.0071945990444282166,"int\u00e9r\u00eat":0.0096820759384754207,"inflat":0.01166555287388382,"cour":0.0086579413462442908,"je":0.0024403368705321598,"calcul":0.0046885793398447435,"temp":0.010471642449427648,"ce":0.0047209732551636296,"\u00e0":0.0033398863679683544,"m\u00eam":0.0085942782425393882,"chos":0.011086385288217076,"flux":0.010131805207525256,"propos":0.01083262269443777,"d\u00e9but":0.011884593765741833,"mon\u00e9tair":0.012269098227403779}