{"a":0.0041744551888822498,"certain":0.0080785843194024157,"que":0.0057047156695639919,"le":0.0013724319994581381,"r\u00e9pons":0.0053288860376131007,"sur":0.004406308112595978,"l":0.0023163787888286153,"une":0.0038758619648172378,"la":0.0020544388996562315,"et":0.0024186191481538298,"merc":0.0019313900674195331,"de":0.0016856907611706117,"pour":0.0021136652821779271,"d":0.0042389245791126049,"vous":0.0028758812740308048,"un":0.0035652989537045929,"dan":0.0054258256458909557,"bonjour":0.0010773399614553134,"on":0.0036059031152051351,"taux":0.0050282802499429192,"risqu":0.0065418408610354662,"par":0.0044866339426424305,"je":0.001705542951529354,"pas":0.0039731709482143029,"ce":0.0032994717888875204,"cas":0.0067137446297012657,"pratiqu":0.0082288356395529613,"cel":0.0066441064925280716,"auquel":0.0085196411763505675,"vid\u00e9o":0.0063769270164908609,"recevoir":0.0085196411763505675,"parl":0.0078865332152954822,"cet":0.0054814929454390232,"votr":0.0060065111735367552,"quel":0.0063607984788879727,"ne":0.0064401178604743649,"comprend":0.0048358942032766103,"somm":0.015025407364911885,"signif":0.016645835643841377,"argent":0.016437324151800711,"coupon":0.016488946458967608,"replac":0.0085748300802448735,"r\u00e9invest":0.0085471417688936964,"bi":0.0086027086907616256,"per\u00e7u":0.0086590474000766814,"percevoir":0.0086307802343737541}