{"question":0.0025346369572126488,"que":0.0021446951351397534,"le":0.0025010424575355635,"me":0.0037582704557479305,"r\u00e9pons":0.003964622987740328,"en":0.0023442083936962618,"au":0.0035651292165126093,"l":0.0034195717279367228,"du":0.0044191239773341221,"une":0.0028835916802427359,"et":0.0035705048326123172,"merc":0.0014369294831110011,"de":0.001871580664416106,"bien":0.0069780432735285329,"pour":0.0015725399092724362,"d":0.0047063728786625111,"\u2019":0.0055217348604588243,"un":0.010364625513454451,"dan":0.0040475672510516666,"est":0.0071557269864674184,"\u00e9gal":0.0055062188800889759,"(":0.0025578513142524503,"+":0.0053848818723679541,")":0.0025001468499883683,"bonjour":0.00080152713843927113,":":0.0034455157449078057,"on":0.0026827457523392983,"taux":0.014617635840384471,"utilis":0.01251144176147565,"inflat":0.0060657382820498307,"actif":0.0050609788240100319,"san":0.0049175550017300992,"risqu":0.014373565663540656,"savoir":0.0051559303000055208,"vos":0.0054449406014551085,"je":0.001268902120346433,"calcul":0.0024379209024711864,"ou":0.0081304813438466423,"ce":0.0048708702138091286,"cas":0.0099112163498627521,"il":0.0024267436617901265,"pratiqu":0.0061221483643364811,"peut":0.0047323526327612405,"\u00eatre":0.0051421815220836151,"qu":0.0039003132155977873,"\u00e0":0.006785818413749525,"peu":0.0056165442764578586,"quel":0.0047323526327612405,"actualis":0.010539254024084179,"second":0.006199040460999965,"donc":0.0049048482396558436,"sembl":0.0056488210711266654,"prim":0.0057814952505876706,"va":0.0051421815220836151,"vf":0.0057814952505876706,"constitu":0.0063589640493812646,"\u00e9l\u00e9ment":0.0062185735488303395,"coc":0.005815595630745597,"voul":0.0062382338889444338,"quoi":0.0060103633057702818,"th\u00e9oriqu":0.0062979952781097651,"excess":0.0064422204062847752}