{"j":0.0032618083626534461,"que":0.0028827043569903069,"le":0.00069351672084531294,"l":0.0068048391668350337,"du":0.0029934640536044706,"la":0.0020544388996562315,"et":0.0024186191481538298,"merc":0.0019313900674195331,"bien":0.0047268467259443878,"pour":0.0021136652821779271,"d":0.0021420114622636654,"trouv":0.010159809130499201,"exempl":0.0064585459042030306,"*":0.006558707088508091,"un":0.0035652989537045929,"dan":0.0027417757756321346,"(":0.0068036777040014909,")":0.0066501884942310524,"bonjour":0.0010773399614553134,"suiv":0.0071197153507712076,":":0.0046311492422335433,"on":0.0036059031152051351,"taux":0.0050282802499429192,"utilis":0.0056943324197765745,"1":0.004527401339695542,"\/":0.0049366080576367542,"aim":0.0073595677849071506,"valeur":0.011350270738963645,"\u00e0":0.0023342349667303166,"surtout":0.0081781309560412761,"avec":0.0054044718618680423,"1+r":0,"%":0.0048691884136965779,"01":0,"solveur":0.007981422264153026,"88":0.018385682420327426,"1+7":0,"38":0.017805219339653164,"1+3":0,"1+tap":0,"1+6":0,"aid":0.0067137446297012657,"15":0.012921518131001232,"1\u00b0":0,"^":0.0080054954615932077,"1=1":0,"m\u00e9thod":0.007981422264153026,"cibl":0.008384867255463278,"1mais":0,"outil":0.0085471417688936964,"teg":0.0084651930855097323,"775=55":0.018385682420327426,"1+teg":0.0050631985877806745,"775":0,"apprendr":0.0086307802343737541,"1+tri":0,"1er":0,"1+2":0,"1+ta":0,"1min45":0,"1+n":0,"1+0":0,"1+5":0,"1=5":0,"1+taeg":0,"1=9":0,"1+r2":0,"1+2r+r":0,"1+1":0,"1x":0,"1+taux":0,"1x4x":0,"1x08":0,"1=r":0,"1+rn":0,"1+4":0,"1+i":0,"teg=0":0.0086590474000766814,"1+":0,"1\u20ac":0,"1+x":0,"1+9":0,"1=":0,"1\u2212":0,"88=850":0,"1+f3":0,"1+a2":0,"1+12":0,"1+41":0,"1x4":0,"15x4":0,"1+11":0,"1usd":0,"1^3":0,"15an":0,"88\u20ac":0,"1=16":0,"1+15":0,"1+tmeg":0,"15\u20ac":0,"1\u00b2=4":0,"1m":0,"1eur":0,"38xcf=60":0,"1+g":0,"15h":0,"1+rd":0,"1an":0}