{"j":0.0034867798399691894,"ai":0.0039427422744560525,"question":0.0036418024627828329,"alor":0.0072525424962307291,"le":0.0021747981769156509,"sur":0.0047102173357585105,"du":0.003199927449229323,"la":0.0011097506678612735,"et":0.0025854346879796201,"de":0.0043568884567102284,"pour":0.0022594477280527482,"2em":0,"non":0.014533074592986245,")":0.0071037616560773766,"bonjour":0.001151645602913269,":":0.0049505660720583983,"comment":0.0048616174751560616,"1":0.004839662531816594,"2":0.006921663147256436,"je":0.0018231766303880583,"ce":0.0035270409653009997,"i":0.0090780533410907954,"expliqu":0.006000353746087205,"sont":0.0069040008334429904,"cet":0.005859559167829864,"prof":0.01800983065954577,"quel":0.0067995116317168102,"jean":0.0091662480841262755,"petit":0.008963183258069711,"1+r":0,"01":0,"vien":0.0089068695828481374,"deux":0.0075694756330817172,"futur":0.0083313634326211503,"videos":0.0091662480841262755,"2e":0,"02":0,"1+7":0,"1+3":0,"1+tap":0,"1+6":0,"1\u00b0":0,"2\u00b0":0,"1=1":0,"import":0.0087153391144654865,"entrepris":0.0083313634326211503,"regard":0.0087692043046205172,"1mais":0,"1+teg":0,"moyen":0.0085063303641802254,"1+tri":0,"vision":0.018067964682386285,"1er":0,"1+2":0,"1+ta":0,"1min45":0,"1+n":0,"1+0":0,"1+5":0,"1=5":0,"1+taeg":0,"1=9":0,"1+r2":0,"1+2r+r":0,"1+1":0,"1x":0,"1+taux":0,"1x4x":0,"1x08":0,"2x3":0,"1=r":0,"2min54":0,"1+rn":0,"nouveau":0.0088789846504392991,"2i\u00e8meann":0,"1+4":0,"1+i":0,"1+":0,"enjeux":0.0092562739901016055,"standard":0.0091960495213379585,"enterpris":0.0092562739901016055,"g\u00e9rard":0.0091662480841262755,"mondes":0.0092562739901016055,"1\u20ac":0,"1+x":0,"1+9":0,"1=":0,"1\u2212":0,"1+f3":0,"1+a2":0,"1+12":0,"1+41":0,"2\u20ac":0,"2^2x4":0,"2x0":0,"1x4":0,"+2x0":0,"1+11":0,"02+":0,"1usd":0,"1^3":0,"2=":0,"1=16":0,"1+15":0,"1+tmeg":0,"1\u00b2=4":0,"2x":0,"2m":0,"1m":0,"1eur":0,"1+g":0,"1+rd":0,"1an":0}