{"le":0.0026888304754875631,"et":0.0047863161963601457,"merc":0.0038221162551514169,"d":0.0083047827477873652,"vous":0.0056912131582227158,"si":0.01082197216595916,"bonjour":0.0021319973880284592,"taux":0.0099506940638050892,"int\u00e9r\u00eat":0.013391069463545657,"je":0.0033751770545288147,"pas":0.0039731709482143029,"il":0.0064549419479739412,"sont":0.025040398497370785,"plus":0.011713303504406332,"avanc":0.0090820375296363342,"pourquoi":0.010471818912426673,"ne":0.0064401178604743649,"comprend":0.0095699725054665102,"s":0.01191580320728775,"n\u00e9gat":0.015938577364901663,"cher":0.016698820925983907,"plait":0.015607021754671149,"cr\u00e9dit":0.017079846264568117}