{"j":0.0034084185656099424,"ai":0.0038541337808669701,"question":0.0035599572373754187,"que":0.0030122747743333168,"le":0.0014334486394591229,"r\u00e9sultat":0.014324081253340946,"avoir":0.0066299138793085664,"la":0.0010848103273333775,"merc":0.0020182012648567089,"de":0.0017606345007277935,"bien":0.0049393067728832601,"pour":0.0022086692988302473,"afin":0.008168140883611643,"d":0.0044273819563357807,"exempl":0.0067488415379565641,"5":0.0067488415379565641,"(":0.0035925623479888696,")":0.0035115150703496694,"bonjour":0.0011257637230136467,"ser":0.0074804854140464068,"par":0.004688297020232682,"je":0.0017822028807691355,"ou":0.0057550433544611493,"pas":0.0020979630387669536,"il":0.0034084185656099424,"\u00e9nonc":0.0078660823485069732,"\u00e0":0.0024391530441191696,"n":0.0040683423988138291,"plus":0.0061850039010147451,"possibl":0.0076263007970685474,"m\u00eam":0.0062764889663143525,"se":0.0072610242668651199,"comprendr":0.0073593730752646806,"erreur":0.0076689005875952903,"amort":0.0081202460974194764,"mon":0.0071839558986508904,"arriv":0.0068535047192910831,"retrouv":0.0083653226445233268,"tableau":0.0082165830506373931,"interm\u00e9diair":0.0089025779350770003,"05":0,"situ":0.0089313146111069264,"complet":0.00870669816879357,"5iem":0,"d\u00e9tail":0.0085987014100328343,"5em":0,"0005+1":0,"julien":0.0090482501231031309,"5e":0,"5=>":0,"5^2x18":0,"5x0":0,"5^2":0,"5+5":0,"5xtaux":0,"5an":0,"5min08":0}