{"a":0.0053182692527333581,"question":0.0043403106885814471,"le":0.00088354251892584605,"r\u00e9pons":0.0067890178437263983,"la":0.0026099344200101429,"et":0.0060804784157964722,"merc":0.0024605971188643287,"de":0.0010852118442609498,"d":0.0053850787018802143,"\"":0.033863550435368768,"un":0.0045422022621751023,"dan":0.0034930311012244617,"5":0.0082282081243006521,"actif":0.0086664168696930274,"risqu":0.0083343261655266041,"fond":0.019143070757642433,"balanced":0.010784683046788679,"je":0.002172867171383719,"pas":0.0025578429161475795,"il":0.0041555542791808552,"\u00e0":0.00297382280813054,"aur":0.009021322911654181,"y":0.0076711405628463875,"quel":0.0081036775920358857,"%":0.0062033616016038328,"ne":0.0041460108470725079,"comprend":0.0061609446711162015,"diff\u00e9rent":0.0086436010842080944,"s":0.0076711405628463875,"25":0.016673013954625306,"entre":0.0092722346685815103,"r\u00e9alit":0.010682347682577781,"\u00e9t\u00e9":0.0096453282810898232,"d\u00e9finit":0.010548978551066311,"util":0.010784683046788679,"05":0,"5iem":0,"5em":0,"0005+1":0,"recouvr":0.011031654063130373,"25\u20ac":0,"5e":0,"0025^t":0,"5=>":0,"5^2x18":0,"5x0":0,"5^2":0,"25=":0,"5+5":0,"025":0,"5xtaux":0,"5an":0,"5min08":0}