{"le":0.0013163984760294282,"la":0.0056856259972412867,"et":0.0045909009329213393,"pour":0.004012052878701892,"vous":0.0054588528475006089,"2em":0,"m":0.0099277915741478005,"bonjour":0.0020449524009987135,":":0.017236407872983577,"comment":0.0086326698972395699,"2":0.012290648821200199,"cour":0.011485712811930185,"je":0.0032373756460541839,"pas":0.0038109547017984987,"\u00e0":0.0044307271339514937,"n":0.014490420954410178,"12":0.022159494094383111,"titr":0.030067218109851506,"video":0.015523315882246883,"principal":0.016171553365282133,"2e":0,"02":0,"arriv":0.012449407139761264,"aid":0.012743691584273693,"2\u00b0":0,"pouv":0.011952492430854198,"vision":0.016223753603611724,"diversif":0.032017926447758888,"2x3":0,"2min54":0,"2i\u00e8meann":0,"12^3+2":0,"12^4+189":0,"12^4":0,"12\u20ac":0,"2\u20ac":0,"2^2x4":0,"2x0":0,"+2x0":0,"02+":0,"2=":0,"12=":0,"2x":0,"2m":0,"12^5":0}