{"j":0.010464027608192266,"le":0.0022248327635547697,"sur":0.014135634167942879,"du":0.0096031670222240864,"de":0.0027326527187902026,"calcul":0.010512223450592755,"pas":0.0064408589309205904,"\u00e0":0.0074883305271815264,"donc":0.021149521559228744,"arriv":0.021040626676290947,"inter\u00eat":0.077917878798457421,"compos":0.02664634556213712,"maitris":0.027687930317052304,"s\u00e8quenc":0.027778612653178318}