{"j":0.0042726274174897704,"le":0.0034895942635875259,"tout":0.0087713505804190833,"quand":0.0096944815903685644,"du":0.003921124470444376,"une":0.0050769733399703559,"la":0.0013598653622258984,"et":0.0031681378351919253,"de":0.0042860970982066355,"nous":0.0082483033392180393,"sauf":0.010983298141574761,"on":0.0047233555138426553,"cour":0.015635182917120082,"vid\u00e9os":0.01996226478327939,"je":0.002234082682430407,"pas":0.0051877471452696916,"ce":0.0043219625621925706,"\u00e0":0.0030576033932300326,"cel":0.0087030838137909707,"avec":0.0070792922473486043,"14":0.021794415457355606,"accord":0.011053211741200124,"ne":0.0084088259683092297,"arriv":0.0085912195365296824,"reprendr":0.011159837866022947,"regard":0.010745600370863112,"bruno":0.011053211741200124,"peux":0.010880122920887657,"meilleur":0.011018139951084851,"vision":0.011195860762721086,"devr":0.01048636081488493,"fonctionnent":0.011305418394879512,"possibil":0.011018139951084851,"option":0.011088516568174757,"0014^2+1":0,"t\u00e9l\u00e9charg":0.022301059998558932,"14=12":0,"14em":0}