{"a":0.0037691414376220763,"que":0.0076615473033085687,"l":0.0020914727510922245,"la":0.0018568453858647746,"et":0.0043259739415897492,"de":0.00076910677824368844,"pour":0.0019084414707666664,"d":0.0019340354122812384,"vous":0.0051438389793860648,"trouv":0.0046354754074244961,"2em":0,"dan":0.0049039761254351319,"est":0.0044026332714426917,"5":0.0058314610872213244,"si":0.0049375913652298349,"(":0.017780785471088131,")":0.014613993180814192,"suiv":0.0064284350743865903,":":0.0041814933261718375,"on":0.0032557922499125854,"1":0.0040878187025793246,"\/":0.0088296819420617262,"2":0.0058463795523545385,"je":0.0015399452913937787,"valeur":0.0051786308386573658,"pas":0.0018127836835686621,"mais":0.0047224225916388625,"cel":0.0059990048913824406,"n":0.0035153263348599597,"exercic":0.0056146831404382857,"cet":0.004949273920992636,"pr\u00e9sent":0.007316468176614987,"don":0.0056287425746947518,"1+r":0.0087490678848626598,"r":0.020006927162926239,"soit":0.0068950292732788175,"01":0,"van":0.011319654032133281,"deux":0.0063935540666748567,"fonction":0.0071420314889970625,"relat":0.0074529738447937496,"2e":0,"02":0,"1+7":0,"8":0,"solut":0.0069552357489336414,"1+3":0,"1+tap":0,"1+6":0,"1\u00b0":0,"2\u00b0":0,"^":0.0072282114210610957,"1=1":0,"1mais":0,"avez":0.013387824724291512,"d\u00e9fin":0.0074069043301065746,"1+teg":0,"1+tri":0,"1er":0,"1+2":0,"1+ta":0,"1min45":0,"05":0,"1+n":0,"1+0":0,"1+5":0,"1=5":0,"1+taeg":0,"1=9":0,"1+r2":0,"1+2r+r":0,"1+1":0,"1x":0,"1+taux":0,"1x4x":0,"1x08":0,"2x3":0,"1=r":0,"2min54":0,"1+rn":0,"08":0.01145351012707785,"5iem":0,"2i\u00e8meann":0,"1+4":0,"annul":0.0077422671734735061,"5em":0,"0005+1":0,"1+i":0,"1+":0,"1\u20ac":0,"=600":0.0077927849140711639,"r+900":0.0077927849140711639,"^6":0.0077927849140711639,"r=0":0.015487685789767726,"r=19":0.0078183075130102524,"contradictoir":0.0077927849140711639,"1+x":0,"5e":0,"1+9":0,"1=":0,"1\u2212":0,"1+f3":0,"1+a2":0,"1+12":0,"1+41":0,"5=>":0,"2\u20ac":0,"2^2x4":0,"5^2x18":0,"2x0":0,"5x0":0,"1x4":0,"+2x0":0,"5^2":0,"1+11":0,"02+":0,"1usd":0,"1^3":0,"2=":0,"1=16":0,"1+15":0,"1+tmeg":0,"1\u00b2=4":0,"5+5":0,"2x":0,"2m":0,"1m":0,"1eur":0,"5xtaux":0,"1+g":0,"1+rd":0,"5an":0,"5min08":0,"1an":0}