{"alor":0.0063733825096781143,"en":0.0029598966074340623,"sur":0.0041392403836458536,"du":0.0055683710765390493,"une":0.0036409447447279535,"la":0.0037879840192037544,"et":0.0044990581709262812,"merc":0.0018143279043020585,"de":0.0023536282518703214,"pour":0.0019855553606183533,"d":0.002012183469759786,"vous":0.01299305952963299,"un":0.0033492050559873121,"si":0.0051371033138556494,"bonjour":0.0010120420454991881,"taux":0.004723514592943537,"comment":0.0084599699722491244,"savoir":0.006510095537662422,"je":0.0016021694535686129,"calcul":0.0030782219822356057,"valeur":0.010669067026786428,"ou":0.0051736840771469473,"pas":0.0018860323545082491,"il":0.0030641091256903828,"qui":0.0093534880683802842,"mais":0.0049132402725282137,"\u00e0":0.0021927562467972798,"n":0.0036573691964994241,"expliqu":0.010441548059710475,"avanc":0.0043111703093094301,"vid\u00e9o":0.0059904194522316873,"pr\u00e9sent":0.0076121027715015718,"r":0.014002904593993041,"s":0.0056563361284513482,"van":0.017486810439167434,"fair":0.0063566331776047924,"fonction":0.0074306176667741312,"chaqu":0.0069916682175161452,"excel":0.0070916862144572773,"correspond":0.0074085279416565954,"avez":0.027311302542241036,"ca":0.0074976657352380542,"plait":0.0074085279416565954,"coc":0.007343016868270204,"repr\u00e9sent":0.015119610715569887,"graphiqu":0.015259778350871979,"voudr":0.0074306176667741312,"affich":0.00790164455577262,"tutoriel":0.0081342197972589757}