{"le":0.001743521072886862,"en":0.0040142209394008338,"l":0.0029510739804131238,"du":0.0038136827717894272,"la":0.003863823827447585,"merc":0.0024605971188643287,"pour":0.0026928163250416258,"un":0.0045422022621751023,"dan":0.0068929035137302612,"est":0.0031359318542910682,"fait":0.0080425198721318144,"+":0.0092210682405141995,"bonjour":0.0013725345542115845,"on":0.0090653446112812994,"3":0,"invest":0.017329847732321092,"pas":0.0050474684917930666,"ce":0.0082949674036831567,"il":0.0041555542791808552,"n":0.0049601354232555401,"sont":0.0082282081243006521,"pourquoi":0.0067415341986151265,"co\u00fbt":0.00972890584968596,"ne":0.0041460108470725079,"or":0.010292142243116462,"obten":0.0092722346685815103,"compt":0.0090953256132472789,"amort":0.0099002287332320572,"cf":0.0087587008759128001,"pris":0.010017683039527422,"q4":0.01092436092849523,"q3":0.01092436092849523,"soustr":0.010784683046788679,"rn":0.010750345598077466,"3m":0.017802048305392552,"creation":0.011031654063130373,"magasin":0.010959878367397207}