{"merc":0.0028512292126045254,"bien":0.0069780432735285329,"d":0.0031621606416873359,"vous":0.00424554150858528,"trouv":0.0075790328324845547,"*":0.019066716061549652,"dan":0.0040475672510516666,"m":0.0077211920515362423,"(":0.0050754198270786593,")":0.004960919668134718,"bonjour":0.0015904312763250761,"on":0.0053232417797565833,"comment":0.0067139304543492057,"1":0.0066836105117655635,"2":0,"je":0.0025178206975297285,"pas":0.0029639132663617676,"n":0.005747581718614737,"tres":0.01092572203885352,"avanc":0.0067750348199295931,"1+r":0,"%":0.0071881762679643583,"ne":0.0048042107959568661,"comprend":0.0071390254377093152,"01":0,"=":0.009342839316868053,"35":0.026285089881340207,"02":0.0098339484924219438,"1+7":0,"1+3":0,"1+tap":0,"1+6":0,"aid":0.0099112163498627521,"1\u00b0":0,"1=1":0,"ln":0.024847263804607136,"1mais":0,"pouv":0.0092958729908751616,"1+teg":0,"50":0.021563668543830423,"1+tri":0,"50\u20ac":0,"1er":0,"1+2":0.0074745852566106214,"1+ta":0,"1min45":0,"50$":0,"1+n":0,"1+0":0,"1+5":0,"1=5":0,"1+taeg":0,"1=9":0,"1+r2":0,"1+2r+r":0,"1+1":0,"1x":0,"n=":0.012658657839417926,"1+taux":0,"1x4x":0,"1x08":0,"1=r":0,"1+rn":0,"1+4":0,"0035^3+1":0,"1+i":0,"1+":0,"1\u20ac":0,"1+x":0,"1+9":0,"1=":0,"1\u2212":0,"1+f3":0,"1+a2":0,"1+12":0,"1+41":0,"1x4":0,"1+11":0,"1usd":0,"1^3":0,"1=16":0,"1+15":0,"1+tmeg":0,"1\u00b2=4":0,"1m":0,"1eur":0,"1+g":0,"1+rd":0,"1an":0}