{"que":0.0083802653057081164,"le":0.0010238093108482017,"apres":0.010425190082650321,"avoir":0.0093664613430310718,"la":0.0030179844238936698,"et":0.0035705048326123172,"de":0.0012574946497740163,"vous":0.0083604300266359385,"est":0.0036337767134420398,"comm":0.0094859897799319162,"si":0.0080729944140208888,"bonjour":0.0015904312763250761,"\/":0.0072877050278706661,"savoir":0.010230661464124846,"par":0.006623427333152152,"je":0.0025178206975297285,"ce":0.0048708702138091286,"obtenu":0.012378223780828295,"not":0.01185392370718079,"150":0,"100":0.018956907375045302,"somm":0.011208680623562761,"final":0.011539603262351724,"pai":0.011438392246794592,"suit":0.011889888835514908,"49":0.035922687148049567,"perd":0.012536860233126328,"avez":0.011049833753432882,"voudr":0.011677268540579346,"certificat":0.012073027753282541,"100k":0,"automat":0.012782984295560743,"150$":0.028713086256633286,"100+2":0,"+100":0}