{"j":0.0082002804619808883,"ai":0.0092726222829525584,"que":0.007247202038891315,"le":0.001743521072886862,"non":0.017283808329713497,"comment":0.011433651857841242,"cour":0.015212401631707161,"je":0.0083555830981534608,"ou":0.013846001794968936,"pas":0.0050474684917930666,"\u00e0":0.005868334145719069,"n":0.0097879846748433006,"mon":0.017283808329713497,"arriv":0.016488779110859959,"r\u00e9uss":0.021013363700823684,"voir":0.021213980866310381,"scor":0.02162745819303083,"saur":0.021769095335954104}