{"que":0.0054718040795902444,"le":0.0013163984760294282,"en":0.0059808262917522125,"d":0.0040658581686747698,"vous":0.0054588528475006089,"\"":0.020841715265113886,"*":0.012449407139761264,"dan":0.0052043005513367898,"bonjour":0.0020449524009987135,":":0.0087906140133294213,"je":0.0032373756460541839,"pas":0.0038109547017984987,"e":0.016017043049952613,"avanc":0.0087112369632707694,"%":0.0092424479679128167,"ne":0.0061771813396405313,"comprend":0.0091792505762132662,"vf":0.014750445776637536,"=":0.023554545413833866,"21666":0.049310726919439433,"remerci":0.015287838640834361,"repr\u00e9sent":0.015428259049432643,"20000":0.037730074487078637,"e^8":0.016436167231027709,"20000\u20ac":0}