{"a":0.002875677558829923,"alor":0.0046737403625362146,"que":0.0019858227847830657,"le":0.00094851792801198785,"me":0.0034798694602880959,"en":0.0021705567211903086,"l":0.0015956952942086015,"r\u00e9sultat":0.004773995006911399,"la":0.0027991625259803396,"de":0.00058679228125084742,"pour":0.0028908450996229938,"d":0.0029296139702123104,"vous":0.0019811225339333425,"2em":0,"*":0.0045181289380211553,"est":0.0033665471905473718,"5":0.013154401078994134,"fait":0.0086339639821566404,"\u00e9gal":0.010122239679323243,"(":0.0092699761823413964,")":0.013401567167067644,"bonjour":0.00074215249899886452,"suiv":0.0049045934698251688,":":0.0063339901570122837,"on":0.0073442995579754916,"taux":0.013557769927136292,"comment":0.0031329616934554008,"1":0.0092211550326171295,"3":0.0093037421476026075,"2":0.0088559056897200335,"je":0.0023326590663138532,"valeur":0.0039510516478752436,"pas":0.0040892125123450258,"ce":0.0067201775606499274,"il":0.0022469780331257666,"c":0.0042837390355628304,"qui":0.0034638562447092155,"qu":0.0071700573574138031,"\u00e0":0.004754237783616418,"cel":0.0045769584471584811,"avanc":0.0031614751905742517,"pourquoi":0.003645260833132543,"don":0.0042944657223296379,"1+r":0,"%":0.019418340450585578,"actualis":0.0049179954066491767,"vaut":0.0058314593607317368,"sembl":0.0052303739615071464,"ne":0.0066282097798647261,"comprend":0.0066140183962488993,"obtient":0.005651119469776541,"01":0,"chos":0.0053375656759611714,"van":0.004359705225855502,"flux":0.0048779809022773488,"va":0.0047612646957296834,"3000":0.010952238943431059,"futur":0.0053689626183144471,"obten":0.0050136531058371193,"r\u00e9soudr":0.0054007163517393363,"=":0.004359705225855502,"2e":0,"003":0,"02":0,"1+7":0,"1+3":0,"1+tap":0,"remerci":0.0055482502409569603,"1+6":0,"1\u00b0":0,"2\u00b0":0,"1=1":0,"3\u00b0":0,"nominal":0.011395873410511813,"r\u00e9el":0.0055651342710044188,"1mais":0,"1+teg":0,"parc":0.0056337094541329298,"1+tri":0,"3h":0,"1er":0,"1+2":0,"1+ta":0,"1min45":0,"05":0,"3iem":0,"\u00e9galis":0.0059069855386667848,"3em":0,"1+n":0,"1+0":0,"97":0.034758380264829337,"1+5":0,"1=5":0,"1+taeg":0,"1=9":0,"1+r2":0,"1+2r+r":0,"3+":0,"3+1":0,"1+1":0.006940911985868427,"1x":0,"1+taux":0,"1x4x":0,"1x08":0,"2x3":0,"1=r":0,"multipl":0.0057944482438720257,"2min54":0,"1+rn":0,"5iem":0,"2i\u00e8meann":0,"3m":0,"1+4":0,"5em":0,"0005+1":0,"1+i":0,"1+":0.0034879106125172837,"3=":0,"1\u20ac":0,"97\u20ac":0,"1+x":0,"5e":0,"1+9":0,"1=":0,"1\u2212":0,"1+f3":0,"1+a2":0,"1+12":0,"1+41":0,"5=>":0,"2\u20ac":0,"2^2x4":0,"5^2x18":0,"3^2x24":0,"2x0":0,"5x0":0,"1x4":0,"+2x0":0,"3x0":0,"5^2":0,"1+11":0,"02+":0,"1usd":0,"1^3":0,"2=":0,"1=16":0,"1+15":0,"1+tmeg":0,"1\u00b2=4":0,"5+5":0,"2x":0,"3000\u20ac":0,"2m":0,"1m":0,"1eur":0,"3e":0,"3+2":0,"5xtaux":0,"1+g":0,"1+rd":0,"5an":0,"5min08":0,"1an":0}