{"l":0.01268611187678724,"d":0.011731154327043023,"un":0.019526073032192417,"inflat":0.044651614167961186,"comment":0.0249077017981531,"march":0.040761858993382583,"calcular":0.047423005509097692,"\u00e9connom":0.047423005509097692}