{"le":0.0043060248235982038,"sur":0.014135634167942879,"la":0.0033304258254552676,"si":0.017543366994218872,"savoir":0.022232177981820457,"je":0.0054714583284845913,"term":0.02623581111853316,"financi":0.025604760807221932,"m\u00eam":0.019269157400060827,"chos":0.024856689193396741,"trois":0.026984360996965891,"voudr":0.025375789575877689,"signifient":0.027687930317052304,"plan":0.027687930317052304}