{"a":0.0060662651107460499,"que":0.0062355701705683747,"le":0.0010078096654594605,"en":0.0023072901878964033,"l":0.0066302444417239452,"du":0.0021920250459389738,"apres":0.0051712235020004932,"une":0.0056323532406953453,"autr":0.014675748618120481,"la":0.0029715243355931211,"et":0.003514706540317773,"de":0.003603187861141206,"pour":0.0015477744694100393,"d":0.0015685315373393557,"exempl":0.0047294018330745046,"\"":0.0081376134310668456,"*":0.018773195225322732,"un":0.0026107628028370906,"dan":0.0020077211761730103,"an":0.0051019820372112685,"est":0.0035769896357891015,"comm":0.0047053504924919045,"on":0.0052400524788856276,"actif":0.014714486955190847,"oblig":0.0054966587780871882,"san":0.0096051764332877407,"risqu":0.0095065198162968562,"indic":0.011292661070506031,"prix":0.0052135566318408143,"par":0.0065199192995118501,"pas":0.0014701945786493068,"il":0.0023885256338322084,"c":0.0045535916881465979,"peut":0.0046578242892557787,"moi":0.0053147453477993432,"qui":0.0036820606656703574,"qu":0.0038388884009931843,"n":0.0028509820374817466,"y":0.0044092110568461663,"aux":0.0055439328422515703,"march":0.010815749181531754,"quel":0.0046578242892557787,"mainten":0.0062588187107329388,"soit":0.0055919714796014326,"deux":0.0051852676148442245,"doit":0.0054195031587645302,"video":0.0059886030243207957,"remarqu":0.006101413708994358,"sa":0.0059337647098323017,"combin":0.0063200646812383897,"intuit":0.0061790736706788538,"rapport":0.0056738037717089778,"m\u00e9thod":0.011598501175461764,"rembours":0.0057409326023723306,"just":0.0058621871660135749,"compar":0.0059337647098323017,"800":0.012666459518803387,"\u00e9tat":0.0062790940408771088,"conjonctur":0.0061988101175971455,"r\u00e9pliqu":0.006218678581863972,"variabl":0.0061988101175971455,"determin":0.0063407638892759525,"800\u20ac":0,"perform":0.0063200646812383897}