{"j":0.0064549419479739412,"ai":0.0072990477361660581,"le":0.0026888304754875631,"l":0.0045839880670498784,"merc":0.0038221162551514169,"de":0.0048560026793343109,"bien":0.018326435610934232,"pour":0.004182829025187601,"afin":0.015469014210451151,"quiz":0.012619592913309524,"comment":0.0090001261954254386,"pas":0.0039731709482143029,"ce":0.0065294758269983299,"\u00e9nonc":0.014896968767246679,"exercic":0.01230598892698666,"comprendr":0.027305669196560526,"ne":0.0064401178604743649,"fair":0.013391069463545657,"r\u00e9soudr":0.015514753599729468,"mieux":0.016488946458967608,"impress":0.016540902893425434,"bjr":0.017024294201338105,"enonc":0.017079846264568117}