{"le":0.0030734944952836608,"d":0.018159171293024003,"\u2019":0.06291936366633985,"un":0.015800522725530359,"on":0.015980470321754734,"taux":0.022284093814069945,"int\u00e9r\u00eat":0.029988646649464892,"comment":0.020155343455573592,"invest":0.030549210122939065,"conna\u00eet":0.038125076167388063}