{"j":0.0016396726523516074,"a":0.0020984494644281822,"que":0.0043011364959875927,"le":0.0023647344346983661,"tout":0.0033661122924102949,"sur":0.0065744281371398691,"l":0.0078983253339174921,"du":0.0029934640536044706,"avoir":0.00318942297317385,"la":0.0015489680190780431,"et":0.001215811363747834,"premi":0.0035595772483058854,"merc":0.00097088704254689551,"de":0.0016856907611706117,"bien":0.0093541734585905947,"pour":0.0021136652821779271,"nous":0.0031653865624356524,"d":0.0042389245791126049,"vous":0.0056912131582227158,"exempl":0.0032466349692182482,"un":0.0053196011626025956,"est":0.0012373564043863011,"non":0.0034559534857509346,"si":0.0054685541087488828,":":0.0023280241869488385,"on":0.005380184565994435,"rentabl":0.0036995680580767009,"ser":0.0035986036115056904,"respect":0.0041753792840857028,"actif":0.0068025079497644903,"prix":0.017520172906509406,"aim":0.0036995680580767009,"savoir":0.0034836962978256275,"je":0.00085735635699908989,"arbitrag":0.0083584416124065,"achet":0.0041753792840857028,"pas":0.0020077209569955771,"ce":0.0032994717888875204,"il":0.0016396726523516074,"o\u00f9":0.0065083173490443156,"peut":0.0031974984896010025,"\u00eatre":0.0034744066907209472,"qui":0.0050282802499429192,"pens":0.0037519890744334675,"qu":0.0052424466843852694,"pr\u00e9cis":0.0040242682946036454,"\u00e0":0.0023342349667303166,"derni":0.0036484609909828991,"n":0.0019571392548566962,"sont":0.0032466349692182482,"cepend":0.0040486885293867722,"plus":0.0059189612599014393,"possibl":0.0036687503646791208,"vid\u00e9o":0.0032056061155218479,"parl":0.0039644673743073899,"y":0.0030268307302013511,"peu":0.0037949183491578645,"car":0.0032969848170549725,"march":0.00744277730501981,"loi":0.0042553528766769363,"dit":0.0036892436550946153,"donc":0.0033140482240163944,"soit":0.0038387709045105182,"ne":0.0032543174614238848,"somm":0.0038167267413491395,"part":0.0033312556276752147,"cec":0.0041884922889732874,"\u00e9lev":0.0041110501246806961,"concurrentiel":0.0084114661826631514,"uniqu":0.0041110501246806961,"ici":0.0039063704178365546,"\u00e9quilibr":0.0085196411763505675,"perd":0.0042689921598569429,"opportun":0.0041753792840857028,"avant":0.0038835873290527885,"reprend":0.0042965475147738238,"achat":0.0084651930855097323,"malgr":0.0042553528766769363,"<":0.00431046610282827,"r\u00e9alis":0.0040984242934264557,"voudr":0.0039762880754271738,"investisseur":0.004282723290753577,"reven":0.0042689921598569429,"9500\u20ac":0.014472365098439317,"9709\u20ac":0.014472365098439317,"pr\u00e9tent":0.0043528011577516771,"grimpent":0.0043528011577516771,"atteindr":0.0043244803520322587,"subit":0.0043528011577516771,"oa":0.004338591586431283,"atteignent":0.0043528011577516771,"aient":0.0043528011577516771}