{"j":0.0026844637631365524,"ai":0.0030355081906339662,"a":0.0034355708366250099,"que":0.0023724616917350522,"le":0.001682848835573189,"en":0.0025931632521401411,"l":0.0019063765337979839,"du":0.0024636167685878336,"autr":0.0055837157535909539,"la":0.0016939291731156267,"et":0.0058688857742386453,"de":0.00070104050519570178,"d":0.0034950847204057623,"vous":0.0046925279699221636,"mal":0.0061427375126099646,"dan":0.0022564776645377896,"est":0.0040163542930382566,"pourr":0.0048951423550606275,"m":0.0043044862079490744,"(":0.0028294950442094716,")":0.0027656623676366736,"je":0.0027829062611954571,"calcul":0.002696828026430034,"valeur":0.004720319833410847,"invest":0.011247613891890933,"pas":0.003275965121222081,"il":0.0026844637631365524,"moi":0.005973241858650352,"mais":0.0043044862079490744,"pens":0.0061427375126099646,"qu":0.0043145263576917373,"\u00e0":0.0019210721434708474,"cel":0.0054680904377541733,"n":0.0032042184771087145,"expliqu":0.0046196585206578749,"sont":0.0053153743306620796,"surtout":0.0067305904457914982,"pourquoi":0.0043549916685712243,"cet":0.0045112610993336575,"y":0.0049555119436311013,"eu":0.0065490041436375131,"comprendr":0.0057962277694657144,"ne":0.0026782987618034779,"diff\u00e9rent":0.0055837157535909539,"van":0.0052085381006086113,"flux":0.0058277218452463401,"t=0":0.0065099587011879251,"suppos":0.0067513901845614845,"entre":0.0059898093729176469,"initial":0.013552928205045363,"remerc":0.0061953109971504506,"posit":0.019543566726663228,"an\u00e9mon":0.0070570732753732646,"excus":0.0070116528839340286,"b\u00e9goni":0.0071031201747008199,"coquelicot":0.0071263840129093771}