{"a":0.0063646582286184831,"le":0.0030734944952836608,"l":0.0035317086067135212,"et":0.007258096043122656,"premi":0.010796301272857533,"lieu":0.012169019091380458,"merc":0.002944728624231611,"pour":0.0032226378106986111,"an":0.030877559246899753,"fait":0.0096249151463482386,"bonjour":0.0016425857604024444,"on":0.0054978050776337498,"je":0.0026003867545695562,"pas":0.0030611078886998971,"ce":0.0050305990413231517,"qui":0.0076664579736854688,"\u00e0":0.0070048653954782542,"derni":0.011065888248293141,"pourquoi":0.0080679557712645088,"ne":0.0049617536833433682,"comprend":0.0073731331253921589,"67":0.050554643571024731,"18+1":0,"18":0.021732673056588946,"vers":0.012664046749060381,"entre":0.011096580837974301,"compt":0.010884864277333555,"\u00e9clairc":0.012132531999545735,"p\u00e9riod":0.023666899175748549,"19":0.031860536877981717,"85":0.056148401944912406,"18x3xx":0,"67=13":0,"67\u20ac":0}