{"j":0.0049194012895161692,"ai":0.0073775561996687038,"a":0.002121383792445614,"question":0.0068144454968157766,"que":0.0043476433788819397,"le":0.0010459495689231991,"tout":0.0067690134257082247,"en":0.0016012170191954903,"sur":0.002239207319670763,"l":0.0011771424527140693,"apres":0.0035887341457539611,"une":0.0019696440330268031,"la":0.0015657165399253945,"et":0.00244491054647638,"merc":0.00098149803999005416,"de":0.0037354342428953884,"bien":0.0047782295202037925,"pour":0.0010741270583546126,"d":0.0021652960197388795,"\u2019":0.0037716338947625556,"quiz":0.003240640755809503,"vous":0.0043373529266610908,"2em":0,"\"":0.005660710694487839,"un":0.0018118214409764432,"dan":0.0013933216263613546,"an":0.017328684533001865,"euro":0.0042881636546005077,"5":0.0065287529903751097,"m":0.0026579184975616152,"(":0.0017471463151339827,")":0.0017077311460254386,"bonjour":0.00054748498421352935,"ma":0.0070810523742311652,":":0.0023534675780054579,"1":0,"2":0.0032905145726436192,"par":0.0022800274761379143,"je":0.00086672655735538283,"calcul":0.0016652275672190456,"valeur":0.0029146859331226566,"pas":0.0010202880388480685,"ce":0.0049762045982895825,"il":0.0016575929268627173,"obtenu":0.0042610402298534468,"peut":0.0032324445202006648,"\u00eatre":0.0035123791003794603,"moi":0.0036883356710952493,"qui":0.0025552824844095301,"\u00e0":0.0069302946315643616,"n":0.0019785291784205246,"cepend":0.0040929373675634272,"concern":0.0036883356710952493,"compr":0.003438751611525757,"cet":0.0027855971058999233,"y":0.0030599115024555435,"eu":0.0040438552740247845,"r\u00e9sult":0.0043860088267621096,"donc":0.0066643162714421821,"s":0.0030599115024555435,"interpret":0.0043156487356562001,"souhait":0.0041688238709334481,"compl":0.0043435052479557168,"revenus":0.0043295299365284862,"12000\u20ac":0.032459081273801885,"part":0.0099945456838535437,"67":0.033696597503804389,"\u00e2ge":0.004357575954738486,"12000":0,"ajout":0.0041817477411035852,"53":0,"2e":0,"02":0,"simpl":0.008092518534287713,"\u00e9clairc":0.0040438552740247845,"actuel":0.0041053926957290848,"annuit":0.0041688238709334481,"8":0.012671169054767395,"logiqu":0.0042078411343289832,"svp":0.0037822868928385172,"d\u00e9but":0.0042210127480893289,"2\u00b0":0,"p\u00e9riod":0.0040077957444769087,"niveau":0.0040682502396841005,"mauvais":0.0043435052479557168,"pouv":0.0031999816360628614,"rat":0.0043295299365284862,"parc":0.0082670306485221612,"des":0.0041559805238414989,"1er":0.0025435368655088745,"million":0.004301860386320599,"05":0,"per\u00e7us":0.0087246004131933588,"2x3":0,"2min54":0,"apparent":0.0043295299365284862,"08":0,"5iem":0,"2i\u00e8meann":0,"67=13":0,"5em":0,"0005+1":0,"arsen":0.0043860088267621096,"kengn":0.0043860088267621096,"\u00e9taient":0.0085846408955131091,"167045":0.013201716839894278,"53\u20ac":0.011312920445098745,"5e":0,"5=>":0,"2\u20ac":0,"2^2x4":0,"5^2x18":0,"2x0":0,"5x0":0,"+2x0":0,"5^2":0,"02+":0,"2=":0,"5+5":0,"08+0":0,"2x":0,"2m":0,"5xtaux":0,"8min25":0,"67\u20ac":0,"8+50":0,"5an":0,"5min08":0}