{"j":0.0037450851703267705,"ai":0.0042348259139344691,"a":0.0094703994447596918,"question":0.0039115920771034445,"le":0.002332144957827127,"r\u00e9pons":0.0061184256875199423,"tout":0.015191420391783396,"du":0.010066364500254861,"avoir":0.014394013325681966,"une":0.0044501183248124567,"la":0.0023552001717860194,"vrai":0.0089223235507776937,"de":0.00097801893840399707,"pour":0.0071077937736774306,"d":0.0024593766616833952,"quiz":0.0073217467571541203,"un":0.0040935416047675564,"5":0.007415458481450748,"(":0.0039474177581002995,")":0.0038583650341642039,"taux":0.0057732814753681978,"int\u00e9r\u00eat":0.0077693488286880181,"t":0.007728673325035745,"1":0,"\/":0.0056680269264290086,"san":0.0075890431285438207,"il":0.0037450851703267705,"plus":0.0067959277718458323,"y":0.0069134158360870321,"essai":0.018383464060486677,"r\u00e9soudr":0.017786048711117615,"d\u00e9duir":0.0096884692559433602,"pouvoir":0.0092473844391636854,"moyen":0.0091364907344058683,"^3":0.0096577277874689837,"05":0,"equat":0.0097819302296778734,"typ":0.0093609831334352227,"option":0.01920460425837291,"150000":0,"5iem":0,"5em":0,"0005+1":0,"rapid":0.009813505371396098,"150000=190000":0.022822356508156845,"1+x":0.0058133733920810041,"5e":0,"5=>":0,"5^2x18":0,"5x0":0,"5^2":0,"5+5":0,"5xtaux":0,"5an":0,"5min08":0}