{"j":0.001397873887468964,"question":0.0014600235173119706,"que":0.0036725745643007022,"le":0.0014594021898495933,"me":0.0021648714756550432,"en":0.0053282198722145449,"sur":0.0018883583478613427,"l":0.0048744726339361721,"du":0.002554029706938187,"la":0.0013226040496710793,"et":0.0040899582079307138,"premi":0.003034654556626964,"merc":0.00082771255744969532,"de":0.0024874026810982725,"pour":0.0018033835798716433,"nous":0.0026985942669885427,"d":0.0018275685992073594,"vous":0.0072300486112025818,"2em":0,"\"":0.0094694958067110518,"euros":0.0033899139939439263,"an":0.0029859120468013161,"est":0.002100138788165408,"non":0.0029463119526388429,"pourr":0.002549034845449878,"m":0.0022414639942957702,"(":0.0014733956521737063,")":0.0014401562272376403,"bonjour":0.00046170259948076774,"suiv":0.0030512105766259011,":":0.0039513060889060543,"on":0.0015453384273586748,"2":0.0055245419091516715,"vos":0.0062442399179450121,"par":0.0038280053371170554,"calcul":0.0014043122983848017,"\u00e9nonc":0.0032260683070451253,"\u00e0":0.0068162680541813134,"fin":0.012729618600881822,"ann\u00e9":0.011148373127153379,"sont":0.0027678611575943949,"dev":0.0035820765571930109,"exercic":0.0026649690607854731,"leur":0.0035820765571930109,"parl":0.0033798364645033865,"compr":0.0028999526996906569,"cet":0.0069834395320479909,"y":0.002580470945507831,"term":0.003504802992917673,"encor":0.0066890259484731684,"votr":0.010157192253268192,"car":0.0028107860288655298,"selon":0.0034308186802577676,"quel":0.002725970721914695,"se":0.0029779195317558862,"lorsqu":0.0032168948347802875,"%":0.0020867293782813926,"toujour":0.0031896613437063567,"lequel":0.0035934014764652752,"1000":0,"s":0.0051373756172213656,"estim":0.003504802992917673,"emprunt":0.0032632540877284739,"deux":0.003034654556626964,"somm":0.0032538828037929506,"tous":0.0031896613437063567,"depuis":0.0035820765571930109,"t=0":0.0033899139939439263,"mont":0.0032352904451729884,"\u00e9pargn":0.0035708249388825808,"2e":0,"pai":0.0033205681457853103,"compt":0.0030595480936160997,"coup":0.0035156339872086033,"02":0,"fauss":0.0036162750822693293,"d\u00e9cimal":0.0036278257490855908,"mieux":0.0035708249388825808,"aid":0.0028772285988499387,"svp":0.0031896613437063567,"2\u00b0":0,"situat":0.00360480065803373,"rapport":0.0033205681457853103,"sach":0.00360480065803373,"uniqu":0.003504802992917673,"\u00e9quilibr":0.0036511599109819159,"opportun":0.0035596456787465301,"arrond":0.0035820765571930109,"rembours":0.016497914204391648,"avez":0.0032077695174472418,"pouv":0.0026985942669885427,"argent":0.0035596456787465301,"rappel":0.0036394536784614827,"det":0.0033899139939439263,"lor":0.0032538828037929506,"d\u00e9marr":0.0036394536784614827,"t=1":0.0035820765571930109,"anticip":0.0036867591542181768,"2x3":0,"2min54":0,"2i\u00e8meann":0,"professionnel":0.0036629455083965635,"am\u00e9lior":0.0036867591542181768,"voic":0.0036394536784614827,"meubl":0.0036987894372494026,"appart":0.0036867591542181768,"parent":0.010959878367397207,"convenus":0.0036987894372494026,"\u00e9poqu":0.0036987894372494026,"1500\u20ac":0.018993595601564217,"interrog":0.0036162750822693293,"consign":0.0036987894372494026,"indiquent":0.0037109035556817734,"effectuent":0.0037109035556817734,"jul":0.0036748115541977446,"2\u20ac":0,"2^2x4":0,"2x0":0,"+2x0":0,"02+":0,"1000\u20ac":0.0060610509979289219,"2=":0,"2x":0,"2m":0,"1500":0}