{"j":0.011239825939848767,"ai":0.01270964584071963,"question":0.011739549861958968,"la":0.0069077679336113865,"et":0.0083342904357261976,"de":0.0029352503704414942,"un":0.012285620492604697,"4":0.027669488660600251,"3":0.023440679772980835,"moi":0.025009910623417689,"avec":0.018623204146423707,"003":0,"souc":0.028711782324929096,"compr\u00e9hens":0.02800835690300351,"3\u00b0":0,"04":0,"3h":0,"3iem":0,"3em":0,"3+":0,"3+1":0,"3m":0,"3=":0,"04\u20ac":0,"4em":0,"3^2x24":0,"3x0":0,"4an":0,"4e":0,"4min25":0,"3e":0,"3+2":0}