{"j":0.006191400190702496,"le":0.0025811599760621781,"me":0.0095885514332669872,"en":0.0059808262917522125,"merc":0.0036660672554087431,"de":0.0016168675387472739,"pour":0.004012052878701892,"dan":0.0052043005513367898,"fait":0.011982627520837253,"bonjour":0.0020449524009987135,"1":0.0085936849751574104,"aim":0.013969560538466031,"savoir":0.013154429264751789,"je":0.0093407472034005758,"pas":0.0038109547017984987,"n":0.0073901533567522449,"suis":0.036673203301036628,"y":0.011429305924762226,"1+r":0,"01":0,"\u00e7a":0.015104508416404419,"th\u00e9orem":0.016119704646374702,"1+7":0,"1+3":0,"1+tap":0,"1+6":0,"1\u00b0":0,"1=1":0,"1mais":0,"1+teg":0,"jour":0.01576622264124946,"1+tri":0,"s\u00e9par":0.016171553365282133,"1er":0,"1+2":0,"inscrit":0.0160682027442355,"1+ta":0,"1min45":0,"1+n":0,"1+0":0,"1+5":0,"1=5":0,"1+taeg":0,"1=9":0,"1+r2":0,"1+2r+r":0,"1+1":0,"1x":0,"1+taux":0,"1x4x":0,"1x08":0,"1=r":0,"1+rn":0,"retard":0.016223753603611724,"1+4":0,"1+i":0,"1+":0,"1\u20ac":0,"1+x":0,"1+9":0,"1=":0,"1\u2212":0,"1+f3":0,"1+a2":0,"1+12":0,"1+41":0,"1x4":0,"1+11":0,"1usd":0,"1^3":0,"1=16":0,"1+15":0,"1+tmeg":0,"1\u00b2=4":0,"1m":0,"1eur":0,"1+g":0,"1+rd":0,"1an":0}