{"j":0.0064549419479739412,"que":0.0028827043569903069,"le":0.0020373480225355125,"r\u00e9pons":0.0053288860376131007,"du":0.0029934640536044706,"apres":0.0070619045594719279,"la":0.0010381481409856193,"et":0.0047863161963601457,"premi":0.0070810834219764236,"merc":0.0019313900674195331,"de":0.0025023744274639977,"bien":0.0047268467259443878,"pour":0.0021136652821779271,"un":0.0035652989537045929,"est":0.0024614787967717849,"bonjour":0.0010773399614553134,"aim":0.0073595677849071506,"contenu":0.0085748300802448735,"par":0.0044866339426424305,"je":0.001705542951529354,"ce":0.0065294758269983299,"cas":0.0067137446297012657,"pratiqu":0.0082288356395529613,"\u00e0":0.0023342349667303166,"mooc":0.0083321870103087396,"tres":0.0074009591834787612,"int\u00e9ress":0.0082801821715351512,"quizz":0.014442864916755185,"comprendr":0.0070428159507719464,"esper":0.0079337002800389488,"vien":0.0083321870103087396,"certif":0.0073185944884167735,"catherin":0.0084923257743871969,"th\u00e9or":0.0084651930855097323,"erreur":0.0073390294024818096,"mon":0.0068749441936453324,"grand":0.0079574910923028517,"pass":0.0075492485583126987,"p\u00e9riod":0.0078865332152954822,"fourn":0.0084651930855097323,"abord":0.0079574910923028517,"isabel":0.008384867255463278,"rendu":0.0086307802343737541,"m\u00e9lang":0.0086590474000766814,"seront":0.0086590474000766814,"laurent":0.0084651930855097323}