{"j":0.0053222388255355219,"ai":0.0060182222495515116,"le":0.0022248327635547697,"me":0.0082424910596818526,"au":0.0078189012844387621,"du":0.0048843858490748996,"une":0.012433939120935086,"la":0.0016939291731156267,"et":0.0039464209123605135,"de":0.0027326527187902026,"d":0.0068716688984014002,"vous":0.0046925279699221636,"exempl":0.010538302667140745,"un":0.0058174394097792728,"dan":0.0044737102433912972,"m":0.0085341079788542416,"calcul":0.010512223450592755,"expliqu":0.0091589710678879662,"avec":0.008818387463863521,"rent":0.024080624629694569,"mont":0.012317984171205205,"mme":0.013946230039326046,"souc":0.013595491910448418,"effectu":0.012945287695024401,"niveau":0.01306243470682604,"dur":0.013262408630380166,"pouv":0.010274577206774582,"svpl":0.014128824609227032}