{"question":0.0081254441262774112,"que":0.0068753832531666201,"le":0.0032274197737887128,"du":0.0071395502536362411,"pour":0.0050411894818996467,"nous":0.042924823644907142,"quiz":0.015209265948320231,"est":0.0058707408050052631,"on":0.0086002457486506981,"format":0.017902930281726716,"ce":0.0078693928590365149,"peut":0.015170798639987325,"qu":0.012503477872102356,"avec":0.012889915416124201,"ne":0.0077616976990737318,"proc\u00e9dur":0.020451366436347752,"salut":0.019385780695190567,"corrig":0.019626153688653582,"familiarison":0.020652228640268906}