{"question":0.0047290505898062753,"le":0.00096267699942254666,"du":0.0041552552467526861,"la":0.0042002156279217018,"merc":0.0026809804853034813,"de":0.0011824088366918983,"pour":0.0029339984033124825,"nous":0.0087408104449204736,"d":0.0058604958057217466,"un":0.0049490245809981452,"dan":0.003805884411204686,"si":0.0075909507332043618,"(":0.0047723632498456745,")":0.0091941720241361224,"bonjour":0.0014954656034647106,"on":0.0050053875945816765,"ser":0.0099370839593045466,"par":0.0062279382336244294,"calcul":0.0045486006384168557,"cas":0.0093194112567786848,"\u00e0":0.006386415046367379,"derni":0.010074758740786977,"avanc":0.0063704931400063464,"votr":0.0083376939297013647,"march":0.01033138828236678,"quel":0.0088294834277733002,"mensual":0.022796678676406123,"aid":0.0093194112567786848,"suivr":0.011529776265227573,"const":0.010818664537016362,"pos":0.010786942661335138,"rembours":0.010882649521480561,"pr\u00eat":0.011387221358845658}