{"j":0.0027829816250925523,"ai":0.0031469091270138146,"le":0.001743521072886862,"l":0.001976339162004008,"du":0.002554029706938187,"une":0.0033068934254331314,"la":0.0026099344200101429,"merc":0.0016478659905520333,"de":0.0021414812286743843,"mal":0.0063681714985737627,"un":0.0089632645761571171,"dan":0.0068929035137302612,"est":0.0041624351714029647,"r\u00e9solu":0.0062968109872552549,"m":0.0044624577119230175,"on":0.003076563977939031,"d\u00e9termin":0.0062791984190506472,"ou":0.0046990061809530888,"ce":0.0028151161380662666,"cas":0.0057281807705045562,"il":0.0027829816250925523,"o\u00f9":0.0055529097907907297,"c":0.0053056001647149974,"\u00e0":0.0039472620022482051,"sont":0.0055104446913589152,"plus":0.0050500699595178791,"not":0.0068509671706885279,"avec":0.0091391255493243582,"encor":0.0066890259484731684,"bonsoir":0.0063862439270194046,"problem":0.0065343247896868751,"don":0.0053188856404651182,"lorsqu":0.018871115698183262,"travaill":0.0071995243601394232,"raison":0.0059927349436578268,"12":0.0099605037611076967,"difficult":0.0070426947112580199,"faut":0.006008945100613651,"principal":0.0072689754302051298,"annuel":0.0065915304257197199,"beaucoup":0.012766007880301598,"moment":0.0069348709692867092,"mensuel":0.0070208595461914687,"tap":0.013702829063213358,"ta":0.0067088590238560536,"aid":0.0057281807705045562,"15":0.011024665930288845,"mois":0.013416127381764903,"p\u00e9riod":0.0067288064115437144,"sup\u00e9rieur":0.0070426947112580199,"rencontr":0.0071995243601394232,"\u00e9ch\u00e9anc":0.0072225202067571935,"m\u00e9thodolog":0.0073160627168788054,"figur":0.0073398488048935272,"12^3+2":0,"12^4+189":0,"12^4":0,"12\u20ac":0,"15x4":0,"15an":0,"12=":0,"15\u20ac":0,"12^5":0,"15h":0}