{"question":0.0059784993339487566,"le":0.0023897808706133949,"l":0.0079819816195490952,"et":0.0042443322277954925,"merc":0.0033893145656479586,"bien":0.0082949429678042721,"vous":0.0099099644583292446,"trouv":0.0090093515663719377,"dan":0.0048114260960793118,"est":0.0043195448085112421,"pourr":0.010437779217276805,"m":0.0091783391418509691,"bonjour":0.0018905782343561902,"on":0.0063278465374987207,"utilis":0.0099927426041783833,"comment":0.0079809866499251023,"vid\u00e9os":0.01355739496408892,"il":0.0057240092410044642,"o\u00f9":0.011421170255083251,"peut":0.011162295642562934,"\u00e0":0.0040962500045131104,"dont":0.014048504665584301,"surtout":0.014351455377483956,"solveur":0.01400625963176017,"indiqu":0.012951218921076727,"patrick":0.015096528848044015}