{"a":0.0076129241701266134,"que":0.0052571673863235323,"le":0.002481784598128063,"l":0.0042243634847506303,"de":0.0015534443794164318,"trouv":0.0093627483481950081,"comm":0.011718505131998088,"on":0.006576059806317004,"utilis":0.020377456045756876,"comment":0.016275031900913558,"je":0.0031103865226454943,"moi":0.013236180967353671,"\u00e0":0.0042569276691011978,"tres":0.013497076504757581,"exercic":0.011340555321376317,";":0.013926602616799448,"toujour":0.013573339914909166,"inconnu":0.015437912285440402,"solveur":0.028561922518879759,"concret":0.0152432303849259,"salut":0.014823070987677253,"parc":0.014914399126267268,"variabl":0.015437912285440402,"pr\u00e9ced":0.015688698514450573,"reconnaiss":0.015739892388426439}