{"j":0.0082002804619808883,"ai":0.0046989716249099013,"a":0.010494700950781404,"question":0.0043403106885814471,"que":0.0036725745643007022,"le":0.0033975905360728621,"en":0.0079213831243547094,"l":0.0058234431985838848,"du":0.0075256551161840581,"constat":0.010682347682577781,"la":0.003863823827447585,"seul":0.010047468522664121,"et":0.0030813285249668269,"de":0.004173093442268884,"bien":0.006022017836465143,"vous":0.0036638819348028431,"dan":0.013432165580618138,"est":0.0031359318542910682,"r\u00e9solu":0.0094024120056528902,"taux":0.0064060451094597069,"projet":0.033238261444392694,"calcul":0.0041746941789044837,"pas":0.0050474684917930666,"mais":0.0066633516632825761,"expliqu":0.0071512389168717624,"pourquoi":0.0067415341986151265,"van":0.0080628254661076759,"ignor":0.01092436092849523,"compt":0.017948080066076788,"pris":0.019768195765101894,"b":0.020623594843009581,"sais":0.0098138573575000301,"croissanc":0.010292142243116462,"avi":0.01092436092849523,"ais":0.010854050088543026,"pr\u00e9mi":0.011031654063130373}