{"question":0.0062130092661213422,"le":0.0012647615000327555,"me":0.0092124314291661923,"r\u00e9pons":0.009718251479532012,"la":0.0037150655340119237,"merc":0.0035222622979305812,"de":0.0044886947498579306,"bonjour":0.0019647372078277154,"\/":0.0090028569238247303,"calcul":0.00597593478388377,"pas":0.0036614663971213848,"\u00e0":0.0083531776736143031,"sont":0.01177840412538835,"ne":0.0059348755558141899,"van":0.011541664393711544,"effect":0.014868594117591715,"flux":0.012913721358758073,"suppos":0.014960489526245719,"d\u00e9caissement":0.015791443017014795,"cash":0.014468632644879608,"flow":0.014599565005684132,"correspondr":0.015587361515151953,"mon\u00e9tair":0.015637856491185414,"surprend":0.015791443017014795,"encaissement":0.015739892388426439}