{"le":0.00085997855396101016,"en":0.0039071621849538496,"au":0.00594210740678589,"l":0.0028723692181707419,"du":0.01085152259803087,"la":0.0012873303703390549,"et":0.0029991498908296262,"de":0.0020851000739027441,"pour":0.002620999261141677,"d":0.0052432997538872329,"un":0.0044210623139819853,"an":0.0086396897055589245,"est":0.003052296956406964,"si":0.0067811476109288504,"on":0.0044714125175783371,"taux":0.0062351967130452541,"projet":0.0084130773586878847,"inflat":0.0101099472654319,"comment":0.011132625406443839,"1":0.0056140939941099702,"calcul":0.0080211575159162881,"il":0.0040447261828000063,"\u00e0":0.0028945113375885099,"dont":0.0099270200758979788,"march":0.0092292351025411012,"prendr":0.0099872596382739078,"1+r":0,"01":0,"estim":0.010141092524932567,"fair":0.0083909676820404788,"faut":0.008733272746151018,"compt":0.0088527544528294502,"cf":0.016828758311327782,"1+7":0,"sa":0.010048229394937028,"1+3":0,"1+tap":0,"1+6":0,"proced":0.010172431837145919,"1\u00b0":0,"1=1":0,"1mais":0,"1+teg":0,"1+tri":0,"1er":0,"1+2":0,"1+ta":0,"1min45":0,"1+n":0,"1+0":0,"1+5":0,"1=5":0,"1+taeg":0,"1=9":0,"1+r2":0,"1+2r+r":0,"1+1":0,"1x":0,"1+taux":0,"matur":0.010598675414709186,"1x4x":0,"1x08":0,"1=r":0,"1+rn":0,"1+4":0,"1+i":0,"1+":0,"1\u20ac":0,"1+x":0,"1+9":0,"1=":0,"1\u2212":0,"1+f3":0,"decid":0.010702389261019027,"concur":0.010737441272823662,"superieur":0.010737441272823662,"1+a2":0,"1+12":0,"1+41":0,"1x4":0,"1+11":0,"1usd":0,"1^3":0,"1=16":0,"1+15":0,"1+tmeg":0,"1\u00b2=4":0,"1m":0,"1eur":0,"1+g":0,"1+rd":0,"1an":0}