{"a":0.0061625710839198437,"le":0.0020161117460884247,"en":0.0046514985815926712,"au":0.007074112326530501,"du":0.0087022531087777005,"une":0.0057217705757773313,"la":0.0015325740545740899,"d":0.0031621606416873359,"dan":0.0040475672510516666,"(":0.0050754198270786593,")":0.004960919668134718,"bonjour":0.0015904312763250761,"on":0.010482665244120981,"projet":0.010015815967779781,"1":0,"par":0.013043024227498055,"calcul":0.0048374477501120852,"valeur":0.0084670955411902914,"co\u00fbt":0.011273418290478433,"1+r":0.0072211690559272077,"%":0.0071881762679643583,"actualis":0.010539254024084179,"van":0.009342839316868053,"7":0.017412981324906499,"or":0.011926071277121067,"cf":0.010149188426829324,"divis":0.023485127681219693,"ici":0.011471939538272032,"^n":0.012223681632944815,"=>":0.012457016705351593,"retir":0.012617782760114219,"007=>":0,"tjr":0.012782984295560743,"+7":0,"7e":0}