{"j":0.0082002804619808883,"ai":0.0092726222829525584,"a":0.0035616537802916496,"question":0.0029067133003244003,"le":0.0028556066080912771,"en":0.0026883304519406768,"sur":0.0037594711731854464,"l":0.001976339162004008,"du":0.002554029706938187,"r\u00e9sultat":0.011719064891208662,"la":0.0066687970098319284,"et":0.0040899582079307138,"lieu":0.0068097659438131793,"merc":0.0016478659905520333,"de":0.0061055622886052006,"bien":0.011883429234330632,"pour":0.0018033835798716433,"un":0.0030419204235683584,"si":0.0046657816488311771,"(":0.0029333354483894536,")":0.0028671601591484428,"bonjour":0.00091918867798506656,":":0.0039513060889060543,"on":0.003076563977939031,"comment":0.0076907037678341306,"prix":0.0060745558273592563,"calcul":0.010887974086862564,"il":0.0027829816250925523,"c":0.0053056001647149974,"peut":0.0054270463863982221,"mais":0.0044624577119230175,"compr":0.011442811594237977,"y":0.0051373756172213656,"pr\u00e9sent":0.0069137035504999722,";":0.0065154644586350044,"donc":0.0056248637792920188,"van":0.0053996876495929396,"fair":0.011442811594237977,"d\u00e9j\u00e0":0.0067488694369072762,"logiqu":0.0070646685132217746,"f":0.0071090391489647842,"tableau":0.019768195765101894,"net":0.0069348709692867092,"su":0.0073160627168788054,"integr":0.0070646685132217746,"comptabilis":0.0073398488048935272,"dout":0.0072689754302051298,"implicit":0.0072924389925047954,"+valu":0.014642711323044665,"cession":0.0073637995038233033,"vna":0.0073879171079245754,"impos":0.0073637995038233033,"ressort":0.0073879171079245754,"appara\u00eetr":0.0073398488048935272}