{"j":0.0046670834087501091,"que":0.0041246511692356368,"le":0.00099230243524022366,"r\u00e9pons":0.0076247139157594292,"en":0.00450835260152778,"l":0.0033143372668675993,"du":0.0042831291314435836,"r\u00e9sultat":0.0099158214106870937,"la":0.0043257606350153837,"de":0.0012187963032281115,"dan":0.003923006752780598,"est":0.0035219502730253821,"\u00e9gal":0.01058949207731868,"+":0.010356138244147675,"bonjour":0.0015414870834414447,"on":0.0051594234643644018,"je":0.0024403368705321598,"invest":0.0098630583676578096,"qu":0.0075010341570305866,"vid\u00e9o":0.0091242792244434767,"compr":0.0096820759384754207,"quel":0.0091012020776939338,"vois":0.011250812567201464,"raison":0.010049866508785277,"=":0.009055321247767846,"amort":0.011118900189845777,"cf":0.0098368556380005901,"avais":0.011559056404098638,"net":0.011629836485716796,"bfr":0.011701490417565987,"retranch":0.01215104884061958,"accroissement":0.012349153217464409}