{"j":0.0084281816966706585,"ai":0.0048313542910944918,"alor":0.0088871145693497338,"que":0.011023242904202753,"le":0.0026519553604122032,"me":0.019316651329420141,"r\u00e9sultat":0.0090777487170686701,"2em":0,"un":0.0046701683138594312,"dan":0.0035914391800888788,"si":0.0071632332808355299,"utilis":0.0074589792274756036,"2":0.0084816619043712582,"par":0.0058770206781798544,"je":0.0044069498538141429,"calcul":0.0042923065396557065,"pas":0.0051877471452696916,"ce":0.0085255001667728404,"\u00e0":0.0030576033932300326,"sont":0.016688226997072852,"exercic":0.0081455272739163892,"problem":0.010031950983604048,"m\u00eam":0.0078679007072735407,"aux":0.0099170631150069764,"don":0.0081659240625378288,"demand":0.010269458988180175,"donc":0.0086356830337494441,"ne":0.0042628151212366905,"formul":0.0074768995038587832,"2e":0,"02":0,"propos":0.0099170631150069764,"d\u00e9cimal":0.011088516568174757,"2\u00b0":0,"arrond":0.010948683316147879,"r\u00e9el":0.010582099565623369,"salut":0.010646897404197867,"2x3":0,"2min54":0,"2i\u00e8meann":0,"maitris":0.011305418394879512,"voisin":0.011342445422150607,"2\u20ac":0,"2^2x4":0,"2x0":0,"+2x0":0,"02+":0,"2=":0,"2x":0,"2m":0}