{"j":0.0089242352644542614,"le":0.001897446351391917,"l":0.0032153869040641957,"la":0.0042002156279217018,"et":0.0033573076961326454,"de":0.003446325261898405,"d":0.0029733459990802799,"dan":0.0075014376516645102,"5":0,"bonjour":0.0014954656034647106,"4":0.011146118310213879,"aim":0.020135614068933581,"savoir":0.0096197820981253519,"calcul":0.013257645579105162,"pas":0.0027869361018468776,"il":0.0045277464736873628,"\u00e0":0.0032401732304019556,"ann\u00e9":0.00915132062390611,"n":0.0054043899231858965,"pourquoi":0.0073453396693543603,"auss":0.010850566140997409,"le\u00e7on":0.010630959887652419,"comprendr":0.0097761982129435047,"t=0":0.010980011337055491,"video":0.011352139513017577,"pourt":0.011422523154986876,"\u00e9t\u00e9":0.020713765962481274,"frais":0.011112502580274953,"09":0,"9":0.019053880728073971,"04":0,"ont":0.021577379787258679,"9+":0,"20000":0.027591854257356392,"\u00e9tud":0.011750613120269187,"5em":0.0091750285243653012,"04\u20ac":0,"20000\u20ac":0,"9=":0,"9=850":0,"intervent":0.012019704094232957,"4em":0,"4an":0,"4e":0,"4min25":0}