{"j":0.0055158166988443129,"ai":0.0062371140923185653,"la":0.0017555399383624207,"pour":0.0035742719874935721,"*":0.011090972264290904,"est":0.0041624351714029647,"(":0.022085030387565891,")":0.016463196355098714,"1":0.0076559727413133723,"\/":0.016402935513735586,"calcul":0.0055412217763423271,"pas":0.0033951169259395513,"il":0.0055158166988443129,"n":0.0065837661977345583,"1+r":0,"%":0.023854519978359842,"01":0,"7":0.019946301498838609,"=":0.010702078316876288,"exact":0.013744782485026349,"mon":0.011625738783771896,"1+7":0,"1+3":0,"1+tap":0,"1+6":0,"1\u00b0":0,"1=1":0,"1mais":0,"1+teg":0,"1+tri":0,"1er":0.0084638893479435789,"1+2":0,"250000":0,"1+ta":0,"1min45":0,"machin":0.014224043988395108,"1+n":0,"1+0":0,"1+5":0.0085422829221673529,"1=5":0,"1+taeg":0,"1=9":0,"1+r2":0,"1+2r+r":0,"1+1":0,"1x":0,"1+taux":0,"1x4x":0,"1x08":0,"1=r":0,"1+rn":0,"1+4":0,"1+i":0,"1+":0,"1\u20ac":0,"1+x":0,"1+9":0,"1=":0,"007=>":0,"1\u2212":0,"1+f3":0,"1+a2":0,"1+12":0.0085226003747071576,"^7":0.014642711323044665,"217":0.048684664568416129,"628\u20ac":0.048684664568416129,"1+41":0,"1x4":0,"1+11":0,"+7":0,"1usd":0,"1^3":0,"7e":0,"1=16":0,"1+15":0,"1+tmeg":0,"1\u00b2=4":0,"1m":0,"1eur":0,"1+g":0,"1+rd":0,"1an":0}