{"du":0.014665205369820309,"avoir":0.031083327801746351,"la":0.0050859657638176953,"d":0.010493875134655748,"actualis":0.034975331197007867,"formul":0.027963985224159466,"facteur":0.040692214258024828,"ecrit":0.042145316405201416,"puij":0.042421323976223037}