{"j":0.012139936849689701,"ai":0.0070010429078807869,"question":0.0064666705376998203,"que":0.0054718040795902444,"le":0.0013163984760294282,"me":0.0095885514332669872,"r\u00e9pons":0.010115022822085706,"merc":0.0036660672554087431,"vous":0.0054588528475006089,"un":0.0067674707302304259,"bonjour":0.0020449524009987135,"comment":0.0086326698972395699,"aim":0.013969560538466031,"savoir":0.013154429264751789,"je":0.0032373756460541839,"il":0.006191400190702496,"car":0.012449407139761264,"s":0.011429305924762226,"doit":0.014048127604497232,"plait":0.01496981975159338,"dis":0.016276310160318951,"mail":0.016119704646374702,"valid":0.031506115029675832,"re\u00e7u":0.016276310160318951}