{"le":0.0028058806389172609,"l":0.004787786542869754,"la":0.0021457767282654708,"merc":0.003992042846541418,"de":0.005063192800645675,"bien":0.0097700485144439526,"d":0.0086663065354483839,"r\u00e9solu":0.015254358911354697,"bonjour":0.0022267833717127023,"1":0.0093578094018579774,"je":0.0035252332783395957,"valeur":0.011854889826733741,"pas":0.0041498132456143045,"o\u00f9":0.013452218769555324,"derni":0.015001552149394548,"exercic":0.012853098070835322,"1+r":0,"actualis":0.014756145682267104,"ne":0.006726437585758839,"comprend":0.0099954417217307159,"01":0,"facteur":0.017168107382405869,"1+7":0,"1+3":0,"1+tap":0,"1+6":0,"1\u00b0":0,"1=1":0,"tableau":0.016252567155456279,"1mais":0,"1+teg":0,"1+tri":0,"1er":0,"1+2":0,"1+ta":0,"1min45":0,"1+n":0,"1+0":0,"1+5":0,"1=5":0,"1+taeg":0,"1=9":0,"1+r2":0,"1+2r+r":0,"1+1":0,"1x":0,"1+taux":0,"1x4x":0,"1x08":0,"1=r":0,"1+rn":0,"1+4":0,"1+i":0,"1+":0,"1\u20ac":0,"1+x":0,"1+9":0,"1=":0,"1\u2212":0,"1+f3":0,"1+a2":0,"1+12":0,"1+41":0,"sortent":0.017839195238658474,"1x4":0,"1+11":0,"1usd":0,"1^3":0,"1=16":0,"1+15":0,"1+tmeg":0,"1\u00b2=4":0,"1m":0,"1eur":0,"1+g":0,"1+rd":0,"1an":0}