{"correct":0.0072762050743520263,"que":0.0058287698998940093,"le":0.0020811920600434346,"en":0.0094555322096980792,"l":0.004683671056428966,"du":0.0089831628180405999,"r\u00e9sultat":0.007082455846326891,"autr":0.006933723162034491,"la":0.0031154053005883267,"merc":0.0019738415816847044,"de":0.0025562259035216109,"bien":0.0048307417415606804,"\u2019":0.0075849441456339569,"vous":0.0029390924901330868,"dan":0.0055438151590225223,"est":0.0073867146585342887,"fait":0.0064515478878826634,"(":0.0035135985051316138,")":0.0034343326313695357,"bonjour":0.0011010196486990528,"calcul":0.0066256876055815414,"valeur":0.011597092698570104,"ce":0.0033719934281339248,"c":0.0063551370566240226,"\u00eatre":0.0070635698050294082,"\u00e0":0.0023855409202298114,"m\u00eam":0.0061385329225705906,"%":0.0049762120672250526,"\u00e7a":0.016089886028380376,"12":0.011930858826460174,"futur":0.01575893274218124,"18+1":0,"18":0.028821373196102978,"53":0.022750848065935227,"final":0.0079886066874882266,"coup":0.0083837130263159886,"remarqu":0.008515326585112901,"arrond":0.016900599869798017,"avez":0.0076495503191430711,"lor":0.0077595164193768771,"devr":0.0081814544304832371,"coupon":0.016847513595421658,"18x3xx":0,"12^3+2":0,"12^4+189":0,"12^4":0,"53\u20ac":0,"12\u20ac":0,"omis":0.0088493712918828928,"t=5":0.017171310937179333,"rajout":0.008706900951076034,"centiem":0.0088493712918828928,"53+12000":0,"12=":0,"12^5":0}