{"du":0.0067911377721016257,"avoir":0.014394013325681966,"la":0.0046008156699079115,"de":0.0019324688463363173,"pour":0.0047951777199710431,"vous":0.012745194166406487,"bonjour":0.0024441128988417133,"on":0.0081805508299730417,"qualit":0.01945333279589084,"cour":0.01372764413602982,"je":0.0038692888749159858,"il":0.0073999184825018988,"peut":0.014430458504650663,"s":0.013660227016470759,"part":0.015034110652402453,"chaqu":0.016885095387933237,"remerc":0.017077822760064153,"version":0.01920460425837291,"pla\u00eet":0.01920460425837291,"\u00e9lectron":0.019644392855919381}