{"alor":0.010344261290875057,"que":0.0043951670759952294,"le":0.0010573827491952353,"la":0.0015828312460142405,"et":0.0036875912105103479,"merc":0.002944728624231611,"de":0.0037750222067497257,"d":0.0032658563242936515,"un":0.0054358972120759023,"dir":0.010708988611452863,"est":0.0073867146585342887,"si":0.0083377294358293226,"bonjour":0.0016425857604024444,"rentabl":0.032615783289274621,"projet":0.020360077258654814,"comment":0.0069340981435731079,"pas":0.0030611078886998971,"ce":0.0050305990413231517,"il":0.0097884441163341076,"qui":0.01508949476964171,"n":0.011683641973642243,"aur":0.021249804296513269,"possibl":0.011127426508536334,"y":0.0091804655962305377,"quid":0.01298962424182966,"plusieur":0.023879838483174733,"aucun":0.012430640025269633,"ont":0.023666899175748549,"ceux":0.012824693290950843,"tri":0.034138522956931858}