{"alor":0.0084130773586878847,"que":0.003574627474590589,"le":0.0025140480171470135,"en":0.0077128280728513314,"l":0.0028723692181707419,"du":0.0037119723443946062,"et":0.0059203909071803666,"merc":0.0023949733112268814,"de":0.0020851000739027441,"pour":0.002620999261141677,"2em":0,"dan":0.0033998724125057773,"est":0.003052296956406964,"5":0.0080087628754176472,"bonjour":0.0013359292347666434,"4":0.0099570496775614262,"1":0.0056140939941099702,"3":0.0084352846501181498,"2":0.0080292514713166951,"je":0.0021149170843160641,"calcul":0.0040633556238678743,"pas":0.002489625575645471,"il":0.0040447261828000063,"\u00e0":0.0028945113375885099,"pourquoi":0.0065617383514853947,"1+r":0,"ne":0.0040354372727944756,"comprend":0.0059966330717638912,"01":0,"faut":0.008733272746151018,"2e":0,"ten":0.010397450848364886,"compt":0.0088527544528294502,"003":0,"02":0,"cf":0.0085251074538006399,"1+7":0,"1+3":0,"1+tap":0,"1+6":0,"const":0.0096645286943735104,"1\u00b0":0,"2\u00b0":0,"1=1":0,"3\u00b0":0,"1mais":0,"1+teg":0,"04":0,"1+tri":0,"3h":0,"1er":0,"1+2":0,"bfr":0.020018750032155773,"t=1":0.010364682371959935,"1+ta":0,"1min45":0,"05":0,"3iem":0,"3em":0,"1+n":0,"1+0":0,"augment":0.010299778976761704,"1+5":0,"1=5":0,"1+taeg":0,"1=9":0,"1+r2":0,"1+2r+r":0,"3+":0,"3+1":0,"1+1":0,"1x":0,"1+taux":0,"1x4x":0,"1x08":0,"2x3":0,"1=r":0,"2min54":0,"1+rn":0,"5iem":0,"2i\u00e8meann":0,"3m":0,"1+4":0,"5em":0,"0005+1":0,"1+i":0,"1+":0,"3=":0,"1\u20ac":0,"04\u20ac":0,"jul":0.010633009632243817,"1+x":0,"5e":0,"1+9":0,"1=":0,"1\u2212":0,"1+f3":0,"1+a2":0,"1+12":0,"1+41":0,"t=5":0.010530702173008284,"t=":0.010667579825633553,"5=>":0,"2\u20ac":0,"4em":0,"2^2x4":0,"5^2x18":0,"3^2x24":0,"2x0":0,"5x0":0,"1x4":0,"+2x0":0,"3x0":0,"5^2":0,"1+11":0,"02+":0,"1usd":0,"1^3":0,"4an":0,"4e":0,"2=":0,"1=16":0,"1+15":0,"1+tmeg":0,"4min25":0,"1\u00b2=4":0,"5+5":0,"2x":0,"2m":0,"1m":0,"1eur":0,"3e":0,"3+2":0,"5xtaux":0,"1+g":0,"1+rd":0,"5an":0,"5min08":0,"1an":0}