{"a":0.0070591301141563652,"alor":0.0038708670223116769,"le":0.00078655813117741217,"me":0.0028820839180011999,"en":0.0017976900256293222,"l":0.0026271415186922618,"du":0.0067092849536908652,"une":0.0043958431745270629,"autr":0.0038708670223116769,"constat":0.004783879654152997,"\u00e9tait":0.0044995614886892245,"et":0.0013799124758306835,"merc":0.0011019301041100371,"de":0.0028303291050100887,"pour":0.0012059249158073713,"d":0.003622206236254334,"exempl":0.0036848414417531461,"est":0.0027917079778001217,"si":0.0031200141804788922,"(":0.0058138151196023211,"capital":0.004446661288642885,")":0.0056826569537864477,"bonjour":0.00061466264941212692,":":0.0026422434560108041,"on":0.0020573022830429597,"comment":0.0025947693197876666,"1":0.0025830514062154769,"\/":0.016402935513735586,"3":0.0038810846238369391,"prix":0.004062063282841236,"je":0.00097307589691287525,"calcul":0.0018695548149349143,"action":0.0090250589990009695,"pas":0.0011454797249329917,"ce":0.0018824717767626357,"cas":0.0038304418374995814,"il":0.0055158166988443129,"qui":0.005702868579160838,"mais":0.002984051202755069,"qu":0.0029910114575841138,"n":0.0022212992535204324,"aur":0.0040400223258968502,"clair":0.0044597734086261574,"avanc":0.0026183846572105278,"elle":0.0040955233787471944,"votr":0.0034269387600385452,"1+r":0,"%":0.0055224331640622935,"actualis":0.0040731629827096749,"sembl":0.0043318799315948987,"01":0,"ci":0.0044077648606756998,"total":0.0089712512117373164,"part":0.00378088356292384,"annuel":0.0044077648606756998,"003":0,"1+7":0,"\u00e9t\u00e9":0.0043194708778096485,"1+3":0,"1+tap":0,"model":0.0048451887490597294,"celui":0.0045951501845084997,"1+6":0,"const":0.004446661288642885,"1\u00b0":0,"1=1":0,"3\u00b0":0,"import":0.0046515989094832108,"annonc":0.0048451887490597294,"d\u00e9pend":0.0048922605342350276,"1mais":0,"rend":0.0044995614886892245,"1+teg":0,"propr":0.0046803481361619957,"1+tri":0,"3h":0,"prend":0.0046515989094832108,"1er":0,"1+2":0,"croissanc":0.0046091338100513963,"1+ta":0,"dividend":0.01794280782581421,"1min45":0,"fort":0.0097252194797270534,"3iem":0,"3em":0,"http":0.0045264720591845853,"com":0.0045264720591845853,"1+n":0,"1+0":0,"augment":0.0047389407084287198,"21":0.010876328316323701,"1+5":0,"1=5":0,"1+taeg":0,"1=9":0,"1+r2":0,"1+2r+r":0,"3+":0,"3+1":0,"1+1":0,"rcp":0.0094798005824525376,"fr":0.0048922605342350276,"1x":0,"1+taux":0,"assez":0.0048143311854221297,"1x4x":0,"1x08":0,"1=r":0,"1+rn":0,"23":0.011613320368153346,"3m":0,"1+4":0,"attendu":0.0048764633194079898,"actionnair":0.004783879654152997,"23=2":0,"1+i":0,"1+":0,"3=":0,"1\u20ac":0,"auparav":0.0048922605342350276,"1+x":0,"laurent":0.0048297085375872345,"1+9":0,"1=":0,"1\u2212":0,"1+f3":0,"1+a2":0,"1+12":0,"1+41":0,"www":0.0049081663218371206,"hauss":0.0049241821849695068,"avis":0.0049241821849695068,"3^2x24":0,"1x4":0,"3x0":0,"1+11":0,"1usd":0,"1^3":0,"1=16":0,"1+15":0,"1+tmeg":0,"1\u00b2=4":0,"1m":0,"1eur":0,"3e":0,"3+2":0,"1+g":0,"1+rd":0,"1an":0}