{"alor":0.010015815967779781,"que":0.0042556141364724831,"en":0.0046514985815926712,"du":0.0087022531087777005,"la":0.0044590474974731814,"merc":0.0028512292126045254,"de":0.0012574946497740163,"\"":0.016279202894944594,"dan":0.0040475672510516666,"est":0.0071557269864674184,"fait":0.0093193101083359452,"bonjour":0.0015904312763250761,"cour":0.008932842093566604,"valeur":0.0084670955411902914,"pas":0.0029639132663617676,"ce":0.0048708702138091286,"\u00e9nonc":0.011112867765647877,"fin":0.011112867765647877,"cel":0.0098084125225215181,"n":0.005747581718614737,"pourquoi":0.0078117864552062514,"quel":0.0093901769220170305,"le\u00e7on":0.011306051482232377,"diff\u00e9rent":0.010015815967779781,"deux":0.010453503023655761,"facteur":0.012261944867715025,"entre":0.0107442482763639,"cordial":0.0098853494592434418,"g":0.012147880926281168,"dividend":0.011818173297310112,"augment":0.012261944867715025}