{"j":0.0030641091256903828,"ai":0.0034647993672903645,"a":0.003921440139001405,"question":0.0032003397611342142,"que":0.0027079827337667195,"le":0.0012900634115854009,"r\u00e9pons":0.0050059005687052311,"au":0.0089138215341502975,"une":0.0072097868138949767,"merc":0.0018143279043020585,"de":0.00080018387245388907,"pour":0.0019855553606183533,"\"":0.020432630441434719,"un":0.0033492050559873121,"dan":0.0025755958783173411,"est":0.008981417947662218,"non":0.0064582516506960421,"\u00e9gal":0.0069523847055538053,"bonjour":0.0010120420454991881,":":0.00435045382127177,"on":0.0033873481864113222,"t":0.0063233537790692157,"risqu":0.018075646360867236,"je":0.0016021694535686129,"ou":0.0051736840771469473,"pas":0.0018860323545082491,"ce":0.0061375994326623128,"il":0.0030641091256903828,"c":0.005841554157378589,"qu":0.0049247003320277124,"n":0.0036573691964994241,"cet":0.0051492579235598891,"y":0.0056563361284513482,"term":0.015212765899405043,"votr":0.0056424546307261509,"le\u00e7on":0.0071944004364881808,"diff\u00e9rent":0.0063733825096781143,"obligatair":0.0080551069158302496,"pourt":0.0077300833076683652,"remarqu":0.0078271705191401576,"chang":0.0078766577979667747,"yield":0.0081076659134136086,"niveau":0.0075202798485641369,"similair":0.0079267962438666038,"oubl":0.0081076659134136086,"n\u00e9glige":0.0081342197972589757,"investment":0.0081342197972589757,"grad":0.0081342197972589757,"high":0.0081342197972589757}