{"j":0.0079149215007587072,"ai":0.008949947238515138,"le":0.0027578578681367429,"en":0.0025931632521401411,"sur":0.0036263854716026603,"du":0.0024636167685878336,"apres":0.0058119376679779938,"avoir":0.0052217071404594322,"la":0.0025191121391863231,"et":0.0019905202078657419,"merc":0.0015895313494910118,"de":0.0013898883815314175,"bien":0.0038901883062731363,"pour":0.0017395435986897329,"d":0.0017628724656258655,"trouv":0.004225233886072292,"\"":0.0091371633599214939,"bonjour":0.00088664929559290322,"3":0.0055984546175900721,"je":0.0041385750101350727,"pas":0.003275965121222081,"mais":0.0085341079788542416,"\u00e0":0.0056641238453895926,"n":0.0032042184771087145,"avanc":0.0037770131536825672,"compr":0.005569041676016304,"avec":0.004447872854269618,"bon":0.005734117191404358,"mar":0.0065490041436375131,"lorsqu":0.0061776943479678239,"%":0.0040073353180747773,"le\u00e7on":0.0063030089585646943,"van":0.0052085381006086113,"t=0":0.0065099587011879251,"obten":0.0059898093729176469,"fonction":0.0065099587011879251,"ten":0.0069007341337768485,"compt":0.0058755271577160019,"003":0,"fais":0.0066084421637314546,"arriv":0.0053978068465690065,"excel":0.0062130211037951305,"3\u00b0":0,"nombr":0.0065885116730520716,"11":0.012691434836958341,"tableau":0.0064713646612504314,"moyen":0.0065490041436375131,"tri":0.0063396944626104117,"tableur":0.0068789858661545914,"fichi":0.0068359098198068572,"cherch":0.0067513901845614845,"3h":0,"r\u00e9alis":0.0067099194987991981,"voudr":0.0065099587011879251,"r\u00e9uss":0.0068789858661545914,"tra":0.013552928205045363,"3iem":0,"3em":0,"3+":0,"3+1":0,"3m":0,"3=":0,"ange":0.0067723203300688499,"appara\u00eet":0.0071031201747008199,"mid":0.0071263840129093771,"3^2x24":0,"3x0":0,"3e":0,"3+2":0}