{"a":0.0044623731921542868,"le":0.00074134953745653119,"en":0.0033681919918139161,"sur":0.0047102173357585105,"du":0.0063279402940708534,"une":0.0041431855764924204,"la":0.002194560995194654,"merc":0.0020646007372170862,"de":0.00091056319481182333,"bien":0.0050528639448455381,"vous":0.0030742348211647238,"trouv":0.0054880458940887323,"un":0.0038112026008565378,"dan":0.0085979310651491097,"comm":0.0068688905845598362,"fait":0.0067481963340468125,"r\u00e9solu":0.015601166995887629,"bonjour":0.001151645602913269,"t":0.0071956126800424578,"cour":0.0064683513658919225,"je":0.0018231766303880583,"permet":0.0081631836579764624,"pas":0.0021461962748298953,"il":0.0034867798399691894,"o\u00f9":0.0069572050843320753,"\u00e0":0.0049343834558547876,"expliqu":0.006000353746087205,"vid\u00e9o":0.0068167525770788445,"cet":0.005859559167829864,"y":0.0064365849817211813,"se":0.0074279589034868827,"ne":0.0034787722808220949,"fonction":0.008455615259195224,"solveur":0.0085319121023685902,"excel":0.0080699307725816422,"annonc":0.0090780533410907954,"tra":0.0088789846504392991,"nouveau":0.0088789846504392991,"patrick":0.0091960495213379585,"trouvent":0.0092562739901016055,"pag":0.0091366500712793345,"pr\u00e9":0.0092562739901016055,"install":0.0092260571985100046}