{"le":0.0014334486394591229,"et":0.0049991099321514227,"de":0.0017606345007277935,"2em":0,"dan":0.0056670511858624437,"an":0.014401000346741116,"est":0.0050876977097095754,"non":0.014210009801532099,"5":0,"1":0.035167565776243484,"\/":0.019972889700427942,"2":0.026197305903266601,"1+r":0,"01":0,"45":0.070978492674428142,"total":0.016349494505206844,"=":0.025605248627790483,"2e":0,"pai":0.016015040720994717,"02":0,"48":0.047883856546939267,"1+7":0,"1+3":0,"1+tap":0,"1+6":0,"1\u00b0":0,"2\u00b0":0,"1=1":0,"1mais":0,"1+teg":0,"50":0.030191570840758093,"1+tri":0,"50\u20ac":0,"1er":0,"1+2":0,"48m":0,"coupon":0.017222024753906492,"1+ta":0,"1min45":0,"50$":0,"1+n":0,"1+0":0,"1+5":0,"1=5":0,"1+taeg":0,"1=9":0,"1+r2":0,"1+2r+r":0,"1+1":0,"1x":0,"1+taux":0,"1x4x":0,"1x08":0,"2x3":0,"1=r":0,"2min54":0,"1+rn":0,"2i\u00e8meann":0,"1+4":0,"27":0,"1+i":0,"1+":0,"1\u20ac":0,"1+x":0,"1+9":0,"1=":0.010465263358205894,"1\u2212":0,"1+f3":0,"1+a2":0,"1+12":0,"1+41":0,"5=>":0.013697283634125071,"27+":0.044484387462318309,"47":0.046012993705831798,"72":0.059506718116458704,"2\u20ac":0,"2^2x4":0,"2x0":0,"1x4":0,"+2x0":0,"1+11":0,"02+":0,"045":0,"1usd":0,"1^3":0,"2=":0,"1=16":0,"1+15":0,"1+tmeg":0,"1\u00b2=4":0,"45=4":0,"2x":0,"2m":0,"1m":0,"1eur":0,"1+g":0,"45=2788":0,"1+rd":0,"1an":0}