{"j":0.0084281816966706585,"ai":0.0048313542910944918,"que":0.0037760408653114389,"le":0.0034895942635875259,"en":0.0041273123374835118,"du":0.011446779586628432,"et":0.0031681378351919253,"de":0.0011157851800429287,"d":0.0028058107297266304,"mal":0.0097768608670487749,"*":0.0085912195365296824,"est":0.0032242794871313067,"on":0.0047233555138426553,"comment":0.0059573248300881336,"t":0.0088173539579310296,"\/":0.0064664396529112364,"risqu":0.032916827606040734,"calcul":0.0084670007185602223,"\u00e0":0.0060314262013605961,"aur":0.0092754778363670562,"march":0.0097492589508934666,"%":0.024500479146417477,"comprendr":0.0092253514560013995,"emprunt":0.0099741965355038559,"18+1":0,"18":0.018671295119207842,"=":0.0082899769403847346,"fais":0.010518082442902459,"arriv":0.0085912195365296824,"30":0.020199852647038576,"global":0.011053211741200124,"sach":0.011018139951084851,"11":0.039846214453035086,"30\u20ac":0,"nul":0.011159837866022947,"20000":0.026037171843536169,"18x3xx":0,"20000\u20ac":0,"33333":0.037711810236531355}