{"le":0.00096267699942254666,"au":0.0066517125366250471,"du":0.012111175662882116,"la":0.0028403502656958002,"de":0.0023305400818554732,"pour":0.0029339984033124825,"un":0.0049490245809981452,"est":0.0067345513404065954,":":0.024637141035183559,"utilis":0.0079043557030656561,"4":0.011146118310213879,"calcul":0.0045486006384168557,"ou":0.0076450050815329799,"pr\u00e9cis":0.011112502580274953,"\u00e0":0.0032401732304019556,"quizz":0.019967882817336875,"concern":0.019857453980230987,"quel":0.017403003421452123,"%":0.013321991398487285,"formul":0.023093896658344919,"obten":0.010102702311987902,"35":0.02471559028463682,"13\u20ac":0,"q1":0.011941499808734764,"correspond":0.010947369981639303,"about":0.011750613120269187,"09":0,"ici":0.010786942661335138,"9":0.019053880728073971,"04":0,"13":0.024010844433916,"9+":0,"cmpc":0.022102827344347601,"77":0.029874873409858047,"rcp":0.011602430409280336,"77\u20ac":0,"0035^3+1":0,"04\u20ac":0,"9=":0,"9=850":0,"4em":0,"q2":0.011941499808734764,"d\u00e9riv":0.012019704094232957,"4an":0,"4e":0,"4min25":0}