{"le":0.0035213806482405408,"r\u00e9pons":0.0093514362378860055,"la":0.0018218021697937021,"et":0.0042443322277954925,"merc":0.0033893145656479586,"de":0.0014948096469628209,"pour":0.0072834536016257488,"nous":0.021698473742967336,"dan":0.0048114260960793118,"(":0.0060332555063092866,")":0.0058971468221101619,"cour":0.010618652364571542,"connaiss":0.014807910909905598,"avec":0.0094840785970993664,"bonsoir":0.013135163712175794,"prendr":0.014133754394769969,"somm":0.026163358991933276,"obten":0.012771907996394785,"professeur":0.014950757187893701,"cher":0.014807910909905598,"certificat":0.014351455377483956,"dej":0.014950757187893701,"del":0.014999016812110839,"staff":0.015195395261055265,"venon":0.015195395261055265,"enroll":0.015195395261055265}