{"j":0.0053222388255355219,"en":0.014912172257341143,"une":0.012433939120935086,"la":0.0033304258254552676,"de":0.0052888786223118135,"dan":0.0044737102433912972,"est":0.0040163542930382566,"bonjour":0.00175787781919045,"int\u00e9r\u00eat":0.011041225527472947,"pay":0.013856787686561487,"ailleur":0.013638331111007708,"il":0.0053222388255355219,"pratiqu":0.013426855185983938,"qui":0.0082045618247631527,"mais":0.0085341079788542416,"qu":0.016818004229794115,"elle":0.011712814683568733,"m\u00eam":0.0098007250639962663,"se":0.011338074981805989,"imagin":0.01368144939627451,"va":0.011277630421251983,"retrouv":0.01306243470682604,"d\u00e9duct":0.013946230039326046,"det":0.012906694971219374,"franc":0.013901357776738794,"laurent":0.013812515726308329,"major":0.014082701541877487,"belgiqu":0.014082701541877487}