{"a":0.003921440139001405,"question":0.0032003397611342142,"que":0.0027079827337667195,"le":0.00065148245295205498,"l":0.0021759823374882586,"avoir":0.0059601774926065576,"la":0.00097522565366925287,"merc":0.0018143279043020585,"de":0.00080018387245388907,"pour":0.0019855553606183533,"d":0.002012183469759786,"quiz":0.0059904194522316873,"est":0.0023122877880373937,"bonjour":0.0010120420454991881,"on":0.0033873481864113222,"ser":0.0067248265377499606,"comment":0.0042722876565023261,"3":0.0063902057904771216,"je":0.0077055410109150005,"pas":0.0055474987516296349,"ce":0.0061375994326623128,"il":0.0030641091256903828,"peut":0.0059752684703963084,"mais":0.009729182235370195,"\u00e0":0.0021927562467972798,"derni":0.006817996629487494,"cel":0.0062414050956852516,"n":0.01075763679415739,"expliqu":0.0052729852513196656,"suis":0.0062903625174698715,"possibl":0.0068559120359608363,"y":0.011200658206339628,"avec":0.005076905112235186,"car":0.0061611817765650344,"comprendr":0.0066159486475051675,"deux":0.0066518967151713328,"depuis":0.007851833821497279,"forum":0.0079521150540373831,"r\u00e9soudr":0.0073647289891879122,"003":0,"arriv":0.012200351899052967,"d\u00e9sol":0.015797223673925238,"beaucoup":0.0070916862144572773,"3\u00b0":0,"ici":0.00729996028686171,"jour":0.0078026658243258318,"cherch":0.0077061931547328637,"3h":0,"3iem":0,"3em":0,"3+":0,"3+1":0,"post":0.0079521150540373831,"3m":0,"3=":0,"guillaum":0.0080812957949422202,"3^2x24":0,"3x0":0,"lou":0.0081076659134136086,"buitton":0.0081342197972589757,"3e":0,"3+2":0}