{"j":0.006191400190702496,"ai":0.0070010429078807869,"au":0.017834781741026689,"du":0.011141201607261758,"la":0.001970560463229369,"vrai":0.014750445776637536,"de":0.0016168675387472739,"quiz":0.012104361371456889,"2em":0,"m":0.0099277915741478005,"2":0.012290648821200199,"calcul":0.0062199169109370478,"pas":0.007472421098919867,"\u00e0":0.0044307271339514937,"surtout":0.015523315882246883,"compr":0.012844340150313873,"toujour":0.014127504654555883,"comprend":0.0091792505762132662,"flux":0.013440955560473289,"2e":0,"02":0,"aid":0.012743691584273693,"svp":0.014127504654555883,"2\u00b0":0,"niveau":0.029795192895746676,"s\u00e9quenc":0.016329227933308387,"rembours":0.014881318712125318,"veuill":0.016276310160318951,"2x3":0,"2min54":0,"2i\u00e8meann":0,"2\u20ac":0,"2^2x4":0,"2x0":0,"+2x0":0,"02+":0,"2=":0,"2x":0,"2m":0}