{"le":0.00085997855396101016,"r\u00e9pons":0.006607955613908977,"au":0.00594210740678589,"sur":0.0027501812977864968,"l":0.0014457594568602773,"du":0.0018683597799902716,"une":0.0048061684277681017,"la":0.0025412197777764994,"et":0.0015095724079545029,"merc":0.001205470136544407,"de":0.0045460004090547594,"pour":0.0013192365536602579,"\"":0.013707503602585583,"un":0.0044210623139819853,"dan":0.0017112694501123175,"est":0.0015363231028779581,"5":0.0080087628754176472,"fait":0.003940107648705414,"m":0.0032644399108652045,"si":0.0034131783006327594,"\u00e9gal":0.0091773795573014665,"(":0.0063529802061125093,")":0.0062096586153572693,"bonjour":0.00067241784678712503,":":0.0028905150769733814,"on":0.0044714125175783371,"taux":0.00313838296143913,"ser":0.0088769951905342346,"comment":0.0028385801554554201,"1":0.0056140939941099702,"\/":0.0061215208390421006,"oblig":0.0046850450930452023,"risqu":0.0040830663515529116,"je":0.0021149170843160641,"pas":0.0012531117856509114,"ce":0.0040914297991028947,"cas":0.004190359468040211,"il":0.0020358459115216278,"qui":0.0062351967130452541,"\u00e0":0.0028945113375885099,"co\u00fbt":0.0094694371861213621,"votr":0.0037489422601167661,";":0.0047662843190117796,"don":0.0077303550333692149,"1+r":0,"%":0.011918990566084659,"1000":0.0086939581081380279,"ne":0.0020311704925680112,"01":0,"vois":0.0049077590349659974,"effect":0.0050886744555302564,"7":0.014626542600532618,"part":0.0041361445774614905,"arriv":0.0040935933465278719,"1+7":0,"logiqu":0.010267638654380485,"1+3":0,"56":0.025912450769223896,"1+tap":0,"1+6":0,"1\u00b0":0,"1=1":0,"conclus":0.0053175032767390747,"laquel":0.0052333846206709658,"11":0.0096249411442885947,"rembours":0.0048932504643498321,"20":0.0087597212508583912,"invers":0.0052005044358802875,"1mais":0,"rend":0.004922351228929229,"1+teg":0,"moyen":0.01470428222852819,"det":0.0098086630071981817,"1+tri":0,"1er":0,"1+2":0,"tre":0.02065545683045579,"63":0.014459403696010103,"tra":0.0051842231023166247,"1+ta":0,"1min45":0,"05":0,"1+n":0,"1+0":0,"97":0.01065147282722553,"1+5":0,"1=5":0,"1+taeg":0,"1=9":0,"1+r2":0,"1+2r+r":0,"1+1":0,"obtenus":0.0053519492318236904,"1x":0,"1+taux":0,"1x4x":0,"1x08":0,"1=r":0,"1+rn":0,"20em":0,"5iem":0,"1+4":0,"5em":0,"0005+1":0,"832":0.032213777517315953,"1+i":0,"1+":0,"1\u20ac":0,"97\u20ac":0,"voic":0.005300454467236526,"interrog":0.0052666974518751145,"jul":0.0053519492318236904,"1+x":0,"5e":0,"1+9":0,"1=":0,"007=>":0,"1\u2212":0,"1+f3":0,"=1000":0.0054045131678973042,"1+a2":0,"1+12":0,"1+41":0,"5=>":0,"5^2x18":0,"5x0":0,"1x4":0,"5^2":0,"1+11":0,"=300":0.0054045131678973042,"63\u20ac":0,"+7":0,"1usd":0,"1^3":0,"7e":0,"1000\u20ac":0,"1=16":0,"1000\u20ac+3":0,"1+15":0,"1+tmeg":0,"1\u00b2=4":0,"1000+413":0,"5+5":0,"1m":0,"1eur":0,"5xtaux":0,"1+g":0,"56=mensual":0,"1+rd":0,"63euro":0,"1000k":0,"5an":0,"5min08":0,"1an":0}