{"j":0.0042726274174897704,"ai":0.0048313542910944918,"question":0.0044625889117522249,"en":0.0041273123374835118,"au":0.0062769171203394111,"l":0.0088576568684482181,"du":0.0077348072422338326,"la":0.0039697997822360411,"seul":0.010330532728539491,"de":0.0022009970243038871,"quiz":0.0083531066760235955,"vous":0.0037671033410661883,"trouv":0.0067249371717523982,"dan":0.0035914391800888788,"bonjour":0.0014112025433421832,"on":0.0047233555138426553,"4":0.010518082442902459,"format":0.0098324986205657588,"indic":0.010179144798312081,"pas":0.0026299042291220917,"peut":0.0083319799805515009,"mais":0.0068510761973560892,"qu":0.0068670562301862154,"\u00e0":0.0030576033932300326,"r\u00e9soudr":0.010269458988180175,"solveur":0.020623184921082154,"indiqu":0.0096673032348903506,"solut":0.01009034010867349,"gr\u00e2c":0.011124057549593348,"aid":0.0087943024818144516,"avez":0.0098046069191898497,"04":0,"ordre":0.011232129551402096,"04\u20ac":0,"d\u00e9croiss":0.011305418394879512,"4em":0,"visualis":0.011305418394879512,"profit":0.011268647612064156,"4an":0,"4e":0,"4min25":0}