{"a":0.0038437827325045197,"que":0.0026543557731378577,"le":0.0018790140647400443,"tout":0.00616579266004083,"au":0.008738995458139066,"du":0.0027563418264165743,"la":0.0028127583655345005,"et":0.002227032294642441,"merc":0.001778398247189173,"de":0.00078433760117274003,"d":0.0058035654274088541,"vous":0.0026480731692349511,"exempl":0.0059469430381669987,"dan":0.0025245906126485085,"est":0.0022664968881821357,"pourr":0.00547677942103433,"m":0.0048159419628419796,"+":0.0066645333648569522,"bonjour":0.00099200028590744728,"suiv":0.0065557390575246314,"d\u00e9termin":0.0067765919839463361,"\/":0.0045455629418716158,"vid\u00e9os":0.0071136647170362884,"je":0.0015704412312517084,"pas":0.0036614663971213848,"il":0.0030034296917349924,"mais":0.0048159419628419796,"qu":0.0048271750754884119,"n":0.0071002675976579643,"tres":0.0068147046324010365,"expliqu":0.0051685628083908064,"sont":0.0059469430381669987,"avanc":0.004225794964201497,"pourquoi":0.0048724484436186398,"cet":0.0050472856884745858,"y":0.0055443220778882765,"eu":0.0073271518008179064,"peu":0.0069512475134741476,"le\u00e7on":0.0070519276562355663,"ne":0.0029965321696646227,"comprend":0.0044528269663257495,"mani":0.0074386528313208069,"\u00e9vident":0.007672166811017741,"aut":0.0076963416989075219,"b\u00eat":0.0076242814482003407,"repris":0.0078700942894391265,"carr":0.0078955893177118722,"numer":0.0078700942894391265,"volatil":0.007794637033368519,"d\u00e9nomin":0.0078955893177118722}