{"que":0.0055282303428120161,"le":0.0016540694631859982,"en":0.011845632506335427,"au":0.0023331712920026575,"sur":0.0063700083126943842,"l":0.0033486882358515109,"du":0.011253861033643843,"avoir":0.0061464463096807713,"une":0.003754732374622254,"autr":0.003303398815758802,"la":0.0061910968778194709,"chois":0.0039096402791710307,"et":0.0023430317436195641,"merc":0.0009403874067449101,"de":0.0054449172530394319,"pour":0.0040534259155468539,"d":0.0041077860556953906,"vous":0.0027860033776209397,"trouv":0.0024997032856801226,"\"":0.021052465933610546,"dan":0.0052579682683316807,"est":0.004720436120861613,"5":0.0031446445421100771,"financ":0.0076400609350390008,"bonjour":0.00052455324774928341,":":0.0066950513710163041,"utilis":0.0055163714503966774,"rentabl":0.0035833491021619113,"ser":0.0069349923399882026,"4":0.0039096402791710307,"\/":0.0094670500596497897,"2":0,"risqu":0.015602593096922144,"je":0.0016522408162484769,"calcul":0.0015954785132256833,"valeur":0.0082915831239845205,"action":0.0038744759739208754,"pas":0.0019449750648677538,"ce":0.0016065018514491221,"il":0.0062552470631033197,"\u00e0":0.0022612847617164552,"ann\u00e9":0.0032099400637122214,"cel":0.006436462901513419,"n":0.001895657298798955,"expliqu":0.0054377777808091773,"not":0.0077787654223810407,"possibl":0.007070174551882121,"avanc":0.0022345300745218477,"vid\u00e9o":0.018159695044883413,"pourquoi":0.0025764696763701926,"cet":0.0079243563400859737,"pr\u00e9sent":0.0078499979315792383,"votr":0.0029245503336429914,"m\u00eam":0.0086833523957041293,"march":0.017751368195595321,"quel":0.0030970516454919272,"%":0.0047170150900624781,"ne":0.001584516359433223,"esper":0.0038628923064750248,"effet":0.0037947817763605597,"prim":0.022129510914261966,"estim":0.027035534721078374,"puis":0.0037836549320688995,"12":0.01130941373911357,"obten":0.0070505757457362322,"chaqu":0.0036238635410394907,"02":0.0032434156047398697,"obtien":0.0038628923064750248,"pren":0.012007769918004462,"\u00e9t\u00e9":0.0036862374502184881,"excel":0.0073133171984115447,"mensuel":0.004006592732429334,"31":0.019256081432387249,"aid":0.0032688999536523594,"p\u00e9riod":0.0038399268193649353,"rapport":0.0037725904233663642,"m\u00e9thod":0.0038861279819829338,"rend":0.0038399268193649353,"moyen":0.0077088012153824466,"04":0,"fichi":0.0080465165040959335,"meilleur":0.004095514937076097,"=>":0.0041085513516546717,"r\u00e9alis":0.0039696755895776469,"2014":0.011847957526923882,"[":0.007617412154838233,"]":0.007617412154838233,"michelin":0.0041750562760288603,"arithmet":0.0042022982201787192,"b\u00eat":0.0080214074570891074,"05":0,"33":0.0092818611109226311,"5iem":0,"12^3+2":0,"12^4+189":0,"12^4":0,"5em":0,"yahoo":0.0083338542816681575,"0005+1":0,"04\u20ac":0,"5e":0,"12\u20ac":0,"5=>":0,"4em":0,"5^2x18":0,"5x0":0,"5^2":0,"2010":0.011279782661183999,"shifumy":0.0041886302788622324,"allant":0.0083884322768934469,"histor":0.0042022982201787192,"observ":0.0041615749292269345,"4an":0,"4e":0,"12=":0,"4min25":0,"5+5":0,"12^5":0,"5xtaux":0,"5an":0,"5min08":0}