{"a":0.0040023002463777336,"question":0.003266330776565587,"r\u00e9pons":0.0051091222533804458,"du":0.0028700133016572199,"une":0.0037160210362367548,"la":0.001970560463229369,"merc":0.0018517393511066737,"de":0.003170311918163699,"pour":0.0020264975180835265,"d":0.0020536746989149716,"trouv":0.0049222255710620558,"est":0.0023599671691316285,"5":0,"(":0.0065258977963783245,")":0.0063786752294981135,"on":0.0034571953161303499,"taux":0.0095444280708988551,"int\u00e9r\u00eat":0.0064877069727090437,"4":0.0076985662522557645,"format":0.0071967625721281753,"t":0.0064537413528762853,"oblig":0.0071967625721281753,"je":0.0016352061924855615,"pas":0.007472421098919867,"ce":0.0062628910075874155,"il":0.003127291065012095,"\u00e0":0.0044307271339514937,"derni":0.00695858374034728,"n":0.010975094619550218,"quizz":0.0069972809626153258,"pourquoi":0.0050733881083989589,"parl":0.0075612918099367404,"y":0.0057729697963108438,"mainten":0.008194656801820464,"%":0.0046683826046808041,"donc":0.0063207698104385058,"comprendr":0.0067523695283731276,"10":0.010916879489470727,"vers":0.0079635568169235827,"arriv":0.0062882253631961933,"d\u00e9sol":0.0081421014243180049,"ici":0.007450485489775783,"ni":0.0080137386583435301,"10iem":0,"04":0,"10+1":0,"coupon":0.031011087371995909,"05":0.0062882253631961933,"messag":0.0081160876901980698,"+10":0,"post":0.0081160876901980698,"z\u00e9ro":0.024016325475426439,"04\u20ac":0,"10^7":0,"4em":0,"slt":0.0083019474337686864,"4an":0,"4e":0,"4min25":0,"10em":0,"10h":0,"10min15":0,"10^1":0,"10^2":0}