{"j":0.0045277464736873628,"r\u00e9pons":0.0073970761868599778,"quand":0.010273340159579552,"une":0.0053801199802628397,"la":0.0042002156279217018,"merc":0.0026809804853034813,"pour":0.0029339984033124825,"d":0.0029733459990802799,"vous":0.0039920374986848828,"2em":0,"5":0.017670438207012803,"bonjour":0.0014954656034647106,"comment":0.0063130373553350666,"2":0.0089881028758383077,"je":0.0023674800067737239,"calcul":0.0045486006384168557,"expliqu":0.0077917395882853248,"votr":0.0083376939297013647,"bon":0.0096714395066954412,"%":0.013321991398487285,"van":0.008784972381427265,"formul":0.0079233460011359502,"rentr":0.011788276257623662,"obten":0.010102702311987902,"2e":0,"02":0,"obtien":0.011012843022150085,"2\u00b0":0,"croiss":0.011602430409280336,"r=":0.011826193020709154,"05":0,"vi":0.011529776265227573,"n=":0.011902801250627003,"2x3":0,"2min54":0,"5iem":0,"2i\u00e8meann":0,"5em":0,"0005+1":0,"jul":0.011902801250627003,"5e":0,"5=>":0,"2\u20ac":0,"2^2x4":0,"5^2x18":0,"2x0":0,"5x0":0,"+2x0":0,"5^2":0,"02+":0,"35973":0.039963586601506104,"cf1=":0.012019704094232957,"8000":0.036060739581932899,"g=":0.011980466179063579,"2=":0,"5+5":0,"2x":0,"2m":0,"5xtaux":0,"5an":0,"5min08":0}