{"j":0.0018841017836575625,"question":0.0019678691603076007,"le":0.00079626970620020536,"sur":0.0025451933563421661,"du":0.0017290994245054018,"apres":0.0081082121018374656,"avoir":0.0036648763422241059,"une":0.0044501183248124567,"la":0.0023552001717860194,"de":0.0033223572278677262,"d":0.0012372791923872749,"quiz":0.0036834719364845321,"trouv":0.0029654975457063882,"mal":0.0043113052457545631,"*":0.0037884726354349913,"est":0.0014218114848599784,"(":0.0039474177581002995,")":0.0038583650341642039,"bonjour":0.00062229840545638014,"ma":0.0040462083165410702,"suiv":0.0041125249861735588,"ser":0.0041350543191596163,"4":0,"format":0.0043358398424785706,"1":0.002615139821554347,"\/":0.0028515078179042318,"3":0.0078103827114381812,"san":0.0075890431285438207,"par":0.002591591557228861,"je":0.0019582400021599827,"calcul":0.0018927796920148138,"invest":0.0039817171100868416,"pas":0.0011597096504727851,"o\u00f9":0.0037593662663764154,"vient":0.0046241736488713547,"moi":0.0041923440333393198,"qui":0.0029044599603456536,"mais":0.0030211211093608965,"\u00e0":0.0039957055391413258,"ann\u00e9":0.0038080797170345908,"cepend":0.0046522342546552221,"co\u00fbt":0.0087679232596491203,"avec":0.0031217576088342818,"votr":0.0034695105160664685,"1+r":0,"%":0.0083349977157539477,"ne":0.0018797748524590854,"diff\u00e9rent":0.0039189535561044587,"01":0,"van":0.0036556335981749186,"formul":0.003297090599049971,"fix":0.0096884692559433602,"erreur":0.004239206247016538,"=":0.0036556335981749186,"amort":0.0044887005106277337,"mon":0.0078935512708969077,"003":0,"cf":0.0078935512708969077,"1+7":0,"beaucoup":0.004360634069384914,"grand":0.004596445129060418,"solut":0.0088444835957047201,"1+3":0,"1+tap":0,"celui":0.0046522342546552221,"1+6":0,"aid":0.0038780261822467716,"avou":0.0048280441398224037,"1\u00b0":0,"1=1":0,"3\u00b0":0,"correspond":0.0045554580912672525,"multipli":0.0048280441398224037,"pos":0.0089223235507776937,"1mais":0,"ca":0.0091639676020939861,"1+teg":0,"sais":0.0044495402802129961,"1+tri":0,"3h":0,"1er":0,"1+2":0,"appr\u00e9ci":0.0049853537136411224,"40":0.010284738337283756,"1+ta":0,"[":0.0045419535433454247,"]":0.0045419535433454247,"1min45":0,"charg":0.0096577277874689837,"imp\u00f4t":0.0093609831334352227,"cmpc":0.0092755254043239577,"3iem":0,"3em":0,"1+n":0,"1+0":0,"augment":0.004797811041923606,"1+5":0,"1=5":0,"1+taeg":0,"1=9":0,"1+r2":0,"1+2r+r":0,"3+":0,"3+1":0,"1+1":0,"1x":0,"1+taux":0,"1x4x":0,"1x08":0,"1=r":0,"dout":0.0049211570245121621,"1+rn":0,"3m":0,"1+4":0,"variabl":0.0097194149881648078,"oubli":0.0049530355105249883,"1+i":0,"1+":0,"3=":0,"1\u20ac":0,"1+x":0,"1+9":0,"1=":0,"1\u2212":0,"1+f3":0,"1+a2":0,"1+12":0,"1+41":0,"4em":0.0047531805005534859,"3^2x24":0,"1x4":0,"3x0":0,"1+11":0,"shifumy":0.0049691388906014855,"pardon":0.005001681532874655,"t=3":0.0049691388906014855,"1usd":0,"1^3":0,"1=16":0,"1+15":0,"1+tmeg":0,"1\u00b2=4":0,"1m":0,"1eur":0,"3e":0,"3+2":0,"1+g":0,"40=":0,"1+rd":0,"1an":0}