{"le":0.0058793751342009213,"de":0.0025562259035216109,"est":0.014325466503885449,"si":0.016410723849850192,"bonjour":0.0032330170367275163,"utilis":0.017088267756315941,"san":0.019835309794494996,"calcul":0.0098335283159980569,"ce":0.009901469255132269,"oui":0.024848210393698431,"possibl":0.021901541060612387,"quel":0.019088282793906442,"solveur":0.023951654148673625,"taeg":0.024096569193443402,"proced":0.024617805029311206}