{"le":0.00081643056001067752,"me":0.0059468212390868394,"sur":0.0051872499852079644,"l":0.0027269168498996002,"la":0.0012221419363701001,"vrai":0.0091482289938157775,"et":0.0028472775438967619,"merc":0.0022736955389055439,"d":0.0025216459316995767,"vous":0.0033855814697867914,"un":0.0041971865045021366,"5":0.007603211416440046,"r\u00e9solu":0.008688225336975065,"pourr":0.0070021036946348479,"m":0.0061572180324900192,"bonjour":0.001268279828899799,"vid\u00e9os":0.0090948738607672924,"je":0.0077431886216971779,"pas":0.006918381334352618,"\u00e0":0.0027479377263770516,"fac":0.010029600163381454,"exercic":0.0073205706622343795,"avanc":0.0054027106547257023,"avec":0.00636232098826503,"peu":0.0088872222440585895,"car":0.0077211244376197514,"quel":0.0074881399512671471,"se":0.0081802339394670218,"ne":0.011214013134008643,"comprend":0.016663949277552232,"bas":0.0091214769085616616,"ci":0.0090948738607672924,"perdu":0.0097782139790023332,"th\u00e9or":0.009965502090529637,"retrouv":0.0094243310167128648,"celui":0.0094815201401146632,"aid":0.0079036397004453376,"lien":0.0099337728393842431,"son":0.0093678187035635668,"05":0,"5iem":0,"5em":0,"0005+1":0,"5e":0,"5=>":0,"5^2x18":0,"5x0":0,"5^2":0,"5+5":0,"5xtaux":0,"5an":0,"5min08":0}