{"j":0.0082002804619808883,"ai":0.0092726222829525584,"a":0.0053182692527333581,"question":0.0043403106885814471,"que":0.007247202038891315,"le":0.0041938602422730677,"me":0.006435659901211672,"en":0.0040142209394008338,"l":0.0029510739804131238,"une":0.0049378605309320636,"la":0.0013226040496710793,"chois":0.010229879236710905,"merc":0.0024605971188643287,"d":0.0027289294490689051,"est":0.0031359318542910682,"quelqu":0.0095089676779938088,"bonjour":0.0013725345542115845,"suiv":0.0090705401124113651,"projet":0.0086436010842080944,"cour":0.0077089998312067304,"je":0.002172867171383719,"invest":0.0087820316921457253,"ce":0.0042035376045802359,"il":0.0041555542791808552,"qui":0.0064060451094597069,"plus":0.0075407755628782843,"avanc":0.0058468225158566142,"concern":0.0092465881295019873,"toujour":0.0094821220746717713,"soit":0.00972890584968596,"van":0.015910616417484945,"faudr":0.010716234800844021,"import":0.010386966316734633,"initial":0.010581999538932805,"tromp":0.010889085931338416,"sensat":0.011031654063130373}