{"question":0.010223639439762471,"au":0.01438020366667046,"la":0.0031154053005883267,"merc":0.0057959578368361291,"de":0.0025562259035216109,"d":0.0064280169659809792,"est":0.0073867146585342887,"bonjour":0.0032330170367275163,"il":0.0097884441163341076,"possibl":0.021901541060612387,"7":0.03539698075714532,"r\u00e9soudr":0.023526981313489948,"solveur":0.023951654148673625,"excel":0.022654733024611712,"gr\u00e2c":0.025484837555775412,"007=>":0,"+7":0,"7e":0}