{"a":0.0065804500073196343,"le":0.0010932329859276294,"en":0.0049669129099634236,"au":0.0075538021187883525,"et":0.0038126178557527719,"*":0.039405459515946477,"dan":0.0043220294880343948,"est":0.003880180151262107,"+":0.011409497279514435,"bonjour":0.0016982771251504562,"on":0.011182011544633549,"comment":0.0071691966073620713,"actif":0.021094777090926012,"oblig":0.011832679560535131,"san":0.010419324275618638,"risqu":0.010312305389343824,"fond":0.01200320244455075,"indic":0.012249842410024603,"ce":0.0052011599537973262,"cas":0.010583287854022771,"qu":0.0082639905716350281,"moin":0.012773639265905261,"deux":0.01116234654526317,"tous":0.01173250681950907,"=":0.0099763696375839185,"proced":0.012931529490179023,"aoa":0.012696132508531952,"devr":0.012619553998121568,"lorqu":0.013649788043951361}