{"le":0.0010932329859276294,"l":0.0071831587069560885,"du":0.004718781173149212,"la":0.0016364966523396498,"de":0.0013427643372587925,"\"":0.017365262599680274,"dan":0.0043220294880343948,"(":0.0054195799096577839,")":0.0052973155882405773,"on":0.0056842064669998405,"taux":0.0079263868721517593,"comment":0.0071691966073620713,"t":0.010611028588174951,"\/":0.0077818783671524177,"calcul":0.005165471140072527,"\u00e0":0.0072385312394564515,"r":0.011866422273101827,"rent":0.011832679560535131,"\u00e9quat":0.012696132508531952,"relat":0.013011961106576972,"g":0.025517861179456171,"f":0.013134537943777962,"cash":0.012506378845531,"flow":0.012619553998121568,"croiss":0.013175924684981102,"perp\u00e9tuel":0.013134537943777962,"infin":0.013259510570550741,"croissanc":0.012734768452018813,"repr":0.013517031112129547}