{"j":0.0013018813253098745,"ai":0.0029317249889636238,"a":0.0033181096016033592,"question":0.0027079536377971045,"que":0.0011505700370766465,"le":0.0013608468422940236,"tout":0.0026726546460965487,"en":0.0049669129099634236,"sur":0.0017586840205055857,"l":0.0018411980372031701,"apres":0.002818608773085042,"une":0.0015469677401187374,"la":0.0016364966523396498,"et":0.004745913301794971,"merc":0.00077087320317524707,"de":0.003588339593098924,"pour":0.0016800690748936151,"d":0.00085493824629606088,"mal":0.0029790363959331079,"\"":0.0088273686336538173,"*":0.0026177682216008782,"un":0.0028339153627473072,"dan":0.0010943213958709548,"an":0.0027808682654390919,"est":0.0029223975523129274,"comm":0.0051075360171720209,"r\u00e9solu":0.0058662380694909384,"si":0.0064925560858204038,"(":0.0067462455867629244,"capital":0.0031107345359077483,")":0.0065940520307071239,"bonjour":0.00042999729625064733,"ma":0.0027958590620259884,":":0.0018484245678621451,"on":0.0098243682364681575,"taux":0.0039967814294242171,"int\u00e9r\u00eat":0.0053786376516898752,"utilis":0.0045262000002067584,"fond":0.0060524646850824678,"je":0.0013556687489396145,"ou":0.0021981993482601781,"pas":0.0015958581140096222,"ce":0.0089894888476573127,"il":0.0025926826752231832,"notr":0.0033895309303605052,"c":0.0024819645633749874,"\u00e0":0.0036795978897593887,"n":0.00155394617533844,"aur":0.0028262636075079253,"fois":0.0031016134162087572,"leur":0.0066437952052835836,"compr":0.0027008117812723962,"cet":0.0021878211430789323,"y":0.0024032689676635427,"peu":0.0030131217488800111,"essai":0.003234236784019425,"car":0.0052132572946147326,"m\u00eam":0.0047743385652168624,"se":0.0027734245996168883,"r":0.0030045328986870712,"%":0.0038703256105208066,"donc":0.0026313163714937102,"vu":0.0030925433954876081,"ne":0.001298891491654358,"s":0.0024032689676635427,"imagin":0.0033466411516002649,"flux":0.0056284736160997252,"va":0.0027586391592822179,"fix":0.0033679440176926532,"67":0.0067238618916959161,"t=0":0.0031571272363582182,"18+1":0,"18":0.0056891949753314274,"doit":0.0029539352037571912,"faut":0.002810989961545655,"trop":0.0033048583303392216,"souc":0.0033256149539349776,"compr\u00e9hens":0.0032441389217033379,"annuit":0.0032742139871134788,"moment":0.0032441389217033379,"retrait":0.0033787014955722889,"grand":0.0031760630599895964,"pass":0.0030131217488800111,"sous":0.0032843644558760818,"capitalis":0.0032243948420732577,"p\u00e9riod":0.0031477417349181319,"son":0.0031760630599895964,"import":0.0032541019960025865,"l\u00e0":0.0032441389217033379,"\u20ac":0.0032441389217033379,"37":0.0081242879546602684,"75":0.011610513642232043,"point":0.0031571272363582182,"sen":0.0033466411516002649,"continu":0.0032945789658746002,"lor":0.0060350834565453069,"vais":0.0033787014955722889,"distribu":0.0034004332911848289,"vi":0.003315203378089421,"75+0":0,"18x3xx":0,"1200":0.0092464894029639089,"retir":0.0034114095668841566,"gard":0.0034224607665469531,"67=13":0,"origin":0.0034114095668841566,"d\u00e9biteur":0.0034447920787241473,"pr\u00e9ced":0.003433587920067959,"spoil":0.0034560743157707606,"\u00e0pd":0.0034560743157707606,"r=3":0.0068827348765064158,"pension":0.0068827348765064158,"contrario":0.0034560743157707606,"inversent":0.0034560743157707606,"cr\u00e9diteur":0.0034560743157707606,"chausset":0.0034560743157707606,"matel":0.0034560743157707606,"etc":0.0033895309303605052,"sup":0.0034447920787241473,"cursus":0.0034560743157707606,"67\u20ac":0}