{"le":0.001743521072886862,"de":0.0021414812286743843,"bien":0.011883429234330632,"quiz":0.016031778757924525,"vous":0.0072300486112025818,"bonjour":0.0027084637889782368,"je":0.0083555830981534608,"o\u00f9":0.016362097850016979,"\u00e0":0.005868334145719069,"fin":0.018924929598032325,"vien":0.020947358872617221,"certif":0.018399157988455189,"puis":0.019536419643703413,"mon":0.017283808329713497,"svp":0.018711357177212933,"scor":0.02162745819303083,"visualis":0.021698030864698431,"helen":0.021769095335954104}