{"le":0.00090843428752534149,"en":0.0081415332768843759,"l":0.0059852876502774818,"du":0.003921124470444376,"la":0.0039697997822360411,"et":0.0062494663601587765,"de":0.0052888786223118135,"bien":0.0061916742720938001,"d":0.0055347401787955572,"bonjour":0.0014112025433421832,"taux":0.006586520626016011,"inflat":0.010679595088376818,"comment":0.0059573248300881336,"savoir":0.0090777487170686701,"je":0.0044069498538141429,"calcul":0.0042923065396557065,"ce":0.0043219625621925706,"qui":0.006586520626016011,"\u00e0":0.0030576033932300326,"suis":0.0087713505804190833,"concern":0.0095070893811386639,"se":0.0091020661824480868,"monnai":0.011305418394879512,"voul":0.010983298141574761,"commerc":0.011305418394879512,"min":0.011268647612064156,"pierr":0.011268647612064156,"koffo":0.011342445422150607,"servic":0.011268647612064156,"chambr":0.011342445422150607,"industr":0.011342445422150607,"artisanat":0.011342445422150607,"cameroun":0.011342445422150607,"raret":0.011342445422150607,"affluenc":0.011342445422150607}