{"j":0.005417298836888346,"ai":0.0061257131559387546,"correct":0.0059650983940357418,"a":0.0034974763338647234,"question":0.0056581525508604775,"le":0.0017126476529896332,"r\u00e9pons":0.0044646910696397694,"l":0.0057203245096770442,"du":0.0073923944897329114,"la":0.0025637189755820548,"et":0.0040169075682640592,"de":0.0014147130483039088,"pour":0.0035104320063116829,"d":0.0035575101026728618,"quiz":0.0053427693708053064,"exempl":0.0054111519776973236,"\"":0.0093003613826331769,"dan":0.0022971371003277221,"est":0.002062296383237561,"5":0.0054111519776973236,"bonjour":0.00090262581540026109,"ma":0.005868907985259496,"on":0.0059887806333422788,"taux":0.012417396884306235,"utilis":0.018588420507574172,"inflat":0.013540744932234837,"aim":0.0061660535304675513,"savoir":0.0058062610334709249,"cour":0.0050697027897854876,"par":0.0037590285014672134,"je":0.0014289520043838141,"calcul":0.0027454221285123977,"valeur":0.0048053752027551865,"pas":0.0016821252629080107,"il":0.0027328350737517671,"mais":0.004382048677691759,"\u00e0":0.0038767600558867531,"cel":0.0055666198739376038,"n":0.0032619552397961504,"concern":0.01205411546904659,"cet":0.0045925494426142686,"eu":0.0066670105470028112,"quel":0.015708066234840428,"lorsqu":0.0062890101259250051,"dit":0.0061488458942088597,"formul":0.0094800213142811948,"doit":0.012291711565759256,"concret":0.0070029382050234359,"\u00e9t\u00e9":0.0063430988151135471,"moment":0.013499287274179634,"approxim":0.014149648631658011,"nominal":0.0069809413586477687,"fish":0.0072075920549353051,"05":0,"5iem":0,"5em":0,"0005+1":0,"5e":0,"5=>":0,"5^2x18":0,"5x0":0,"5^2":0,"extr\u00eam":0.0072311111861742628,"faibl":0.0072075920549353051,"5+5":0,"5xtaux":0,"5an":0,"5min08":0}