{"question":0.0034563865045247263,"que":0.0029246379053704283,"le":0.0018432036394947162,"r\u00e9pons":0.0018152729575734803,"en":0.0010733373935308238,"au":0.0016323576483823652,"sur":0.0029910813024736798,"l":0.003888778427634174,"du":0.0020320173105389874,"la":0.0020840082898720626,"et":0.002453801834445006,"premi":0.0024121550274310718,"merc":0.00065792365142848823,"de":0.0028102389425002723,"bien":0.0016101896298095636,"pour":0.0028489428830113326,"d":0.0014540359572554969,"vous":0.0048280812761817855,"2em":0,"exempl":0.0043841772753037064,"un":0.0012145110123660831,"euros":0.0026945399980350861,"dan":0.0027816592922529481,"an":0.0047295608400456622,"est":0.0049412429838255317,"pourr":0.0020261506220276967,"si":0.0018628505696259229,"(":0.003488043026440128,")":0.0034093536776694314,"bonjour":0.00036699341744959938,"ma":0.0047550564326918976,"suiv":0.0024253149064649058,":":0.0046985167196974889,"1":0.0030732815658638664,"2":0.0087275411230569901,"cour":0.0020612611788109574,"vos":0.0049679937433593432,"par":0.0060473926251925041,"je":0.002298847643664267,"valeur":0.0019537897517418793,"pas":0.0033705981007630045,"ce":0.0033474678865631816,"il":0.0011111276299997554,"peut":0.0021667915931772824,"\u00eatre":0.0023544390195075482,"moi":0.002472387283061228,"\u00e9nonc":0.0051099583956795286,"mais":0.0035503860012052841,"\u00e0":0.0062038452091954695,"fin":0.0051099583956795286,"ann\u00e9":0.0044752105027969277,"n":0.0026428734757987368,"dont":0.002727053894722917,"quizz":0.0024861364199251805,"dev":0.0028472842014941229,"exercic":0.0021183032196808102,"leur":0.011266080275583921,"concern":0.002472387283061228,"pourquoi":0.0018025766031255156,"cet":0.0018672581550350101,"term":0.0027858617848479741,"encor":0.0026706470075549579,"votr":0.0080959872898811666,"bon":0.0023734110821379277,"aux":0.0025790039146473447,"selon":0.002727053894722917,"quel":0.0043178245626123183,"mainten":0.0029115644823526948,"1+r":0,"%":0.0065630257516215221,"dit":0.0025000237413838919,"lequel":0.0028562860369413198,"1000":0,"ne":0.0043863920408579744,"comprend":0.0016473364059454362,"01":0,"s":0.0061088775938296334,"agit":0.0027107013150649765,"raison":0.0023926472654816019,"journ":0.0028031342204285843,"emprunt":0.0025938618734411812,"deux":0.0024121550274310718,"depuis":0.0028472842014941229,"mont":0.0025716344206234629,"\u00e9pargn":0.0084533920052856752,"trois":0.002865346901239334,"erreur":0.0025000237413838919,"exact":0.0027688025946636962,"2e":0,"compt":0.0048461972841110706,"fais":0.0027353033332802247,"02":0,"1+7":0,"actuel":0.0027519514485727296,"propos":0.0025790039146473447,"d\u00e9cimal":0.0028836488489903619,"retrouv":0.002727053894722917,"1+3":0,"1+tap":0,"1+6":0,"1\u00b0":0,"2\u00b0":0,"1=1":0,"situat":0.002865346901239334,"rapport":0.0026394190829042378,"sach":0.002865346901239334,"uniqu":0.0027858617848479741,"fil":0.0029021964677979771,"ici":0.002647160149952373,"\u00e9quilibr":0.0029021964677979771,"opportun":0.0028294545753522549,"arrond":0.0028472842014941229,"rembours":0.007953952326202279,"chapitr":0.0028562860369413198,"1mais":0,">":0.0028744675736553545,"avez":0.002549758868419915,"1+teg":0,"argent":0.0028294545753522549,"rappel":0.0028928915379947558,"ont":0.0026865296749981533,"det":0.0026945399980350861,"sais":0.0026240658487907322,"lor":0.0025864129235733313,"1+tri":0,"1er":0,"discuss":0.0058019537629355666,"g\u00e9n\u00e9ral":0.0028836488489903619,"1+2":0,"63":0,"1+ta":0,"1min45":0,"1+n":0,"1+0":0,"anticip":0.0029304932284152825,"1+5":0,"1=5":0,"1+taeg":0,"1=9":0,"1+r2":0,"1+2r+r":0,"1+1":0,"post":0.0028836488489903619,"1x":0,"troisiem":0.0029209964428941479,"1+taux":0,"1x4x":0,"1x08":0,"2x3":0,"1=r":0,"affich":0.002865346901239334,"2min54":0,"1+rn":0,"2i\u00e8meann":0,"1+4":0,"professionnel":0.0029115644823526948,"1+i":0,"bout":0.0028928915379947558,"1+":0,"1\u20ac":0,"am\u00e9lior":0.0029304932284152825,"excus":0.0029021964677979771,"meubl":0.0029400557361583205,"appart":0.0029304932284152825,"parent":0.0087278488565262404,"convenus":0.0029400557361583205,"\u00e9poqu":0.0029400557361583205,"1500\u20ac":0.0075833446673360541,"interrog":0.0028744675736553545,"1+x":0,"1+9":0,"1=":0,"1\u2212":0,"1+f3":0,"1+a2":0,"1+12":0,"1+41":0,"pag":0.0029115644823526948,"2\u20ac":0,"2^2x4":0,"2x0":0,"1x4":0,"+2x0":0,"1+11":0,"02+":0,"d\u00e9di":0.0029496848821234608,"3835":0.017634547749766038,"63\u20ac":0.016518097817646737,"4000\u20ac":0.016518097817646737,"protagon":0.0029496848821234608,"permettront":0.0029496848821234608,"l\u00e9o":0.0029496848821234608,"z":0.0029496848821234608,"1usd":0,"1^3":0,"1000\u20ac":0.0048177459290196087,"4000":0,"2=":0,"1=16":0,"1+15":0,"1+tmeg":0,"1\u00b2=4":0,"2x":0,"2m":0,"1m":0,"1eur":0,"1500":0,"1+g":0,"1+rd":0,"1an":0}