{"ai":0.005277392866380147,"le":0.0028897487866321424,"du":0.0042831291314435836,"la":0.0014854103693195809,"et":0.0034606255314311224,"merc":0.002763485017294425,"pour":0.0059582877156615808,"d":0.0030648477915946304,"(":0.0096915912749396971,")":0.0094729514817387794,"bonjour":0.0015414870834414447,"on":0.0051594234643644018,"3":0.0097332119059287767,"je":0.0024403368705321598,"calcul":0.0046885793398447435,"pas":0.0056596374153512052,"n":0.0055707046963643179,"pourquoi":0.0075713852579204375,"co\u00fbt":0.021526763512218338,"compr":0.0096820759384754207,"%":0.0069669661528352607,"ne":0.0046563652251666223,"cr\u00e9ation":0.012190132454717277,"cordial":0.0095811360940653671,"compt":0.010214917292605735,"003":0,"15":0.018488456763904256,"3\u00b0":0,"opportun":0.011884593765741833,"cash":0.011351752411611517,"flow":0.011454478894410619,"3h":0,"million":0.012112226657334789,"tient":0.012229481044492927,"3iem":0,"3em":0,"3+":0,"3+1":0,"3m":0,"3=":0,"magasin":0.012308987695494997,"3^2x24":0,"3x0":0,"15x4":0,"15an":0,"15\u20ac":0,"3e":0,"3+2":0,"15h":0}