{"a":0.0034974763338647234,"le":0.0017126476529896332,"au":0.0040148081228141754,"du":0.0025080086406580218,"la":0.0049981185548272971,"et":0.0020263873603982969,"merc":0.0016181730900481706,"de":0.0027806330451166485,"d":0.0017946376370469785,"\u2019":0.0062182054628251594,"vous":0.0024094944704917726,"un":0.0029871080535118439,"b\u00e9n\u00e9fic":0.013794995791876359,"dan":0.0045536147648655347,"est":0.002062296383237561,"5":0.0054111519776973236,"m":0.004382048677691759,"(":0.013909838557121983,")":0.013596036195950265,"bonjour":0.00090262581540026109,"suiv":0.011824614263154625,":":0.0076915369065394881,"4":0.0067275195798523722,"3":0.0056993330838936073,"vid\u00e9os":0.0064727576260981239,"par":0.0037590285014672134,"je":0.0014289520043838141,"calcul":0.0080921744390326442,"moi":0.017923469577226396,"qui":0.012417396884306235,"suis":0.0056102842977179814,"vid\u00e9o":0.0053427693708053064,"contr":0.006959085972069433,"co\u00fbt":0.012682878577172403,"avec":0.0045280190057525775,"peu":0.0063249734340137418,"selon":0.013295741635024901,"confus":0.0071151101332917995,"mani":0.013417129570911245,"s":0.0050448052359356749,"van":0.010510928767892024,"th\u00e9orem":0.0071151101332917995,"flux":0.011760453319390138,"va":0.01706840850812337,"futur":0.0065298766328307058,"003":0,"\u00e9clairc":0.0066670105470028112,"effectu":0.0066470779332624538,"3\u00b0":0,"correspond":0.013098165944839951,"aujourd":0.0069157923814936861,"hui":0.0069157923814936861,"trait":0.0070250783543402591,"pouv":0.0052757356216194913,"04":0,"3h":0,"s\u00e9par":0.0071379957477239126,"05":0,"3iem":0,"3em":0,"dessus":0.0071151101332917995,"3+":0,"3+1":0,"5iem":0,"3m":0,"5em":0,"0005+1":0,"3=":0,"04\u20ac":0,"5e":0,"5=>":0,"4em":0,"5^2x18":0,"3^2x24":0,"5x0":0,"3x0":0,"5^2":0,"+va":0.0072547942151201059,"4an":0,"4e":0,"4min25":0,"5+5":0,"3e":0,"3+2":0,"5xtaux":0,"5an":0,"5min08":0}