{"j":0.0049731748207117784,"ai":0.0037694206472470098,"alor":0.0034859106544258768,"que":0.0029460655429036976,"le":0.0024153638030297371,"me":0.0025954616830804974,"r\u00e9pons":0.0027379687475132313,"en":0.0063709993557500609,"sur":0.0022639504427468715,"l":0.0023672922676003468,"du":0.0045640388407064891,"une":0.0039610525289942109,"autr":0.006933723162034491,"pu":0.004201903889980923,"constat":0.0043081245002170396,"la":0.00053339800199231748,"\u00e9tait":0.0040520816766004587,"et":0.0024717798467624994,"de":0.0021414812286743843,"pour":0.0010859961058388599,"d":0.0032658563242936515,"vous":0.0043847641397705452,"2em":0,"\"":0.0057229212877147571,"dan":0.0041802977782296946,"fait":0.0032434983333413147,"(":0.0017664521899976313,")":0.0017266014853440973,"bonjour":0.0005535346644855233,"suiv":0.00365809251389682,"t":0.0034585475258529191,"2":0.0033268745855550724,"cour":0.015212401631707161,"vos":0.0037602761334305269,"par":0.0023052216597954081,"je":0.0026003867545695562,"permet":0.0039236073283492644,"temp":0.0037602761334305269,"il":0.0049731748207117784,"\u00eatre":0.0035511907046499478,"mais":0.0026872883571247316,"pens":0.0038349076291674779,"qu":0.0079929906821686481,"\u00e0":0.0011993242758711463,"fin":0.0038677292264671101,"ann\u00e9":0.0033872883330899385,"exercic":0.0031950280474598775,"avanc":0.0046902035745919638,"car":0.0033698478266711331,"diff\u00e9rent":0.0034859106544258768,"cadr":0.0043493957172655766,"souhait":0.0042148891553825413,"part":0.0034048760185176577,"d\u00e9j\u00e0":0.0040641636139427768,"cordial":0.0034405030117919053,"2e":0,"02":0,"propos":0.0038899010138164743,"2\u00b0":0,"entrepris":0.0040044423828970374,"sach":0.0043217909646294126,"ici":0.0039927007836443526,"avant":0.0039694141910505132,"nouvel":0.0043355476373805732,"remerc":0.0038677292264671101,"fall":0.0042945470687779522,"emp\u00each":0.004420050902386348,"valid":0.0043493957172655766,"activ":0.0043773710145475469,"d\u00e9marr":0.0043633364271359219,"version":0.012906608980263162,"modul":0.0043915007524307969,"mati":0.0043633364271359219,"n\u00e9goci":0.0044057269397832473,"certificat":0.004201903889980923,"contact":0.0042945470687779522,"d\u00e9cembr":0.0087350060003865138,"plein":0.004434473993546858,"puiss":0.0043773710145475469,"complet":0.008515326585112901,"micromast":0.004420050902386348,"2x3":0,"f\u00e9vri":0.0043773710145475469,"2min54":0,"self":0.004434473993546858,"paced":0.004434473993546858,"2i\u00e8meann":0,"professionnel":0.0043915007524307969,"2\u20ac":0,"2^2x4":0,"2x0":0,"+2x0":0,"02+":0,"micro":0.004448997594864116,"mast":0.004448997594864116,"2017":0.013347595116423612,"psycholog":0.004448997594864116,"strateg":0.004448997594864116,"obtent":0.0087917942705548913,"tutor":0.004448997594864116,"2019":0.012502553787712206,"r\u00e9alist":0.004420050902386348,"2=":0,"2x":0,"2m":0}