{"question":0.0096036330504382737,"le":0.001954979434662771,"sur":0.012421101732649138,"l":0.0065297241709317971,"la":0.0029264734428990935,"de":0.0046651215651265197,"5":0.018206229267482454,"actif":0.019175836351443702,"prix":0.020070023797616725,"je":0.0048078168773058854,"plus":0.016685174545710682,"not":0.022635247425519762,"\u00e9clairc":0.022431660217222291,"voudr":0.022297921700823401,"05":0,"5iem":0,"5em":0,"0005+1":0,"bjr":0.02425048750422977,"5e":0,"5=>":0,"5^2x18":0,"5x0":0,"5^2":0,"ample":0.024409302735032182,"5+5":0,"5xtaux":0,"5an":0,"5min08":0}