{"j":0.0041555542791808552,"ai":0.0046989716249099013,"question":0.0043403106885814471,"le":0.00088354251892584605,"en":0.0040142209394008338,"sur":0.0056136506185765055,"l":0.0086211969220240207,"du":0.011141201607261758,"la":0.003863823827447585,"et":0.0030813285249668269,"de":0.003170311918163699,"bien":0.006022017836465143,"2em":0,"non":0.0087587008759128001,"bonjour":0.0013725345542115845,"suiv":0.0090705401124113651,"4":0.010229879236710905,"1":0.005767923776930927,"2":0.0082492581208924495,"appliqu":0.0095089676779938088,"cour":0.0077089998312067304,"ains":0.0099880682477754557,"calcul":0.0041746941789044837,"\u00e0":0.0086876548030526725,"ann\u00e9":0.016574116097190672,"pourquoi":0.0067415341986151265,"co\u00fbt":0.019198343035807384,"1+r":0,"%":0.0062033616016038328,"01":0,"part":0.016660173235377659,"direct":0.020687530540569498,"cordial":0.0085310091138418968,"2e":0,"02":0,"1+7":0,"1+3":0,"1+tap":0,"1+6":0,"1\u00b0":0,"2\u00b0":0,"1=1":0,"initial":0.010581999538932805,"1mais":0,"ca":0.020065526166690717,"1+teg":0,"04":0,"1+tri":0,"1er":0,"1+2":0,"1+ta":0,"1min45":0,"1+n":0,"1+0":0,"augment":0.020881778515694577,"1+5":0,"1=5":0,"1+taeg":0,"1=9":0,"1+r2":0,"1+2r+r":0,"1+1":0,"1x":0,"1+taux":0,"1x4x":0,"1x08":0,"2x3":0,"1=r":0,"2min54":0,"1+rn":0,"2i\u00e8meann":0,"1+4":0,"1+i":0,"1+":0,"1\u20ac":0,"04\u20ac":0,"1+x":0,"1+9":0,"1=":0,"1\u2212":0,"1+f3":0,"1+a2":0,"1+12":0,"1+41":0,"2\u20ac":0,"4em":0,"2^2x4":0,"2x0":0,"1x4":0,"+2x0":0,"1+11":0,"02+":0,"major":0.010995641603679334,"fran\u00e7ois":0.010995641603679334,"product":0.011031654063130373,"1usd":0,"1^3":0,"4an":0,"4e":0,"2=":0,"1=16":0,"1+15":0,"1+tmeg":0,"4min25":0,"1\u00b2=4":0,"2x":0,"2m":0,"1m":0,"1eur":0,"1+g":0,"1+rd":0,"1an":0}