{"j":0.0060433589460073085,"ai":0.0054885239228696057,"correct":0.0026806138693127425,"a":0.010743712768062673,"question":0.002555078460596365,"que":0.006384091611031319,"le":0.0015358752516269219,"me":0.0056601990041661842,"au":0.0035938815002411911,"quand":0.0027865037934840615,"l":0.0025954861290930276,"du":0.0011270564712270541,"avoir":0.002388828854611484,"une":0.0014592843711519186,"autr":0.0025544407124588734,"la":0.0030417637485212982,"et":0.0053563197268447806,"de":0.0018864400735339024,"bien":0.0017796850389966146,"pour":0.0039161215410962466,"vous":0.0032224047257141458,"trouv":0.0038503977077426173,"2em":0,"mal":0.0028101822300083969,"\"":0.0041998077695721402,"un":0.0026739291254628587,"dan":0.0040799532946244636,"est":0.0045605376689809365,"5":0.0024316797615405116,"comm":0.0024193134707923628,"si":0.01013193655802269,"financ":0.0029693252154282712,"(":0.0038522899382066001,")":0.0037653832732900375,"bonjour":0.00040562470553392945,"ma":0.0026373875339151102,"on":0.0013576433081653866,"utilis":0.0021439489795440831,"comment":0.0034108972744606742,"1":0.0017045927014228686,"\/":0.0055314345823571061,"3":0.0025611834543741519,"2":0.0024379006604190413,"san":0.0024886017002589654,"cour":0.002278238297825981,"vos":0.0082004336124785037,"je":0.0061988331284557868,"permet":0.0028751804887805015,"calcul":0.0036716669614074333,"ou":0.004130551670789984,"pas":0.0037198317796558722,"ce":0.0036970349161770596,"c":0.0023412848265394449,"moi":0.0054433334060281788,"qui":0.0018931764983172114,"mais":0.003922619262031842,"qu":0.0019738113953914655,"n":0.0057935701903143498,"expliqu":0.0083528373879379128,"sont":0.0072367552273031217,"suis":0.0050220823341687558,"plus":0.0044391460886867747,"exercic":0.0023412848265394449,"y":0.002267049760143434,"avec":0.002034814808665724,"votr":0.0022614860798080231,"car":0.0024693910247844631,"bon":0.0026232464276702595,"moin":0.0030509176559570224,"aux":0.0028504808361946889,"quel":0.002394877292469782,"1+r":0,"comprendr":0.00265166080194643,"ne":0.001225269282892688,"comprend":0.0036268594936091671,"01":0,"s":0.002267049760143434,"van":0.0047464693562599978,"deux":0.0026660687254378003,"va":0.0051836525188211314,"puis":0.0029258114867225008,"formul":0.0042809376467643438,"2e":0,"cumul":0.0032495385081296115,"003":0,"fais":0.003023232996434165,"02":0,"sujet":0.0030696568918343148,"detaille":0.0096392745379917499,"arriv":0.01215173203042896,"mem":0.006348787756070666,"1+7":0,"solut":0.014272142456042806,"fauss":0.0031770462566700036,"1+3":0,"1+tap":0,"1+6":0,"avou":0.0031470014471337861,"1\u00b0":0,"2\u00b0":0,"1=1":0,"3\u00b0":0,"about":0.0031871939920982552,"import":0.0030696568918343148,"just":0.008970101318182851,"1mais":0,"avez":0.0028181573320109755,"1+teg":0,"compar":0.0030509176559570224,"faux":0.0064310141155589492,"souvent":0.0031770462566700036,"enfin":0.0031669655034817596,"irr":0.006472976023562174,"1+tri":0,"3h":0,"1er":0,"1+2":0,"1+ta":0,"1min45":0,"attent":0.0031871939920982552,"essais":0.0032495385081296115,"05":0,"3iem":0,"resultat":0.0095155912571223272,"3em":0,"adopt":0.0032389694101485332,"1+n":0,"1+0":0,"1+5":0,"1=5":0,"1+taeg":0,"1=9":0,"1+r2":0,"1+2r+r":0,"3+":0,"3+1":0,"1+1":0,"droit":0.0031669655034817596,"apre":0.0032389694101485332,"puiss":0.0032076940121516877,"pet":0.0063285737940092252,"1x":0,"1+taux":0,"assez":0.0031770462566700036,"1x4x":0,"1x08":0,"2x3":0,"1=r":0,"2min54":0,"1+rn":0,"nouveau":0.0031272949987079953,"5iem":0,"2i\u00e8meann":0,"3m":0,"1+4":0,"5em":0,"essay":0.0032495385081296115,"0005+1":0,"1+i":0,"1+":0,"3=":0,"1\u20ac":0,"interrog":0.0031770462566700036,"1+x":0,"5e":0,"1+9":0,"1=":0,"1\u2212":0,"1+f3":0,"content":0.0032389694101485332,"1+a2":0,"1+12":0,"1+41":0,"5=>":0,"2\u20ac":0,"2^2x4":0,"5^2x18":0,"3^2x24":0,"2x0":0,"5x0":0,"1x4":0,"+2x0":0,"3x0":0,"5^2":0,"1+11":0,"02+":0,"etc":0.0031974096058599486,"sup":0.0032495385081296115,"carol":0.0032076940121516877,"goal":0.0032601812589554886,"seek":0.0032601812589554886,"veriifi":0.0032601812589554886,"utilise":0.0032601812589554886,"apprend":0.0032601812589554886,"reflexion":0.0032601812589554886,"nebul":0.0032601812589554886,"def":0.0032601812589554886,"heureux":0.0032601812589554886,"grac":0.0032601812589554886,"1usd":0,"1^3":0,"2=":0,"1=16":0,"1+15":0,"1+tmeg":0,"1\u00b2=4":0,"5+5":0,"2x":0,"2m":0,"1m":0,"1eur":0,"3e":0,"3+2":0,"5xtaux":0,"1+g":0,"1+rd":0,"5an":0,"5min08":0,"1an":0}