{"question":0.0073693022120766361,"le":0.0043060248235982038,"la":0.0043913922263873681,"merc":0.0041777847467879548,"pour":0.0089408562447828785,"d":0.0090607612852697857,"un":0.01508130245764438,"dan":0.0059307279289536226,"est":0.0053244182752967221,"projet":0.028699021917122175,"comment":0.0098376363847481989,"calcul":0.02034575176659081,"il":0.0070556090425823335,"mais":0.011313533909279123,"pr\u00e9sent":0.017528103257605562,"votr":0.012992668433746489,"van":0.013689664589977694,"futur":0.016858776828525258,"faut":0.015234296556615073,"dabord":0.01873036253007521,"cashflow":0.036508413137361348}