{"j":0.0072814739289238711,"ai":0.0027887075500766952,"a":0.0062619844970788121,"question":0.0025758523679439626,"que":0.0043242648864002522,"le":0.0020481348714802075,"me":0.0075776536716614731,"sur":0.0033315438170617123,"l":0.0017513794393620667,"du":0.0022633135052162641,"une":0.0029304813995551624,"la":0.0023175023736827392,"et":0.0018286818495113677,"merc":0.0014602952115518439,"de":0.002515623383780518,"pour":0.0031706506909601985,"vous":0.0043140297688144952,"trouv":0.0077012963345295359,"mal":0.0056433049768767323,"dan":0.0020730157537020974,"5":0.0048832101896932826,"si":0.0082032264094302806,"bonjour":0.00081456066978152634,"utilis":0.0043053997770083272,"je":0.0062476931451718671,"calcul":0.0049154845281496901,"temp":0.0055334800913642949,"pas":0.0030117265459335056,"mais":0.0078457488388002476,"n":0.0029437009219013557,"sont":0.0048832101896932826,"plus":0.0044752382913220345,"exercic":0.0093281346331264003,"cet":0.0041444750262563468,"y":0.0045526062536543812,"avec":0.0040862405342060124,"votr":0.0045414334746825061,"bon":0.015553506591506608,"mar":0.0060165402805357638,"toujour":0.0056273728660562157,"comprendr":0.0053249680539644295,"ne":0.0024605408746541787,"raison":0.010536232780384087,"formul":0.0085624322238401756,"permettr":0.0064004061821378603,"fais":0.0060711457188966358,"detaille":0.0065043796793875872,"arriv":0.0049589405666333793,"solut":0.011555304876228904,"propos":0.0057242311611020221,"bloqu":0.0061454990437582579,"avez":0.0056593202844755271,"sais":0.0058242484298382654,"tri":0.0058242484298382654,"exploit":0.0064004061821378603,"05":0,"complex":0.0064623663588816854,"assez":0.0063800278717084666,"5iem":0,"5em":0,"essay":0.0065256041546549928,"0005+1":0,"5e":0,"ange":0.0062216998439581046,"5=>":0,"5^2x18":0,"5x0":0,"5^2":0,"carol":0.0064415735711983429,"resultatssont":0.0065469765368663599,"5+5":0,"5xtaux":0,"5an":0,"5min08":0}