{"une":0.012433939120935086,"la":0.0033304258254552676,"d":0.0068716688984014002,"un":0.011437639044089858,"veut":0.026155235860641737,"est":0.0078965344443003432,"non":0.022055129501404484,"rentabl":0.023609823730718332,"projet":0.02176529875508762,"qu":0.016818004229794115,"expliqu":0.018007408021072882,"toujour":0.023876763605449349,"n\u00e9gat":0.025837833233184743,"van":0.020302857960507108}