{"a":0.025919068896299389,"la":0.0064458311260435939,"sa":0.050312795602307191,"sert":0.053413964017265572,"quoi":0.050159691285420437,"conjonctur":0.052560133688380313,"neutr":0.053763769398373649}