{"sur":0.017827363422712302,"du":0.012111175662882116,"la":0.0042002156279217018,"vrai":0.031440320673191746,"prix":0.028805464752142261,"je":0.00690041033286841,"pas":0.0081229841938286074,"loi":0.034249096913448344,"ne":0.013166555446233203,"comprend":0.019565414227197223,"uniqu":0.033087679968432017}