{"question":0.0040106301736411217,"le":0.00081643056001067752,"me":0.011746792274971302,"en":0.0037093094891980753,"au":0.0056412082085313831,"une":0.0045627914358039347,"la":0.0012221419363701001,"et":0.0028472775438967619,"de":0.0029352503704414942,"bien":0.0055645985216385072,"vous":0.0099099644583292446,"pourr":0.0070021036946348479,"(":0.0040473629296046794,")":0.0039560554684423405,"bonjour":0.001268279828899799,"4":0.0094528399654419479,"comment":0.0053539833469338216,"je":0.0058771098043697663,"permet":0.0089899194221086526,"calcul":0.0038575935321142805,"pas":0.0023635547579402682,"qui":0.0059194559221985802,"avec":0.00636232098826503,"constituent":0.010127389957442442,"mar":0.0093678187035635668,"ne":0.0038310889234860258,"comprend":0.0056929727775289511,"rent":0.0088366901880822957,"cordial":0.0078830123045325572,"sujet":0.0095979950541524878,"cf":0.008093409097935737,"croiss":0.0098398307658910545,"04":0,"remerc":0.008861889374414688,"dra":0.0098398307658910545,"contact":0.0098398307658910545,"04\u20ac":0,"ange":0.0096872543768624416,"4em":0,"born":0.010193713728180523,"renseign":0.010160436696450665,"carolin":0.010094570345582518,"4an":0,"4e":0,"4min25":0}