{"j":0.0070556090425823335,"que":0.0062355701705683747,"me":0.010926941905551128,"au":0.010365395543856274,"une":0.0083838667654034995,"et":0.0052317086827243543,"vous":0.0062208111778640366,"bonjour":0.0023303912213272532,"je":0.010589665780583868,"il":0.0070556090425823335,"moi":0.015699544858889167,"fois":0.016809344477530162,"suis":0.014484581599025619,"avanc":0.009927170009528476,"comprend":0.010460509961368037,"s":0.01302463283738124,"perdu":0.017966905644705926,"aid":0.014522483252319029,"d\u00e9but":0.017966905644705926,"perd":0.018369727422483592,"pla\u00eet":0.018311036774931976}