{"j":0.011524649015382495,"ai":0.013031714922275794,"le":0.00083763890317532189,"l":0.0027977537234401559,"du":0.0036155464910777252,"une":0.004681318658202328,"et":0.0029212410163507556,"merc":0.0023327591232480986,"de":0.0010288306894893216,"quiz":0.0077021389552248496,"vous":0.0034735284148670444,"est":0.0029730074813540289,"fait":0.0076246783602992897,"si":0.0066049938349345451,"bonjour":0.0013012258198481922,"aim":0.0088889858051008266,"savoir":0.0083703087643028553,"je":0.0020599779129998816,"ce":0.0039851467848287256,"il":0.0039396563877088387,"c":0.0075107364673503273,"moi":0.0087661903903914363,"\u00e0":0.002819320657333623,"not":0.0096983955383065108,"eu":0.0096111656867616871,"avec":0.0065275944278591815,"%":0.0058810718178956669,"s":0.0072725937117075643,"certif":0.0088394977017861084,"global":0.010191821562222998,"import":0.0098473213076900375,"plait":0.0095254618003497542,"certificat":0.0098776575072232562,"r\u00e9pond":0.0104243734459008,"42\u20ac":0,"\u00e9chou":0.010356796090765251,"scor":0.010390468254728133,"42":0.025239323400501112,"obtent":0.010390468254728133,"042":0}