{"question":0.009054546087331616,"me":0.019861422100958315,"l":0.0031221740359910848,"avoir":0.0085518669415279892,"une":0.0052241523070401044,"la":0.0027591525543421932,"merc":0.0026032598601534239,"de":0.0011481312451635719,"pour":0.0028489428830113326,"vous":0.0038763098193074857,"2em":0,"5":0.0087052706705868649,"bonjour":0.0014521126129342595,"2":0.0087275411230569901,"par":0.0060473926251925041,"je":0.0067057974974784095,"calcul":0.004416738401032576,"pourquoi":0.0071324010097217391,"car":0.0088402747772379706,"demand":0.010567165567481284,"se":0.0093659306168713367,"mar":0.010725651693858831,"petit":0.011301698567822715,"termin":0.011557743478178914,"2e":0,"02":0,"solut":0.010382854119508475,"2\u00b0":0,"pos":0.010474233213544475,"regard":0.011057110055319555,"ver":0.011057110055319555,"05":0,"revien":0.011520423275102457,"equat":0.011483356092296854,"apre":0.011595320179508891,"2x3":0,"2min54":0,"5iem":0,"2i\u00e8meann":0,"^0":0.011595320179508891,"5em":0,"0005+1":0,"5e":0,"ange":0.011091388465546533,"5=>":0,"2\u20ac":0,"2^2x4":0,"5^2x18":0,"2x0":0,"5x0":0,"+2x0":0,"5^2":0,"02+":0,"carol":0.011483356092296854,"verifi":0.011633156929283439,"2=":0,"5+5":0,"2x":0,"2m":0,"5xtaux":0,"5an":0,"5min08":0}