{"ai":0.0051198349907817043,"a":0.0057946000069887199,"question":0.0047290505898062753,"le":0.00096267699942254666,"en":0.0086207157120260849,"la":0.0042002156279217018,"merc":0.0026809804853034813,"de":0.0023305400818554732,"bien":0.01293254770094073,"pour":0.0029339984033124825,"euros":0.010980011337055491,"r\u00e9solu":0.010244538981486329,"(":0.0047723632498456745,")":0.004664699968922552,"bonjour":0.0014954656034647106,"on":0.0050053875945816765,"taux":0.0069798025019073579,"1":0.0062845278359941045,"je":0.0023674800067737239,"derni":0.010074758740786977,"n":0.0054043899231858965,"dont":0.011112502580274953,"1+r":0,"%":0.0067589656468657446,"01":0,"van":0.008784972381427265,"3000":0.022069179370711636,"refair":0.011826193020709154,"d\u00e9duir":0.011713200238166667,"1+7":0,"1+3":0,"1+tap":0,"1+6":0,"1\u00b0":0,"1=1":0,"r\u00e9el":0.011213957902420938,"1mais":0,"1+teg":0,"sais":0.010692835433845065,"1+tri":0,"1er":0,"1+2":0,"1+ta":0,"1min45":0,"fa\u00e7on":0.011422523154986876,"1+n":0,"1+0":0,"97":0.02368900723778319,"1+5":0,"1=5":0,"1+taeg":0,"1=9":0,"1+r2":0,"1+2r+r":0,"1+1":0,"1x":0,"1+taux":0,"1x4x":0,"1x08":0,"1=r":0,"1+rn":0,"1+4":0,"d\u00e9tail":0.011422523154986876,"1+i":0,"1+":0,"1\u20ac":0,"97\u20ac":0,"1+x":0,"1+9":0,"1=":0,"1\u2212":0,"1+f3":0,"1+a2":0,"1+12":0,"1+41":0,"1x4":0,"1+11":0,"prier":0.011980466179063579,"1usd":0,"1^3":0,"1=16":0,"1+15":0,"1+tmeg":0,"1\u00b2=4":0,"3000\u20ac":0,"1m":0,"1eur":0,"1+g":0,"1+rd":0,"1an":0}