{"j":0.0046670834087501091,"ai":0.005277392866380147,"que":0.0041246511692356368,"le":0.0028897487866321424,"me":0.0072278592773486819,"merc":0.002763485017294425,"de":0.0024012051399200105,"pour":0.0059582877156615808,"d":0.0030648477915946304,"vous":0.0081069260167355474,"un":0.0051013259345906933,"bonjour":0.0015414870834414447,"vos":0.010471642449427648,"je":0.0048078168773058854,"calcul":0.0092371799782616018,"avec":0.0077328641524060633,"mar":0.011385792947673921,"auss":0.011184481619385693,"25":0.018725383324033878,"cf":0.0193800295062081,"chiffr":0.011884593765741833,"pouv":0.0090098002711922164,"ver":0.011737651872621846,"environ":0.012269098227403779,"ecart":0.012229481044492927,"revien":0.012229481044492927,"puiss":0.012190132454717277,"25\u20ac":0,"0025^t":0,"ange":0.011774040046744941,"carol":0.012190132454717277,"verifi":0.012349153217464409,"detaill":0.012389598640799216,"mien":0.012389598640799216,"25=":0,"025":0}