{"a":0.0099562687471360534,"le":0.0016540694631859982,"une":0.0092441100940062557,"de":0.0039640810599308107,"pour":0.0050411894818996467,"un":0.0085034029450129483,"taux":0.011992681018035545,"t":0.01605456347056811,"actif":0.016224296162709425,"san":0.015764513450634433,"risqu":0.015602593096922144,"permet":0.018213369171798471,"valeur":0.013679465529531313,"il":0.0077795638450557023,"qui":0.011992681018035545,"y":0.014361051201290958,"retrouv":0.019093477031895435,"equat":0.020319738347371018,"complet":0.019872651489221651}