{"que":0.0089393509392160318,"le":0.0010932329859276294,"en":0.0097709465380688074,"du":0.004718781173149212,"la":0.0016364966523396498,"de":0.0013427643372587925,"2em":0,"est":0.003880180151262107,"fait":0.0099512449325949021,"(":0.0054195799096577839,")":0.0052973155882405773,"on":0.0056842064669998405,"utilis":0.0089763258001177588,"1":0,"2":0.010207048211052639,"valeur":0.0090412423901099145,"temp":0.011536749821422037,"ce":0.0052011599537973262,"il":0.0051417887826567732,"qu":0.0082639905716350281,"lorsqu":0.011832679560535131,"1+r":0.007710830645170791,"ne":0.0051299804151404126,"s":0.0094917264572470014,"agit":0.012543881763553234,"2e":0,"compt":0.011253912251153238,"rien":0.012891689927075831,"02":0,"2\u00b0":0,"interet":0.02650493784216713,"compos":0.025757464106152116,"prend":0.012852097050155147,"2x3":0,"2min54":0,"2i\u00e8meann":0,"2\u20ac":0,"2^2x4":0,"2x0":0,"+2x0":0,"02+":0,"vf=vo":0.013649788043951361,"2=":0,"2x":0,"2m":0}