{"ai":0.006726420374378375,"le":0.002481784598128063,"en":0.005746222720499997,"sur":0.015768196035876932,"une":0.013869967716177527,"la":0.0037150655340119237,"bien":0.0086203166785127783,"d":0.0076652961583682658,"bonjour":0.0019647372078277154,"je":0.0031103865226454943,"valeur":0.010459815459896977,"pas":0.0036614663971213848,"ce":0.0060172231809244667,"qui":0.0091700388474431193,"derni":0.013236180967353671,"n":0.0071002675976579643,"not":0.014643729228001437,"exercic":0.011340555321376317,"concern":0.013236180967353671,"rent":0.026861759813259809,"formul":0.010409662825315589,"mont":0.013767510780553107,"actuel":0.014732856634652762,"unitair":0.015637856491185414,"sais":0.01404820785271225}