{"certain":0.019267797339059766,"le":0.0016540694631859982,"en":0.0075149753770955702,"sur":0.010509248696340203,"du":0.0071395502536362411,"la":0.0024760313438075489,"valeur":0.013679465529531313,"temp":0.017455186432962195,"pas":0.0047885073650670816,"ce":0.0078693928590365149,"qui":0.011992681018035545,"surtout":0.019505220672741633,"exercic":0.014831307129584694,"concern":0.017310427892323097,"se":0.01657296507961821,"ne":0.0077616976990737318,"index":0.020451366436347752,"droit":0.020061735982957078,"retrouvent":0.020584810142351449}