{"j":0.0055158166988443129,"ai":0.0062371140923185653,"en":0.0053282198722145449,"au":0.0081032865463310146,"l":0.0039170666647858846,"de":0.0014404407234786764,"d":0.003622206236254334,"quiz":0.010783576658764249,"vous":0.0095557302772117519,"bonjour":0.0018218144933853258,"par":0.007587033838584261,"je":0.0028841247696688587,"il":0.0055158166988443129,"ann\u00e9":0.011148373127153379,"aur":0.011974326460146163,"avanc":0.0077606978760238841,"y":0.010182180853157028,"s":0.010182180853157028,"final":0.013218437529627631,"cordial":0.011323515316324483,"remerc":0.012729618600881822,"sav":0.014547440859828816,"prochain":0.013829467055499339,"\u00e9chou":0.014500297285365791,"session":0.014500297285365791,"carolin":0.014500297285365791,"ouvert":0.014642711323044665}