{"le":0.0030734944952836608,"quand":0.011284005609223062,"de":0.0012987312537475978,"bien":0.0072068719266227795,"pour":0.0032226378106986111,"d":0.0032658563242936515,"trouv":0.022752396802209963,"un":0.0054358972120759023,"est":0.003752937945092258,"fait":0.0096249151463482386,"on":0.0054978050776337498,"comment":0.013648028597922296,"actif":0.010371566165812413,"prix":0.02136573583940941,"pourcentag":0.012743848425661172,"je":0.0051182074520992778,"ou":0.0083971015154322998,"pas":0.0088977224685659901,"ce":0.0050305990413231517,"qui":0.0076664579736854688,"n":0.0059360602550275199,"don":0.0095048231374962374,"ne":0.009765964479300223,"comprend":0.0073731331253921589,"vois":0.011988698909227023,"ci":0.011779033266902984,"celui":0.012279790007092971,"tre":0.012865515512613463,"ratios":0.013202172449634623,"permettent":0.01298962424182966}