{"a":0.0056266167122551473,"le":0.00093476935196936772,"r\u00e9pons":0.0071826377048654754,"l":0.0061563877058554428,"une":0.0052241523070401044,"et":0.0032599805971869804,"merc":0.0026032598601534239,"pour":0.0028489428830113326,"d":0.0028871498066414592,"2em":0,"dan":0.010780023521773182,"dir":0.0094671814460695388,"bonjour":0.0014521126129342595,"on":0.014177570881114236,"comment":0.012087349585166751,"t":0.0090729647246056942,"2":0.0087275411230569901,"actif":0.018079459418678247,"risqu":0.0088175413202774278,"fond":0.010263343601116514,"pourcentag":0.011266080275583921,"je":0.002298847643664267,"invest":0.0092912043257654345,"pas":0.0027061438628596234,"ce":0.0044472541371176691,"qu":0.0070661288222779806,"\u00e0":0.0091776680173260086,"avec":0.0072845174574844782,"votr":0.0080959872898811666,"%":0.012941152730350482,"ne":0.0043863920408579744,"comprend":0.0065181495336975037,"25":0.034782434737688959,"2e":0,"02":0,"arriv":0.017431494313767719,"2\u00b0":0,"posit":0.01085583376122469,"2x3":0,"2min54":0,"2i\u00e8meann":0,"25\u20ac":0,"0025^t":0,"2\u20ac":0,"2^2x4":0,"2x0":0,"+2x0":0,"02+":0,"2=":0,"25=":0,"025":0,"2x":0,"2m":0}