{"j":0.0046670834087501091,"en":0.00450835260152778,"au":0.0068564124338383672,"l":0.0096518982069228945,"de":0.0035493363850835867,"nous":0.0090098002711922164,"vous":0.004114888518050662,"exempl":0.0092410617310565348,"m":0.014743733536989758,"si":0.0078245547601797534,"(":0.0049192280250940192,")":0.0048082515128162247,"bonjour":0.0015414870834414447,"cour":0.0086579413462442908,"par":0.0064195968943459086,"ce":0.0047209732551636296,"cas":0.0096062069527513162,"\u00eatre":0.0098893799309625399,"\u00e0":0.009726301414335739,"bon":0.0099690685250910394,"journ":0.011774040046744941,"examen":0.01166555287388382,"pouvon":0.012269098227403779,"inform":0.012112226657334789,"pouv":0.0090098002711922164,"certificat":0.011701490417565987,"inscrir":0.011997294292516485,"r\u00e9ussit":0.012229481044492927,"h\u00e9sit":0.012389598640799216,"dispens":0.012389598640799216,"univers":0.012389598640799216,"ucl":0.012308987695494997}