{"question":0.012191508600070089,"que":0.0052571673863235323,"le":0.0012647615000327555,"du":0.010712262242546018,"la":0.0054706054723743488,"de":0.0030482540263792506,"quiz":0.022820155271272458,"2em":0,"dan":0.0098115830331972336,"(":0.0062699132795284336,")":0.017708269433054872,"bonjour":0.0019647372078277154,"on":0.006576059806317004,"rentabl":0.01342159130624344,"comment":0.008294045250988466,"1":0.0082565895493683823,"3":0.012405685255926049,"2":0.023171359965000141,"moin":0.0147778262884332,"1+r":0,"14":0.030343127692010644,"%":0.0088799041997757438,"obtient":0.014960489526245719,"01":0,"signif":0.015339930915714331,"2e":0,"003":0,"02":0,"cf":0.012537786717525713,"1+7":0,"1+3":0,"1+tap":0,"1+6":0,"svp":0.013573339914909166,"1\u00b0":0,"2\u00b0":0,"1=1":0,"3\u00b0":0,"1mais":0,"1+teg":0,"1+tri":0,"3h":0,"1er":0,"1+2":0,"colon":0.015587361515151953,"1+ta":0,"1min45":0,"3iem":0,"3em":0,"1+n":0,"1+0":0,"1+5":0,"1=5":0,"1+taeg":0,"1=9":0,"1+r2":0,"1+2r+r":0,"3+":0,"3+1":0,"1+1":0,"1x":0,"1+taux":0,"1x4x":0,"1x08":0,"2x3":0,"1=r":0,"2min54":0,"1+rn":0,"2i\u00e8meann":0,"3m":0,"1+4":0,"0014^2+1":0,"1+i":0,"1+":0,"3=":0,"1\u20ac":0,"1+x":0,"1+9":0,"1=":0,"1\u2212":0,"1+f3":0,"1+a2":0,"1+12":0,"1+41":0,"2\u20ac":0,"2^2x4":0,"3^2x24":0,"2x0":0,"1x4":0,"+2x0":0,"3x0":0,"1+11":0,"02+":0,"1usd":0,"1^3":0,"2=":0,"1=16":0,"1+15":0,"1+tmeg":0,"1\u00b2=4":0,"14=12":0,"2x":0,"2m":0,"1m":0,"1eur":0,"3e":0,"3+2":0,"1+g":0,"1+rd":0,"14em":0,"1an":0}