{"a":0.0056266167122551473,"le":0.00093476935196936772,"l":0.0031221740359910848,"du":0.0040347959456850328,"la":0.0027591525543421932,"et":0.0064281184323789296,"merc":0.0026032598601534239,"de":0.0022639164252065088,"pour":0.0028489428830113326,"nous":0.0084874176075531889,"d":0.0056929605363681109,"trouv":0.0069198898020439827,"2em":0,"bonjour":0.0014521126129342595,"rentabl":0.0099197296940252803,"1":0.012032763415723596,"\/":0.01312033821982578,"3":0.018079459418678247,"2":0.0087275411230569901,"actif":0.0091688862818148729,"balanced":0.01140996722500434,"je":0.0045329303260946913,"pas":0.0027061438628596234,"o\u00f9":0.0087723560339853981,"fin":0.010146389654543928,"avanc":0.0061858149179642346,"pourquoi":0.0071324010097217391,"march":0.010031885186251317,"1+r":0,"ne":0.0086492071620946961,"comprend":0.0065181495336975037,"01":0,"vois":0.01059849739260765,"vien":0.011230692524068395,"2e":0,"003":0,"02":0,"1+7":0,"1+3":0,"1+tap":0,"1+6":0,"ensuit":0.010443603505861203,"1\u00b0":0,"2\u00b0":0,"1=1":0,"3\u00b0":0,"1mais":0,"1+teg":0,"1+tri":0,"3h":0,"1er":0,"1+2":0,"1+ta":0,"1min45":0,"3iem":0,"3em":0,"1+n":0,"1+0":0,"1+5":0,"1=5":0,"1+taeg":0,"1=9":0,"1+r2":0,"1+2r+r":0,"3+":0,"3+1":0,"1+1":0,"1x":0,"1+taux":0,"1x4x":0,"1x08":0,"2x3":0,"1=r":0,"2min54":0,"1+rn":0,"faison":0.011595320179508891,"2i\u00e8meann":0,"3m":0,"1+4":0,"1+i":0,"1+":0,"3=":0,"1\u20ac":0,"1+x":0,"1+9":0,"1=":0,"1\u2212":0,"1+f3":0,"1+a2":0,"1+12":0,"1+41":0,"2\u20ac":0,"2^2x4":0,"3^2x24":0,"2x0":0,"1x4":0,"+2x0":0,"3x0":0,"1+11":0,"02+":0,"1usd":0,"parenthes":0.011671257351914821,"1^3":0,"2=":0,"1=16":0,"1+15":0,"1+tmeg":0,"1\u00b2=4":0,"2x":0,"2m":0,"1m":0,"1eur":0,"3e":0,"3+2":0,"1+g":0,"1+rd":0,"1an":0}