{"a":0.0036282305893648001,"le":0.0023462916062748787,"r\u00e9pons":0.0046316049530007791,"en":0.002738582518611159,"sur":0.0038297457169656915,"l":0.0020132822123871243,"r\u00e9sultat":0.0060233299329284047,"la":0.0035122415884875631,"chois":0.0069790300205402628,"et":0.0041657153383215986,"merc":0.0016786690012315657,"de":0.0035706825211642133,"pour":0.0054113656165977256,"nous":0.010845514154603794,"d":0.0036892993301667612,"exempl":0.0056134496005263409,"dan":0.0047223050439783214,"est":0.0021393959837694562,"r\u00e9solu":0.0064145151799502231,"bonjour":0.0009363707661080178,"on":0.0062106371426760435,"taux":0.004370333226556139,"rentabl":0.012675771804918879,"san":0.0057448519501341949,"risqu":0.016748296432339948,"calcul":0.0056438602482516932,"pas":0.001745012046237969,"ce":0.0028677381673830622,"qui":0.0086604723106386908,"derni":0.006308208987627688,"n":0.0033839044649343858,"exercic":0.0054047759833022214,"avanc":0.0039888202899307796,"cet":0.0094410644425546655,"votr":0.0052205633044590909,"m\u00eam":0.0052205633044590909,"don":0.005418309800030165,"mani":0.0070215070997724487,"esper":0.0068955810376292309,"prim":0.013384335475024038,"fair":0.0058813420893452572,"puis":0.0067541357958060145,"obten":0.0063257055740503932,"favor":0.0074048519693713155,"\u00e9t\u00e9":0.013039729985985687,"abord":0.0069162588384190492,"ont":0.0068545857509703708,"enfin":0.0073108315994446426,"conjonctur":0.0073575283738881577,"n\u00e9anmoin":0.0075014485578475433,"soustr":0.0073575283738881577,"d\u00e9favor":0.0074528194430277884,"tombon":0.0075260169842978151}