{"j":0.0014108775521700476,"a":0.0035946339324311009,"question":0.0014736053264043469,"alor":0.0029346416675914001,"que":0.0012468981664857338,"le":0.0023251354404384868,"me":0.0043498815797248097,"en":0.0040512230608101621,"quand":0.0063729846913493241,"sur":0.0019059247242070245,"une":0.0033375145511818577,"la":0.00089395199268539486,"seul":0.0034112772550660285,"et":0.001046160621344091,"de":0.0021609588560838324,"bien":0.0020445719664408057,"vouloir":0.0036970199092681419,"pour":0.001820082526063175,"nous":0.002723697829854091,"d":0.001844491493504572,"\u2019":0.03377013747782795,"vous":0.0012439468788827046,"dan":0.0011859402714193088,"est":0.001064699330368608,"non":0.0029737198991498697,"comm":0.0082618235557778731,"(":0.0044204373033934988,")":0.0043207133808245927,"bonjour":0.00046599756904067369,":":0.0039878943380735497,"rentabl":0.0031833412104420862,"t":0.0029116057997145492,"\/":0.0042509256974070748,"cour":0.0026173295018724271,"je":0.0021928961374261028,"ou":0.0070812433752049479,"pas":0.0025814204958468701,"ce":0.0028411835113290457,"il":0.0069266942510143705,"o\u00f9":0.0028151374419482086,"peut":0.0027513289531332008,"\u00eatre":0.01179506651559406,"moi":0.0031393654732018027,"qui":0.0064650944897684153,"qu":0.0022675919376914399,"\u00e0":0.0030012347902454808,"aur":0.0030628843066006495,"sont":0.0055614702304729868,"clair":0.0033811124994819405,"plus":0.0050968325270929161,"y":0.0077418512882248547,"prof":0.0036851246768152724,"financi":0.0034523209995461512,"essai":0.003505013850543972,"encor":0.0067509648979202199,"demand":0.003391109905826238,"prendr":0.0069353841568655745,"dit":0.0031744574442915128,"consider":0.0066139705149245798,"ne":0.0041842277760965156,"s":0.0077418512882248547,"agit":0.0068522157271184228,"ci":0.0033416829734851552,"direct":0.0035593383159081785,"compt":0.0061475575083162447,"indiqu":0.0063551181100593252,"sujet":0.0035265422196136108,"trop":0.0035815479803951874,"sa":0.003505013850543972,"propos":0.0032747441715002775,"\u00e9tant":0.003462733730798603,"model":0.014492559726683526,"litt\u00e9ratur":0.0037331972748040395,"\u00e9conom":0.003462733730798603,"entrepris":0.0033711717359704136,"trait":0.0036268289468223756,"\u00e9vident":0.003604042391921618,"peuvent":0.0036153986779514789,"croiss":0.0036153986779514789,"parc":0.0035374062795029714,"bruno":0.0036499153334094794,"sais":0.0066332152414391721,"dessous":0.0036153986779514789,"tard":0.0036615734498316741,"cherch":0.0035483380286755834,"dis":0.0037089963384753723,"quant":0.0036615734498316741,"attend":0.0037210550805566447,"existent":0.0037089963384753723,"object":0.007359965417664734,"standard":0.0074078142347748501,"colm":0.0037210550805566447,"toutefois":0.0037089963384753723,"bilan":0.0036970199092681419,"vont":0.0036615734498316741,"exemplair":0.0037454240843279715,"aspect":0.0037454240843279715,"\u2018":0.011133341192252516,"incontest":0.0037454240843279715,"conscienc":0.0037454240843279715,"prennent":0.0037454240843279715,"peopl":0.0037454240843279715,"planet":0.0037454240843279715,"sant":0.0074563276400097739,"\u00e9colog":0.0037454240843279715,"social":0.0037454240843279715,"paschyn":0.0037454240843279715}