{"merc":0.0046064546621536395,"de":0.0020316122135944975,"pour":0.0050411894818996467,"trouv":0.012244708693175295,"(":0.0081998638416996127,")":0.008014877033675559,"bonjour":0.0025695056487479895,"on":0.0086002457486506981,"o\u00f9":0.015522637969934397,"peut":0.015170798639987325,"exercic":0.014831307129584694,"avec":0.012889915416124201,"s":0.014361051201290958,"pouvoir":0.019209340875409642,"suppl\u00e9mentair":0.020319738347371018,"corrig":0.019626153688653582,"exerc":0.020385328532838597,"anne":0.020451366436347752,"laur":0.020652228640268906}