{"le":0.001743521072886862,"l":0.0029510739804131238,"la":0.0013226040496710793,"et":0.0030813285249668269,"pour":0.0026928163250416258,"d":0.0027289294490689051,"trouv":0.0065406689398900732,"dan":0.0068929035137302612,"non":0.0087587008759128001,"(":0.0086433101638118178,")":0.0084483193214231461,"on":0.0090653446112812994,"utilis":0.014315716220658721,"1":0.005767923776930927,"\/":0.0062892544434654972,"je":0.0042877842556997966,"calcul":0.0041746941789044837,"pas":0.0050474684917930666,"vient":0.010199026804666111,"plus":0.0075407755628782843,"vid\u00e9o":0.0081242254004908528,"pourquoi":0.0067415341986151265,"cet":0.013780631632939813,"1+r":0,"%":0.012241280349792895,"ne":0.0081814481198670096,"comprend":0.0061609446711162015,"01":0,"vois":0.010017683039527422,"rent":0.0095630809160835804,"formul":0.0072720269502272762,"7":0.015027319266192652,"vers":0.010581999538932805,"annuel":0.0098424877189188936,"1+7":0.0064505311834685197,"^18":0.010959878367397207,"unitair":0.01092436092849523,"1+3":0,"1+tap":0,"1+6":0,"1\u00b0":0,"1=1":0,"1mais":0,"1+teg":0,"1+tri":0,"1er":0,"1+2":0,"1+ta":0,"1min45":0,"1+n":0,"1+0":0,"1+5":0,"1=5":0,"1+taeg":0,"1=9":0,"1+r2":0,"1+2r+r":0,"1+1":0,"1x":0,"1+taux":0,"1x4x":0,"1x08":0,"1=r":0,"1+rn":0,"1+4":0,"1+i":0,"1+":0,"1\u20ac":0,"1+x":0,"1+9":0,"1=":0,"007=>":0,"1\u2212":0,"1+f3":0,"1+a2":0,"1+12":0,"1+41":0,"1x4":0,"1+11":0,"+7":0,"1usd":0,"1^3":0,"o\u00f9t":0.011031654063130373,"7e":0,"1=16":0,"1+15":0,"1+tmeg":0,"1\u00b2=4":0,"1m":0,"1eur":0,"1+g":0,"1+rd":0,"1an":0}