{"me":0.014239929019656615,"r\u00e9pons":0.015021790102619413,"en":0.0088821072156912723,"sur":0.012421101732649138,"l":0.0065297241709317971,"est":0.0069387518453511614,"bonjour":0.0030369526869061564,"je":0.0048078168773058854,"pas":0.0056596374153512052,"il":0.0091948298824374754,"\u00e0":0.0065800595983703126,"parvien":0.022982827767517304,"soumettr":0.047268194720691034,"cliqu":0.024409302735032182,"onglet":0.024329619396527995,"inact":0.024409302735032182}