{"que":0.0062355701705683747,"le":0.0015001441846809438,"l":0.00501055283186835,"bien":0.010224629651554211,"pour":0.0045720637817591456,"vous":0.0062208111778640366,"5":0.013970463564131072,"t":0.014560549338462472,"je":0.0036892554477154604,"calcul":0.0070881061874856523,"pas":0.004342895892153642,"il":0.0070556090425823335,"exist":0.017528103257605562,"tres":0.016008995236083245,"exercic":0.013451127438631406,"ne":0.0070394054939442435,"plusieur":0.017212827936171904,"formul":0.012346988069673335,"effectu":0.017161366093084645,"avez":0.016190850846209279,"sais":0.016662696733644768,"05":0,"5iem":0,"5em":0,"0005+1":0,"5e":0,"5=>":0,"5^2x18":0,"5x0":0,"5^2":0,"5+5":0,"5xtaux":0,"5an":0,"5min08":0}