{"question":0.0067419293910622813,"que":0.0057047156695639919,"le":0.0026888304754875631,"r\u00e9pons":0.010545576623692057,"et":0.0047863161963601457,"merc":0.0038221162551514169,"vous":0.0056912131582227158,"dan":0.0054258256458909557,"est":0.0048711331178283362,"pourr":0.011770641184616164,"bonjour":0.0021319973880284592,"je":0.0033751770545288147,"pas":0.0039731709482143029,"ce":0.0065294758269983299,"aux":0.01498236575455316,"ne":0.0064401178604743649,"comprend":0.0095699725054665102,"raison":0.013899752632976766,"10":0.022533183478170557,"total":0.015653556616006502,"8":0.024805906196059914,"09":0,"9":0.027163997520199809,"10iem":0,"10+1":0,"9+":0,"+10":0,"08":0,"9=":0,"9=850":0,"10^7":0,"clarifi":0.01696912394224618,"10em":0,"08+0":0,"10h":0,"8min25":0,"10min15":0,"8+50":0,"10^1":0,"10^2":0}