{"j":0.0068951984055791405,"ai":0.0077968760553230321,"question":0.0036418024627828329,"que":0.003081528501683182,"le":0.0021747981769156509,"r\u00e9pons":0.0056964267484823951,"au":0.0051224284108571739,"la":0.0032555273961267397,"et":0.0025854346879796201,"lieu":0.0085319121023685902,"merc":0.0020646007372170862,"de":0.0018006625531886212,"pour":0.0022594477280527482,"d":0.0022897489837594709,"un":0.0038112026008565378,"dan":0.0029308798792866794,"est":0.0077189481361183048,"comm":0.0068688905845598362,"\u00e9gal":0.0079114136725052936,"bonjour":0.001151645602913269,"taux":0.0053750877598933199,"utilis":0.0060870784779054887,"1":0.004839662531816594,"ou":0.0058873547248422652,"ce":0.0035270409653009997,"qui":0.0053750877598933199,"int\u00e9ress":0.0088512778977286946,"plus":0.012512204183803321,"cet":0.005859559167829864,"eu":0.0085063303641802254,"1+r":0,"01":0,"chaqu":0.0079561160482807033,"compt":0.0076315687043504036,"annuel":0.0082584862205760008,"coup":0.0087692043046205172,"1+7":0,"\u00e9tant":0.0085576456618502213,"1+3":0,"1+tap":0,"\u00e9lev":0.0087421880674055756,"1+6":0,"1\u00b0":0,"1=1":0,"m\u00e9thod":0.016872079518881557,"s\u00e9lection":0.0091960495213379585,"1mais":0,"1+teg":0,"\u00e9quivalent":0.0086621348635764015,"compar":0.0086621348635764015,"1+tri":0,"valabl":0.0092260571985100046,"1er":0,"1+2":0,"1+ta":0,"1min45":0,"1+n":0,"1+0":0,"1+5":0,"1=5":0,"1+taeg":0,"1=9":0,"1+r2":0,"1+2r+r":0,"1+1":0,"1x":0,"1+taux":0,"1x4x":0,"1x08":0,"1=r":0,"1+rn":0,"chanc":0.0092260571985100046,"1+4":0,"1+i":0,"1+":0,"1\u20ac":0,"1+x":0,"1+9":0,"1=":0,"1\u2212":0,"1+f3":0,"1+a2":0,"1+12":0,"1+41":0,"1x4":0,"1+11":0,"1usd":0,"1^3":0,"d\u00e9crit":0.0092562739901016055,"1=16":0,"1+15":0,"1+tmeg":0,"1\u00b2=4":0,"1m":0,"1eur":0,"1+g":0,"1+rd":0,"1an":0}