{"a":0.011767523117883665,"le":0.001954979434662771,"merc":0.0054444655025979076,"pour":0.0059582877156615808,"d":0.0060381937906749126,"bonjour":0.0030369526869061564,"taux":0.014174401546335579,"int\u00e9r\u00eat":0.019075091093553959,"comment":0.012820352212986347,"1":0.012762455821946432,"san":0.018632409508420603,"elle":0.020235344934768827,"1+r":0,"%":0.013725931799701011,"01":0,"solveur":0.022499120665410832,"1+7":0,"1+3":0,"1+tap":0,"1+6":0,"1\u00b0":0,"1=1":0,"1mais":0,"1+teg":0,"1+tri":0,"1er":0,"1+2":0,"1+ta":0,"1min45":0,"1+n":0,"1+0":0,"97":0.048107020324805967,"1+5":0,"1=5":0,"1+taeg":0,"1=9":0,"1+r2":0,"1+2r+r":0,"1+1":0,"1x":0,"1+taux":0,"1x4x":0,"1x08":0,"1=r":0,"1+rn":0,"1+4":0,"1+i":0,"1+":0,"1\u20ac":0,"97\u20ac":0,"1+x":0,"1+9":0,"1=":0,"1\u2212":0,"1+f3":0,"1+a2":0,"1+12":0,"1+41":0,"1x4":0,"1+11":0,"1usd":0,"1^3":0,"arrivent":0.02425048750422977,"1=16":0,"1+15":0,"1+tmeg":0,"1\u00b2=4":0,"1m":0,"1eur":0,"1+g":0,"1+rd":0,"1an":0}