{"j":0.010710442354757443,"ai":0.012111035335858758,"que":0.0032300499421461242,"le":0.0030019133679572815,"r\u00e9pons":0.0059709792978792659,"r\u00e9sultat":0.0077651653581790187,"et":0.0053563197268447806,"merc":0.0021641089764901753,"de":0.0018864400735339024,"pour":0.0023683470716862141,"d":0.0024001087669582176,"2em":0,"un":0.0039948923833349869,"dan":0.0030721404586575157,"bonjour":0.0012071518439732056,"comment":0.0050959344480464921,"2":0.0072552688174516876,"ains":0.0087845620833628124,"par":0.0099361844184732064,"je":0.0037771276900833979,"pas":0.0065925330931602133,"obtenu":0.009395184743012883,"o\u00f9":0.0072925237809323834,"mais":0.0058604551868597305,"sont":0.0072367552273031217,"m\u00eam":0.01330213329076077,"travaill":0.0094549892913427646,"ne":0.0072070730231941086,"comprend":0.0054185854174191731,"vois":0.0088106084589258706,"raison":0.007870137231821667,"erreur":0.0082233307898576108,"exact":0.0091074253619415312,"2e":0,"amort":0.0087073067373102074,"mon":0.0077033265798115303,"02":0,"trop":0.0092778858432954504,"annuit":0.0091918565222860928,"excel":0.0084588798743424655,"const":0.017260326285996545,"2\u00b0":0,"rembours":0.0087845620833628124,"2x3":0,"41":0,"2min54":0,"2i\u00e8meann":0,"2\u20ac":0,"2^2x4":0,"2x0":0,"+2x0":0,"02+":0,"41\u20ac":0.023414610530173397,"provient":0.0096392745379917499,"2=":0,"2x":0,"2m":0}