{"question":0.0053703932887125003,"que":0.0045441838632208362,"le":0.0010932329859276294,"la":0.0032193278983538784,"et":0.0038126178557527719,"merc":0.0030445687420808084,"pour":0.0033319003539964286,"d":0.0066424405022892843,"(":0.010661436291712218,")":0.01538183671384117,"bonjour":0.0016982771251504562,"4":0.012657728614153024,"t":0.010611028588174951,"1":0.0071368206941791685,"\/":0.01530856668307486,"ou":0.017078904173779261,"il":0.0051417887826567732,"vient":0.02482527672320841,"1+r":0,"%":0.015099496385624217,"01":0,"formul":0.0089978915176694377,"1+7":0,"1+3":0,"1+tap":0,"1+6":0,"15":0.020368982353957257,"1\u00b0":0,"^":0.012619553998121568,"1=1":0,"75":0.023025883335828268,"1mais":0,"teg":0.013344203586102003,"1+teg":0,"04":0.012852097050155147,"800":0.027267138584259616,"1+tri":0,"1er":0,"1+2":0,"repr\u00e9sent":0.012812747823250415,"1+ta":0,"1min45":0,"1+n":0,"1+0":0.0079814307919169082,"1+5":0,"1=5":0,"1+taeg":0,"1=9":0,"1+r2":0,"1+2r+r":0,"1+1":0,"75+0":0,"1x":0,"1+taux":0,"1x4x":0,"1x08":0,"1=r":0,"1+rn":0,"1+4":0,"1+i":0,"1+":0,"1\u20ac":0,"800\u20ac":0,"04\u20ac":0,"1+x":0,"475":0.035092239174663635,"1+9":0,"1=":0,"1\u2212":0,"1+f3":0,"1+a2":0,"1+12":0,"1+41":0,"4em":0,"1x4":0,"15x4":0,"1+11":0,"1usd":0,"1^3":0,"15an":0,"4an":0,"4e":0,"1=16":0,"1+15":0,"1+tmeg":0,"4min25":0,"15\u20ac":0,"1\u00b2=4":0,"1m":0,"1eur":0,"1+g":0,"15h":0,"1+rd":0,"1an":0}