{"j":0.005417298836888346,"ai":0.0091084272148562566,"a":0.0069330471704897676,"que":0.0024152110418993204,"le":0.00058104787536248921,"r\u00e9pons":0.0044646910696397694,"en":0.0026398894202738742,"l":0.0038471040365798837,"la":0.00086978980246643146,"et":0.0040169075682640592,"merc":0.0016181730900481706,"bien":0.0039602855485970749,"vous":0.0024094944704917726,"trouv":0.0043013683094650429,"dan":0.0022971371003277221,"est":0.0040880900225326519,"comm":0.005383633601430445,"\u00e9gal":0.0062007324119932941,"(":0.0028804796712128744,")":0.002815496794638011,"bonjour":0.00090262581540026109,"utilis":0.0094573000510112144,"1":0,"\/":0.0041360295104218127,"je":0.0014289520043838141,"calcul":0.0027454221285123977,"ou":0.0046143347793961365,"ce":0.002764390554873414,"qui":0.0042128350595431003,"\u00e0":0.0019556879124158866,"derni":0.0060808736103961786,"vid\u00e9o":0.0053427693708053064,"cet":0.0045925494426142686,"m\u00eam":0.005032424526795273,"%":0.0080868787486492889,"mis":0.0070697961166254339,"mani":0.0067684658691487968,"puis":0.0065107300982421108,"12":0.0097810254243724127,"vf":0.0065107300982421108,"faut":0.0059006699071035753,"=":0.0053023906672833594,"exact":0.0068099115157396559,"mon":0.0057600222127078358,"\u00e9t\u00e9":0.0063430988151135471,"taeg":0.013335961743583893,"11":0.012920121603038574,"just":0.006707229961972763,"avant":0.0064727576260981239,"775=55":0,"85":0.015676068673070725,"800":0.014492348058959338,"775":0.015152187448869226,"1+5":0.0042323107627019046,"33":0.015971776916121401,"^15":0.0072311111861742628,"12^3+2":0,"12^4+189":0,"12^4":0,"800\u20ac":0,"775\u20ac":0,"12\u20ac":0,"justin":0.0071842345684870008,"12=":0,"775=":0,"12^5":0}