{"que":0.0076615473033085687,"en":0.008374273435346127,"au":0.012735798989416229,"m":0.013900761733489829,"bonjour":0.0028633151562764535,"cour":0.016082142332005812,"je":0.0088207145817944862,"ce":0.0087692166993102727,"suis":0.017796978312161673,"encor":0.020836624555661536,"ne":0.0086492071620946961,"vien":0.022144985060536426,"20":0.037300976977608695,"inscrir":0.022284996709397559,"f\u00e9vri":0.022643193958319884,"20em":0,"2019":0.064673007942132571,"admissibl":0.023013702774065514}