{"j":0.0030034296917349924,"ai":0.0017064990103821207,"a":0.0019314058354010922,"question":0.0031369625127384677,"que":0.0039620791828981162,"le":0.0018790140647400443,"sur":0.0040572698162861373,"une":0.0017932549464165085,"la":0.00095591297966972854,"\u00e9tait":0.0036488824490615193,"et":0.002227032294642441,"merc":0.00089360117137791528,"de":0.0030482540263792506,"bien":0.0021869822375503892,"pour":0.0029050877846089839,"nous":0.0029134111550569853,"vous":0.003952701323912516,"mal":0.0034533181358725787,"\"":0.015172200281906471,"dan":0.0025245906126485085,"est":0.0033831335760066581,"comm":0.0029729954861408177,"quelqu":0.0034533181358725787,"si":0.002530149885181133,"(":0.0031656934785613865,")":0.0030942762522406801,"bonjour":0.00049845562932554293,":":0.0021427056385430309,"on":0.006576059806317004,"taux":0.0046299734754367446,"utilis":0.0026346113125279313,"4":0.0073936522009423258,"\/":0.0022840330481929678,"fond":0.0035230197355984403,"vos":0.0033861127889235417,"par":0.0041312327706206214,"je":0.0031103865226454943,"calcul":0.0015161001286286974,"ou":0.0025481668119171942,"pas":0.0027594745848601799,"ce":0.007485363810037067,"il":0.0015091491992457579,"c":0.0057258721809380067,"moi":0.0033580312357618797,"qu":0.0072053829680065132,"\u00e0":0.0021493324644188284,"aur":0.0032762229376881143,"expliqu":0.0051685628083908064,"surtout":0.0037837967199264078,"leur":0.0076963416989075219,"vid\u00e9o":0.0029504290965631772,"pourquoi":0.0048724484436186398,"elle":0.0033212310608483672,"cet":0.0025361363297723206,"y":0.0027858848326734699,"car":0.0030345337463840126,"moin":0.0037491480658671597,"aux":0.010405657863614026,"lorsqu":0.0034729701352077609,"dit":0.0033955674627636745,"le\u00e7on":0.0035434193797954745,"donc":0.0030502388488111965,"comprendr":0.0032585176291277992,"ne":0.0044728358762087137,"comprend":0.0066466045007487918,"diff\u00e9rent":0.0031390478329653164,"beaucoup":0.0034928300960687855,"grand":0.0036817127111001937,"voit":0.0039673385160932237,"tap":0.0037491480658671597,"banqu":0.007672166811017741,"ta":0.0036380654232197203,"capitalis":0.0037377392235108517,"p\u00e9riod":0.0036488824490615193,"d\u00e9finit":0.0038310130162324705,"util":0.0039166124879467844,"entrepris":0.0036059834661303714,"plut\u00f4t":0.0038190971108815388,"just":0.0037039230151463529,"pr\u00eat":0.0037954898966197563,"bloqu":0.0037606266875095289,"central":0.0039545278944201276,"entend":0.0077451660168912926,"pouv":0.0029134111550569853,"04":0,"compar":0.0037491480658671597,"continu":0.0038190971108815388,"proportionnel":0.0039166124879467844,"limit":0.0039166124879467844,"aller":0.0039673385160932237,"liquid":0.0078447721101443414,"quoi":0.0037377392235108517,"font":0.0039673385160932237,"04\u20ac":0,"4em":0,"vont":0.0039166124879467844,"r\u00e9cess":0.0040063035583814237,"m\u00e9nag":0.0040063035583814237,"d\u00e9pos":0.0079731355040045058,"aupres":0.0039802371839668983,"d\u00e9coulent":0.0040063035583814237,"h\u00e9len":0.0039673385160932237,"moureau":0.0039673385160932237,"4an":0,"4e":0,"4min25":0}