{"j":0.0039740677873229147,"ai":0.0015110382815716702,"a":0.0034054326974526307,"certain":0.0033096222259116287,"question":0.0013957044493723694,"le":0.0011217577862125882,"me":0.0020695014258769969,"tout":0.002743298402381624,"sur":0.0053684843449976092,"l":0.001889653070937587,"du":0.0012263578335727178,"une":0.0015878572774831821,"la":0.0012648416543404558,"merc":0.00079124896656515727,"de":0.0027092784162299037,"nous":0.0051368932550076548,"d":0.0017474078752451939,"\u00e9vit":0.0035243447069812717,"2em":0.0027649271825322167,"*":0.0026869612168603585,"un":0.0029084958596453984,"dan":0.0011232465598835814,"an":0.0056838153259609302,"est":0.0020080226039885848,"fait":0.0051498445905862819,"si":0.0022403489901624816,"(":0.0041887714276479518,")":0.0054355339471320683,":":0.0037779940956817254,"on":0.0014772609435918698,"int\u00e9r\u00eat":0.0055201879160241395,"utilis":0.0023328455077158581,"t":0.002757686265559093,"1":0.0018547789448073542,"\/":0.0040271809693292462,"3":0.0027868411855787221,"2":0,"cour":0.0024789666308755935,"par":0.0072570947574419151,"je":0.00069872426113960719,"permet":0.0062296834771821269,"calcul":0.0013424475016488395,"valeur":0.0023497165949192046,"pas":0.0024461336455212758,"il":0.0013362927249239642,"\u00eatre":0.0028315556630031245,"qui":0.004101965214698083,"mais":0.0084598833111586367,"\u00e0":0.0046993375585677203,"ann\u00e9":0.0027008674722048404,"cel":0.015983169817235035,"n":0.0031761098491705762,"quizz":0.0029899409585515025,"possibl":0.0029899409585515025,"avanc":0.0018801502439768246,"y":0.0024667923067103843,"avec":0.0065846104816136338,"bonsoir":0.0030664562145580358,"car":0.0079908883873616287,"bon":0.0028543723301305396,"doivent":0.0034680075214600066,"don":0.0025539472204814521,"1+r":0,"%":0.0059324407426364321,"auss":0.0063767771162564248,"actualis":0.0029247644552949353,"ne":0.0026548037024183135,"diff\u00e9rent":0.0027795043621109869,"01":0,"avon":0.0067547983705534293,"somm":0.0031105380517097965,"fair":0.0027721997885208171,"certif":0.0029982707394815207,"rent":0.0030751795302119606,"va":0.0028315556630031245,"45":0.02137427266831482,"formul":0.0069544340200843211,"total":0.0064528508577834853,"mont":0.0030927647505660022,"fonction":0.0032405765991002406,"r\u00e9soudr":0.0032118417998807493,"examen":0.003340114600986223,"=":0.0025927455855095198,"chaqu":0.003049145768280641,"rien":0.0033504043417018231,"003":0,"1+7":0,"actuel":0.0033096222259116287,"excel":0.012210849566856061,"sous":0.0033711769598825918,"\u00e9tant":0.003279679293003089,"1+3":0.0041209283727045264,"1+tap":0,"1+6":0,"fiscal":0.0033711769598825918,"const":0.0031929576442106438,"15":0.0052936680373777646,"\u00e9conom":0.003279679293003089,"1\u00b0":0,"^":0.003279679293003089,"1=1":0,"3\u00b0":0,"avais":0.0065903390851315968,"aujourd":0.003381661460377623,"hui":0.003381661460377623,"pend":0.0034569657013266194,"tableau":0.0064145953795005676,"1mais":0,"outil":0.0035015801343323359,"1+teg":0,"compar":0.0033197243106148234,"lor":0.0061939094853418249,"soir":0.0034459967650254447,"long":0.0035129234399193963,"tableur":0.0068186407755545502,"\u00e9tudi":0.0034903137331031148,"1+tri":0,"3h":0,"1er":0,"limit":0.0069057263808750191,"1+2":0,"1+ta":0,"1min45":0,"3iem":0,"3em":0,"1+n":0,"1+0":0,"1+5":0,"1=5":0,"1+taeg":0,"1=9":0,"1+r2":0,"1+2r+r":0,"3+":0,"3+1":0,"1+1":0,"1x":0,"retomb":0.0034903137331031148,"1+taux":0,"^15":0.0035358450145823463,"1x4x":0,"1x08":0,"1=r":0,"1200":0.018898895295783903,"1+rn":0,"3m":0,"1+4":0,"nos":0.0035015801343323359,"1+i":0,"1+":0,"3=":0,"1\u20ac":0,"1+x":0,"1+9":0,"1=":0,"1\u2212":0,"1+f3":0,"1+a2":0,"1+12":0,"1+41":0,"3^2x24":0,"1x4":0,"3x0":0,"15x4":0,"1+11":0,"045":0,"ucl":0.0035243447069812717,"1usd":0,"1^3":0,"15an":0.016048897029623053,"charleroi":0.0035474254643462055,"pc":0.0035474254643462055,"1=16":0,"1+15":0,"1+tmeg":0,"15\u20ac":0,"1\u00b2=4":0,"45=4":0,"1m":0,"1eur":0,"3e":0,"3+2":0,"1+g":0,"45=2788":0,"15h":0,"1+rd":0,"1an":0}