{"le":0.0019953137546422544,"en":0.0030845328539480161,"au":0.0046910326856921657,"sur":0.0043135368045211188,"l":0.0022676092782212679,"une":0.0037942587779302797,"autr":0.0066417548817430255,"la":0.0010162907586706142,"merc":0.0018907261877318872,"de":0.00083387826371511314,"d":0.0041505878157639363,"dan":0.0026840498702588264,"est":0.0024096543210565553,"5":0.018581852593167792,"fait":0.0061798832572038647,"(":0.0066618929526991192,")":0.0096683934641146625,"on":0.003529983696898342,"1":0.004432080510164178,"\/":0.009565693562431107,"par":0.0043921714381883834,"je":0.0016696341029994639,"pas":0.0019654499912187301,"o\u00f9":0.0063712899105610316,"vient":0.0078369461303205469,"qui":0.0049224138138621804,"\u00e0":0.0045230603956723445,"vid\u00e9o":0.0062426658968186763,"bonsoir":0.007327439672454388,";":0.0074757045462481627,"1+r":0,"%":0.018492603329226396,"ne":0.0031858003990504866,"comprend":0.0047340783021899086,"01":0,"7":0,"\u00e9quat":0.0078845026177301429,"cf":0.0067301977189349249,"1+7":0,"annuit":0.0080306879317818703,"pass":0.0073903051422281847,"1+3":0,"1+tap":0,"1+6":0,"const":0.0076297207191747358,"1\u00b0":0,"^":0.0078369461303205469,"1=1":0,"rembours":0.0076748452870002955,"1mais":0,"1+teg":0,"1+tri":0,"1er":0,"1+2":0,"passag":0.0084215855105764965,"1+ta":0,"1min45":0,"05":0,"1+n":0,"1+0":0,"1+5":0.0097883701542682278,"1=5":0,"1+taeg":0,"1=9":0,"1+r2":0,"1+2r+r":0,"1+1":0,"^5":0.0084215855105764965,"1x":0,"1+taux":0,"1x4x":0,"1x08":0,"1=r":0,"soph":0.0081312229025373352,"1+rn":0,"5iem":0,"1+4":0,"5em":0,"0005+1":0,"1+i":0,"1+":0,"1\u20ac":0,"1+x":0,"5e":0,"1+9":0,"1=":0,"1\u2212":0,"1+f3":0,"1+a2":0,"1+12":0,"1+41":0,"5=>":0,"5^2x18":0,"5x0":0,"1x4":0,"5^2":0,"1+11":0,"d\u00e9nomin":0.0083942938620013199,"1usd":0,"1^3":0,"7e":0.011859845157380609,"cfx":0.008476738053235738,"1=16":0,"1+15":0,"1+tmeg":0,"1\u00b2=4":0,"5+5":0,"1m":0,"1eur":0,"5xtaux":0,"1+g":0,"1+rd":0,"5an":0,"5min08":0,"1an":0}