{"j":0.0038399074573468688,"ai":0.0043420480090347012,"a":0.00491430514241169,"question":0.0040106301736411217,"le":0.0016127002662108898,"l":0.0027269168498996002,"du":0.0035240037625585215,"la":0.0024141044231683049,"et":0.0056242447036261647,"merc":0.0022736955389055439,"de":0.0010027815241051773,"d":0.0049810225933829928,"vous":0.0033855814697867914,"mal":0.0087866872733031245,"dan":0.0063757114866142524,"5":0.007603211416440046,"bonjour":0.001268279828899799,"on":0.0042449870510733075,"4":0.0094528399654419479,"actif":0.0080081347831584045,"par":0.0052818121787888391,"je":0.0020078209294537804,"calcul":0.0038575935321142805,"valeur":0.0067520342715293473,"il":0.0038399074573468688,"\u00e0":0.0027479377263770516,"derni":0.0085442375019316747,"expliqu":0.0066080464364859579,"plus":0.0069679947301237392,"vid\u00e9o":0.0075071269930953944,"lequel":0.0098709398969487622,"comprendr":0.0082910332194043642,"s":0.0070884574895834036,"raison":0.0082686667395044603,"souhait":0.0096573155030654709,"ensuit":0.0091214769085616616,"abord":0.0093678187035635668,"04":0,"pla\u00eet":0.009965502090529637,"05":0,"5iem":0,"5em":0,"0005+1":0,"04\u20ac":0,"5e":0,"5=>":0,"4em":0,"5^2x18":0,"5x0":0,"5^2":0,"v\u00e9rit":0.010193713728180523,"4an":0,"4e":0,"4min25":0,"5+5":0,"5xtaux":0,"5an":0,"5min08":0}