{"j":0.0028890062663542398,"ai":0.0032667984961229891,"a":0.0036973438836502004,"que":0.0025532312219031794,"le":0.0018087329952509044,"au":0.0042442392284934554,"quand":0.0065550808266088773,"du":0.0026513318525967335,"et":0.002142187737006287,"de":0.0014948096469628209,"bien":0.0041866008952900092,"vous":0.0025471879700519817,"\"":0.0098269185625084188,"un":0.0031578099855933003,"5":0.0057203788556113551,"m":0.0046324661926783854,"r\u00e9pondr":0.0074031296478603075,"bonjour":0.00095420746824816452,"comment":0.0040281417224401666,"1":0.0040099507348251486,"je":0.0015106112090828917,"temp":0.0064821298455258356,"qui":0.0088239158825442841,"\u00e0":0.0020674480828607612,"quizz":0.019034302851580823,"avanc":0.0040648023709367789,"concern":0.0064283725476433282,"problem":0.0067832662255437734,"m\u00eam":0.0053200085627219647,"1+r":0,"01":0,"certif":0.0064821298455258356,"puis":0.0068827937086375192,"mon":0.0060891857056003546,"1+7":0,"1+3":0,"1+tap":0,"1+6":0,"1\u00b0":0,"1=1":0,"sach":0.0074500938771191938,"just":0.0070905227966853602,"chapitr":0.0074265350230066788,"1mais":0,"1+teg":0,"lor":0.0067248468509279961,"1+tri":0,"emp\u00each":0.0076194786915723452,"1er":0,"regl":0.0074500938771191938,"1+2":0,"1+ta":0,"1min45":0,"appar":0.0076194786915723452,"05":0,"messag":0.0074976801672191158,"1+n":0,"1+0":0,"1+5":0,"1=5":0,"1+taeg":0,"1=9":0,"1+r2":0,"1+2r+r":0,"1+1":0,"1x":0,"1+taux":0,"1x4x":0,"1x08":0,"1=r":0,"1+rn":0,"to":0.015096528848044015,"upgrad":0.0076194786915723452,"5iem":0,"1+4":0,"5em":0,"0005+1":0,"1+i":0,"1+":0,"1\u20ac":0,"are":0.0076194786915723452,"1+x":0,"5e":0,"1+9":0,"1=":0,"1\u2212":0,"1+f3":0,"1+a2":0,"1+12":0,"1+41":0,"5=>":0,"5^2x18":0,"5x0":0,"1x4":0,"5^2":0,"1+11":0,"1usd":0,"1^3":0,"graded":0.0076443418522442689,"assessment":0.0076443418522442689,"avail":0.0076443418522442689,"verified":0.0076443418522442689,"track":0.0076443418522442689,"learner":0.0076443418522442689,"unlock":0.0076443418522442689,"kornwolf":0.007669378276757388,"anthony":0.007669378276757388,"1=16":0,"1+15":0,"1+tmeg":0,"1\u00b2=4":0,"5+5":0,"1m":0,"1eur":0,"5xtaux":0,"1+g":0,"1+rd":0,"5an":0,"5min08":0,"1an":0}