{"j":0.0022469780331257666,"question":0.0023468789285327092,"que":0.0039426544185276434,"le":0.0027657471121196992,"r\u00e9pons":0.0036709360380100978,"tout":0.0046128599920434816,"en":0.0021705567211903086,"du":0.0020621223639052566,"une":0.007894136477197583,"seul":0.0054328350785973027,"merc":0.0013304862126721055,"pour":0.0028908450996229938,"d":0.0029296139702123104,"un":0.0072615992979205473,"000":0,"est":0.0033665471905473718,"5":0.0044491304084072784,"(":0.0023683736381482669,")":0.0023149437412637161,":":0.003190282646452157,"on":0.0049317682597147181,"vos":0.0050415963234118986,"par":0.0030907296784268797,"temp":0.010009590066771275,"ou":0.0037939753431798715,"cas":0.0046249304145761731,"il":0.0044611522934085157,"o\u00f9":0.0044834167093793934,"peut":0.0086996192194799902,"\u00eatre":0.0047612646957296834,"qui":0.0034638562447092155,"qu":0.0036113901339268383,"fois":0.0053532200500766968,"sont":0.0044491304084072784,"quizz":0.0050275897854570014,"plus":0.0040774240700951914,"avanc":0.0031614751905742517,"cet":0.003776063112155296,"y":0.004147914616370648,"avec":0.0037230052179966239,"bonsoir":0.0051562502924244824,"quel":0.0043817946568676441,"mar":0.0054817161817112504,"ne":0.0022418177390067565,"fair":0.0092548625115428558,"certif":0.0050415963234118986,"puis":0.0053532200500766968,"doit":0.0050983352976043724,"mard":0.0059455281976154304,"moment":0.005599211503967659,"30":0.010623117986950408,"grand":0.0054817161817112504,"l\u00e0":0.005599211503967659,"trait":0.011467923810277576,"avant":0.0053219985132958907,"entend":0.0057944482438720257,"d\u00e9compt":0.0059261904147540631,"tard":0.0058314593607317368,"limit":0.0058314593607317368,"d\u00e9marr":0.011614894068749089,"r\u00e9alis":0.0056164072411347792,"30\u20ac":0,"05":0,"5iem":0,"questionnair":0.0059261904147540631,"5em":0,"0005+1":0,"reven":0.0058501503900961057,"5e":0,"5=>":0,"5^2x18":0,"5x0":0,"5^2":0,"paus":0.005965000739632441,"minuteur":0.005965000739632441,"impart":0.005965000739632441,"\u00e9ch\u00e9":0.005965000739632441,"5+5":0,"5xtaux":0,"5an":0,"5min08":0}