{"j":0.0030034296917349924,"ai":0.006726420374378375,"a":0.0038437827325045197,"question":0.0031369625127384677,"alor":0.0062471685834749099,"que":0.0026543557731378577,"le":0.0012647615000327555,"me":0.0046513775863896486,"tout":0.00616579266004083,"apres":0.0065025076509591931,"avoir":0.0058421463841539373,"une":0.0035688420691670215,"de":0.00078433760117274003,"bien":0.0043524175017543966,"afin":0.0071976009940913997,"vous":0.0026480731692349511,"un":0.00328287978535843,"dan":0.0025245906126485085,"comm":0.0059166999001371524,"bonjour":0.00099200028590744728,"comment":0.0041876823157467966,"je":0.0061033715573464023,"pas":0.0054397187592964821,"\u00e0":0.0021493324644188284,"n":0.003584941262797989,"quizz":0.0067201424388201609,"tel":0.0076242814482003407,"avec":0.0049763657006741671,"aux":0.013806964128823512,"demand":0.0072188831436362831,"veux":0.0077206740790340348,"ne":0.0029965321696646227,"comprend":0.0044528269663257495,"diff\u00e9rent":0.0062471685834749099,"25":0.012050432216205959,"pouvoir":0.0074160847436879514,"mon":0.012537786717525713,"\u00e9t\u00e9":0.0069711675987701952,"effectu":0.02149556595182699,"retrouv":0.0073713535846230034,"situat":0.0077451660168912926,"aujourd":0.0076005670374894715,"hui":0.0076005670374894715,"peux":0.0076481473897199873,"acces":0.015437912285440402,"enregistr":0.023232642904265188,"test":0.007672166811017741,"f\u00e9vri":0.0078447721101443414,"25\u20ac":0,"0025^t":0,"cod":0.0079731355040045058,"djamil":0.0079731355040045058,"25=":0,"025":0}