{"r\u00e9pondu":0.014360780006182003,"question":0.011319916688749775,"le":0.0011727577725180881,"apres":0.011941894422973666,"avoir":0.010729136983457815,"autr":0.011472962689305031,"la":0.0017555399383624207,"et":0.0040899582079307138,"premi":0.011974326460146163,"de":0.0028303291050100887,"pour":0.0035742719874935721,"est":0.0041624351714029647,"(":0.0058138151196023211,"r\u00e9pondr":0.014134377834669032,"comment":0.0076907037678341306,"\u00e0":0.0039472620022482051,"quizz":0.012341582020268315,"plus":0.010009142698566819,"aux":0.01280259123679591,"s":0.010182180853157028,"fair":0.011442811594237977,"10":0.019254845467049843,"arr\u00eat":0.014547440859828816,"10iem":0,"moyen":0.013456358365616313,"continu":0.01395848709275169,"10+1":0,"+10":0,"particip":0.014500297285365791,"minut":0.014406971177929027,"10^7":0,"10em":0,"10h":0,"10min15":0,"10^1":0,"10^2":0}