{"j":0.0038399074573468688,"ai":0.0043420480090347012,"a":0.00491430514241169,"question":0.0040106301736411217,"que":0.0067034260951330301,"le":0.0023897808706133949,"en":0.0037093094891980753,"et":0.0056242447036261647,"lieu":0.0093959912615539983,"merc":0.0022736955389055439,"de":0.0010027815241051773,"quiz":0.0075071269930953944,"*":0.029776621019858507,"est":0.0028977333236512386,"bonjour":0.001268279828899799,":":0.0054519403147499611,"je":0.0020078209294537804,"c":0.0073205706622343795,"mais":0.0061572180324900192,"ci":0.0090948738607672924,"fair":0.0079660619583199511,"certif":0.0086156887311761004,"plac":0.0095394024818857628,"commenc":0.0098089229898429085,"d\u00e9compt":0.010127389957442442,"dessous":0.0098398307658910545,"d\u00e9marr":0.0099974435790460541,"messag":0.009965502090529637,"to":0.020004695169881095,"upgrad":0.010127389957442442,"are":0.010127389957442442,"re\u00e7ois":0.010193713728180523,"graded":0.010160436696450665,"assessment":0.010160436696450665,"avail":0.010160436696450665,"verified":0.010160436696450665,"track":0.010160436696450665,"learner":0.010160436696450665,"unlock":0.010160436696450665}