{"a":0.0050419636047243704,"question":0.0041148139526362955,"que":0.0034817694270224621,"le":0.0032274197737887128,"r\u00e9pons":0.018828065415990317,"au":0.005787749366358912,"la":0.0048312315155935636,"vrai":0.0093858717148906194,"premi":0.0085526286138388093,"merc":0.0023327591232480986,"de":0.0020316122135944975,"pour":0.0025529136002449444,"d":0.002587150501075954,"\"":0.026059974813696811,"est":0.019351521905568561,"5":0.022819389252876309,"comm":0.015325594187144726,"bonjour":0.0013012258198481922,"rentabl":0.017552909640627893,"projet":0.016181583001496642,"vos":0.0088394977017861084,"je":0.0020599779129998816,"pas":0.0024249526071268169,"mais":0.0063171635310647865,"\u00e0":0.002819320657333623,"avanc":0.0055430563830668909,"pourquoi":0.0063912841667338443,"6":0.013888818484186072,"don":0.0075295437095292891,"%":0.017203857866122649,"consider":0.018319102631874216,"ne":0.0039306087755877116,"comprend":0.0058408586189056307,"fauss":0.020125594401607223,"\u00e9tant":0.0096691460151825861,"06":0,"sup\u00e9rieur":0.0099698097018402661,"coc":0.0094412314064096538,"tri":0.018372405881313811,"6min15":0,"05":0,"06^":0,"5iem":0,"5em":0,"0005+1":0,"06=":0,"5e":0,"5=>":0,"5^2x18":0,"5x0":0,"5^2":0,"5+5":0,"5xtaux":0,"5an":0,"5min08":0}