{"le":0.0039135580974803416,"sur":0.0065048457182735235,"du":0.0044191239773341221,"la":0.0015325740545740899,"merc":0.0028512292126045254,"pour":0.0031203143786824794,"d":0.0031621606416873359,"dan":0.0040475672510516666,"fait":0.0093193101083359452,")":0.004960919668134718,"4":0.01185392370718079,"comment":0.0067139304543492057,"vos":0.01080413053405627,"je":0.0025178206975297285,"pas":0.0029639132663617676,"o\u00f9":0.0096079527711815348,"qui":0.0074230367959562593,"expliqu":0.0082865338456991657,"sont":0.009534477298837097,"vid\u00e9o":0.0094139867977876893,"bonsoir":0.011049833753432882,"problem":0.011306051482232377,";":0.011273418290478433,"don":0.0092030311952226752,"ne":0.0048042107959568661,"comprend":0.0071390254377093152,"viennent":0.012577184802122405,"04":0,"tri":0.011371856274851135,"graphiqu":0.012110337380937584,"soph":0.012261944867715025,"04\u20ac":0,"4em":0,"composent":0.012741254678136853,"4an":0,"4e":0,"4min25":0}