{"j":0.010464027608192266,"le":0.0022248327635547697,"merc":0.006195986011644658,"pour":0.0067807330805893873,"vous":0.0092259561885667963,"bonjour":0.0034561549443408966,"comment":0.014589994727327703,"moi":0.023283669750973478,"\u00e0":0.014493195922659779,"12":0.037451553904624728,"13\u20ac":0,"arriv":0.04072281847711158,"mois":0.049260110566902444,"13":0.055491211911405984,"dr":0.027243762195968049,"12^3+2":0,"12^4+189":0,"12^4":0,"12\u20ac":0,"12=":0,"12^5":0}