{"que":0.0033098122689888374,"le":0.00079626970620020536,"une":0.0044501183248124567,"vrai":0.0089223235507776937,"et":0.0027769671597293781,"merc":0.0022175491308524232,"bien":0.0054271868876261094,"vous":0.0033019782628282935,"un":0.0040935416047675564,"est":0.0055842466562629599,"comm":0.0073777472182067951,"(":0.0039474177581002995,")":0.0038583650341642039,"bonjour":0.0012369610548685023,":":0.0053173106511228965,"on":0.0041401617694683205,"\/":0.016600732533677786,"par":0.0051513836421726439,"je":0.0019582400021599827,"ce":0.0037883288938599896,"c":0.0071397972294900084,"peut":0.0073032285794195784,"qu":0.0060191792867771215,"\u00e0":0.0026800804296327396,"avec":0.0062052104762111539,"toujour":0.0085455158035094604,"\u00e9quat":0.0092473844391636854,"r\u00e9soudr":0.0090014866277547609,"solveur":0.0091639676020939861,"fais":0.0092194124898283807,"excel":0.0086677620753440598,"n\u00e9cessair":0.0095367517503522885,"internet":0.0098773052124385662,"http":0.0091091750222936172,"equat":0.0097819302296778734,"fr":0.0098452960447599769,"dcod":0.0099095358986105893,"www":0.0098773052124385662,"sit":0.0098452960447599769,"justin":0.0098452960447599769}