{"que":0.0038855064379971012,"le":0.0035867247123815772,"me":0.0068087924536609414,"sur":0.0059391239680108817,"l":0.0031221740359910848,"r\u00e9sultat":0.0093409082000973313,"la":0.0027591525543421932,"merc":0.0026032598601534239,"de":0.0011481312451635719,"vous":0.0038763098193074857,"trouv":0.013644826973796431,"dan":0.0036955532404598142,")":0.0045294720552135582,"on":0.0048602832735686148,"projet":0.0091447476619345852,"je":0.002298847643664267,"pas":0.0027061438628596234,"o\u00f9":0.0087723560339853981,"\u00e0":0.0031462418159654143,"cel":0.0089553819450320302,"n":0.0052477186733624823,"vid\u00e9o":0.016948365817714476,"bonsoir":0.01008883766500261,";":0.010292977215786035,"m\u00eam":0.0080959872898811666,"doit":0.0099755198569109436,"\u00e9quat":0.01085583376122469,"arriv":0.0088402747772379706,"d\u00e9taill":0.011057110055319555,"pouv":0.0084874176075531889,"tri":0.010382854119508475,"mutuel":0.011671257351914821,"exclus":0.011595320179508891,"soph":0.011195532348091284}