{"le":0.0014334486394591229,"sur":0.0091075185055952169,"une":0.0080111248845258186,"de":0.0017606345007277935,"pour":0.0043687924630237251,"nous":0.013015271838380948,"dan":0.0056670511858624437,"an":0.028189003038998624,"comment":0.0094002607450763675,"ou":0.02228262621374006,"cas":0.01387682202296581,"avon":0.017114534533202903,"flux":0.014636084599022475,"fair":0.013986419954504729,"longu":0.017839195238658474,"30":0.031874018508316677,"excel":0.015603747897616704,"p\u00e9riod":0.016300890761127052,"20":0.029008750608645124,"d\u00e9gag":0.017723550337961899,"repr\u00e9sent":0.016800093092129747,"graphiqu":0.016955839782033202,"30\u20ac":0,"20em":0}