{"question":0.0028038153231746215,"alor":0.0055837157535909539,"que":0.0023724616917350522,"le":0.0027578578681367429,"l":0.0019063765337979839,"r\u00e9sultat":0.0057034899373807884,"une":0.003189829026928815,"autr":0.0055837157535909539,"la":0.00085439448164771462,"et":0.0019905202078657419,"merc":0.0015895313494910118,"de":0.0027326527187902026,"pour":0.0017395435986897329,"d":0.0034950847204057623,"vous":0.0046925279699221636,"est":0.0040163542930382566,"m":0.0043044862079490744,"(":0.0028294950442094716,")":0.0027656623676366736,"bonjour":0.00088664929559290322,"on":0.0029676532677336345,"je":0.0014036594860309258,"pas":0.0016523515658535012,"il":0.0053222388255355219,"mais":0.0043044862079490744,"qu":0.0043145263576917373,"\u00e0":0.0038087326374221576,"expliqu":0.0046196585206578749,"pourquoi":0.0043549916685712243,"avec":0.004447872854269618,"ne":0.0026782987618034779,"diff\u00e9rent":0.0055837157535909539,"effet":0.0064142975062601217,"vois":0.0064713646612504314,"flux":0.0058277218452463401,"video":0.0067305904457914982,"entre":0.0059898093729176469,"amort":0.0063954898662432064,"caus":0.0070342858334941803,"lien":0.0069446603895454793,"pouv":0.0051823548505191093,"n\u00e9cessair":0.0068359098198068572,"net":0.0066893757584399116,"ceux":0.0069226250140087811,"corrig":0.0067723203300688499,"mot":0.0070116528839340286,"lui":0.0070800173332019514,"ven":0.0069446603895454793,"\u00e9critur":0.0070800173332019514,"mon\u00e9tair":0.0070570732753732646,"auparav":0.0070570732753732646,"comptabl":0.0069446603895454793,"rajout":0.0070116528839340286,"h\u00e9len":0.0070570732753732646,"moureau":0.0070570732753732646,"enlev":0.0071031201747008199}