{"en":0.0025931632521401411,"au":0.0039437458283367692,"l":0.0037795970068951715,"du":0.0096031670222240864,"r\u00e9sultat":0.0057034899373807884,"une":0.003189829026928815,"la":0.0041283287523608556,"et":0.0019905202078657419,"merc":0.0015895313494910118,"de":0.0033873412531733866,"pour":0.003448832726592977,"d":0.0017628724656258655,"vous":0.0023668463039129553,"\"":0.0091371633599214939,"un":0.0029342360990768958,"dan":0.0044737102433912972,"gain":0.0070116528839340286,"est":0.0040163542930382566,"non":0.0056580695459415515,"5":0.015671945791207977,"(":0.0028294950442094716,")":0.0027656623676366736,"bonjour":0.00088664929559290322,"3":0.0055984546175900721,"achet":0.0068359098198068572,"pas":0.0048718232352317047,"c":0.0051177813232579543,"qui":0.0041382676788793019,"\u00e0":0.0019210721434708474,"n":0.0032042184771087145,"exercic":0.0051177813232579543,"avanc":0.0037770131536825672,"vid\u00e9o":0.0052482020991602282,"don":0.0051305964916750447,"%":0.011815299914020996,"ne":0.0026782987618034779,"effet":0.012717036338931858,"ajout":0.0067723203300688499,"coup":0.0067513901845614845,"003":0,"frais":0.0065885116730520716,"3\u00b0":0,"fruit":0.0070800173332019514,"avez":0.0061601701750597536,"ca":0.019367272280149842,"net":0.0066893757584399116,"pert":0.0069891723459644325,"nouvel":0.0069446603895454793,"client":0.0069891723459644325,"3h":0,"05":0,"quoi":0.0066486637017623817,"3iem":0,"3em":0,"3+":0,"3+1":0,"cannibalis":0.0070570732753732646,"classiqu":0.013901357776738794,"introduir":0.0071031201747008199,"5iem":0,"3m":0,"gamm":0.020942967964493492,"5em":0,"0005+1":0,"retranch":0.0069891723459644325,"3=":0,"5e":0,"5=>":0,"5^2x18":0,"3^2x24":0,"5x0":0,"3x0":0,"5^2":0,"vont":0.0069668421806113826,"chocolat":0.0071263840129093771,"pulp":0.0071263840129093771,"5+5":0,"3e":0,"3+2":0,"5xtaux":0,"5an":0,"5min08":0}