{"j":0.0057240092410044642,"ai":0.0064725317484010773,"le":0.0023897808706133949,"pour":0.0037091816141321832,"000":0.03855213136069513,"bonjour":0.0018905782343561902,"je":0.0029929850347009128,"calcul":0.0057503732241291272,"il":0.0057240092410044642,"moi":0.012736581535271069,"pens":0.013097992519057763,"qu":0.0091997474807144902,"sont":0.011333828456137743,"x":0.01400625963176017,"%":0.0085447323623629723,"toujour":0.013061014423917596,"300":0.037768027089335146,"10":0.019981612770163068,"=":0.011106024461724491,"30":0.027061602129236938,"15":0.022675424478184176,"10iem":0,"det":0.027257139277403687,"10+1":0,"30\u20ac":0,"+10":0,"\u00e9taient":0.014902822546775517,"10^7":0,"300=>":0,"15x4":0,"15an":0,"pourqou":0.015195395261055265,"fournisseur":0.029547903141473354,"negat":0.015145790410091875,"10em":0,"15\u20ac":0,"10h":0,"10min15":0,"15h":0,"10^1":0,"10^2":0}