{"a":0.0063646582286184831,"que":0.0043951670759952294,"le":0.0030734944952836608,"en":0.0048040336281054193,"merc":0.002944728624231611,"d":0.0032658563242936515,"bonjour":0.0016425857604024444,"on":0.0054978050776337498,"je":0.0051182074520992778,"calcul":0.0049960805658859839,"invest":0.010509928628505635,"ou":0.0083971015154322998,"pas":0.0030611078886998971,"pens":0.011379891935013474,"\u00e0":0.0035589333496970892,"cel":0.010130056533391402,"avanc":0.0069972062842987405,"pourquoi":0.0080679557712645088,"avec":0.016218417796673001,"ne":0.0049617536833433682,"comprend":0.0073731331253921589,"fair":0.010317076437753347,"doit":0.011284005609223062,"ten":0.012784138757912383,"compt":0.010884864277333555,"amort":0.011848135037500285,"rien":0.012468934538503167,"cf":0.010482007388632164,"d\u00e9calag":0.013159074406740303,"temporel":0.013159074406740303}