{"que":0.0037760408653114389,"le":0.0026519553604122032,"en":0.0081415332768843759,"l":0.0059852876502774818,"merc":0.0025299187562359154,"de":0.0042860970982066355,"nous":0.0082483033392180393,"d":0.0055347401787955572,"\u2019":0.019177214889873347,"quiz":0.0083531066760235955,"000":0.019618590586661943,"dan":0.010484342693819138,"vid\u00e9os":0.010119777064360418,"pas":0.0026299042291220917,"qui":0.006586520626016011,"sont":0.0084600188727721355,"exercic":0.016067861100813648,"pourquoi":0.0069314613449413991,"auss":0.010239183368311726,"ne":0.0042628151212366905,"quid":0.011159837866022947,"or":0.010582099565623369,"d\u00e9j\u00e0":0.020438761560084059,"compt":0.01844689100630427,"\u00e9t\u00e9":0.0099170631150069764,"pris":0.010299908108249819,"20":0.01838401667541318,"50":0.019133617620470791,"ont":0.010330532728539491,"50\u20ac":0,"r\u00e9alis":0.021066561405111532,"madam":0.010983298141574761,"50$":0,"monsolin":0.011053211741200124,"\u00e9tud":0.02187319961496352,"20em":0,"faisabl":0.022301059998558932,"prenon":0.011268647612064156}