{"a":0.0040865653594657752,"question":0.0033351006627127728,"que":0.0028220113125736902,"le":0.0013438313016902025,"en":0.0030845328539480161,"apres":0.0069132217831564865,"une":0.0075102798141670722,"la":0.002011625568230735,"et":0.0023676970482063207,"de":0.0032350834036351237,"pour":0.0020691637430096783,"d":0.0020969131168489439,"an":0.006820655371649934,"est":0.0024096543210565553,"si":0.0053534180572102873,"(":0.0033656463459229772,")":0.0032897182346165498,"bonjour":0.0010546574265731478,"on":0.006987179013028727,"4":0,"3":0.0066592865624799137,"achet":0.0081312229025373352,"ce":0.0032300040381108151,"il":0.0031931335853205016,"peut":0.01232535545682922,"qui":0.0049224138138621804,"\u00e0":0.0088651491068884331,"don":0.006102775606534337,"mainten":0.0083671885059943447,"actualis":0.0069888606269897071,"consider":0.0075191030026635023,"deuxiem":0.0081312229025373352,"van":0.0061954861033558309,"deux":0.013721055695287207,"7":0.011547012654030899,"003":0,"3\u00b0":0,"dur":0.0079569226049622591,"cout":0.0082083305532068621,"n\u00e9cessair":0.0081312229025373352,"compar":0.0079326355614428006,"nouvel":0.0082605802443736047,"lor":0.0074327752715237661,"des":0.0080059469219219588,"3h":0,"3iem":0,"3em":0,"machin":0.016298945951286697,"vi":0.0081312229025373352,"3+":0,"3+1":0,"3m":0,"3=":0,"007=>":0,"3^2x24":0,"3x0":0,"+7":0,"7e":0,"4an":0.0080806372600211382,"t5":0.0084215855105764965,"t6":0.0084490660301943799,"t7":0.008476738053235738,"3e":0,"3+2":0}