{"j":0.0030034296917349924,"ai":0.0050693858845121814,"question":0.0031369625127384677,"que":0.0013337481814765938,"le":0.00063858095863334569,"en":0.007148242021801675,"au":0.0065861688319473156,"l":0.0031837035791303196,"du":0.0027563418264165743,"la":0.0023552001717860194,"et":0.0011190286935641822,"de":0.0030482540263792506,"pour":0.00097793491015440298,"d":0.00099104990963379226,"vous":0.0013305913282712929,"2em":0,"\"":0.0051562563486917531,"*":0.011961067363200868,"dan":0.0025245906126485085,"est":0.0022664968881821357,"comm":0.0029729954861408177,"fait":0.00292075656086445,"(":0.0047253380114968373,")":0.0046187356077915147,"bonjour":0.00049845562932554293,"suiv":0.003294096870771829,":":0.010506480780786974,"on":0.0033202675564044043,"4":0.0073936522009423258,"t":0.021176843469023866,"1":0.0062226022440125877,"\/":0.00678502877752977,"2":0.0059621569375718185,"appliqu":0.0034533181358725787,"je":0.00078910790990980109,"temp":0.0033861127889235417,"pas":0.0027594745848601799,"ce":0.0015265750327781017,"il":0.0015091491992457579,"qui":0.0023264472553536268,"\u00e9nonc":0.006931433105520181,"pr\u00e9cis":0.0037039230151463529,"cel":0.0030740457065802193,"n":0.003584941262797989,"avanc":0.0021233575415302752,"pourquoi":0.0048724484436186398,"co\u00fbt":0.013926602616799448,"compr":0.0031307983744605838,"cet":0.0050472856884745858,"y":0.0027858848326734699,"term":0.0037837967199264078,"adapt":0.0078955893177118722,"car":0.0030345337463840126,"don":0.0028843136917660189,"quel":0.0029429668649106093,"1+r":0,"%":0.0088799041997757438,"donc":0.0030502388488111965,"ne":0.0015056833648571845,"01":0,"vent":0.015147777637773025,"hypothes":0.0038672215114575977,"formul":0.0026409409940356689,"direct":0.011309969511060936,"=":0.0029281308288513722,"cordial":0.0030981584424041265,"2e":0,"chaqu":0.003443568769594368,"annuel":0.0035744407271996069,"mon":0.0063303570364931601,"02":0,"1+7":0,"solut":0.0070929721037785772,"propos":0.0035028394466642613,"excel":0.0034928300960687855,"1+3":0,"1+tap":0,"impliqu":0.0038917545246963271,"remerci":0.0037263993171786484,"1+6":0,"aid":0.0031062653612218549,"1\u00b0":0,"2\u00b0":0,"^":0.0037039230151463529,"1=1":0,"\u00e9l\u00e9ment":0.0076963416989075219,"1mais":0,"ca":0.014555662887119609,"1+teg":0,"50":0.013449914925038836,"04":0,"manipul":0.0039673385160932237,"det":0.0036597621826497209,"client":0.003929166038352026,"apport":0.0039166124879467844,"1+tri":0,"50\u20ac":0,"1er":0,"devr":0.0037039230151463529,"1+2":0,"repr\u00e9sent":0.0037606266875095289,"bfr":0.0037837967199264078,"1+ta":0,"environ":0.0039673385160932237,"[":0.01080736489807408,"]":0.01080736489807408,"1min45":0,"50$":0,"http":0.0036707053552761781,"edxupload":0.0037151275188026887,"s3":0.0037151275188026887,"amazonaw":0.0037151275188026887,"com":0.0036707053552761781,"png":0.0037721759472680236,"1+n":0,"1+0":0,"augment":0.0038430050620701793,"1+5":0.0023372022921683833,"1=5":0,"1+taeg":0,"1=9":0,"1+r2":0,"1+2r+r":0,"1+1":0,"1x":0,"1+taux":0,"1x4x":0,"1x08":0,"2x3":0,"1=r":0,"2min54":0,"1+rn":0,"2i\u00e8meann":0,"stock":0.0039802371839668983,"1+4":0,"1+i":0,"1+":0,"1\u20ac":0,"04\u20ac":0,"1+x":0,"1+9":0,"1=":0,"1\u2212":0,"1+f3":0,"1+a2":0,"1+12":0,"1+41":0,"2\u20ac":0,"4em":0,"2^2x4":0,"2x0":0,"1x4":0,"+2x0":0,"1+11":0,"02+":0,"1usd":0,"1^3":0,"fournisseur":0.0039673385160932237,"cr\u00e9anc":0.0039673385160932237,"jan":0.0040063035583814237,"cantaert":0.0040063035583814237,"15528201974345627":0.013320316203467682,"4an":0,"4e":0,"2=":0,"1=16":0,"1+15":0,"1+tmeg":0,"4min25":0,"1\u00b2=4":0,"2x":0,"2m":0,"1m":0,"1eur":0,"1+g":0,"1+rd":0,"1an":0}