{"a":0.012135494194814779,"question":0.0050293567086572791,"le":0.0010238093108482017,"me":0.0074573530839503613,"l":0.006733908994804319,"du":0.0044191239773341221,"la":0.0015325740545740899,"merc":0.0028512292126045254,"de":0.0012574946497740163,"pour":0.0031203143786824794,"un":0.0052632995788637633,"comm":0.0094859897799319162,"fait":0.0093193101083359452,"(":0.0050754198270786593,")":0.004960919668134718,"bonjour":0.0015904312763250761,"on":0.010482665244120981,"4":0.01185392370718079,"calcul":0.0048374477501120852,"invest":0.010176223126775621,"pas":0.0029639132663617676,"\u00e0":0.0034459320457811736,"pourquoi":0.0078117864552062514,"peu":0.01114463535138302,"\u00e7a":0.011747306483629026,"3000":0.023470625491277784,"compt":0.010539254024084179,"cf":0.010149188426829324,"perturb":0.012658657839417926,"04":0,"tenu":0.012741254678136853,"04\u20ac":0,"4em":0,"parcequ":0.012782984295560743,"4an":0,"4e":0,"4min25":0,"3000\u20ac":0}