{"j":0.0019570367420952638,"correct":0.0042717238370754973,"a":0.0025046113304544163,"question":0.0020440468151789021,"que":0.003437126433669258,"le":0.0012325303283145439,"me":0.0030308406629170818,"en":0.0018904765385098449,"l":0.0013897929903705275,"du":0.0017960341282219584,"une":0.002325459815262229,"la":0.0018450154561356837,"seul":0.004731803206713338,"et":0.0028837850773491941,"premi":0.0042485452515598548,"merc":0.0011588054554446748,"de":0.0015138564155620885,"pour":0.0025201803284772891,"d":0.0025539782462658343,"vous":0.0017254862007293214,"2em":0,"\"":0.0066768385663359617,"un":0.0021391266049970003,"dan":0.0032690934714714238,"est":0.0043745841712749534,"m":0.0031380709177299265,"\u00e9clair":0.0045950406509693868,"si":0.0032810515294195547,"(":0.0020627679312103732,")":0.0020162324200536539,"ma":0.004202840000644842,"ser":0.0042951252970237072,"4":0.0048177085867320436,"comment":0.0027286965227425698,"2":0.0038849453413460386,"fond":0.0045685867700414971,"je":0.0030311214579524263,"pas":0.0035681576174162589,"ce":0.001979634240408536,"il":0.0019570367420952638,"\u00e0":0.0014005064328361024,"ann\u00e9":0.011716578062902126,"exercic":0.0037309820401234678,"avanc":0.0027535307492835355,"pourquoi":0.0063093355878418916,"compr":0.0040599613702698729,"cet":0.0032888146399359481,"avec":0.0032426031297227058,"se":0.0041691156769525011,"ne":0.00578363123571059,"comprend":0.0057659675561956567,"somm":0.0045554668833715827,"fair":0.0040599613702698729,"2e":0,"chaqu":0.0044655562282351338,"coup":0.0049219210305041661,"02":0,"2\u00b0":0,"correspond":0.004731803206713338,"avais":0.0048470310267779973,"son":0.0047743768827252335,"entrepris":0.0046761725998543651,"75":0.0087639733198319157,"pouv":0.0037780576487243885,"04":0,"sais":0.0046217852397046309,"mot":0.0051116586132062851,"exploit":0.0050789905645457645,"bfr":0.014534320700967149,"madam":0.0050307962553582291,"modif":0.0051614978924350383,"besoin":0.0050149412606296179,"75+0":0,"2x3":0,"soph":0.0049835378173928892,"2min54":0,"2i\u00e8meann":0,"000\u20ac":0.00509526977630235,"04\u20ac":0,"1050":0,"minimum":0.0051783404031371617,"2\u20ac":0,"4em":0,"2^2x4":0,"2x0":0,"+2x0":0,"02+":0,"etc":0.00509526977630235,"cycl":0.0051953002841985136,"caiss":0.0051783404031371617,"tourn":0.0051783404031371617,"boutiqu":0.0051953002841985136,"traduct":0.0051953002841985136,"4an":0,"4e":0,"2=":0,"4min25":0,"2x":0,"2m":0}