{"le":0.0012647615000327555,"me":0.0092124314291661923,"la":0.0018932633642182244,"et":0.0044108184992258893,"merc":0.0035222622979305812,"de":0.0030482540263792506,"d":0.0039063710342813985,"000":0.013846629024208214,"est":0.0044889813348830444,"bonjour":0.0019647372078277154,"taux":0.0091700388474431193,"appliqu":0.013611768496216313,"je":0.0031103865226454943,"valeur":0.010459815459896977,"il":0.005948536658987231,"o\u00f9":0.011869171954546865,"vient":0.014599565005684132,"\u00e0":0.0042569276691011978,"pourquoi":0.0096502802331782239,"demand":0.014297584902698094,"%":0.0088799041997757438,"67":0.030722569081479256,"30":0.028123108391146515,"r\u00e9siduel":0.015637856491185414,"30\u20ac":0,"67=13":0,"66":0.04224892093553604,"67\u20ac":0}