{"ai":0.0027440863099325364,"a":0.0031057412161412173,"alor":0.0050476549545344926,"que":0.0063338043899185403,"le":0.0020161117460884247,"r\u00e9pons":0.003964622987740328,"en":0.0023442083936962618,"l":0.0050894883153105135,"la":0.0037438932613648996,"\u00e9tait":0.0058674797430915216,"merc":0.0014369294831110011,"de":0.0036586997896940251,"bien":0.0035167134476004418,"pour":0.0015725399092724362,"d":0.0015936291043479763,"vous":0.0021396188487719145,"exempl":0.0048050754657625802,"un":0.0026525367760266661,"dan":0.0098877177979793361,"est":0.0036337767134420398,"comm":0.0047806392874399986,"fait":0.004696637996595786,"r\u00e9solu":0.0054907822656945979,"bonjour":0.00080152713843927113,"on":0.0026827457523392983,"je":0.0025178206975297285,"ou":0.0040975058417646948,"pas":0.0044113132102199812,"ce":0.0024547647687139214,"qui":0.0037409761302858928,"\u00e0":0.0017366409306871725,"derni":0.0053997848731928899,"n":0.005747581718614737,"avanc":0.0034144035978670283,"vid\u00e9o":0.014011221176149133,"pourquoi":0.0039368936820759143,"co\u00fbt":0.016778689037067487,"compr":0.0050343896517072006,"tel":0.0061603495267558818,"votr":0.004468767413421634,"moin":0.0060287089642978619,"quel":0.0047323526327612405,"vu":0.011438392246794592,"ne":0.0024211705271792549,"comprend":0.0035978433746311337,"vent":0.018249953529962084,"fair":0.0050343896517072006,"compt":0.005311451205064292,"pris":0.0058500857379698776,"produit":0.006338503960611603,"ici":0.0057814952505876706,"vendr":0.0063795637985408016,"point":0.005884974583588623,"impact":0.0062979952781097651,"ancien":0.0064211899968984465,"diminu":0.0063589640493812646,"\u00e9voqu":0.0063795637985408016,"gard":0.0063795637985408016,"enonc":0.0064211899968984465,"canibalis":0.0064422204062847752,"quantit":0.0064211899968984465,"allait":0.0064211899968984465}