{"a":0.015536664555505741,"le":0.0025811599760621781,"en":0.0059808262917522125,"et":0.0045909009329213393,"merc":0.0036660672554087431,"de":0.0016168675387472739,"dan":0.0052043005513367898,"fait":0.011982627520837253,"bonjour":0.0020449524009987135,"on":0.013420603308858668,"projet":0.012878184185737888,"je":0.0032373756460541839,"pas":0.007472421098919867,"pourquoi":0.010044276483656184,"ne":0.0061771813396405313,"comprend":0.0091792505762132662,"compt":0.013551212895590165,"pris":0.014925442074493448,"ca":0.015149933360326129,"client":0.016119704646374702,"monsolin":0.016017043049952613,"chez":0.016382511922172792,"cr\u00e9anc":0.016276310160318951,"mons4art":0.016436167231027709}