{"j":0.0042328768621191747,"ai":0.0016103567661414793,"a":0.0018225925923665404,"question":0.0014874421985145167,"que":0.0049650337734766219,"le":0.0020621727232376149,"me":0.0043905370350182486,"en":0.0013756899097416629,"quand":0.003231303912457927,"sur":0.0038297457169656915,"l":0.0049643561928002693,"du":0.003884644136413993,"une":0.0033687080839573777,"la":0.002224911218148511,"et":0.0041657153383215986,"merc":0.00084325668154835412,"de":0.0014671215965245958,"bien":0.0020637701060734234,"pour":0.0018370936291041485,"nous":0.0027492728314255071,"d":0.0018617307309594104,"\u2019":0.0096313525394567927,"vous":0.0012556273021049414,"\"":0.0048671031410612835,"un":0.0015566312652967038,"dan":0.0023830162951135971,"est":0.0031942822775082899,"quelqu":0.0032587620572345059,"m":0.0022835578276880785,"bonjour":0.00047037319706734422,":":0.0020219880010974196,"on":0.0031340731647370268,"taux":0.0065252426751766087,"comment":0.0019856582171831941,"3":0.0029700164543088547,"san":0.002885848721756725,"prix":0.0061881054782995494,"vos":0.0031953429843127852,"par":0.0038995609672208258,"je":0.0029375465909030497,"temp":0.0031953429843127852,"ou":0.0024046059457773529,"pas":0.003458003709269505,"ce":0.0042817530153842478,"cas":0.0029312618474677137,"il":0.0014241254224801538,"o\u00f9":0.0056567084859327462,"vient":0.0034952481381002802,"qui":0.004370333226556139,"mais":0.0022835578276880785,"qu":0.0022888841921897651,"\u00e0":0.0010191412212391666,"cel":0.0029008574121066402,"n":0.0033839044649343858,"aur":0.0030916442043014067,"expliqu":0.0024507587819919035,"sont":0.0028198405276477719,"clair":0.0034128604990359213,"avanc":0.0020037299542149454,"pourquoi":0.0023103513018387727,"y":0.0052334068703143591,"pr\u00e9sent":0.0035379252600817547,"term":0.0035706218477519181,"don":0.0027218146866489282,"quel":0.0027771634056662975,"se":0.0060394652239215765,"le\u00e7on":0.003343787097920881,"t0":0.003581656243957987,"ne":0.0028284922527108711,"comprend":0.0042031207621989475,"raison":0.0091148676136080034,"10":0.0049713970627953989,"video":0.0071080281272548887,"entre":0.0031776326881071838,"003":0,"propos":0.0033054933928030649,"avou":0.003649346579901696,"3\u00b0":0,"d\u00e9finit":0.0036151780307710824,"produit":0.003719727292556044,"perd":0.0037078012214824953,"invers":0.00724192605244012,"tableau":0.0068342654934016069,"10iem":0,"rend":0.0034433084959043427,"pouv":0.0027492728314255071,"impact":0.0036959549240564845,"instant":0.0037078012214824953,"\u00e9tabl":0.0037078012214824953,"3h":0,"tre":0.0036841873401513153,"croissanc":0.0035271591791344189,"graphiqu":0.00712999427263357,"10+1":0,"coupon":0.0036378836605185033,"tra":0.0036264944581684286,"impress":0.003649346579901696,"3iem":0,"3em":0,"situ":0.0037317342189660554,"3+":0,"3+1":0,"+10":0,"structur":0.003719727292556044,"font":0.0037438231045524174,"matur":0.0037317342189660554,"dout":0.003719727292556044,"apparent":0.003719727292556044,"z\u00e9ro":0.003719727292556044,"3m":0,"attendu":0.0037317342189660554,"3=":0,"repren":0.0037682512830435051,"10^7":0,"3^2x24":0,"3x0":0,"observ":0.0037317342189660554,"h\u00e9len":0.0037438231045524174,"moureau":0.0037438231045524174,"t100":0.0037805928999698445,"mag":0.0037805928999698445,"10em":0,"3e":0,"10h":0,"3+2":0,"10min15":0,"10^1":0,"10^2":0}