{"j":0.0040447261828000063,"ai":0.0045736506580426259,"question":0.0042245551626033931,"alor":0.0084130773586878847,"me":0.0062640216821227739,"sur":0.0054639352809809994,"l":0.0028723692181707419,"la":0.0012873303703390549,"vrai":0.0096361909104712932,"et":0.0059203909071803666,"de":0.0040659005364119295,"pour":0.002620999261141677,"vous":0.013727254823881865,"dir":0.008709713249503483,"5":0.0080087628754176472,"financ":0.0097795038337194565,"ma":0.0086862635877379465,"utilis":0.0070611185180422227,"format":0.0093080347820996227,"3":0.0084352846501181498,"je":0.0021149170843160641,"permet":0.0094694371861213621,"pas":0.002489625575645471,"exercic":0.015221782673405316,"compr":0.0083909676820404788,"cet":0.013417813638299393,"quel":0.007887553556378598,"formul":0.0070780829298683874,"003":0,"propos":0.0093880886204945908,"effectu":0.0098379922059727322,"remerci":0.0099872596382739078,"3\u00b0":0,"pos":0.0096361909104712932,"avant":0.0095799898415587902,"pouv":0.0078083402131545214,"dois":0.010299778976761704,"3h":0,"05":0,"3iem":0,"3em":0,"3+":0,"3+1":0,"5iem":0,"3m":0,"5em":0,"0005+1":0,"3=":0,"5e":0,"5=>":0,"5^2x18":0,"3^2x24":0,"5x0":0,"3x0":0,"5^2":0,"salu":0.010737441272823662,"chaleur":0.010737441272823662,"5+5":0,"3e":0,"3+2":0,"5xtaux":0,"5an":0,"5min08":0}