{"j":0.005948536658987231,"ai":0.006726420374378375,"question":0.0062130092661213422,"le":0.0012647615000327555,"du":0.0054591590554820728,"la":0.0037150655340119237,"merc":0.0035222622979305812,"pour":0.0038546763077263726,"vous":0.0052447241785690173,"trouv":0.0093627483481950081,"mal":0.013611768496216313,"5":0,"m":0.0095383645544808628,"r\u00e9pondr":0.0152432303849259,"bonjour":0.0019647372078277154,"\u00e0":0.012300439675862519,"problem":0.013966915987772194,"comprendr":0.012843933244314284,"pouvoir":0.014688158702493169,"solut":0.01404820785271225,"mieux":0.015195350054237619,"aid":0.012243808221881052,"pouv":0.011483644604006188,"infin":0.015339930915714331,"5em":0.012054118719238404,"malheur":0.015537208880570563}