{"j":0.004892948295091651,"ai":0.0055327938600092377,"a":0.0031562432809375887,"question":0.0025758523679439626,"le":0.0015481669554614616,"me":0.0038193832159135349,"r\u00e9pons":0.0040290912203089172,"la":0.0015572972448804285,"merc":0.0014602952115518439,"de":0.0019015373691384273,"pour":0.001598110781687759,"d":0.0063259157841575103,"2em":0,"dan":0.0041128618285807524,"dir":0.0053106030420539867,"est":0.0054948641037612421,"comm":0.0048583766577680858,"fait":0.0094696474291619884,"(":0.0025994442107051558,"+":0.0054724447548855828,")":0.0025408014214518058,"bonjour":0.00081456066978152634,"ma":0.005296305000139198,"suiv":0.0053831105428818367,":":0.0069470585852161966,"taux":0.0038018076696142442,"4":0.0060711457188966358,"\/":0.018083632719094571,"2":0.014454571858481964,"calcul":0.0049154845281496901,"ou":0.004164134865602495,"o\u00f9":0.0049208416364941096,"mais":0.0039545118752591993,"derni":0.0054875900915205373,"vid\u00e9o":0.0048214993665359942,"6":0,"cet":0.0082226355996354306,"r":0.011292138414135816,"%":0.014379977131256149,"le\u00e7on":0.0057905456243487847,"45":0.013264325902089801,"refair":0.0064415735711983429,"faut":0.0053249680539644295,"=":0.01869038970514984,"2e":0,"02":0,"beaucoup":0.0057078741920049709,"8":0.018803270022949053,"p":0.012698401460247638,"fauss":0.0063800278717084666,"06":0.0087819613018471319,"ensuit":0.005858325718607422,"proced":0.006202471414602952,"g":0.0123438482082946,"15":0.019383211114722278,"2\u00b0":0,"r=":0.0064415735711983429,"04":0,"isabel":0.0063396730205878046,"croissanc":0.0061080970627041178,"32":0.016831621543342112,"78":0.032284539729937445,"2x3":0,"2min54":0,"08":0,"nouveau":0.0062801192185738828,"2i\u00e8meann":0,"04\u20ac":0,"2\u20ac":0,"4em":0,"2^2x4":0,"2x0":0,"+2x0":0,"15x4":0,"02+":0,"g=":0.0065256041546549928,"045":0,"prier":0.0065256041546549928,"15an":0,"4an":0,"p=":0.0065469765368663599,"4e":0,"2=":0,"4min25":0,"15\u20ac":0,"45=4":0,"08+0":0,"2x":0,"2m":0,"45=2788":0,"8min25":0,"15h":0,"8+50":0}