{"le":0.0023897808706133949,"r\u00e9pons":0.0093514362378860055,"en":0.005529331638785215,"l":0.0040649149547632192,"la":0.0018218021697937021,"merc":0.0033893145656479586,"de":0.0029352503704414942,"vous":0.0050467621510396484,"m":0.018022845531465718,"bonjour":0.0018905782343561902,"on":0.0063278465374987207,"comment":0.0079809866499251023,"oblig":0.013172530030560943,"prix":0.012494086693671774,"je":0.0029929850347009128,"calcul":0.0057503732241291272,"pas":0.006918381334352618,"expliqu":0.0193424692062392,"don":0.01093983168388896,"ne":0.011214013134008643,"comprend":0.0084863057637013604,"pouv":0.011050194628023653,"revent":0.014807910909905598,"soph":0.014576025020926022,"affich":0.014760925476563897,"\u00e9clairent":0.015195395261055265}