{"question":0.011739549861958968,"le":0.0023897808706133949,"r\u00e9pons":0.018362743869887281,"la":0.0069077679336113865,"merc":0.0066553536462481524,"de":0.0029352503704414942,"pour":0.0072834536016257488,"vous":0.0099099644583292446,"trouv":0.017691016763480002,"bonjour":0.0037123927277415121,"comment":0.015671690417759218,"3":0.023440679772980835,"300":0.074162362900225973,"003":0,"3\u00b0":0,"3h":0,"3iem":0,"3em":0,"3+":0,"3+1":0,"3m":0,"3=":0,"300=>":0,"3^2x24":0,"3x0":0,"3e":0,"3+2":0}