{"alor":0.012878184185737888,"que":0.0054718040795902444,"le":0.0013163984760294282,"l":0.0043968334372734095,"la":0.001970560463229369,"merc":0.0036660672554087431,"de":0.0016168675387472739,"vous":0.0054588528475006089,"2em":0,"exempl":0.012259286229315483,"*":0.012449407139761264,"dan":0.0052043005513367898,"fait":0.011982627520837253,"bonjour":0.0020449524009987135,"on":0.0068445435025416921,"4":0,"1":0.0085936849751574104,"2":0.012290648821200199,"pas":0.0038109547017984987,"vid\u00e9o":0.012104361371456889,"pourquoi":0.010044276483656184,"1+r":0,"ne":0.0061771813396405313,"01":0,"2e":0,"fais":0.01524159522457747,"02":0,"1+7":0,"1+3":0,"1+tap":0,"1+6":0,"15":0.024526974281029127,"1\u00b0":0,"2\u00b0":0,"1=1":0,"1mais":0,"1+teg":0,"04":0.015475640772264921,"1+tri":0,"1er":0,"1+2":0,"1+ta":0,"1min45":0,"ident":0.016171553365282133,"1+n":0,"1+0":0,"1+5":0,"1=5":0,"1+taeg":0,"1=9":0,"1+r2":0,"1+2r+r":0,"1+1":0,"1x":0,"1+taux":0,"1x4x":0,"1x08":0,"2x3":0,"1=r":0,"2min54":0,"1+rn":0,"2i\u00e8meann":0,"1+4":0,"1+i":0,"1+":0,"1\u20ac":0,"1+x":0,"1+9":0,"1=":0,"1\u2212":0,"1+f3":0,"1+a2":0,"1+12":0,"1+41":0,"2\u20ac":0,"2^2x4":0,"2x0":0,"1x4":0,"+2x0":0,"15x4":0,"1+11":0,"02+":0,"1usd":0,"1^3":0,"15an":0,"2=":0,"1=16":0,"1+15":0,"1+tmeg":0,"15\u20ac":0,"1\u00b2=4":0,"2x":0,"2m":0,"1m":0,"1eur":0,"1+g":0,"15h":0,"1+rd":0,"1an":0}