{"j":0.0073283937260957251,"ai":0.0033628868741300607,"correct":0.0032616421867528037,"question":0.0015607163708058283,"que":0.0064766504267501279,"le":0.0024581255474560278,"tout":0.0030676342176367043,"l":0.0031526385991516494,"du":0.0027293171270410723,"constat":0.0038412261478654257,"la":0.0018748775220542584,"seul":0.0036129322837953983,"et":0.0022051972385962572,"de":0.0061615449898530759,"bien":0.0021654352642040079,"pour":0.00096829992680529488,"nous":0.0028847071302015399,"afin":0.0035809843619075774,"d":0.00098128571236635962,"vous":0.0039141328502977244,"mal":0.0034192947439343042,"\"":0.010113210440402053,"un":0.0032506926166861886,"dan":0.0012560462175569963,"est":0.0022442748994390832,"r\u00e9solu":0.006728971877879613,"quelqu":0.0034192947439343042,"pourr":0.0027248331043136626,"m":0.0023960501382264609,"si":0.0025052218948196695,"(":0.0015750107363032815,")":0.0015394789013439378,"bonjour":0.00049354465658190446,"on":0.0016519151598697627,"t":0.0030837231350375823,"d\u00e9termin":0.01001652129766932,"\/":0.0022615298936786484,"appliqu":0.0034192947439343042,"respect":0.0038051423276498097,"actif":0.0092583515428875836,"risqu":0.002996909719019219,"aim":0.0033715219753722176,"par":0.004090727880187133,"je":0.0030801809650061844,"connaiss":0.0038656772684223543,"permet":0.0034983815028679674,"action":0.0036454390897177145,"pas":0.00091976533469911186,"ce":0.0030083223657742428,"il":0.002973982406301561,"exist":0.0037122100459510213,"mais":0.0023960501382264609,"pens":0.0034192947439343042,"qu":0.0047798467818792019,"\u00e0":0.0042155878313867379,"derni":0.0066174542715578292,"cel":0.0030437590495749787,"n":0.0035497925163771207,"dont":0.0036674305694766522,"leur":0.0038291201874499259,"cet":0.0025111493587022665,"m\u00eam":0.0027516676262468081,"quel":0.0029139716460612145,"lorsqu":0.0034387531243645821,"esper":0.0036345401825122938,"raison":0.0064040265761633429,"fair":0.0030999525687795296,"plusieur":0.0036454390897177145,"tous":0.0034096414320875074,"part":0.0030358683440812927,"obten":0.0033341687910222423,"difficult":0.0075260468755476775,"signif":0.0038534114921949672,"chaqu":0.0034096414320875074,"mon":0.003149509061641899,"propos":0.0034683281521059352,"aid":0.0030756612640344887,"multipli":0.0038291201874499259,"entrepris":0.010607538199387385,"ici":0.0035599868689878398,"rend":0.0071906158858216097,"abord":0.0036454390897177145,"det":0.0036237048261473768,"lor":0.0034782920277291003,"sort":0.0038170925833141533,"prend":0.0037350110479843946,"bet":0.018898270268137229,"secteur":0.0039538823576670684,"voir":0.0038656772684223543,"proport":0.0039029679850573367,"typ":0.0074335823828788738,"mesur":0.0038904544135165602,"existent":0.0039282508016186502,"passif":0.0039410223869545211,"poid":0.0039410223869545211,"cp":0.0038904544135165602,"\u00e9prouv":0.0078435951620560718,"adrien":0.0039538823576670684,"leclercq":0.0039538823576670684,"n\u00b05":0.0039668319456230838,"symetr":0.0039668319456230838}