{"j":0.0051417887826567732,"question":0.0027079536377971045,"alor":0.0053928100265325232,"que":0.0045441838632208362,"le":0.00055124905794604257,"me":0.0040152583286167838,"r\u00e9pons":0.0042357211006470484,"en":0.007388619268408469,"l":0.0054317792675940314,"du":0.004718781173149212,"la":0.0032193278983538784,"merc":0.0015351857038048756,"de":0.0019974528716419759,"pour":0.0016800690748936151,"vous":0.0022859244707781872,"un":0.0028339153627473072,"dan":0.0043220294880343948,"est":0.0057720307060351531,"5":0.010181002434946929,")":0.0026711051214601878,"bonjour":0.00085633499667606605,"on":0.0056842064669998405,"4":0.012657728614153024,"comment":0.0036149777100669407,"3":0.0054070449727693596,"je":0.0026885520672891489,"calcul":0.005165471140072527,"valeur":0.0090412423901099145,"pas":0.0015958581140096222,"c":0.004942805767990068,"mais":0.004157316992071094,"pens":0.0059327189832427173,"\u00e0":0.0018553912079674341,"ann\u00e9":0.01039240116555719,"aur":0.0056284736160997252,"expliqu":0.0088484369531849662,"clair":0.006213261942472831,"suis":0.0053225630194364626,"plus":0.0047047485957696948,"y":0.0047860843344378458,"avec":0.0042958012878468975,";":0.0060699401212803861,"actualis":0.005674644477903017,"mis":0.0067072243345336459,"ne":0.0025867284536134588,"comprend":0.0038438613572772885,"effet":0.0061949944143693562,"vois":0.0062501104588097477,"titr":0.012734768452018813,"mont":0.0060005995975093585,"perdu":0.0066021919172763021,"facteur":0.0066021919172763021,"003":0,"beaucoup":0.0060005995975093585,"actuel":0.0064213476932181313,"3\u00b0":0,"pouv":0.0050051715438694331,"04":0,"3h":0,"05":0,"3iem":0,"3em":0,"3+":0,"3+1":0,"soph":0.0066021919172763021,"5iem":0,"3m":0,"189":0.019341831764400502,"5em":0,"0005+1":0,"3=":0,"04\u20ac":0,"5e":0,"r\u00e9expliqu":0.0068379534610014427,"5=>":0,"4em":0,"5^2x18":0,"3^2x24":0,"5x0":0,"3x0":0,"5^2":0,"4an":0,"4e":0,"4min25":0,"5+5":0,"3e":0,"3+2":0,"5xtaux":0,"5an":0,"5min08":0}