{"le":0.0039535919755203167,"en":0.0062354048074861144,"merc":0.0038221162551514169,"de":0.0016856907611706117,"est":0.0048711331178283362,"bonjour":0.0021319973880284592,"on":0.0071358868121034705,"taux":0.0099506940638050892,"comment":0.0090001261954254386,"par":0.0088788053808308062,"je":0.0033751770545288147,"pas":0.0039731709482143029,"ce":0.0065294758269983299,"toujour":0.01472885286139821,"ne":0.0064401178604743649,"comprend":0.0095699725054665102,"obtient":0.016234092002995183,"cordial":0.013251461751653723,"beaucoup":0.01493955370054087,"divis":0.015987080479839814,"dividend":0.015842441591913739,"bpa":0.016698820925983907,"distribu":0.016859908092875964}