{"alor":0.0036471123464040527,"le":0.0014660381163303607,"tout":0.0035996048826481479,"en":0.0016937749216620361,"au":0.0025759341514396479,"sur":0.0023686440732225049,"l":0.0012451868433378222,"du":0.001609159120921642,"une":0.0061795986013890893,"autr":0.0036471123464040527,"la":0.0011097506678612735,"lieu":0.0042904735798727969,"merc":0.0010382332599929924,"de":0.0013581132057085442,"pour":0.0011362166728865737,"nous":0.0033849556805644974,"d":0.0022897489837594709,"vous":0.001545951613222843,"exempl":0.003471839936452645,"dan":0.0014738621937243463,"m":0.0028115587337770287,"\u00e9clair":0.0041169326675508031,"(":0.0036751571814532501,"+":0.0038907709297755911,")":0.0035922465857276989,"bonjour":0.00057913220077646262,":":0.0097898739964817766,"rentabl":0.0078671674513783683,"t":0.003618483843281642,"1":0.0095705593425760311,"\/":0.010435589165114473,"par":0.0024118238274304137,"je":0.00091682744386805,"calcul":0.0052245165993612492,"ou":0.0029605954209564089,"pas":0.0010792655038983281,"o\u00f9":0.003498594951042302,"vient":0.004303414308252004,"\u00e0":0.0012547855660953995,"cel":0.0035715894266218286,"vid\u00e9o":0.0034279650893692558,"pourquoi":0.0028445473558925808,"elle":0.0076734636394023984,"cet":0.005859559167829864,"avec":0.0057772258325785517,"moin":0.0043559591720538377,"aux":0.0040697847478584513,"don":0.0099394126257521236,"1+r":0,"ne":0.0017493828326146791,"comprend":0.0025995713079115068,"01":0,"100":0.01372686726442543,"effect":0.0043827141866434952,"formul":0.0091007446017123059,"7":0,"ajout":0.0044234725010335249,"mme":0.0045945803553794481,"1+7":0,"beaucoup":0.0040581553531888704,"divis":0.0043427037735922725,"8":0.0067382348253547221,"1+3":0,"1+tap":0,"1+6":0,"1\u00b0":0,"1=1":0,"correspond":0.0042394652578383839,"p\u00e9riod":0.0042394652578383839,"son":0.0042776091984179131,"110":0.024764525163666055,"1mais":0,"pouv":0.0033849556805644974,"1+teg":0,"50":0.0078520933324818278,"1+tri":0,"50\u20ac":0,"1er":0,"1+2":0,"1+ta":0,"r\u00e9invest":0.0045945803553794481,"dividend":0.004303414308252004,"[":0.012536858769588962,"]":0.012536858769588962,"1min45":0,"madam":0.0045073484699438256,"100k":0,"50$":0,"http":0.0042648202683145111,"edxupload":0.0043164322951686771,"s3":0.0043164322951686771,"amazonaw":0.0043164322951686771,"com":0.0042648202683145111,"png":0.0043827141866434952,"1+n":0,"1+0":0,"1+5":0,"1=5":0,"1+taeg":0,"1=9":0,"1+r2":0,"1+2r+r":0,"1+1":0,"1x":0,"1+taux":0,"1x4x":0,"1x08":0,"1=r":0,"multipl":0.008991616750419297,"soph":0.0044650072107787105,"1+rn":0,"08":0,"1+4":0,"platten":0.0045945803553794481,"1+i":0,"1+":0,"1\u20ac":0,"1+x":0,"1+9":0,"1=":0,"1\u2212":0,"1+f3":0,"1+a2":0,"1+12":0,"1+41":0,"1x4":0,"1+11":0,"+7":0,"1usd":0,"1^3":0,"hondt":0.0046395408416846249,"rt+1=":0.0046547360692534004,"pt+1":0.0046547360692534004,"pt":0.0092562739901016055,"dt+1":0.0046547360692534004,"alentour":0.0046547360692534004,"1554972003638262":0.015476250209854549,"1=16":0,"1+15":0,"1+tmeg":0,"100+2":0,"1\u00b2=4":0,"+100":0,"08+0":0,"1m":0,"1eur":0,"1+g":0,"8min25":0,"1+rd":0,"8+50":0,"1an":0}