{"a":0.0066939283414198343,"le":0.0011120855352044208,"me":0.0040850923985147301,"en":0.0075149753770955702,"au":0.0038751554561019708,"sur":0.0035633146906266476,"l":0.0055246705733397522,"du":0.0024207690804870525,"une":0.0031343509180835794,"la":0.0024760313438075489,"et":0.0019559007044947603,"merc":0.0015618859200728459,"de":0.0045878381171161088,"d":0.0017322122547798865,"un":0.0028832033107023605,"b\u00e9n\u00e9fic":0.01981043574233023,"dan":0.0022172325788534951,"est":0.0039470929579978331,"m":0.0083869387629762673,")":0.0027175614454350073,"bonjour":0.00087122852359754178,"on":0.0029160392816508871,"cour":0.00489335625157644,"je":0.004067798842453659,"action":0.018978984390325238,"pas":0.0016236135553685707,"cas":0.0054293036839032872,"c":0.0050287719039753213,"mais":0.0042296217709051429,"pens":0.0060359018617160351,"qu":0.004239487300467369,"\u00e0":0.0018876604939512993,"clair":0.0063213240727951828,"cet":0.0044328003943287005,";":0.0061755095736079693,"march":0.0060188613760863109,"lorsqu":0.0060702507211916456,"le\u00e7on":0.006193385836414972,"ne":0.0026317172839333443,"diff\u00e9rent":0.0054866027147028387,"vois":0.0063588134649251128,"part":0.0053590593272111083,"perdu":0.0067170183852384661,"entre":0.0058856334771101894,"coup":0.0066339687314510704,"aid":0.0054293036839032872,"entrepris":0.012497733247041102,"11":0.012470703005457984,"sais":0.0062294332992461577,"revent":0.0068238775445303192,"dividend":0.012837175279827447,"bpa":0.0068238775445303192,"soph":0.0067170183852384661,"rout":0.0069795813671766271,"train":0.0069795813671766271,"percept":0.0070024405963176137,"raccroch":0.0070024405963176137}