{"a":0.0059729231108949406,"alor":0.0097075876048751709,"le":0.001954979434662771,"l":0.0033143372668675993,"du":0.0042831291314435836,"merc":0.002763485017294425,"de":0.0024012051399200105,"pour":0.0030242893123490957,"d":0.0030648477915946304,"\"":0.015785586753346306,"capital":0.011151598274985183,"bonjour":0.0015414870834414447,"on":0.010164811058946082,"utilis":0.0081476044590884193,"comment":0.012820352212986347,"calcul":0.0046885793398447435,"ce":0.0047209732551636296,"peut":0.0091012020776939338,"qu":0.0075010341570305866,"avanc":0.0065665387874658965,"elle":0.0102709940067276,"co\u00fbt":0.010926488267483681,"problem":0.010958117200043662,"deux":0.010131805207525256,"flux":0.010131805207525256,"doit":0.01058949207731868,"entrepris":0.011151598274985183,"b\u00eat":0.011847508050032537,"pr\u00e9visionnel":0.012349153217464409,"tr\u00e9sorer":0.012269098227403779,"footbook":0.012389598640799216,"r\u00e9sourdr":0.012389598640799216}