{"j":0.0082002804619808883,"ai":0.0092726222829525584,"question":0.008564865851184867,"le":0.0033975905360728621,"de":0.0021414812286743843,"quiz":0.016031778757924525,"est":0.0061882288106980526,"si":0.013748103023679455,"format":0.018871115698183262,"je":0.0042877842556997966,"ce":0.0082949674036831567,"concern":0.018246570946797051,"bonsoir":0.018817584287298239,"final":0.019651649235340171,"cordial":0.016834497315484108,"pos":0.019536419643703413,"ici":0.019536419643703413,"peux":0.020881778515694577}