{"j":0.0026844637631365524,"ai":0.0015244699090623036,"a":0.005130819035413044,"question":0.0055588661607395744,"que":0.0023724616917350522,"le":0.0011315997776271461,"quand":0.0030589653703759594,"sur":0.0018212158172317028,"l":0.0056207950440983426,"du":0.0048843858490748996,"une":0.0016019717494456412,"la":0.0016939291731156267,"et":0.0019905202078657419,"merc":0.00079828238292585843,"de":0.0027326527187902026,"pour":0.003448832726592977,"nous":0.0026026429617537839,"vous":0.0011886596059347354,"\"":0.0046086590139254487,"*":0.031040477471467102,"un":0.0029342360990768958,"dan":0.0033699140855347016,"veut":0.0033698048978129916,"dir":0.002903084813021495,"est":0.0059728865972929019,"5":0.0026694469965518968,"(":0.0014210075486033795,")":0.0013889499857378306,"bonjour":0.00044528628688706394,":":0.0056921412765848726,"on":0.0073229119653110391,"utilis":0.0023535821841025382,"rentabl":0.0090456379993684825,"comment":0.0037429480900070785,"t":0.0055398856193084323,"1":0.0018712660849201845,"actif":0.0055984546175900721,"san":0.0054397991898482712,"risqu":0.0053839259647276688,"cour":0.0074372848004306416,"par":0.001854416099298832,"je":0.0014036594860309258,"calcul":0.002696828026430034,"invest":0.002849121919386854,"achet":0.0034330788016034351,"action":0.003288991208162288,"pas":0.0024676879827062793,"ce":0.001363738090228897,"cas":0.0027749257655209003,"il":0.0066241201508453968,"o\u00f9":0.0026900185363251381,"exist":0.0033492333580397503,"\u00e9nonc":0.0031113621177434997,"qu":0.0043145263576917373,"\u00e0":0.0047403928008044743,"cel":0.0027461429220016682,"n":0.0032042184771087145,"aur":0.002926754280840081,"expliqu":0.0023200498771888912,"quizz":0.0030165185599690392,"pourquoi":0.00650391891617089,"elle":0.0029669614705329782,"cet":0.0045112610993336575,"y":0.0049555119436311013,"votr":0.00248261194544094,"car":0.0027108456297086614,"m\u00eam":0.0049433503736305692,"don":0.0025766492711936056,"quel":0.0052349283350595945,"appel":0.0035327056991618618,"1+r":0,"%":0.0040073353180747773,"le\u00e7on":0.0031654493713868773,"ne":0.0026782987618034779,"comprend":0.0039799342290292089,"diff\u00e9rent":0.0028042113914799813,"01":0,"s":0.0074007599376343059,"agit":0.003288991208162288,"bas":0.0032025019171541291,"vent":0.0034330788016034351,"d\u00e9couvert":0.0069668421806113826,"25":0.0054091639822765516,"plusieur":0.003288991208162288,"formul":0.0023592366901607244,"12":0.0048252071000599705,"part":0.0027390237628671398,"fonction":0.0032693821020877002,"manqu":0.0034766282489833542,"d\u00e9j\u00e0":0.0032693821020877002,"1+7":0,"\u00e9tap":0.0033906319911965153,"moment":0.0033594875762870758,"30":0.006373796180641259,"grand":0.003288991208162288,"propos":0.0031291980248616641,"1+3":0,"1+tap":0,"17":0.0084131552651048203,"1+6":0,"aid":0.0027749257655209003,"1\u00b0":0,"1=1":0,"09":0,"9":0.0056734382793801642,"vendr":0.0035441498354538857,"1mais":0,"entend":0.0034766282489833542,"pouv":0.0026026429617537839,"1+teg":0,"50":0.00603735982841866,"1+tri":0,"50\u20ac":0,"1er":0,"1+2":0,"million":0.0069668421806113826,"endroit":0.0035441498354538857,"9+":0,"1+ta":0,"1min45":0,"annualis":0.0071031201747008199,"impress":0.0034547121270087533,"30\u20ac":0,"05":0,"quoi":0.0033390414758507694,"repris":0.0035327056991618618,"trimestr":0.0035327056991618618,"50$":0,"1+n":0,"1+0":0,"1+5":0,"1=5":0,"1+taeg":0,"1=9":0,"1+r2":0,"1+2r+r":0,"1+1":0,"33":0.0078792486505767194,"1x":0,"1+taux":0,"1x4x":0,"1x08":0,"1=r":0,"devin":0.0035441498354538857,"1+rn":0,"5iem":0,"1+4":0,"12^3+2":0,"12^4+189":0,"12^4":0,"5em":0,"0005+1":0,"1+i":0,"1+":0,"1\u20ac":0,"25\u20ac":0,"1+x":0,"5e":0,"0025^t":0,"1+9":0,"1=":0,"12\u20ac":0,"9=":0,"1\u2212":0,"9=850":0,"1+f3":0,"1+a2":0,"1+12":0,"1+41":0,"5=>":0,"volatil":0.0034988346591513933,"5^2x18":0,"5x0":0,"1x4":0,"5^2":0,"1+11":0,"1usd":0,"1^3":0,"h\u00e9len":0.0035441498354538857,"moureau":0.0035441498354538857,"25=":0,"12=":0,"1=16":0,"1+15":0,"1+tmeg":0,"1\u00b2=4":0,"5+5":0,"025":0,"1m":0,"12^5":0,"1eur":0,"5xtaux":0,"1+g":0,"1+rd":0,"5an":0,"5min08":0,"1an":0}