{"question":0.0056581525508604775,"alor":0.0056843286405343189,"que":0.0024152110418993204,"en":0.0026398894202738742,"au":0.0040148081228141754,"l":0.0057203245096770442,"la":0.0073156209285100303,"et":0.0020263873603982969,"merc":0.0016181730900481706,"de":0.0041010137962815951,"bien":0.0039602855485970749,"pour":0.0017708884076219327,"nous":0.010458090472138653,"d":0.0035575101026728618,"vous":0.0024094944704917726,"exempl":0.015949454644838046,"dan":0.0022971371003277221,"dir":0.0058847518409976141,"m":0.004382048677691759,"(":0.013909838557121983,")":0.0082987206077096958,"bonjour":0.00090262581540026109,"1":0.0075192296066429638,"\/":0.0081988511020475822,"cour":0.0050697027897854876,"je":0.002832611490414754,"calcul":0.0027454221285123977,"pas":0.0033344768287615289,"plus":0.0049590727390489524,"avanc":0.0038450710946998316,"vid\u00e9o":0.0053427693708053064,"pourquoi":0.0044334641954199379,"cet":0.0045925494426142686,"avec":0.0045280190057525775,"1+r":0.0081239964633364678,"r":0.012502255206384585,"soit":0.006398062291822949,"ne":0.0054048577471594774,"comprend":0.0040516486017334102,"diff\u00e9rent":0.0056843286405343189,"01":0,"rent":0.0062890101259250051,"va":0.005790778086871411,"formul":0.0094800213142811948,"7":0.0098824807465183982,"\u00e9pargn":0.0069809413586477687,"entre":0.0060977396544442623,"constitu":0.0071610365200486491,"50000\u20ac":0.019409703525380267,"1+7":0,"1+3":0,"1+tap":0,"1+6":0,"1\u00b0":0,"1=1":0,"^n":0.013751948692225114,"dur":0.0068099115157396559,"1mais":0,"pouv":0.0052757356216194913,"1+teg":0,"1+tri":0,"1er":0,"1+2":0,"1+ta":0,"1min45":0,"1+n":0,"1+0":0,"1+5":0,"1=5":0,"1+taeg":0,"1=9":0,"1+r2":0,"1+2r+r":0,"1+1":0,"1x":0,"1+taux":0,"1x4x":0,"1x08":0,"1=r":0,"1+rn":0,"1+4":0,"utilison":0.014241307843860336,"1+i":0,"1+":0,"1\u20ac":0,"1+x":0,"1+9":0,"1=":0,"50000":0,"007=>":0,"1\u2212":0,"1+f3":0,"1+a2":0,"1+12":0,"1+41":0,"1x4":0,"1+11":0,"+7":0,"1usd":0,"1^3":0,"7e":0,"discern":0.0072547942151201059,"fx":0.014381178228029555,"v\u00f9":0.0072547942151201059,"1=16":0,"1+15":0,"1+tmeg":0,"1\u00b2=4":0,"1m":0,"1eur":0,"1+g":0,"1+rd":0,"1an":0}