{"question":0.0030760467533828607,"que":0.0076615473033085687,"le":0.0018432036394947162,"me":0.0045610538427765237,"r\u00e9pons":0.0048114841989982619,"au":0.0085708959990567733,"une":0.0069324175630531325,"la":0.00093735038454849156,"lieu":0.0072064755820348434,"merc":0.0017438640507414004,"pour":0.0019084414707666664,"nous":0.0056855263187476392,"d":0.003831229805408707,"\u2019":0.013274754531801545,"un":0.0032191305010790634,"est":0.0044026332714426917,"pourr":0.0053704274401290102,"(":0.0031042198009670324,")":0.0030341894049175618,"bonjour":0.00097273692192026352,"taux":0.0089936480279945129,"san":0.011822251012460901,"risqu":0.011700822395484707,"je":0.0015399452913937787,"pas":0.0018127836835686621,"ce":0.0029791135080050762,"\u00e0":0.0041750432875431445,"sinon":0.0077422671734735061,"concern":0.0065532030853116532,"pourquoi":0.0047778317895595616,"co\u00fbt":0.0068950292732788175,"avec":0.0048797311077337716,"votr":0.0054233161299736699,"moin":0.007316468176614987,"demand":0.0070787017590617785,"ne":0.0029383433861495541,"vent":0.014856401673635528,"d\u00e9couvert":0.015140955419291047,"emprunt":0.0068751783947296977,"quid":0.0076924367704261868,"cordial":0.0060460609321701855,"grand":0.0071848679787932098,"\u00e9lev":0.0073840850779305122,"09":0,"9":0.012393740950725835,"just":0.0072282114210610957,"parc":0.0073840850779305122,"9+":0,"ven":0.0076189397597059552,"9=":0,"9=850":0,"13333\u20ac":0.025994617415191035,"sub":0.0077927849140711639,"nicol":0.0077674389435291209,"doolaegh":0.0077927849140711639}