{"que":0.0048747403471562419,"l":0.0039170666647858846,"r\u00e9sultat":0.011719064891208662,"de":0.0028303291050100887,"an":0.011781995269149607,"veut":0.013786994083367343,"dir":0.011877486784655429,"est":0.0081787894644412065,"\u00e9gal":0.012515246057707938,"(":0.0058138151196023211,")":0.0056826569537864477,"bonjour":0.0018218144933853258,":":0.0078314135856748287,"calcul":0.0055412217763423271,"ce":0.005579506692939675,"il":0.0055158166988443129,"qu":0.017419149726732457,"\u00e0":0.0039472620022482051,"ann\u00e9":0.011148373127153379,"6":0.038208353999924054,"donc":0.011148373127153379,"\u00e7a":0.013456358365616313,"12":0.019741529185480087,"mon":0.011625738783771896,"06":0,"sup\u00e9rieur":0.01395848709275169,"arrond":0.014134377834669032,"6min15":0,"veuill":0.014500297285365791,"06^":0,"12^3+2":0,"12^4+189":0,"12^4":0,"06=":0,"12\u20ac":0,"12=":0,"12^5":0}