{"le":0.0014334486394591229,"l":0.004787786542869754,"du":0.0061872725572916787,"et":0.0049991099321514227,"de":0.0017606345007277935,"pour":0.0085516214882113261,"2em":0,"on":0.007453139569889502,"d\u00e9termin":0.015211691529836088,"1":0.0093578094018579774,"\/":0.019972889700427942,"3":0.02752208386419315,"2":0.013383496070247233,"actif":0.02752208386419315,"san":0.013661832746745954,"risqu":0.013521509431495002,"fond":0.015738616045045589,"indic":0.016062010717083179,"prix":0.014715933987084911,"pourquoi":0.010937383111590865,"1+r":0,"01":0,"2e":0,"003":0,"02":0,"1+7":0,"1+3":0,"1+tap":0,"1+6":0,"1\u00b0":0,"2\u00b0":0,"1=1":0,"3\u00b0":0,"son":0.016447555533868428,"1mais":0,"1+teg":0,"1+tri":0,"3h":0,"prend":0.016851687854176279,"1er":0,"1+2":0,"1+ta":0,"1min45":0,"3iem":0,"3em":0,"1+n":0,"1+0":0,"1+5":0,"1=5":0,"1+taeg":0,"1=9":0,"1+r2":0,"1+2r+r":0,"3+":0,"3+1":0,"1+1":0,"1x":0,"troisiem":0.017723550337961899,"1+taux":0,"1x4x":0,"1x08":0,"2x3":0,"1=r":0,"2min54":0,"1+rn":0,"2i\u00e8meann":0,"3m":0,"1+4":0,"1+i":0,"1+":0,"3=":0,"1\u20ac":0,"1+x":0,"1+9":0,"1=":0,"1\u2212":0,"1+f3":0,"1+a2":0,"1+12":0,"1+41":0,"2\u20ac":0,"2^2x4":0,"3^2x24":0,"2x0":0,"1x4":0,"+2x0":0,"3x0":0,"1+11":0,"02+":0,"1usd":0,"1^3":0,"2=":0,"1=16":0,"1+15":0,"1+tmeg":0,"1\u00b2=4":0,"2x":0,"2m":0,"1m":0,"1eur":0,"3e":0,"3+2":0,"1+g":0,"1+rd":0,"1an":0}