{"l":0.0065297241709317971,"du":0.0084383843781962731,"avoir":0.017885400247062762,"de":0.0024012051399200105,"nous":0.017750610716112697,"dan":0.007728891163985287,"actif":0.019175836351443702,"risqu":0.01844103244197557,"expliqu":0.015823262282658433,"avec":0.01523486172371938,"interpret":0.023939325098243251,"plusieur":0.022431660217222291,"princip":0.022703923384522279,"aoa":0.022703923384522279,"meilleur":0.023711387062772298,"pourrion":0.024329619396527995}