{"que":0.003081528501683182,"le":0.0028683148977609622,"au":0.0051224284108571739,"la":0.0011097506678612735,"merc":0.0020646007372170862,"pour":0.0022594477280527482,"d":0.010956055519207857,"un":0.0075367529075186131,"dan":0.0029308798792866794,"dir":0.0075082591992069302,"est":0.0077189481361183048,"\u00e9gal":0.0079114136725052936,"+":0.0077370749324787687,"bonjour":0.001151645602913269,":":0.0049505660720583983,"on":0.0038546072880723658,"taux":0.015768177452546189,"utilis":0.0060870784779054887,"rentabl":0.0078671674513783683,"comment":0.0048616174751560616,"actif":0.014379950246678232,"san":0.0070656130319606235,"risqu":0.013828921156444005,"cour":0.0064683513658919225,"calcul":0.0035028394584970296,"il":0.0068951984055791405,"peut":0.0067995116317168102,"qu":0.0056040255523650377,"\u00e0":0.0024952304117356115,"avanc":0.0049058636962829869,"lorsqu":0.0080240457724852932,"dit":0.0078452125080388999,"actualis":0.022387714386617474,"comprendr":0.0075285688009544532,"esper":0.0084808986663747806,"prim":0.0083069346804253083,"va":0.0073883596141494125,"faut":0.0075285688009544532,"sa":0.0086621348635764015,"correspond":0.0084304784233154208,"lor":0.0081163065306487318,"des":0.0087421880674055756,"rf":0.0092260571985100046}