{"a":0.0044623731921542868,"le":0.00074134953745653119,"l":0.0024761426683110078,"une":0.0041431855764924204,"la":0.0032555273961267397,"merc":0.0020646007372170862,"de":0.0043568884567102284,"pour":0.0022594477280527482,"d":0.0022897489837594709,"trouv":0.0054880458940887323,"est":0.0026312504264087411,"5":0.0069040008334429904,"bonjour":0.001151645602913269,"4":0.0085835328554327382,"d\u00e9termin":0.0078671674513783683,"respect":0.0088789846504392991,"ains":0.0083806377361156249,"je":0.0053484099087276462,"valeur":0.012124410929328104,"pas":0.0021461962748298953,"il":0.0034867798399691894,"qui":0.0053750877598933199,"\u00e0":0.0049343834558547876,"n":0.0082302180561650493,"clair":0.0083559305920834163,"6":0.012292252807310174,"y":0.0064365849817211813,"avec":0.0057772258325785517,"car":0.0070110702744871052,"lorsqu":0.0080240457724852932,"comprendr":0.0075285688009544532,"rent":0.0080240457724852932,"7":0.02493442291525191,"12":0.012479451318336535,"princip":0.0086095755285873436,"arriv":0.0070110702744871052,"06":0,"aoa":0.0086095755285873436,"\u00e9quilibr":0.0091072527244687486,"dur":0.0086886553868972573,"arrond":0.0089349350015125294,"04":0,"6min15":0,"05":0,"06^":0,"5iem":0,"12^3+2":0,"12^4+189":0,"12^4":0,"5em":0,"origin":0.0091366500712793345,"0005+1":0,"04\u20ac":0,"06=":0,"5e":0,"12\u20ac":0,"007=>":0,"5=>":0,"4em":0,"5^2x18":0,"5x0":0,"5^2":0,"+7":0,"7e":0,"4an":0,"4e":0,"ln0":0.0092562739901016055,"autour":0.0092562739901016055,"12=":0,"4min25":0,"5+5":0,"12^5":0,"5xtaux":0,"5an":0,"5min08":0}