{"question":0.0059784993339487566,"que":0.0050587356901229067,"le":0.0035213806482405408,"sur":0.0077324433415501756,"de":0.0029352503704414942,"bien":0.0082949429678042721,"d":0.010876216080746961,"veut":0.014307379278104618,"dir":0.012325798304631994,"est":0.0043195448085112421,"si":0.0095965338159681619,"bonjour":0.0018905782343561902,"ma":0.012292612849157863,"prix":0.012494086693671774,"je":0.0029929850347009128,"arbitrag":0.014667874905713543,"cel":0.011659460867440628,"financi":0.01400625963176017,"march":0.013061014423917596,"comprend":0.0084863057637013604,"bas":0.013597051151928163,"princip":0.027753438645027353,"uniqu":0.014351455377483956,"opportun":0.014576025020926022,"port":0.014760925476563897,"absenc":0.015096528848044015}