{"j":0.0023885256338322084,"ai":0.0027008705517281529,"correct":0.0052135566318408143,"a":0.0090297529786735799,"question":0.009751473873350203,"le":0.00050784174944071671,"me":0.0036990826282024209,"r\u00e9pons":0.011526899294380288,"tout":0.0049034455049602171,"en":0.0068156427894241981,"sur":0.0032266088952376945,"l":0.0016962155650007392,"du":0.0021920250459389738,"une":0.0028381788955345881,"autr":0.004968161013245276,"la":0.0029715243355931211,"de":0.0018425533604134092,"bien":0.0034613298259280824,"pour":0.0015477744694100393,"d":0.0031127437743145277,"vous":0.0021059226598133603,"un":0.0026107628028370906,"dan":0.0020077211761730103,"est":0.0053244182752967221,"euro":0.0061790736706788538,"(":0.0025175685128262021,")":0.0024607728181463432,"ma":0.0051294852367911878,":":0.0033912533936171886,"on":0.0026404960274172781,"1":0.0033152818780905207,"\/":0.0036149318350070041,"par":0.0065199192995118501,"valeur":0.0041999467740309647,"pas":0.004342895892153642,"ce":0.0047947503784747901,"il":0.0023885256338322084,"peut":0.0046578242892557787,"\u00eatre":0.0050611989114065928,"moi":0.0053147453477993432,"mais":0.0076005286296529232,"qu":0.0038388884009931843,"\u00e0":0.001709291115093997,"cel":0.0048652823547256276,"n":0.008421686733846084,"dollar":0.01854819226828093,"y":0.0044092110568461663,"se":0.0050883253495544404,"1+r":0,"01":0,"bas":0.0056738037717089778,"ci":0.0056572559610388691,"or":0.0059157079713507699,"doit":0.0054195031587645302,"erreur":0.0053741538147924943,"coup":0.0060071097778524882,"1+7":0,"1+3":0,"1+tap":0,"1+6":0,"1\u00b0":0,"1=1":0,"\u20ac":0.011811582035653325,"aucun":0.0059702108644247697,"1mais":0,"1+teg":0,"bizarr":0.0062995087214626705,"1+tri":0,"1er":0,"1+2":0,"r\u00e9uss":0.0061206391763254766,"1+ta":0,"1min45":0,"b\u00eat":0.0060633321061889182,"1+n":0,"1+0":0,"unit":0.0062790940408771088,"1+5":0,"1=5":0,"1+taeg":0,"1=9":0,"1+r2":0,"1+2r+r":0,"1+1":0,"1x":0,"1+taux":0,"1x4x":0,"1x08":0,"1=r":0,"1+rn":0,"1+4":0,"1+i":0,"1+":0,"1\u20ac":0,"contradictoir":0.0063200646812383897,"1+x":0,"1+9":0,"1=":0,"1\u2212":0,"1+f3":0,"1+a2":0,"1+12":0,"1+41":0,"1x4":0,"1+11":0,"1usd":0,"1^3":0,"arnaud":0.0062995087214626705,"air":0.0063407638892759525,"1=16":0,"1+15":0,"1+tmeg":0,"1\u00b2=4":0,"1m":0,"1eur":0,"1+g":0,"1+rd":0,"1an":0}