{"le":0.0012647615000327555,"en":0.011275554359285204,"\"":0.020039303422967759,"comment":0.008294045250988466,"je":0.0089874963270152684,"mais":0.0095383645544808628,"suis":0.012211853592211042,"toujour":0.013573339914909166,"vois":0.014339977484421167,"fair":0.012340508752669482,"13\u20ac":0,"pass":0.013767510780553107,"13":0.031545359078391524,"dois":0.015147777637773025,"valabl":0.015739892388426439,"inscrit":0.015437912285440402,"louvain":0.015688698514450573,"inscript":0.015587361515151953,"mai":0.015537208880570563,"apparent":0.015537208880570563,"mod":0.030487966068464243,"ucl":0.015688698514450573,"audit":0.030986838278070035,"apparaitr":0.015791443017014795,"bandeau":0.015791443017014795,"bleu":0.015791443017014795}