{"question":0.0018747133621204286,"que":0.0047036610816808726,"le":0.0018645241590280464,"en":0.0017338651938895973,"au":0.0026369044138108448,"sur":0.0024247079483520938,"l":0.0012746594012823021,"du":0.001647246606094648,"une":0.0021328134739245874,"la":0.00057127327111307444,"et":0.0013309203357343348,"merc":0.0010628073952553001,"de":0.003603187861141206,"d":0.0023436303451745172,"vous":0.0031465763566993006,"exempl":0.0035540155587285532,"\"":0.0061269282527270713,"un":0.0039008861365712488,"dan":0.0015087473108769485,"est":0.0026931678488879714,"quelqu":0.0041072149080951066,"pourr":0.0065077902065911134,"m":0.005722549245077176,"\u00e9clair":0.0042143771091196361,"(":0.0018918835786327808,")":0.0018492031742845221,"bonjour":0.00059283978806444341,":":0.0050670606055769531,"on":0.0039453122037093171,"taux":0.0082045618247631527,"int\u00e9r\u00eat":0.0037236250040934269,"projet":0.0037334365238032344,"4":0.0044185987303614624,"risqu":0.0035998511968020476,"savoir":0.0038135210646543885,"vid\u00e9os":0.0042512724473173884,"par":0.0024689097321571912,"je":0.00093852800238990023,"invest":0.0037932289509006478,"ou":0.0030306703021368122,"pas":0.0021966996173237389,"ce":0.0018156368704697139,"il":0.0017949113999355777,"c":0.0034218990644001549,"\u00e0":0.0038087326374221576,"dont":0.0044052726183021447,"sont":0.0035540155587285532,"exercic":0.0034218990644001549,"vid\u00e9o":0.0035091022297660075,"6":0.0063277596256051828,"cet":0.003016361809935148,"financi":0.0043920255934269212,"problem":0.0042143771091196361,"march":0.0040956194683044924,"don":0.0034304676627920569,"se":0.0038237367215704079,"%":0.0053275054423153187,"auss":0.0043014344940498156,"ne":0.0035606332131221351,"raison":0.0038650734055083831,"chos":0.0042637076724600636,"10":0.012458219434487071,"direct":0.0045281724906776925,"obten":0.0040049626575435994,"faut":0.0038755283058398891,"chaqu":0.0040956194683044924,"propos":0.0041661132365865289,"06":0,"pris":0.0043269446818857216,"annonc":0.004673166124331816,"10iem":0,"\u00e9l\u00e9ment":0.0045994922042568538,"\u00e9quivalent":0.00445906117621412,"rappel":0.0092916740813927638,"04":0,"pr\u00e9c\u00e9dent":0.0045141779800087958,"compar":0.0088659683940291271,"sais":0.0042389061157422124,"10+1":0,"correspondent":0.0046881972729851951,"6min15":0,"fa\u00e7on":0.0045281724906776925,"\u00e9chapp":0.0046881972729851951,"+10":0,"06^":0,"04\u20ac":0,"voic":0.004673166124331816,"06=":0,"59":0.011499061044906618,"10^7":0,"4em":0,"59+492":0,"4an":0,"4e":0,"r\u00e9son":0.0047649098791128029,"traitent":0.0047649098791128029,"comparaison":0.0094431607001928021,"individuel":0.0047649098791128029,"4min25":0,"10em":0,"10h":0,"10min15":0,"10^1":0,"10^2":0}