{"la":0.002245615498121893,"de":0.0018425533604134092,"pour":0.0045720637817591456,"(":0.0074367965379202386,")":0.0072690243309625844,":":0.019589875450989076,"on":0.0077999194917816976,"t":0.014560549338462472,"1":0,"pourquoi":0.011446278031050791,"%":0.010532528579872549,"1000":0.058921525049740818,"ponder":0.017966905644705926,"n\u00e9gat":0.017421747784578567,"t=0":0.033459698825965521,"r\u00e9soudr":0.016958484936653369,"=":0.013689664589977694,"1+3":0.010926941905551128,">":0.018252736101339574,"t=1":0.035356414053380317,"enlev":0.018669217898702843,"1000\u20ac":0,"1030":0.056193623418425667,"1000\u20ac+3":0,"1000+413":0,"1000k":0}