{"a":0.0056266167122551473,"que":0.0038855064379971012,"le":0.00047077164003657505,"au":0.0032528434997379035,"avoir":0.0043069195807027604,"une":0.0052241523070401044,"la":0.0013992871921162846,"merc":0.0013110623612379337,"de":0.0017099527861491185,"nous":0.0042744613934604641,"d":0.0056929605363681109,"\u2019":0.010003629885525781,"2em":0,"un":0.011762379621437226,"dan":0.0055039191612509209,"an":0.0047295608400456622,"veut":0.005534412960542791,"dir":0.0094671814460695388,"est":0.0033177497680808091,"fait":0.0042852383322007481,"si":0.0073708919003624106,"\u00e9gal":0.0050239043817188371,"bonjour":0.00073131776824798985,":":0.0031437075105601058,"on":0.0072385931139158045,"taux":0.0067774606285345759,"int\u00e9r\u00eat":0.009120715146220381,"rentabl":0.0049958071549278038,"1":0.0030732815658638664,"3":0.0046176649064338295,"2":0.012998238069443148,"actif":0.0091688862818148729,"san":0.0089090478666946187,"risqu":0.0088175413202774278,"savoir":0.0047042991552155812,"par":0.0030456079225415788,"valeur":0.0077307183361557475,"invest":0.0092912043257654345,"ce":0.0044472541371176691,"il":0.0022141742602827339,"notr":0.0057647436786529456,"c":0.0042212004614558315,"qu":0.0035586672234869414,"\u00e0":0.0015845207339470278,"cel":0.004510139144522164,"avanc":0.0031153206165323269,"recevoir":0.0057832858654438858,"y":0.0040873589514545854,"avec":0.0036686528319634175,";":0.0051837833092472667,"m\u00eam":0.0080959872898811666,"doivent":0.0057463255207952993,"march":0.0050522912757466161,"offre":0.0057647436786529456,"lorsqu":0.005095427996086044,"1+r":0,"%":0.0033052927871285065,"dit":0.0049818653310503766,"01":0,"chos":0.0052596422208193213,"100":0.0087168325980332105,"deux":0.0048067669539912771,"va":0.0046917546946430256,"mont":0.005124565879981606,"2e":0,"princip":0.0054672509886734529,"003":0,"02":0,"1+7":0,"pass":0.005124565879981606,"1+3":0,"1+tap":0,"1+6":0,"1\u00b0":0,"2\u00b0":0,"1=1":0,"3\u00b0":0,"aoa":0.01085583376122469,"aujourd":0.0056032541544999443,"hui":0.0056032541544999443,"1mais":0,"1+teg":0,"ont":0.0053535207794877344,"1+tri":0,"3h":0,"1er":0,"1+2":0,"1+ta":0,"1min45":0,"100k":0,"3iem":0,"3em":0,"1+n":0,"1+0":0,"1+5":0,"1=5":0,"1+taeg":0,"1=9":0,"1+r2":0,"1+2r+r":0,"3+":0,"3+1":0,"1+1":0,"1x":0,"1+taux":0,"1x4x":0,"1x08":0,"2x3":0,"1=r":0,"2min54":0,"1+rn":0,"2i\u00e8meann":0,"3m":0,"1+4":0,"1+i":0,"1+":0,"3=":0,"1\u20ac":0,"1+x":0,"1+9":0,"1=":0,"1\u2212":0,"1+f3":0,"1+a2":0,"1+12":0,"1+41":0,"2\u20ac":0,"2^2x4":0,"3^2x24":0,"2x0":0,"1x4":0,"+2x0":0,"3x0":0,"103+2":0,"1+11":0,"02+":0,"1usd":0,"1^3":0,"103":0.015725963984579528,"2=":0,"1=16":0,"1+15":0,"1+tmeg":0,"100+2":0,"1\u00b2=4":0,"+100":0,"2x":0,"2m":0,"1m":0,"1eur":0,"3e":0,"3+2":0,"1+g":0,"1+rd":0,"1an":0}