{"a":0.0063646582286184831,"le":0.0010573827491952353,"au":0.0073060913401399759,"l":0.0069512803346502353,"la":0.0015828312460142405,"lieu":0.012169019091380458,"de":0.0037750222067497257,"pour":0.0063429521893810827,"d":0.0032658563242936515,"un":0.0054358972120759023,"on":0.0054978050776337498,"taux":0.0076664579736854688,"int\u00e9r\u00eat":0.010317076437753347,"utilis":0.0086819664009195521,"inflat":0.012430640025269633,"calcul":0.0049960805658859839,"valeur":0.0087447541902360652,"peut":0.0096981058718894342,"moi":0.011065888248293141,"peu":0.01151009767322872,"quel":0.0096981058718894342,"formul":0.0087028249169053395,"part":0.010103795160057485,"exact":0.012392581172071083,"approxim":0.01298962424182966,"r\u00e9el":0.012317158967477225,"rest":0.012169019091380458,"extr\u00eam":0.013159074406740303,"faibl":0.013116274622587201,"abstrait":0.013202172449634623}