{"j":0.0012381149829165216,"ai":0.0014000219422587745,"que":0.0021795697512604949,"le":0.0025404693907016859,"me":0.0038193832159135349,"en":0.0035591199333071329,"au":0.0054127962741821588,"sur":0.0066097806400975392,"l":0.0034747356022980496,"du":0.003381317216289475,"apres":0.0026805528930264897,"une":0.0014711970284032104,"autr":0.0025752935203678944,"la":0.0019388962915345281,"vrai":0.0029496959263233336,"chois":0.012045148927792328,"et":0.0036281035308304644,"lieu":0.003029582793206323,"de":0.0028191325665499712,"pour":0.0023875258496910325,"afin":0.0059101622951692094,"d":0.0070891355659010967,"vous":0.0021744109200425759,"trouv":0.0038817031280909925,"exempl":0.0048832101896932826,"un":0.0040272428589426734,"000":0.016949356459109131,"euros":0.014773193243751053,"dan":0.0041128618285807524,"an":0.013012558948411405,"dir":0.0053106030420539867,"est":0.0036923961014899052,"non":0.0026095866054935348,"fait":0.0047730094325661929,"si":0.0061770964424503376,"financ":0.0029935648730702513,"(":0.0076748640377838255,")":0.0075017210895865338,"ma":0.0026589174662240266,":":0.0035015428403083839,"on":0.0040731079663487444,"taux":0.009391062358551857,"int\u00e9r\u00eat":0.01015064287629657,"utilis":0.0021614507974641946,"4":0.014996683943193399,"savoir":0.0026305351718117279,"ains":0.0029758670245070714,"par":0.00506795215234948,"je":0.00064738882470040296,"calcul":0.0049154845281496901,"valeur":0.0086036851002931781,"ou":0.010286067468599981,"pas":0.00076208934492692218,"ce":0.0024946813878981397,"cas":0.010071102188497183,"il":0.0072814739289238711,"c":0.0047016823936917949,"peut":0.0024144275274397995,"qui":0.0038018076696142442,"\u00e0":0.0035015211597272757,"ann\u00e9":0.0049846053560337602,"expliqu":0.0021306558534809855,"exercic":0.0023603975671522962,"pourquoi":0.0020085875284956783,"avec":0.0020514257255402416,"car":0.0024895495418488598,"quel":0.0024144275274397995,"%":0.0073041345469773596,"dit":0.0027857437510172413,"donc":0.0049846053560337602,"vu":0.0029410701565761987,"ne":0.0012352715917614623,"s":0.0022855564935108951,"emprunt":0.011422299012904626,"flux":0.0053539015179501675,"va":0.002623520599893841,"45":0.026316413460502733,"82":0.0075450090593656366,"10":0.0043220639785748567,"12":0.0088267347165269482,"touch":0.0032548281253647741,"18+1":0,"18":0.021382084767493023,"faudr":0.015709666033259885,"doit":0.0028092510148464041,"solveur":0.003029582793206323,"entre":0.0027625899933021061,"pai":0.0087521492560819186,"chaqu":0.0056273728660562157,"compt":0.0053978200407956214,"mon":0.0077657078043115498,"pass":0.0028655385941203336,"banqu":0.0094117607169446581,"const":0.0029583702922127194,"15":0.014595716178499368,"d\u00e9but":0.003152824219865815,"sup\u00e9rieur":0.0031332099944517294,"arr\u00eat":0.0065043796793875872,"dur":0.0030852405112021357,"cibl":0.0031827221665193224,"rembours":0.0029758670245070714,"10iem":0,"fourn":0.009561999946110171,"04":0,"incomplet":0.0032760656465253067,"inf\u00e9rieur":0.0063800278717084666,"continu":0.0031332099944517294,"83":0.0084500217614523199,"cherch":0.0031138424954019065,"10+1":0,"40":0.020112182279418318,"accept":0.0032548281253647741,"+10":0,"18x3xx":0,"option":0.0032132121900395319,"12^3+2":0,"12^4+189":0,"12^4":0,"04\u20ac":0,"12\u20ac":0,"10^7":0,"avis":0.0032760656465253067,"4em":0,"15x4":0,"045":0,"15an":0,"4an":0,"4e":0,"consit":0.0032867952779107963,"\u00eate":0.0032760656465253067,"banqui":0.0065469765368663599,"remours":0.0032867952779107963,"618":0.021767646005081128,"doigt":0.0065469765368663599,"qq1":0.0032867952779107963,"suprieur":0.0032867952779107963,"tocuh":0.0032867952779107963,"abir":0.0032760656465253067,"eltaief":0.0032760656465253067,"tunis":0.0032867952779107963,"12=":0,"4min25":0,"10em":0,"15\u20ac":0,"45=4":0,"083":0,"12^5":0,"10h":0,"45=2788":0,"10min15":0,"15h":0,"40=":0,"10^1":0,"10^2":0}