{"ai":0.011832397198975279,"le":0.0043060248235982038,"sur":0.014135634167942879,"vous":0.0092259561885667963,"trouv":0.016469942579247606,"int\u00e9r\u00eat":0.042014669978054739,"comment":0.014589994727327703,"par":0.014393323035529594,"je":0.010589665780583868,"calcul":0.010512223450592755,"pas":0.0064408589309205904,"n":0.012490029132659902,"compr":0.021708099267065295,"remerc":0.024149294248536977}