{"que":0.0057047156695639919,"le":0.0039535919755203167,"en":0.0062354048074861144,"de":0.0016856907611706117,"bien":0.0093541734585905947,"pour":0.004182829025187601,"vous":0.0056912131582227158,"dan":0.0054258256458909557,"bonjour":0.0021319973880284592,"ser":0.014166716370321873,"il":0.0064549419479739412,"\u00e0":0.0090500516091999161,"clair":0.015469014210451151,"exercic":0.01230598892698666,"possibl":0.014442864916755185,"vid\u00e9o":0.012619592913309524,"slid":0.016593197808670124,"propos":0.01498236575455316,"jour":0.016437324151800711,"r\u00e9alis":0.016134373439901054,"mettr":0.016752158272383844,"syllabus":0.017135785453312402,"apparaissent":0.017079846264568117}