{"que":0.0080048012330266038,"le":0.0037430123427883155,"me":0.0035861290831685588,"en":0.0022368357989736576,"l":0.0032641122893493964,"du":0.0021250903422224089,"la":0.00073699184246031678,"et":0.0017170021424065573,"merc":0.0013711133007912354,"de":0.0017871191252779224,"bien":0.0066608097787963279,"d":0.0030184035407429255,"vous":0.0020416171403368588,"exempl":0.004584986918181131,"un":0.0050240211946841256,"dan":0.0019464142936072375,"veut":0.0057879071557714271,"dir":0.00498627839671178,"est":0.0068351263492171833,"pourr":0.0042224991626867636,"si":0.0077059826127858977,"(":0.0024406931583203914,")":0.0023856317517604677,":":0.006525958201780143,"on":0.0025598670128960345,"taux":0.01396271658838088,"d\u00e9termin":0.0052246314445651429,"actif":0.0048291690456510007,"san":0.0093140652291821713,"risqu":0.013724908888052362,"cour":0.0042956695849678166,"par":0.0031851067157850298,"je":0.0012107821539317646,"arbitrag":0.005933742055518239,"ou":0.0077608560908265026,"ce":0.0046494323235949106,"cas":0.0094606359111255121,"c":0.0087627038076095575,"peut":0.0045155950344656689,"\u00e0":0.0032892742231448737,"contrair":0.0060873584126673848,"avec":0.0038366891176258833,"bonsoir":0.0053136990754328378,"march":0.0052837027226583112,"donc":0.0046801897649107515,"comprend":0.0034330500996055478,"emprunt":0.0054056097654623372,"fix":0.0059903922200923486,"favor":0.006048179252816639,"correspond":0.011113264424868138,"aoa":0.0057176689461637112,"d\u00e9finit":0.0058781848886355521,"import":0.0057879071557714271,"plutot":0.0061270779917423262,"conjonctur":0.0060095260036289681,"obtiendr":0.0061270779917423262,"variabl":0.0060095260036289681,"absenc":0.0061071497196290942,"d\u00e9favor":0.0060873584126673848,"clarifi":0.0060873584126673848,"langu":0.0061471451379520696,"oportun":0.0061471451379520696,"c\u00e0d":0.0061471451379520696,"circonst":0.0061471451379520696,"align":0.0061471451379520696}