{"question":0.003266330776565587,"le":0.00066491602307736921,"en":0.0030209296843181324,"au":0.0090957862828876627,"l":0.0022208510997851383,"du":0.0028700133016572199,"la":0.0029264734428990935,"et":0.0045909009329213393,"merc":0.0018517393511066737,"de":0.003170311918163699,"pour":0.0020264975180835265,"nous":0.0060372325535936484,"afin":0.0074944298980214943,"d":0.0060381937906749126,"vous":0.0054588528475006089,"trouv":0.0097450054074952087,"r\u00e9solu":0.00707585007423772,"pourr":0.011290070563376255,"si":0.0052430303995276602,"bonjour":0.0010329103554995195,"taux":0.0095444280708988551,"int\u00e9r\u00eat":0.0064877069727090437,"utilis":0.0054594975908055805,"ser":0.0068634924810398968,"savoir":0.0066443337270893276,"cour":0.011485712811930185,"je":0.0016352061924855615,"ce":0.0062628910075874155,"il":0.003127291065012095,"oui":0.0079387066445097323,"qui":0.0048209134779552904,"expliqu":0.0053817142229479519,"quizz":0.0069972809626153258,"plus":0.0056748627154737446,"possibl":0.0069972809626153258,"avanc":0.0044000666539613141,"concern":0.00695858374034728,"cet":0.0052554356373202974,"s":0.0057729697963108438,"7":0.011308912870586309,"part":0.0063535888976124664,"8":0.012017968470005441,"svp":0.0071358364370396965,"rappel":0.0081421014243180049,"voudr":0.0075838370252521636,"prochain":0.0078408640311785193,"08":0,"007=>":0,"+7":0,"7e":0,"techniqu":0.016223753603611724,"extrapol":0.0083019474337686864,"08+0":0,"8min25":0,"8+50":0}