{"a":0.0070591301141563652,"question":0.0057610505280102217,"que":0.0048747403471562419,"le":0.0011727577725180881,"du":0.0099464241966710845,"la":0.0034494691114780414,"merc":0.0032660390806002002,"d":0.003622206236254334,"quiz":0.010783576658764249,"vous":0.018473922635626947,"trouv":0.0086816651971080815,"dan":0.004636425849192452,"5":0.010921596669056228,"m":0.017378614368468975,"bonjour":0.0018218144933853258,"taux":0.0085029741436256634,"comment":0.0076907037678341306,"valeur":0.0096989273308693731,"ce":0.005579506692939675,"expliqu":0.0094920966939895154,"avanc":0.0077606978760238841,"solveur":0.013496826701777766,"cordial":0.011323515316324483,"indiqu":0.012480159725026503,"r\u00e9el":0.013661130678974835,"pouv":0.020922856321718246,"05":0,"5iem":0,"5em":0,"0005+1":0,"5e":0,"5=>":0,"5^2x18":0,"5x0":0,"5^2":0,"encod":0.014642711323044665,"5+5":0,"5xtaux":0,"5an":0,"5min08":0}