{"ai":0.0058141749494237992,"a":0.0033181096016033592,"le":0.0016262580905096022,"en":0.0025045037039329019,"au":0.0038089102281885891,"quand":0.0058827302286483174,"l":0.0018411980372031701,"une":0.0030807696377243583,"la":0.0008251829660706957,"\u00e9tait":0.0062686938536864701,"et":0.0019224648618781305,"de":0.0013427643372587925,"d":0.0017026003341970477,"exempl":0.0051336431240672281,"un":0.0028339153627473072,"dan":0.0043220294880343948,"5":0.0051336431240672281,"financ":0.0062686938536864701,"(":0.0027327553761352778,")":0.0026711051214601878,":":0.0036811176720830509,"on":0.0056842064669998405,"taux":0.0039967814294242171,"int\u00e9r\u00eat":0.0053786376516898752,"utilis":0.0045262000002067584,"comment":0.0071691966073620713,"par":0.0035662481666134636,"je":0.0026885520672891489,"ou":0.0086818026583470216,"pas":0.004707993840177364,"cas":0.0053364905144639057,"il":0.0025926826752231832,"c":0.004942805767990068,"qui":0.0039967814294242171,"derni":0.005769018339717079,"n":0.0091296798844488804,"vid\u00e9o":0.0050687674929402711,"parl":0.0062686938536864701,"compr":0.010666873739592408,"y":0.0047860843344378458,"\u00e7a":0.0063250954683533615,"emprunt":0.0060524646850824678,"fonction":0.0062873849789902309,"sa":0.0064409478148869078,"banqu":0.006622926458737001,"lumi":0.0068157938542864494,"rembours":0.0062316335596171802,"avant":0.0061408047339880176,"bruno":0.0067072243345336459,"contract":0.0068157938542864494,"05":0,"franc":0.0067719263737104516,"5iem":0,"5em":0,"0005+1":0,"5e":0,"5=>":0,"5^2x18":0,"5x0":0,"5^2":0,"aupres":0.0068379534610014427,"mr":0.0068602664226160024,"islam":0.013649788043951361,"siecl":0.0068827348765064158,"combat":0.0068827348765064158,"occident":0.0068827348765064158,"taux=0":0.0068827348765064158,"5+5":0,"5xtaux":0,"5an":0,"5min08":0}