{"question":0.0023468789285327092,"alor":0.0092792484972003108,"que":0.005871329222780163,"le":0.0027657471121196992,"r\u00e9pons":0.0036709360380100978,"en":0.0021705567211903086,"l":0.0062456603693466549,"du":0.0040941396744442575,"autr":0.0046737403625362146,"la":0.0014198678907942463,"et":0.0049261067125722577,"merc":0.0013304862126721055,"de":0.0011650179452867449,"pour":0.0014560510399117452,"d":0.0029296139702123104,"quiz":0.0043929052022065639,"2em":0,"\"":0.015098863445282327,"un":0.0096131282532104963,"dan":0.003749907391715383,"est":0.0098163860640843922,"capital":0.01065954341556194,"bonjour":0.00074215249899886452,":":0.003190282646452157,"on":0.0024840162844068825,"taux":0.0034638562447092155,"utilis":0.0077880982907442883,"1":0.0031188133165384515,"3":0.0093037421476026075,"2":0.0044605124953110897,"cour":0.0082759169935936756,"vos":0.0050415963234118986,"calcul":0.0022573272985536509,"pas":0.0013830686494854057,"ce":0.0045126642958442072,"il":0.0022469780331257666,"qui":0.0034638562447092155,"\u00e9nonc":0.0051856642321423795,"qu":0.0071700573574138031,"\u00e0":0.0031925167015980456,"n":0.0026820285787678712,"sont":0.0044491304084072784,"proposit":0.0057761249095501389,"pourquoi":0.003645260833132543,"co\u00fbt":0.015553560103636619,"parl":0.0054328350785973027,"avec":0.0037230052179966239,"term":0.0056337094541329298,"quel":0.0043817946568676441,"1+r":0,"%":0.006659554653029919,"diff\u00e9rent":0.0046737403625362146,"01":0,"deux":0.0048779809022773488,"fair":0.0046614577121166399,"certif":0.0050415963234118986,"examen":0.0056164072411347792,"faut":0.0048516194004294038,"2e":0,"003":0,"02":0,"1+7":0,"approxim":0.0058689672859261735,"1+3":0,"1+tap":0,"1+6":0,"1\u00b0":0,"2\u00b0":0,"1=1":0,"3\u00b0":0,"correspond":0.0054328350785973027,"concept":0.0057040099788645496,"trait":0.0057761249095501389,"nominal":0.011395873410511813,"1mais":0,"1+teg":0,"50":0.010062384169384202,"1+tri":0,"3h":0,"50\u20ac":0,"1er":0,"1+2":0,"prior":0.0059455281976154304,"1+ta":0,"1min45":0,"3iem":0,"3em":0,"50$":0,"1+n":0,"1+0":0,"pieg":0.0059455281976154304,"unit":0.0059069855386667848,"1+5":0,"1=5":0,"1+taeg":0,"1=9":0,"1+r2":0,"1+2r+r":0,"3+":0,"3+1":0,"1+1":0,"th\u00e9oriqu":0.0058314593607317368,"1x":0,"1+taux":0,"1x4x":0,"1x08":0,"2x3":0,"1=r":0,"2min54":0,"1+rn":0,"2i\u00e8meann":0,"3m":0,"1+4":0,"pr\u00e9vu":0.0059455281976154304,"1+i":0,"1+":0,"3=":0,"1\u20ac":0,"1+x":0,"1+9":0,"1=":0,"1\u2212":0,"1+f3":0,"1+a2":0,"1+12":0,"1+41":0,"47":0.015335420004927146,"2\u20ac":0,"2^2x4":0,"3^2x24":0,"2x0":0,"1x4":0,"+2x0":0,"3x0":0,"1+11":0,"02+":0,"1usd":0,"1^3":0,"2=":0,"1=16":0,"1+15":0,"1+tmeg":0,"1\u00b2=4":0,"2x":0,"2m":0,"1m":0,"1eur":0,"3e":0,"3+2":0,"1+g":0,"1+rd":0,"1an":0}