{"j":0.0033705441133845557,"ai":0.003811306527422652,"a":0.0021687899924492161,"que":0.0044437413060263173,"le":0.0014176913537219601,"me":0.0026244618550256725,"en":0.003255909524490572,"au":0.002489588162199696,"sur":0.0022892465018422574,"l":0.0047351564600556194,"du":0.0015552196845960602,"une":0.0040050678266023597,"la":0.0016003242804575055,"et":0.0012565656514968125,"de":0.001313084489831078,"pour":0.00109813039162178,"d":0.0043787136464758158,"vous":0.0014941309091546808,"trouv":0.0026672845368756705,"2em":0,"un":0.0090612722714299605,"dan":0.0042264973293200687,"dir":0.0072579629363338227,"est":0.0025435347348030301,"r\u00e9solu":0.0076262376347822868,"\u00e9gal":0.0076476778019481826,"(":0.0087378193575866955,"+":0.003760351266427534,")":0.0068694949787056411,":":0.0024060601145856958,"on":0.0073712104050705817,"taux":0.0077511856499486382,"int\u00e9r\u00eat":0.010431098051828682,"utilis":0.0029584246582839337,"1":0.00925494301895456,"\/":0.0025647577151052168,"2":0.0033640471378027404,"cour":0.0031437298284814957,"par":0.002330978859349386,"ce":0.0034094630888328505,"il":0.0016946348718871109,"c":0.0064257554710076626,"peut":0.003304679403851078,"\u00eatre":0.0035908696341122102,"qu":0.0027236526422236454,"\u00e0":0.007081058970111115,"n":0.0040231348526001444,"exercic":0.0095858644801718254,"vid\u00e9o":0.0033130587993322278,"concern":0.0037707582761547457,"pourquoi":0.0027491973814970146,"x":0.0082474912189486015,"6":0.011882476738273268,"avec":0.0028078309523382966,"adapt":0.0044549539577084588,"1+r":0,"r":0.0077786741988403046,"%":0.005031507838613317,"travaill":0.0087195381501771977,"toujour":0.0038668090097470271,"sembl":0.0039446643347243772,"ne":0.001690743060648038,"01":0,"s":0.0031282908203306464,"bas":0.0040255066102665481,"deux":0.0073171386515521611,"formul":0.00879900624792751,"doit":0.0038450828875592029,"fonction":0.0041095742028896256,"r\u00e9soudr":0.0040731338392733414,"solveur":0.0041466557787248328,"=":0.006539707361828343,"2e":0,"emploi":0.0044120897982476859,"02":0,"1+7":0,"simpl":0.0041591627304903159,"mensuel":0.0042751965411204976,"tap":0.0083733728579859414,"1+3":0,"ta":0.0081252801263583131,"1+tap":0,"06":0,"trimestriel":0.0044694379678981355,"1+6":0,"1\u00b0":0,"2\u00b0":0,"^":0.0082723669212894785,"1=1":0,"stad":0.0044549539577084588,"pos":0.0040373128886914567,"1mais":0,"1+teg":0,"\u00e9quivalent":0.0083733728579859414,"lor":0.0039446643347243772,"compos":0.0085829937133726376,"cred":0.0088320695676837643,"des":0.0042488535082707678,"1+tri":0,"cherch":0.0042619838634388252,"1er":0,"1+2":0,"1+ta":0,"6min15":0,"1min45":0,"1+n":0,"1+0":0,"1+5":0,"1=5":0,"1+taeg":0,"1=9":0,"1+r2":0,"1+2r+r":0,"1+1":0,"th\u00e9oriqu":0.0043979933230328108,"1x":0,"1+taux":0,"1x4x":0,"1x08":0,"2x3":0,"1=r":0,"06^":0,"2min54":0,"1+rn":0,"rn":0.0087195381501771977,"2i\u00e8meann":0,"1+4":0,"issu":0.0044840222142497861,"1+i":0,"1+":0.0026305263633461117,"1\u20ac":0,"1+x":0,"06=":0,"1+9":0,"1=":0,"1\u2212":0,"1+f3":0,"1+a2":0,"1+12":0,"1+41":0,"2\u20ac":0,"2^2x4":0,"2x0":0,"1x4":0,"+2x0":0,"1+11":0,"02+":0,"1usd":0,"1^3":0,"2=":0,"1=16":0,"appliquent":0.0044987080937999337,"1+15":0,"1+tmeg":0,"1\u00b2=4":0,"2x":0,"2m":0,"1m":0,"1eur":0,"1+g":0,"1+rd":0,"1an":0}