{"que":0.0040827700296029393,"le":0.00098222673304311828,"au":0.0067867933667369526,"l":0.0032806839429456018,"du":0.0014276095782969997,"une":0.0018484329746560663,"la":0.0042830860826401675,"et":0.0022952114151377451,"de":0.0027598651929207018,"bien":0.0044856638844008711,"pour":0.0029935810953912877,"afin":0.0037278990658729501,"d":0.0040247776590609649,"2em":0,"\"":0.0053141117258894048,"*":0.024168532304395658,"un":0.003383382978327837,"dan":0.0013075772044504751,"gain":0.0040630925005985261,"est":0.0023358841911024159,"quelqu":0.0035595759136649269,"(":0.017172447647390184,"+":0.013599746765076982,")":0.016785041668757193,"bonjour":0.0005137929905000109,"suiv":0.010083642598640027,":":0.0065590900027466988,"on":0.0034219153512519821,"int\u00e9r\u00eat":0.0032271322958940976,"utilis":0.002715677676066158,"ser":0.0067934519564145602,"1":0.012634754241795606,"\/":0.0092757439313231188,"3":0.003244176422907679,"2":0.0030880177015102355,"je":0.00081338857263657679,"calcul":0.0046409721512718962,"pas":0.0019052789119051651,"ce":0.0015735473834953039,"il":0.0061288436861454349,"o\u00f9":0.0031038743140758209,"peut":0.0060362448090590937,"qui":0.0047717170506113233,"qu":0.0049749558471976494,"\u00e0":0.0022151328560110878,"n":0.01434680046463078,"clair":0.0037278990658729501,"plus":0.005616951912356157,"vid\u00e9o":0.0060515504034284601,"pourquoi":0.0025236180800229254,"x":0.007574177812865574,"pr\u00e9sent":0.0038645084602528519,"avec":0.00257744060308629,"essai":0.0038645084602528519,"prendr":0.0038410597379771728,"1+r":0,"r":0.021007859882523652,"le\u00e7on":0.0036524495514359654,"1000":0.006643034174368353,"ne":0.0030882690198015092,"comprend":0.0023062808707910508,"01":0,"flux":0.0033770315383480978,"formul":0.0080842507529880724,"7":0.0056253092363205632,"vf":0.0073744548226105013,"mont":0.003600303647479861,"faut":0.0066834629905517676,"=":0.011891505592411013,"2e":0,"emploi":0.0040500655429402286,"slid":0.0079570374086569435,"003":0,"02":0,"indiqu":0.0035196879870704463,"1+7":0,"simpl":0.0038178918454765298,"tap":0.0076897826546450014,"1+3":0,"ta":0.011136573366654577,"1+tap":0,"k":0.015705270330639461,"capitalis":0.0076663822670049826,"1+6":0,"ensuit":0.0073528897695001715,"1\u00b0":0,"2\u00b0":0,"^":0.011338171694040632,"1=1":0,"3\u00b0":0,"p\u00e9riod":0.0037611576942626996,"rapport":0.00369520258214006,"f":0.0039736939448982312,"\u20ac":0.0038763402763533762,"1mais":0,">":0.015855210476434001,"1+teg":0,"\u00e9quivalent":0.0038645084602528519,"express":0.0081110320199605547,"continu":0.0078332533694875587,"lor":0.0036209936404462033,"des":0.0039002232451575574,"1+tri":0,"3h":0,"1er":0,"infin":0.015804901966375316,"limit":0.015905853264758629,"1+2":0,"r\u00e9alis":0.0038882449040880604,"1+ta":0,"1min45":0,"mention":0.0040630925005985261,"3iem":0,"3em":0,"1+n":0,"1+0":0,"montr":0.0079822791509900279,"1+5":0,"1=5":0,"1+taeg":0,"1=9":0,"1+r2":0,"1+2r+r":0,"3+":0,"3+1":0,"1+1":0,"1x":0,"1+taux":0,"1x4x":0,"1x08":0,"2x3":0,"1=r":0,"2min54":0,"1+rn":0,"2i\u00e8meann":0,"3m":0,"1+4":0,"1+i":0,"1+":0,"3=":0,"1\u20ac":0,"1+x":0,"1+9":0,"1=":0,"007=>":0,"1\u2212":0,"1+f3":0,"1+a2":0,"1+12":0,"1+41":0,"2\u20ac":0,"2^2x4":0,"3^2x24":0,"2x0":0,"1x4":0,"+2x0":0,"3x0":0,"1+11":0,"02+":0,"maximum":0.0041295765661165254,"+7":0,"1usd":0,"1^3":0,"provient":0.0041027081355602211,"7e":0,"1000\u20ac":0,"2=":0,"1=16":0,"conduit":0.0041295765661165254,"lim":0.0082172277731470105,"e^":0.0082172277731470105,"t\u00f4t":0.0041295765661165254,"1000\u20ac+3":0,"1+15":0,"1+tmeg":0,"1\u00b2=4":0,"1000+413":0,"2x":0,"2m":0,"1m":0,"1eur":0,"3e":0,"3+2":0,"1+g":0,"1+rd":0,"1000k":0,"1an":0}