{"j":0.0056882257695282249,"a":0.0012324148382410044,"que":0.0033722680841922377,"le":0.001991205558621732,"me":0.0014913503583989297,"en":0.0036859780298062403,"au":0.0028204911098564755,"sur":0.0038780734516826762,"l":0.0040395032612783243,"du":0.002634603204815501,"apres":0.0020848698983556152,"une":0.0022813043243735589,"proch":0.0025233530757709571,"la":0.0018104132283658708,"seul":0.002328323126499574,"merc":0.00057019986317219699,"de":0.0045247181762055437,"pour":0.0030811817293206214,"nous":0.0018590246915369043,"afin":0.0046009091897889999,"d":0.0043446006570863728,"vous":0.0025311164208259357,"trouv":0.0015156843458799453,"2em":0,"exempl":0.001906741705360536,"\"":0.0065508470622425933,"*":0.0019363120622497667,"un":0.010236585335839793,"dan":0.0032074058929265196,"an":0.0020569539814355173,"dir":0.0020736253217752409,"est":0.0021663931186184275,"5":0.0075553874160629413,"fait":0.0018637117370785999,"(":0.0098711782213088354,"+":0.008467061344897624,")":0.0087100106311883262,"bonjour":0.00031806060773239062,"suiv":0.0021019372457779656,":":0.0067510274929736217,"taux":0.0044254826595490878,"int\u00e9r\u00eat":0.0039828714175144057,"utilis":0.0033516428839770111,"4":0.0023705935832896009,"comment":0.0013426778210232086,"1":0.0065997896671689416,"\/":0.010012827190159307,"3":0.002008288831766551,"2":0.003811178567352809,"cour":0.0017864243663657372,"par":0.002640800293751949,"calcul":0.0047767800981906219,"pas":0.001767032432310846,"ce":0.006692255179106113,"il":0.0038157545401609639,"o\u00f9":0.0019214356149529677,"qui":0.0014844876541897018,"\u00e9nonc":0.0022223943453619625,"mais":0.0030784856860667431,"pens":0.0043931676377341831,"qu":0.0046139745086048031,"pr\u00e9cis":0.0047119767373208447,"\u00e0":0.0040706424209078964,"n":0.001149423657360553,"clair":0.0023077345631022901,"illustr":0.0024369357603997934,"plus":0.001747441367463668,"exercic":0.0054729790963101294,"vid\u00e9o":0.0037534131274515499,"6":0.0033948650421649715,"cet":0.0016182885995911916,"y":0.0017776511505176954,"avec":0.0015955498416083342,"encor":0.0023145581633716239,"votr":0.0017732885278160522,";":0.0022545018612662986,"don":0.0036693038605718625,"se":0.0020514480471056722,"1+r":0,"%":0.009876081222864869,"ne":0.0019154677243467741,"diff\u00e9rent":0.0020030016770097091,"01":0,"s":0.0052994474687212386,"agit":0.0070035354220565503,"bas":0.0022874939921348376,"cadr":0.0024991595537885701,"raison":0.0082166570426001791,"25":0.0038636760982567299,"emprunt":0.0022480111212182176,"effect":0.0024069957357789082,"formul":0.0033596952414091572,"7":0.010381310105643707,"10":0.0033615979416559785,"or":0.002385021933815153,"12":0.010274733711711797,"vf":0.002294202909441686,"mont":0.0022287473502201525,"th\u00e9or":0.0024991595537885701,"r\u00e9soudr":0.0023145581633716239,"faut":0.002079234412157108,"d\u00e9duir":0.0024912024573558746,"principal":0.0025152341388613368,"=":0.005570034815168475,"2e":0,"annuel":0.0022808224506057485,"003":0,"02":0,"obtien":0.0092810642128613972,"1+7":0,"simpl":0.0023634440778319212,"8":0.0073779570065549355,"\u00e9tap":0.0024218721830757076,"global":0.0024912024573558746,"propos":0.0022351342379311238,"mensual":0.012146191072879989,"taeg":0.00706709871656893,"mensuel":0.011995531288685199,"\u00e9tant":0.0047119767373208447,"tap":0.0071318142783577164,"1+3":0,"ta":0.004628195449247286,"1+tap":0,"06":0,"intervall":0.0025480454682488677,"capitalis":0.0094505536093961104,"1+6":0,"const":0.00230094962366514,"15":0.026208466738629983,"mois":0.011565299650270797,"1\u00b0":0,"2\u00b0":0,"^":0.0023634440778319212,"1=1":0,"3\u00b0":0,"nombr":0.0023634440778319212,"p\u00e9riod":0.002328323126499574,"avais":0.0047549963104886244,"concept":0.0024445392056707945,"09":0,"import":0.0024069957357789082,"pos":0.002294202909441686,"\u20ac":0.0047841127898260805,"\u00e9quilibr":0.0025152341388613368,"9":0.004052442844550321,"rembours":0.0023145581633716239,"pr\u00eat":0.0024218721830757076,"10iem":0,"1mais":0,"pouv":0.0037063204426070221,"teg":0.0099028193437754146,"1+teg":0,"\u00e9quivalent":0.0023923018261864768,"04":0,"ont":0.002328323126499574,"compos":0.0024521912355861897,"85":0.0055238171166205746,"ramen":0.0025315274324740566,"cred":0.0050307858369075071,"800":0.020235118992252089,"858":0.011699630615248289,"83":0.0065722247289853181,"explicit":0.0024832978833945014,"avantag":0.0024991595537885701,"1+tri":0,"3h":0,"mot":0.0050145991870058932,"lui":0.0025397579707636736,"1er":0,"transform":0.0025152341388613368,"regl":0.0024832978833945014,"1+2":0,"10+1":0,"9+":0,"1+ta":0,"6min15":0,"1min45":0,"05":0,"3iem":0,"3em":0,"1+n":0,"1+0":0,"1+5":0,"1=5":0,"1+taeg":0,"1=9":0,"1+r2":0,"1+2r+r":0,"3+":0,"3+1":0,"1+1":0,"+10":0,"93":0.012299649270177366,"1x":0,"1+taux":0,"57":0.0065722247289853181,"1x4x":0,"1x08":0,"2x3":0,"1=r":0,"06^":0,"2min54":0,"1+rn":0,"devon":0.0024676435610413261,"08":0,"5iem":0,"2i\u00e8meann":0,"3m":0,"1+4":0,"12^3+2":0,"12^4+189":0,"12^4":0,"5em":0,"0005+1":0,"1+i":0,"1+":0,"3=":0,"1\u20ac":0,"800\u20ac":0,"25\u20ac":0,"93\u20ac":0,"04\u20ac":0,"1+x":0,"06=":0,"5e":0,"0025^t":0,"1+9":0,"tromp":0.0025233530757709571,"1=":0,"12\u20ac":0,"007=>":0,"9=":0,"1\u2212":0,"9=850":0,"1+f3":0,"1+a2":0,"1+12":0,"1+41":0,"10^7":0,"appara\u00eet":0.0025480454682488677,"5=>":0,"2\u20ac":0,"4em":0,"2^2x4":0,"5^2x18":0,"3^2x24":0,"2x0":0,"5x0":0,"1x4":0,"+2x0":0,"3x0":0,"15x4":0,"5^2":0,"1+11":0,"02+":0,"+7":0,"1usd":0,"1^3":0,"15an":0,"7e":0,"4an":0,"4e":0,"comparaison":0.0025480454682488677,"2=":0,"25=":0,"12=":0,"1=16":0,"te":0.0075714033911594295,"contrat":0.0025480454682488677,"pr\u00e9voit":0.0025397579707636736,"1+15":0,"1+tmeg":0,"4min25":0,"10em":0,"15\u20ac":0,"1\u00b2=4":0,"5+5":0,"025":0,"08+0":0,"083":0,"2x":0,"2m":0,"1m":0,"12^5":0,"1eur":0,"3e":0,"10h":0,"3+2":0,"5xtaux":0,"1+g":0,"8min25":0,"10min15":0,"15h":0,"1+rd":0,"8+50":0,"10^1":0,"10^2":0,"5an":0,"5min08":0,"1an":0}