{"a":0.0030329474088189525,"question":0.0012424489593226829,"alor":0.0024743005610468605,"que":0.005175955274597196,"le":0.0031426699625389173,"me":0.0018422595801381456,"en":0.0034206199397490999,"au":0.0017475840365628193,"sur":0.0047835347208252561,"l":0.00084476874097851322,"du":0.001091697468446723,"apres":0.0051308216679437166,"la":0.0018640164514677831,"et":0.0043426806868945549,"premi":0.00258242648222999,"merc":0.00070436578139169038,"de":0.0030020237853105791,"bien":0.0017238512011646164,"pour":0.0015356819873801621,"d":0.004597725240797137,"trouv":0.001872319264844287,"2em":0,"exempl":0.0046924518718179913,"\"":0.012019784917923434,"*":0.0047652239080854626,"un":0.013770781706262137,"dan":0.0029765007993794112,"an":0.014955078066437854,"est":0.00089768579911135441,"comm":0.0023434126495610135,"m":0.0019074381844199975,"\u00e9clair":0.002793039490312582,"(":0.0024978992053127248,"+":0.0052586685061566706,")":0.0024415472451244629,"bonjour":0.00039289909199379311,":":0.0033647581441273149,"on":0.0039146065846388314,"int\u00e9r\u00eat":0.01214987400548817,"\/":0.0071181960275968391,"2":0.0047044564412718464,"savoir":0.0025273758505544837,"par":0.001636247113484485,"je":0.0012391610021942659,"calcul":0.0047249307191863758,"ou":0.0059789949661765377,"ce":0.0047575757902219018,"cas":0.0024484603405266381,"il":0.0047032681263614214,"peut":0.0046214335504050335,"moi":0.0026469104686466577,"qui":0.0036532933915535359,"qu":0.0038088958601410223,"pr\u00e9cis":0.0029195537252433646,"\u00e0":0.0033657810937519619,"fin":0.0054692664855933342,"ann\u00e9":0.0047898861250254207,"sont":0.0093127093061866617,"illustr":0.0030103377288201536,"suis":0.0024420702009536081,"plus":0.0021586078561685045,"vid\u00e9o":0.002325625080411418,"co\u00fbt":0.0027849778081765202,"cet":0.0019990659198458648,"avec":0.0019709768162368812,"m\u00eam":0.0021905367577243176,"aux":0.0027610530547255347,"selon":0.0029195537252433646,"quel":0.0023197431044279021,"%":0.0052860424745547769,"donc":0.0024042984040198484,"1000":0.0050799488187899047,"ne":0.0023644220061067836,"s":0.004374762688221007,"agit":0.0057815094178941496,"effet":0.0028423545572236787,"fair":0.0024677980670127666,"3000":0.022924708464228418,"12":0.012673701534941633,"puisqu":0.0058339817427571538,"vf":0.0028340203661044597,"mont":0.002753163355965925,"d\u00e9j\u00e0":0.0057470398117835091,"principal":0.0061899391562994614,"=":0.0045981360557520454,"2e":0,"chaqu":0.005407544486714354,"rien":0.0059418151518710908,"02":0,"sa":0.0029552015950199007,"\u00e9t\u00e9":0.0055006190975201907,"8":0.0045714024206792549,"mensual":0.014960614049914094,"taeg":0.002928385482884004,"chang":0.0060920192612146798,"mensuel":0.0089333110594881238,"tap":0.0087969662380167155,"ta":0.005712968707157629,"capitalis":0.0029462087709072327,"mois":0.0028933704751538634,"2\u00b0":0,"util":0.0030872025505821413,"09":0,"pos":0.0028340203661044597,"\u20ac":0.0029642494214567883,"9":0.014901632601196195,"dur":0.0029642494214567883,"rembours":0.0056960797341405753,"pr\u00eat":0.0089057022797457541,"d\u00e9fin":0.0059601773154842018,"lor":0.0027689850577021103,"compos":0.0030291827608767861,"cred":0.0092788675622665576,"des":0.0059418151518710908,"condit":0.0030773731787979326,"tard":0.0030872025505821413,"c\u00f4t":0.0030970976711612625,"suff":0.0031578999969755221,"9+":0,"mention":0.0031070594260509225,"typ":0.0029733529271759492,"complet":0.0030386960734757546,"2x3":0,"2min54":0,"08":0,"2i\u00e8meann":0,"exig":0.0030386960734757546,"12^3+2":0,"12^4+189":0,"12^4":0,"24":0.0081186448922656584,"12\u20ac":0,"9=":0,"9=850":0,"2\u20ac":0,"2^2x4":0,"2x0":0,"+2x0":0,"02+":0,"vont":0.0030872025505821413,"1000\u20ac":0,"2=":0,"12=":0,"payabl":0.0062912246476731432,"dress":0.0031578999969755221,"tabl":0.0031578999969755221,"fig":0.0031578999969755221,"d\u00e9part":0.0031475911398503153,"faill":0.0031578999969755221,"semestr":0.0031578999969755221,"deviendr":0.0031578999969755221,"1000\u20ac+3":0,"1000+413":0,"08+0":0,"2x":0,"3000\u20ac":0,"2m":0,"12^5":0,"8min25":0,"8+50":0,"1000k":0}