{"alor":0.007987052034879134,"que":0.0067034260951330301,"le":0.0016127002662108898,"la":0.0024141044231683049,"premi":0.0083360829377551807,"de":0.0038672405360430854,"est":0.0028977333236512386,"5":0.007603211416440046,"(":0.0040473629296046794,")":0.0039560554684423405,"bonjour":0.001268279828899799,"on":0.0042449870510733075,"4":0.0094528399654419479,"comment":0.0053539833469338216,"savoir":0.0081583792801368012,"je":0.0020078209294537804,"pas":0.0023635547579402682,"\u00eatre":0.008136624186797942,"\u00e9nonc":0.008861889374414688,"qu":0.0061715796515214062,"\u00e0":0.0027479377263770516,"fin":0.008861889374414688,"chacun":0.0097782139790023332,"derni":0.0085442375019316747,"ann\u00e9":0.015330518143891719,"elle":0.0084506024483844908,"dit":0.0086397453801831375,"comprendr":0.0082910332194043642,"ne":0.0038310889234860258,"doit":0.0087126511433189592,"text":0.010029600163381454,"plac":0.0095394024818857628,"capitalis":0.0095103736099454821,"just":0.0094243310167128648,"04":0,"voudr":0.0093119673683000944,"prochain":0.0096275631655183911,"05":0,"iren":0.010061974760122605,"650":0.027272580781715131,"+650":0,"5iem":0,"5em":0,"0005+1":0,"04\u20ac":0,"5e":0,"5=>":0,"4em":0,"5^2x18":0,"5x0":0,"5^2":0,"4an":0,"4e":0,"sens":0.010193713728180523,"4min25":0,"5+5":0,"5xtaux":0,"650\u20ac":0,"5an":0,"5min08":0}