{"le":0.002481784598128063,"l":0.0042243634847506303,"du":0.0054591590554820728,"la":0.0018932633642182244,"de":0.0015534443794164318,"pour":0.0038546763077263726,"exempl":0.01177840412538835,"dan":0.0098115830331972336,"bonjour":0.0019647372078277154,"on":0.006576059806317004,"t":0.012275901483784005,"calcul":0.00597593478388377,"valeur":0.010459815459896977,"pas":0.0036614663971213848,"qui":0.0091700388474431193,"leur":0.0152432303849259,"pourquoi":0.0096502802331782239,"ne":0.0059348755558141899,"souhait":0.014960489526245719,"\u00e9pargn":0.015195350054237619,"actuel":0.014732856634652762,"proced":0.014960489526245719,"\u00e9tud":0.015437912285440402,"coupl":0.015688698514450573,"enfant":0.015791443017014795}