{"question":0.003406828728349515,"en":0.0062354048074861144,"au":0.0047919228039861482,"l":0.0023163787888286153,"du":0.0029934640536044706,"la":0.0030497737092163493,"et":0.0024186191481538298,"merc":0.0019313900674195331,"bien":0.0093541734585905947,"d":0.0042389245791126049,"vous":0.0028758812740308048,"r\u00e9solu":0.0073802106888126639,"(":0.0034380313580785206,")":0.0033604702596145087,"bonjour":0.0010773399614553134,"on":0.0036059031152051351,"ser":0.0071587187461165849,"comment":0.004547939722120883,"je":0.001705542951529354,"pas":0.0020077209569955771,"il":0.0032618083626534461,"\u00e0":0.0090500516091999161,"tres":0.0074009591834787612,"expliqu":0.0056132032781396153,"plus":0.0059189612599014393,"possibl":0.007298262005428699,"avanc":0.0045893311206924936,"aux":0.0075708823261955377,"ne":0.0032543174614238848,"comprend":0.0048358942032766103,"diff\u00e9rent":0.0067845992148772806,"rent":0.0075063241168785216,"va":0.013677787124211154,"mont":0.0075492485583126987,"\u00e9pargn":0.0083321870103087396,"vers":0.0083061012492633909,"arriv":0.006558707088508091,"8":0.012534909364893919,"moment":0.0081280522722782002,"retrait":0.016752158272383844,"propos":0.0075708823261955377,"const":0.00779381325006999,"aujourd":0.0082544276604890054,"hui":0.0082544276604890054,"08":0,"d\u00e9tail":0.0082288356395529613,"d\u00e9part":0.0086307802343737541,"08+0":0,"8min25":0,"8+50":0}