{"le":0.00083763890317532189,"en":0.0038056658878975014,"au":0.005787749366358912,"sur":0.010509248696340203,"l":0.0027977537234401559,"r\u00e9sultat":0.0083703087643028553,"la":0.0059670963458541863,"de":0.0039640810599308107,"exempl":0.0078007193549854787,"000":0,"dan":0.0033115539747244579,"(":0.0041525009120949403,")":0.0040588215652332246,":":0.0055935648775380861,"utilis":0.0068776919417364944,"4":0.0096983955383065108,"comment":0.0054930632903867939,"1":0.0054682567534848599,"2":0,"calcul":0.0039578018920484338,"\u00e0":0.002819320657333623,"n":0.0092858106555511726,"vid\u00e9o":0.0077021389552248496,"x":0.019036061342309007,"1+r":0,"%":0.0058810718178956669,"01":0,"rent":0.0090662400936444357,"fonction":0.0095538635063896534,"calculet":0.010390468254728133,"=":0.015094319859898472,"35":0.042466271842951049,"02":0.0080457344368655148,"arriv":0.0079216953921021748,"1+7":0,"1+3":0,"1+tap":0,"1+6":0,"1\u00b0":0,"1=1":0,"dur":0.0098171717936435792,"ln":0.030198833904234758,"1mais":0,"1+teg":0,"50":0.017642511624089353,"04":0,"1+tri":0,"ton":0.0104585149120884,"50\u20ac":0,"1er":0,"1+2":0.0061153999379539338,"40":0.021505385450958304,"1+ta":0,"1min45":0,"50$":0,"1+n":0,"1+0":0,"1+5":0,"1=5":0,"1+taeg":0,"1=9":0,"1+r2":0,"1+2r+r":0,"1+1":0,"1x":0,"1+taux":0,"1x4x":0,"1x08":0,"1=r":0,"1+rn":0,"min":0.010390468254728133,"1+4":0,"0035^3+1":0,"1+i":0,"1+":0,"1\u20ac":0,"04\u20ac":0,"1+x":0,"1+9":0,"1=":0,"1\u2212":0,"1+f3":0,"1+a2":0,"1+12":0,"1+41":0,"4em":0,"1x4":0,"1+11":0,"1usd":0,"1^3":0,"4an":0,"4e":0,"1=16":0,"1+15":0,"1+tmeg":0,"4min25":0,"1\u00b2=4":0,"1m":0,"1eur":0,"1+g":0,"40=":0,"1+rd":0,"1an":0}