{"j":0.0055158166988443129,"le":0.0033975905360728621,"en":0.0053282198722145449,"l":0.0039170666647858846,"merc":0.0032660390806002002,"de":0.0028303291050100887,"bien":0.0079932409280574612,"vous":0.0048632023072896057,"\"":0.018606659166632511,"000":0.012839370751635128,"bonjour":0.0018218144933853258,"1":0.0076559727413133723,"je":0.0028841247696688587,"calcul":0.010887974086862564,"pas":0.0033951169259395513,"x":0.013496826701777766,"1+r":0,"ne":0.0055031493580635091,"comprend":0.008177643513850889,"01":0,"esper":0.013416127381764903,"fais":0.013578486750540885,"obtien":0.013416127381764903,"1+7":0,"8":0,"1+3":0,"1+tap":0,"1+6":0,"d\u00e9taill":0.013872204658448037,"1\u00b0":0,"1=1":0,"20":0.023733140351763212,"1mais":0,"pouv":0.010648279114943702,"1+teg":0,"1+tri":0,"1er":0,"1+2":0,"1+ta":0,"1min45":0,"1+n":0,"1+0":0,"1+5":0,"1=5":0,"1+taeg":0,"1=9":0,"1+r2":0,"1+2r+r":0,"1+1":0,"1x":0,"1+taux":0,"1x4x":0,"1x08":0,"1=r":0,"1+rn":0,"20em":0,"08":0.021450990786341773,"classiqu":0.014406971177929027,"1+4":0,"1+i":0,"1+":0,"1\u20ac":0,"1+x":0,"1+9":0,"1=":0,"1\u2212":0,"1+f3":0,"1+a2":0,"1+12":0,"1+41":0,"1x4":0,"1+11":0,"1usd":0,"1^3":0,"1=16":0,"21600":0.048684664568416129,"1+15":0,"1+tmeg":0,"1\u00b2=4":0,"1m":0,"1eur":0,"1+g":0,"1+rd":0,"1an":0}