{"j":0.0034867798399691894,"ai":0.0077968760553230321,"que":0.003081528501683182,"le":0.0021747981769156509,"en":0.0033681919918139161,"l":0.0024761426683110078,"la":0.002194560995194654,"et":0.0025854346879796201,"merc":0.0020646007372170862,"de":0.002671197695539613,"2em":0.0072145063571940823,"un":0.0038112026008565378,"est":0.005203366595412374,"bonjour":0.001151645602913269,"utilis":0.012037357029074684,"comment":0.0048616174751560616,"1":0.004839662531816594,"3":0,"2":0,"par":0.0047960833504642067,"je":0.0018231766303880583,"calcul":0.0035028394584970296,"pas":0.0021461962748298953,"il":0.0034867798399691894,"mais":0.0055909846642019255,"qu":0.0056040255523650377,"\u00e0":0.0024952304117356115,"ann\u00e9":0.01393633052150833,"n":0.0041618756573512106,"compr":0.014304401427346854,"quel":0.0067995116317168102,"1+r":0,"%":0.0052050231375572091,"diff\u00e9rent":0.0072525424962307291,"01":0,"fair":0.0072334827202858859,"obten":0.0077800068876122007,"mont":0.0080699307725816422,"faut":0.0075285688009544532,"1+7":0,"1+3":0,"1+tap":0,"1+6":0,"1\u00b0":0,"1=1":0,"approch":0.0091960495213379585,"1mais":0,"1+teg":0,"ceux":0.008991616750419297,"tableur":0.0089349350015125294,"1+tri":0,"1er":0.0053503806158611113,"1+2":0,"1+ta":0,"1min45":0,"3em":0.0075694756330817172,"1+n":0,"1+0":0,"97":0.018242707127176926,"1+5":0,"1=5":0,"1+taeg":0,"1=9":0,"1+r2":0,"1+2r+r":0,"1+1":0,"1x":0,"1+taux":0,"1x4x":0,"1x08":0,"1=r":0,"1+rn":0,"1+4":0,"1+i":0,"1+":0,"1\u20ac":0,"97\u20ac":0,"1+x":0,"1+9":0,"1=":0,"1\u2212":0,"1+f3":0,"1+a2":0,"1+12":0,"1+41":0,"1x4":0,"1+11":0,"1usd":0,"1^3":0,"1=16":0,"taton":0.0092562739901016055,"vus":0.0092562739901016055,"1+15":0,"1+tmeg":0,"1\u00b2=4":0,"1m":0,"1eur":0,"1+g":0,"1+rd":0,"1an":0}