{"le":0.0077768214855928391,"tout":0.027092067206971236,"pour":0.016418350674639592,"est":0.0099588308275379098,"bonjour":0.0043587807597411611,"projet":0.02744962739562196,"pas":0.0081229841938286074,"n":0.015751984372456063,"m\u00eam":0.024301581926856115,"coc":0.031625761781551041,"quoi":0.032684926909970997}