{"j":0.0035688292026131306,"question":0.0073693022120766361,"le":0.0015001441846809438,"l":0.0025344101635573326,"la":0.0011358648302606151,"et":0.0026462739947447239,"merc":0.0021131840095708608,"de":0.0044550003585966998,"bien":0.0051717657067086534,"pour":0.0045720637817591456,"afin":0.0085525586589083966,"d":0.0046333793289339963,"vous":0.0031465763566993006,"un":0.0039008861365712488,"dan":0.0029998480496669319,"est":0.0026931678488879714,"(":0.0037616393564669746,")":0.0036767777452348721,"bonjour":0.0011787456184139797,"ma":0.015152293912135973,"projet":0.0074232061218897239,"comment":0.0049760189095921182,"d\u00e9termin":0.0080522941599245716,"aim":0.0080522941599245716,"savoir":0.007582438520813548,"je":0.0018660788173273952,"calcul":0.0035852667289886096,"ce":0.0036100377349578346,"mooc":0.0091164621025845872,"tres":0.0080975815635779217,"suis":0.0073265110759759338,"avanc":0.00502130631324547,"\u00e9valu":0.0090033826849503559,"van":0.0069244305442425864,"sa":0.0088659683940291271,"r\u00e9alit":0.0091741009263306261,"remerci":0.0088121722559911901,"suivr":0.0090879209942665937,"pos":0.0085024097971048204,"avant":0.0084528212695041318,"coc":0.0085525586589083966,"content":0.0094124468956197169}