{"j":0.00162213571030183,"a":0.0041300427221629315,"le":0.0023402077868776268,"rejet":0.0042505942541198509,"r\u00e9pons":0.0026501177802821891,"en":0.0015669657276446457,"au":0.0023830796408383218,"l":0.0022917345918703688,"du":0.0029616162754775759,"apres":0.003511968299493815,"la":0.0025279088641342036,"et":0.0023928872052861303,"premi":0.0035215061736705196,"merc":0.00096050302487263263,"de":0.0012574946497740163,"bien":0.004676557307707864,"pour":0.0020911777754847143,"nous":0.0062299245021762229,"d":0.0031621606416873359,"vous":0.0014302096243933556,"exempl":0.0032119109349847664,"\"":0.0055402608546100355,"un":0.0017730651551831939,"dan":0.002712605735500574,"est":0.0036337767134420398,"pourr":0.0029579781743363865,"si":0.0027195763568105854,"(":0.0034014537817573525,")":0.003324717863957256,"ma":0.0034836223066675061,":":0.0023031250552846927,"on":0.001793258082858231,"savoir":0.003446436799713994,"par":0.0022312558949637564,"je":0.0016873975011302449,"temp":0.0036396232239779584,"pas":0.0029639132663617676,"ce":0.0032643683623600137,"cas":0.0066423163962104062,"\u00eatre":0.0068381194353691055,"qui":0.0025006229820940654,"mais":0.0026010635301917918,"qu":0.0026071304719989413,"\u00e0":0.0023094007960219854,"avanc":0.0022823284109857321,"vid\u00e9o":0.0031713209009689961,"concern":0.0036094392698619322,"proposit":0.0082956597730303727,"cet":0.0027260109926663125,"votr":0.0029871087401942865,"problem":0.011306051482232377,"car":0.0064889283156838173,"offre":0.0042233336145302315,"%":0.0095343996973726777,"second":0.0041436947213354313,"donc":0.0065225114926585025,"comprendr":0.0035024753095969385,"accord":0.0041964364609779637,"ne":0.0048042107959568661,"comprend":0.0024049471355193932,"s":0.0029944575885051121,"prim":0.0038645902542506624,"raison":0.0069490896270885697,"flux":0.0035215061736705196,"10":0.011265316420232173,"18+1":0,"18":0.014102386171644332,"doit":0.0036805841567715343,"solveur":0.0039692552824128835,"suit":0.0040053862177847439,"\u00e9clairc":0.0039573540288346514,"38":0.017615787743056183,"\u00e9tant":0.0039812271669895424,"pos":0.0038645902542506624,"tent":0.0042233336145302315,"sup\u00e9rieur":0.0081666079385921582,"invers":0.0041436947213354313,"10iem":0,">":0.0041964364609779637,"coc":0.011539603262351724,"tri":0.015083634427374875,"posit":0.0040053862177847439,"regl":0.0041831211873509418,"alexandr":0.0042921886479424477,"<":0.0042643639774165819,"10+1":0,"quoi":0.0040175751166836322,"accept":0.0084836015633890823,"parvien":0.0040545900383230733,"+10":0,"prec":0.0042782283387293443,"\u00e9voqu":0.0042643639774165819,"18x3xx":0,"10^7":0,"intitul":0.0043062462423249818,"potentiel":0.0042921886479424477,"signal":0.0042921886479424477,"signatur":0.0043062462423249818,"schem":0.0043062462423249818,"10em":0,"10h":0,"38xcf=60":0,"10min15":0,"10^1":0,"10^2":0}