{"question":0.010683469748858419,"que":0.0090398688189201899,"le":0.0035472301763737925,"r\u00e9pons":0.0056964267484823951,"l":0.0095803080000093615,"du":0.003199927449229323,"la":0.0032555273961267397,"merc":0.0020646007372170862,"de":0.0035230101929951112,"pour":0.0022594477280527482,"d":0.0022897489837594709,"*":0.052035344056847961,"dan":0.01133970684078124,"est":0.0077189481361183048,"(":0.0072677195294421279,")":0.0071037616560773766,"bonjour":0.001151645602913269,"on":0.0038546072880723658,"4":0.0085835328554327382,"3":0.014379950246678232,"calcul":0.0069269567216041494,"invest":0.021616556198012407,"pas":0.0021461962748298953,"ce":0.0035270409653009997,"c":0.0066473524390051391,"\u00eatre":0.0073883596141494125,"avanc":0.0049058636962829869,"votr":0.0064207886362154087,"bon":0.0074478949939889494,"mont":0.015958499346127537,"doit":0.0079114136725052936,"=":0.013378427416264528,"003":0,"cf":0.021559128495867403,"d\u00e9but":0.0088789846504392991,"3\u00b0":0,"avant":0.0082584862205760008,"04":0,"parc":0.0087421880674055756,"soir":0.008991616750419297,"3h":0,"inclus":0.0091662480841262755,"exploit":0.0090490492727754081,"3iem":0,"3em":0,"3+":0,"3+1":0,"soph":0.0088789846504392991,"3m":0,"3=":0,"04\u20ac":0,"inclut":0.0091960495213379585,"4em":0,"3^2x24":0,"3x0":0,"4an":0,"4e":0,"4min25":0,"tand":0.0092562739901016055,"liber":0.0092562739901016055,"3e":0,"3+2":0}