{"correct":0.0085992887814895173,"question":0.0041148139526362955,"que":0.0068753832531666201,"le":0.0032274197737887128,"en":0.0038056658878975014,"l":0.0027977537234401559,"et":0.0057685185602475136,"de":0.0010288306894893216,"pour":0.0025529136002449444,"nous":0.0076055030693975307,"d":0.002587150501075954,"dan":0.0065392620668878682,"est":0.0058707408050052631,"fait":0.0076246783602992897,"on":0.0086002457486506981,"ser":0.017073875391289531,"4":0.0096983955383065108,"3":0.0082161613795510326,"calcul":0.0039578018920484338,"invest":0.00832576954327339,"ce":0.0078693928590365149,"il":0.0039396563877088387,"sinon":0.010356796090765251,"lorsqu":0.0090662400936444357,"avon":0.010000916349648578,"raison":0.0084834611510747459,"hypothes":0.010095439163943074,"pai":0.0093584246931260034,"compt":0.0086227865750762769,"mon":0.0083036508575271839,"003":0,"cf":0.0083036508575271839,"3\u00b0":0,"04":0,"det":0.0095538635063896534,"3h":0,"prend":0.0098473213076900375,"exploit":0.01022437504126922,"bfr":0.0098776575072232562,"3iem":0,"3em":0,"3+":0,"3+1":0,"3m":0,"repr":0.010356796090765251,"nos":0.01032335377271601,"3=":0,"04\u20ac":0,"4em":0,"3^2x24":0,"3x0":0,"fournisseur":0.010356796090765251,"4an":0,"4e":0,"4min25":0,"3e":0,"3+2":0}