{"j":0.0014942804924892349,"ai":0.0016896859388989634,"a":0.011201454810742258,"alor":0.0061859178883330885,"que":0.0052061140296583829,"le":0.0030444559659738315,"au":0.0021952475349244142,"sur":0.0020185919969844595,"l":0.0041833398840505154,"du":0.0054061441191351027,"autr":0.0061859178883330885,"la":0.0018748775220542584,"chois":0.003678524682139638,"et":0.0022051972385962572,"de":0.0015383585843230249,"bien":0.0021654352642040079,"pour":0.00096829992680529488,"d":0.0029153211246476063,"vous":0.0013174818409636586,"trouv":0.0023519351085541725,"2em":0,"un":0.0095668855718156684,"dan":0.0049515994580168268,"est":0.0022442748994390832,"comm":0.002943704413996336,"pourr":0.0027248331043136626,"m":0.0023960501382264609,"si":0.0074428132600495248,"(":0.0031346552692387308,")":0.0030639382568947715,"bonjour":0.00049354465658190446,"on":0.014312117925220094,"utilis":0.0026086541288094663,"projet":0.021139982981793991,"ser":0.0065270246549042465,"2":0.0029663204134558522,"par":0.0020553903945407701,"je":0.0015550437570506779,"calcul":0.0015011629386958707,"valeur":0.0052294049670008847,"invest":0.0031578985041154028,"achet":0.0038051423276498097,"pas":0.0018305572060065766,"ce":0.0030083223657742428,"cas":0.006121315598348203,"il":0.002973982406301561,"o\u00f9":0.0029815521245689569,"c":0.0028487629079540304,"qui":0.0023035262200831186,"pens":0.0034192947439343042,"qu":0.0024016388893611023,"\u00e0":0.0031769412201036792,"clair":0.0035809843619075774,"dev":0.0076208825092269304,"plus":0.002711559773939401,"exercic":0.0028487629079540304,"possibl":0.003343436931688972,"pourquoi":0.0024241635088028189,"moin":0.0037122100459510213,"march":0.0034096414320875074,"demand":0.0035915727572313205,"se":0.0031832965079292923,"li":0.003723575575886318,"toujour":0.0034096414320875074,"consider":0.0035186905394593939,"lequel":0.0038412261478654257,"donc":0.0030201867459422457,"ne":0.0029671525113515291,"comprend":0.002215391454150172,"van":0.014218935812354663,"fair":0.0030999525687795296,"sp\u00e9cif":0.0038780245454217367,"cr\u00e9ation":0.0039029679850573367,"doit":0.003390483959819425,"d\u00e9j\u00e0":0.0072120558708759237,"faut":0.00322641348520838,"pouvoir":0.0036896854265093043,"=":0.0028992817802213993,"cordial":0.0030676342176367043,"2e":0,"02":0,"sujet":0.0037350110479843946,"\u00e9clairc":0.0036454390897177145,"retrouv":0.0036674305694766522,"2\u00b0":0,"rapport":0.0035495764308268504,"cash":0.0072336208711267077,"flow":0.0036674305694766522,"b":0.011164999629625963,"pouv":0.0028847071302015399,"abord":0.0036454390897177145,"inf\u00e9rieur":0.0038656772684223543,"lor":0.0034782920277291003,"des":0.0037465173284103159,"avantag":0.0038780245454217367,"sort":0.0038170925833141533,"devr":0.0072990807581158682,"possed":0.0077929315332850926,"terrain":0.022934830523574454,"2x3":0,"2min54":0,"2i\u00e8meann":0,"inclut":0.0039410223869545211,"2\u20ac":0,"2^2x4":0,"2x0":0,"+2x0":0,"02+":0,"d\u00e9cid":0.0039410223869545211,"2=":0,"reflet":0.0039668319456230838,"dison":0.0078691896383521233,"construct":0.0039538823576670684,"h\u00f4tel":0.0039668319456230838,"2x":0,"2m":0}