{"question":0.0081254441262774112,"le":0.0032274197737887128,"du":0.0071395502536362411,"la":0.0024760313438075489,"et":0.0057685185602475136,"merc":0.0046064546621536395,"de":0.0020316122135944975,"5":0.015403930771425513,"si":0.013042754539554056,"bonjour":0.0025695056487479895,"projet":0.016181583001496642,"qui":0.011992681018035545,"quid":0.020319738347371018,"entre":0.017358440473742971,"celui":0.019209340875409642,"bfr":0.019505220672741633,"05":0,"cannibalis":0.039904699232238557,"5iem":0,"5em":0,"0005+1":0,"5e":0,"5=>":0,"5^2x18":0,"5x0":0,"5^2":0,"parametr":0.020584810142351449,"changent":0.020652228640268906,"5+5":0,"5xtaux":0,"5an":0,"5min08":0}