{"j":0.0023885256338322084,"ai":0.0027008705517281529,"le":0.0019850748961280809,"au":0.0035089831100178831,"l":0.0033661321523745262,"du":0.0021920250459389738,"une":0.013763986745666326,"autr":0.004968161013245276,"la":0.00076020512880230694,"et":0.0017710831512932196,"merc":0.0014142997294935206,"de":0.0024381699158544604,"pour":0.0060500111451598833,"d":0.0046333793289339963,"vous":0.0021059226598133603,"trouv":0.0037594396260460104,"exempl":0.0047294018330745046,"mal":0.0054655556212942118,"un":0.0026107628028370906,"000":0.016423602400580949,"dan":0.0020077211761730103,"an":0.0051019820372112685,"pourr":0.0043554966756782854,"m":0.0038299550879951926,"\u00e9clair":0.0056081585732472477,"bonjour":0.00078890413788580292,"utilis":0.0041697909380346981,"d\u00e9termin":0.0053891934637988722,"par":0.0065199192995118501,"permet":0.0055919714796014326,"calcul":0.0023995268476408932,"valeur":0.0041999467740309647,"\u00e0":0.0033920805226684164,"cel":0.0048652823547256276,"pourquoi":0.0038748927731303271,"elle":0.0052565018281033691,"cet":0.0040139348962858019,"comprendr":0.0051572454793440648,"soit":0.0055919714796014326,"deux":0.0051852676148442245,"rent":0.01090809459913363,"futur":0.0057071785535400352,"18+1":0,"18":0.010437808554642337,"obten":0.0053294864417413523,"vf":0.011292661070506031,"relat":0.0060444728407198422,"entre":0.0053294864417413523,"annuel":0.0056572559610388691,"cf":0.009990581336532153,"34":0.03036682510358308,"60":0.040472333271841646,"divis":0.011739695836604018,"unitair":0.0062790940408771088,"ensuit":0.0056738037717089778,"consist":0.0062995087214626705,"\u20ac":0.011811582035653325,"\u00e9vident":0.006101413708994358,"cash":0.011529152195978691,"flow":0.011633484039363241,"n\u00e9cessair":0.0060823118789640508,"isabel":0.0061399898918838456,"18x3xx":0,"bout":0.006218678581863972,"atteindr":0.012501346697328532,"34=2":0,"34xcf=60":0}