{"le":0.00099230243524022366,"r\u00e9pons":0.0076247139157594292,"du":0.0042831291314435836,"la":0.0043257606350153837,"et":0.0068179332275637699,"merc":0.002763485017294425,"de":0.0024012051399200105,"pour":0.0030242893123490957,"vous":0.004114888518050662,"2em":0,"pourr":0.0085104660314281426,"bonjour":0.0015414870834414447,"2":0.0092647028829336772,"je":0.0048078168773058854,"calcul":0.0046885793398447435,"ou":0.0078802725778008096,"pas":0.0056596374153512052,"mais":0.0074835788212839049,"\u00e0":0.0033398863679683544,"n":0.0055707046963643179,"bon":0.0099690685250910394,"ne":0.0046563652251666223,"va":0.0098893799309625399,"erreur":0.010500881275805105,"2e":0,"annuel":0.011054051529041256,"mon":0.0098368556380005901,"02":0,"arriv":0.0093843750559051593,"d\u00e9velopp":0.011921917976438361,"2\u00b0":0,"cash":0.011351752411611517,"flow":0.011454478894410619,"sais":0.011021896905184235,"machin":0.012035352755192106,"2x3":0,"2min54":0,"2i\u00e8meann":0,"2\u20ac":0,"2^2x4":0,"2x0":0,"+2x0":0,"02+":0,"2=":0,"camill":0.012269098227403779,"2x":0,"2m":0}