{"ai":0.0046989716249099013,"alor":0.0086436010842080944,"que":0.0036725745643007022,"le":0.00088354251892584605,"sur":0.01107758589955754,"l":0.0029510739804131238,"et":0.0030813285249668269,"merc":0.0024605971188643287,"d":0.0053850787018802143,"vous":0.0036638819348028431,"un":0.0045422022621751023,"an":0.017516112460554015,"non":0.0087587008759128001,"5":0.0082282081243006521,"fait":0.0080425198721318144,"pourr":0.0075776883413780291,"m":0.0066633516632825761,"(":0.0043800629385838301,")":0.0042812498512454014,"bonjour":0.0013725345542115845,"on":0.0045939320937029319,"4":0.020186928914272397,"je":0.002172867171383719,"calcul":0.0041746941789044837,"pas":0.0025578429161475795,"\u00e9nonc":0.0095903515177214113,"n":0.0049601354232555401,"expliqu":0.0071512389168717624,"avanc":0.0058468225158566142,"pourquoi":0.0067415341986151265,"parl":0.010047468522664121,"compr":0.0086208855882137954,"van":0.0080628254661076759,"cf":0.0087587008759128001,"ca":0.010168357474186275,"04":0,"05":0,"5iem":0,"5em":0,"0005+1":0,"04\u20ac":0,"5e":0,"5=>":0,"4em":0,"5^2x18":0,"5x0":0,"5^2":0,"etc":0.010819250179138143,"4an":0,"4e":0,"4min25":0,"5+5":0,"5xtaux":0,"5an":0,"5min08":0}