{"du":0.011141201607261758,"merc":0.0071883295533393086,"vous":0.010703577026069602,"\"":0.040138129634333386,"bonjour":0.0040096896088264201,"qu":0.01951156064684605,"appel":0.031811115118763611,"beaucoup":0.028097113800386792,"svp":0.027700844569464988,"d\u00e9tach":0.032017926447758888,"dividend":0.029795192895746676,"clar":0.03091400027902242}