{"ai":0.0063526423792918613,"le":0.0023462916062748787,"sur":0.0038297457169656915,"l":0.0020132822123871243,"une":0.0033687080839573777,"la":0.00090230716847742199,"et":0.0021021444907891877,"merc":0.0016786690012315657,"de":0.0014671215965245958,"pour":0.0036404772089757833,"nous":0.0054729706612795977,"d":0.0018617307309594104,"vous":0.0097296227921902234,"trouv":0.0088424732075840836,"exempl":0.01112389429188523,"dan":0.0070194421443060557,"5":0.0056134496005263409,"fait":0.0054867693283196647,"pourr":0.005169651879270736,"(":0.0029881673119399126,")":0.0029207550300351182,"bonjour":0.0009363707661080178,":":0.0040251665389380992,"taux":0.0086604723106386908,"comment":0.0078331564821449342,"3":0.0059124044482416266,"par":0.0038995609672208258,"je":0.0029375465909030497,"calcul":0.0028480606004217717,"pas":0.003458003709269505,"ce":0.0028677381673830622,"il":0.0028350029746502009,"n":0.0067057154228727846,"vid\u00e9o":0.0055425104883145464,"compr":0.011654763532598152,"term":0.0071080281272548887,"m\u00eam":0.0052205633044590909,"%":0.004232058448011505,"auss":0.006793972998517861,"s":0.0052334068703143591,"va":0.0060072681514884759,"53":0.01934863656455036,"solveur":0.0069370586328395024,"003":0,"beaucoup":0.0065614345601161658,"3\u00b0":0,"11":0.013403144422898233,"75":0.012695668863568552,"avez":0.012891863786920419,"plait":0.0068545857509703708,"3h":0,"05":0,"3iem":0,"3em":0,"montr":0.0073108315994446426,"3+":0,"3+1":0,"75+0":0,"structur":0.0074048519693713155,"\u00e9cran":0.0075014485578475433,"5iem":0,"3m":0,"5em":0,"0005+1":0,"3=":0,"53\u20ac":0,"5e":0,"5=>":0,"5^2x18":0,"3^2x24":0,"5x0":0,"3x0":0,"5^2":0,"53+12000":0,"captur":0.0075014485578475433,"zc":0.0075014485578475433,"5+5":0,"3e":0,"3+2":0,"5xtaux":0,"5an":0,"5min08":0}