{"ai":0.0043420480090347012,"question":0.0040106301736411217,"que":0.0033936138261441637,"le":0.0046146136341681642,"la":0.0024141044231683049,"de":0.0038672405360430854,"nous":0.014642821361555041,"dan":0.0063757114866142524,"5":0.007603211416440046,"r\u00e9solu":0.008688225336975065,"bonjour":0.001268279828899799,"comment":0.010575755969712749,"savoir":0.0081583792801368012,"vid\u00e9os":0.017965159824764584,"je":0.0020078209294537804,"calcul":0.0038575935321142805,"r\u00e9f\u00e9rent":0.0098398307658910545,"moi":0.0085442375019316747,"n":0.0045833743759842701,"dont":0.0094243310167128648,"expliqu":0.0066080464364859579,"sont":0.007603211416440046,"quizz":0.0085917526673820969,"id\u00e9":0.010029600163381454,"avec":0.012567531464476239,"selon":0.0094243310167128648,"hor":0.0099337728393842431,"aucun":0.0095979950541524878,"\u00e9l\u00e9ment":0.0098398307658910545,"fourn":0.009965502090529637,"abord":0.0093678187035635668,"port":0.0099022530237656697,"05":0,"multipl":0.0099022530237656697,"devon":0.0098398307658910545,"5iem":0,"5em":0,"0005+1":0,"5e":0,"5=>":0,"5^2x18":0,"5x0":0,"5^2":0,"etc":0.0099974435790460541,"parfois":0.010160436696450665,"\u00e9lement":0.010193713728180523,"disposon":0.010193713728180523,"mathieu":0.010160436696450665,"5+5":0,"5xtaux":0,"5an":0,"5min08":0}