{"le":0.0049709408466755787,"l":0.0086211969220240207,"la":0.003863823827447585,"et":0.0090017194321472087,"merc":0.0036660672554087431,"de":0.0046651215651265197,"vous":0.0054588528475006089,"exempl":0.012259286229315483,"dan":0.0052043005513367898,"bonjour":0.0020449524009987135,"par":0.00851630235734974,"il":0.006191400190702496,"\u00e9nonc":0.014288756740154739,"sont":0.012259286229315483,"m\u00eam":0.011401256692787284,"chos":0.014707311178321341,"formul":0.010834662724055671,"beaucoup":0.014329603019833746,"remplac":0.016276310160318951,"dividend":0.029795192895746676,"bpa":0.03140580242853331,"gordon":0.016223753603611724,"shapiro":0.016171553365282133,"clar":0.01576622264124946}