{"le":0.0013163984760294282,"l":0.0043968334372734095,"du":0.0056820425517797105,"la":0.001970560463229369,"et":0.0045909009329213393,"merc":0.0036660672554087431,"de":0.0061055622886052006,"pour":0.004012052878701892,"bonjour":0.0020449524009987135,"prix":0.026498458872003319,"action":0.015104508416404419,"pas":0.0038109547017984987,"cel":0.012611507983081518,"ne":0.0061771813396405313,"estim":0.015523315882246883,"ci":0.014664416885420561,"formul":0.010834662724055671,"compt":0.013551212895590165,"beaucoup":0.014329603019833746,"revent":0.016017043049952613,"tient":0.016223753603611724,"gordon":0.016223753603611724,"shapiro":0.016171553365282133,"clar":0.01576622264124946}