{"question":0.009054546087331616,"le":0.0018432036394947162,"la":0.0027591525543421932,"merc":0.0051331786163893584,"bien":0.012562842144562634,"dan":0.0072869924205487199,"5":0.017165289543359066,"bonjour":0.0028633151562764535,"on":0.0095836387874113048,"comment":0.012087349585166751,"3":0.018079459418678247,"%":0.012941152730350482,"obtient":0.021802710426182748,"7":0.031349266130360424,"=":0.016820276246363237,"003":0,"3\u00b0":0,"moyen":0.021149131811417272,"3h":0,"tre":0.022426850669611548,"05":0,"3iem":0,"3em":0,"3+":0,"3+1":0,"5iem":0,"3m":0,"5em":0,"0005+1":0,"3=":0,"5e":0,"007=>":0,"5=>":0,"5^2x18":0,"3^2x24":0,"5x0":0,"3x0":0,"5^2":0,"+7":0,"7e":0,"5+5":0,"3e":0,"3+2":0,"5xtaux":0,"5an":0,"5min08":0}