{"le":0.0010573827491952353,"en":0.0048040336281054193,"au":0.0073060913401399759,"l":0.0035317086067135212,"une":0.0059094026959644209,"la":0.0015828312460142405,"merc":0.002944728624231611,"de":0.0037750222067497257,"nous":0.0096007094632866493,"dan":0.0041802977782296946,"est":0.0073867146585342887,"bonjour":0.0016425857604024444,"comment":0.0069340981435731079,"ou":0.0083971015154322998,"ce":0.009901469255132269,"\u00e0":0.0035589333496970892,"chacun":0.012664046749060381,"don":0.0095048231374962374,"avon":0.012624528760753645,"fonction":0.012060197325514985,"d\u00e9duir":0.012865515512613463,"beaucoup":0.01151009767322872,"r\u00e9alit":0.012784138757912383,"entrepris":0.01188297763178431,"acces":0.012906608980263162,"bpa":0.012865515512613463,"clar":0.012664046749060381,"officiel":0.013202172449634623,"publi":0.013202172449634623,"publiqu":0.013202172449634623}