{"j":0.0040447261828000063,"ai":0.0045736506580426259,"question":0.0042245551626033931,"que":0.01045001072775723,"le":0.00085997855396101016,"au":0.028242285538328752,"l":0.0028723692181707419,"du":0.0037119723443946062,"la":0.0012873303703390549,"et":0.0059203909071803666,"merc":0.0023949733112268814,"de":0.0010562693844134276,"pour":0.002620999261141677,"2em":0,"\"":0.039130846224532195,"est":0.003052296956406964,"bonjour":0.0013359292347666434,":":0.0057427440590894678,"taux":0.0062351967130452541,"2":0.0080292514713166951,"oblig":0.0093080347820996227,"achet":0.020332000740089565,"ce":0.0040914297991028947,"il":0.0040447261828000063,"\u00e0":0.0028945113375885099,"m\u00eam":0.0074482281942282579,"soit":0.0094694371861213621,"chos":0.009608011882493734,"faut":0.008733272746151018,"=":0.0078477909513772152,"2e":0,"02":0,"propos":0.0093880886204945908,"2\u00b0":0,"concept":0.010267638654380485,"coupon":0.010332125990739117,"tra":0.010299778976761704,"pair":0.050702017788234473,"2x3":0,"2min54":0,"2i\u00e8meann":0,"signifient":0.010702389261019027,"2\u20ac":0,"2^2x4":0,"2x0":0,"+2x0":0,"02+":0,"cot":0.010598675414709186,"2=":0,"revendu":0.010737441272823662,"2x":0,"2m":0}