{"j":0.0048152692956223405,"que":0.0021446951351397534,"le":0.0015237772268669467,"r\u00e9pons":0.003964622987740328,"r\u00e9sultat":0.0051559303000055208,"une":0.0028835916802427359,"autr":0.0050476549545344926,"la":0.0030179844238936698,"premi":0.0052682354088115241,"merc":0.0014369294831110011,"de":0.0012574946497740163,"bien":0.0069780432735285329,"pour":0.0046440913757296483,"d":0.0015936291043479763,"vous":0.00424554150858528,"105":0,"est":0.001831308711170707,"5":0.01419055211171248,"m":0.0038912369635410401,"\u00e9clair":0.005697892908985115,"\u00e9gal":0.0055062188800889759,"(":0.01940102531976387,")":0.018963343205087062,"bonjour":0.00080152713843927113,":":0.0034455157449078057,"utilis":0.0042365104173617005,"rentabl":0.010864617673273132,"1":0.0033683286336750346,"\/":0.014351137026234953,"respect":0.0061796329887509579,"calcul":0.0024379209024711864,"ce":0.0024547647687139214,"mais":0.0038912369635410401,"\u00e0":0.0017366409306871725,"sont":0.0048050754657625802,"entra\u00een":0.0063795637985408016,"avanc":0.0034144035978670283,"m\u00eam":0.004468767413421634,"1+r":0,"%":0.01069845642520586,"donc":0.0049048482396558436,"t0":0.012110337380937584,"t1":0.012417490648529208,"diff\u00e9rent":0.010015815967779781,"01":0,"100":0,"effect":0.0060657382820498307,"69=137083":0,"formul":0.0042466886783896563,"=":0.009342839316868053,"obtien":0.011712185116866973,"98":0.089755397229906747,"1+7":0,"p":0.018599506049412719,"solut":0.0057310564463906267,"1+3":0,"1+tap":0,"1+6":0,"1\u00b0":0,"1=1":0,"09":0,"69":0.016562304014194819,"9":0.010212339528741756,"1mais":0,"pouv":0.0046848264295251147,"1+teg":0,"ceux":0.0062580231502424822,"1+tri":0,"1er":0,"1+2":0,"9+":0,"1+ta":0,"1min45":0,"05":0,"trimestr":0.012617782760114219,"1+n":0,"1+0":0,"1+5":0,"1=5":0,"1+taeg":0,"1=9":0,"1+r2":0,"1+2r+r":0,"1+1":0,"=4":0.0064211899968984465,"1x":0,"1+taux":0,"1x4x":0,"1x08":0,"1=r":0,"1+rn":0,"5iem":0,"1+4":0,"91":0,"5em":0,"0005+1":0,"1+i":0,"1+":0,"1\u20ac":0,"1+x":0,"5e":0,"59":0.015546880758719595,"1+9":0,"1=":0,"9=":0,"1\u2212":0,"9=850":0,"1+f3":0,"1+a2":0,"1+12":0,"1+41":0,"5=>":0,"5^2x18":0,"5x0":0,"1x4":0,"5^2":0,"1+11":0,"59+492":0,"histor":0.0064211899968984465,"1usd":0,"1^3":0,"1=16":0,"1+15":0,"1+tmeg":0,"mathieu":0.0064211899968984465,"+d":0.0064422204062847752,"91+2":0.018103899906543468,"100+2":0.0098001748409017545,"105+2":0.017235718122856802,"1\u00b2=4":0,"5+5":0,"1m":0,"1eur":0,"5xtaux":0,"1+g":0,"1+rd":0,"5an":0,"5min08":0,"1an":0}