{"merc":0.0054444655025979076,"un":0.010050350515588842,"an":0.019640508031786488,"est":0.0069387518453511614,"bonjour":0.0030369526869061564,"par":0.012647535127970342,"pas":0.0056596374153512052,"\u00e0":0.0065800595983703126,"n":0.010975094619550218,"fois":0.021905842851180923,"%":0.013725931799701011,"100":0.036198502660927105,"deux":0.019961122852556447,"vers":0.023414370030969415,"semestriel":0.024329619396527995,"coupon":0.023487904128776063,"100k":0,"100+2":0,"+100":0}