{"j":0.0061082715269889596,"ai":0.00463546422350785,"question":0.0021552908016692599,"que":0.0071505265306948144,"le":0.0008716012913798552,"me":0.0031957893300690447,"r\u00e9pons":0.0033712581335356637,"au":0.0030315545527127359,"sur":0.0082515351580665728,"l":0.0029111897132156517,"du":0.00376214019993728,"apres":0.0044676322624148512,"une":0.0024520192552671583,"la":0.0019441027875777492,"et":0.0015301114374723841,"lieu":0.0050493545058548153,"merc":0.0012218715933986421,"de":0.0021129145094130248,"pour":0.0026564224540189009,"d":0.0013551187834216726,"vous":0.0036143639467627023,"exempl":0.0081170024908383299,"dan":0.0034458221912835414,"fait":0.0039937161983012864,"m":0.0033088554204063875,"(":0.002175030784569838,")":0.0021259626524692157,"bonjour":0.00068156666928198279,"cour":0.0038280984054853695,"je":0.003193909111327619,"il":0.0020635453441889616,"qui":0.0031810833578850063,"mais":0.0033088554204063875,"\u00e0":0.0029336310866540042,"derni":0.004591626676580903,"suis":0.004236287858468829,"avanc":0.0029033872668541823,"eu":0.0050342147267010704,"votr":0.0037999498403663984,"march":0.004708587000836221,"se":0.0043960131455425483,"mar":0.0050342147267010704,"deuxiem":0.0052547589115064892,"\u00e7a":0.0050342147267010704,"esper":0.0050191637444165944,"s":0.0038092984303891987,"vois":0.0049745333130030477,"deux":0.013260490941750526,"d\u00e9j\u00e0":0.0050042005234605304,"examen":0.0051579102432925969,"cordial":0.004236287858468829,"pai":0.0097378655849064463,"chang":0.0053045893145538085,"beau":0.0053898524772059558,"mois":0.0050191637444165944,"correspond":0.0049893240463016325,"aoa":0.0050953172591523934,"niveau":0.0050645841358558305,"ont":0.0049893240463016325,"plait":0.0049893240463016325,"achat":0.005355406522121341,"version":0.015852463463739256,"voulu":0.00540725040908772,"inscrit":0.005355406522121341,"inscrir":0.0053045893145538085,"avi":0.0054247670991027942,"puiss":0.0053898524772059558,"gratuit":0.0054247670991027942,"acced":0.0054424041796845299,"malheur":0.0053898524772059558,"d\u00e9bloqu":0.0054780462126855509,"billet":0.0054601633171581622,"concert":0.0054780462126855509}