{"ai":0.0051198349907817043,"le":0.00096267699942254666,"au":0.0066517125366250471,"sur":0.0061164372031215298,"l":0.0032153869040641957,"et":0.0033573076961326454,"de":0.0011824088366918983,"vous":0.0039920374986848828,"m":0.0072601547157058492,"\u00e9clair":0.010630959887652419,"bonjour":0.0014954656034647106,"int\u00e9r\u00eat":0.0093930151550785327,"par":0.012275330858816951,"je":0.0023674800067737239,"pas":0.0027869361018468776,"cel":0.0092227459119870649,"n":0.0054043899231858965,"surtout":0.011352139513017577,"compr":0.0093930151550785327,"li":0.011282624827111652,"actualis":0.0099099483981560221,"amort":0.010786942661335138,"annuit":0.011387221358845658,"const":0.021323700020887858,"\u00e9conom":0.011112502580274953,"l\u00e0":0.011282624827111652,"rembours":0.021449815088961873,"pouv":0.0087408104449204736,"r\u00e9alis":0.011317274893633477,"dessus":0.011788276257623662,"abdellah":0.012019704094232957,"el":0.012019704094232957,"eulj":0.012019704094232957}