{"que":0.0033936138261441637,"le":0.00081643056001067752,"la":0.0069077679336113865,"merc":0.0022736955389055439,"de":0.0010027815241051773,"bien":0.0055645985216385072,"pour":0.0024882758816547057,"d":0.0025216459316995767,"un":0.0041971865045021366,"dan":0.0032277080921634155,"est":0.013806398255210919,"bonjour":0.001268279828899799,":":0.0054519403147499611,"rentabl":0.033412539673423385,"actif":0.0080081347831584045,"risqu":0.0077012689631562681,"par":0.0052818121787888391,"je":0.0020078209294537804,"pas":0.0023635547579402682,"ce":0.011369609884244861,"il":0.0038399074573468688,"\u00e0":0.0054280181560098142,"avanc":0.0054027106547257023,"vid\u00e9o":0.0075071269930953944,"m\u00eam":0.0070710613511145697,"li":0.0095686089015470047,"dit":0.0086397453801831375,"ne":0.0038310889234860258,"comprend":0.0056929727775289511,"esper":0.018448986403761188,"chos":0.0091214769085616616,"7":0.013885876934222113,"direct":0.0096872543768624416,"notion":0.0093678187035635668,"son":0.0093678187035635668,"syst\u00e9mat":0.010029600163381454,"coc":0.0092021870224813142,"exig":0.019375625425822978,"007=>":0,"+7":0,"7e":0,"clar":0.0097782139790023332}