{"que":0.003574627474590589,"le":0.0025140480171470135,"du":0.014288504967510274,"la":0.0025412197777764994,"merc":0.0023949733112268814,"de":0.0010562693844134276,"d":0.0026561492528112923,"trouv":0.0063662301432902959,"dan":0.0099391344793936659,"est":0.0060253044377609772,"capital":0.028253133858791232,"+":0.0089751435404533605,"bonjour":0.0013359292347666434,"taux":0.012308421808882197,"utilis":0.0070611185180422227,"comment":0.0056395621160570727,"san":0.016179558254772096,"risqu":0.02371464385910008,"par":0.0055635413742340474,"ailleur":0.010364682371959935,"cas":0.008325215852440556,"il":0.0079843825705088259,"expliqu":0.0069605162977756227,"vid\u00e9o":0.0079075533574336186,"co\u00fbt":0.0094694371861213621,"6":0.014259230309122035,"quel":0.007887553556378598,"mar":0.0098674934244917783,"diff\u00e9rent":0.0084130773586878847,"prim":0.0096361909104712932,"=":0.0078477909513772152,"beaucoup":0.0093612621924339459,"r\u00e9alit":0.010397450848364886,"06":0,"opportun":0.010299778976761704,"cout":0.020524807262462749,"6min15":0,"06^":0,"06=":0,"ange":0.010203967635358573,"clar":0.010299778976761704}