{"a":0.003921440139001405,"le":0.00065148245295205498,"l":0.0021759823374882586,"avoir":0.0059601774926065576,"une":0.0036409447447279535,"pu":0.0076824518510683181,"la":0.00097522565366925287,"et":0.0022720258762838389,"merc":0.0018143279043020585,"de":0.0015845214736266294,"pour":0.0019855553606183533,"d":0.0039845190917599379,"vous":0.0027015732000243552,"000":0,"(":0.0094995644691306304,")":0.0092852567510162583,"bonjour":0.0010120420454991881,"suiv":0.0066881871505379362,"on":0.0033873481864113222,"ser":0.0067248265377499606,"calcul":0.0030782219822356057,"ce":0.0030994897597429343,"il":0.0030641091256903828,"o\u00f9":0.0061138461751544986,"surtout":0.0076824518510683181,"possibl":0.0068559120359608363,"avanc":0.0043111703093094301,"r":0.027467100449835816,"%":0.0090575491950201995,"comprendr":0.0066159486475051675,"esper":0.0074528361956813401,"s":0.0056563361284513482,"fair":0.0063566331776047924,"_":0.031186721000819786,"erreur":0.0068942085081789232,"grand":0.0074751850392860298,"=0":0.0080812957949422202,"pla\u00eet":0.0079521150540373831,"=2":0.0080290968017912127,"ecart":0.0080290968017912127,"=3":0.0081076659134136086,"typ":0.007658857553322327,"d\u00e9tail":0.0077300833076683652,"covari":0.0079267962438666038,"61":0.024403760650971138,"000875":0.022858749272803312,"bcg":0.0081342197972589757,"nicol":0.0080812957949422202,"cig":0.023847558301840051}