{"que":0.0038855064379971012,"l":0.0031221740359910848,"une":0.0052241523070401044,"la":0.0013992871921162846,"et":0.0032599805971869804,"de":0.0011481312451635719,"d":0.0056929605363681109,"vous":0.0038763098193074857,"euros":0.010661704900306448,"veut":0.01098919131206698,"dir":0.0094671814460695388,"est":0.0033177497680808091,"bonjour":0.0014521126129342595,"on":0.0095836387874113048,"comment":0.0061300247550785721,"savoir":0.0093409082000973313,"je":0.0045329303260946913,"invest":0.018320649465517674,"pas":0.0027061438628596234,"ce":0.0044472541371176691,"peut":0.0085735199936788006,"qu":0.013933185052464247,"\u00e0":0.0031462418159654143,"avanc":0.0061858149179642346,"ne":0.0043863920408579744,"comprend":0.0065181495336975037,"vent":0.011195532348091284,"d\u00e9couvert":0.01140996722500434,"concret":0.011266080275583921,"50":0.019688291811000392,"remerc":0.010146389654543928,"50\u20ac":0,"50$":0,"eugen":0.011633156929283439,"r\u00e9partit":0.011633156929283439,"millios":0.011671257351914821}