{"a":0.0056266167122551473,"le":0.00093476935196936772,"au":0.0064588818690767703,"la":0.0066229763817897769,"et":0.0064281184323789296,"de":0.0044053976538808923,"d":0.0028871498066414592,"vous":0.0038763098193074857,"est":0.0033177497680808091,"pourr":0.0080170344590855709,"m":0.0070496855361336878,"\u00e9gal":0.0099755198569109436,"(":0.017780785471088131,"capital":0.020714114766492202,")":0.025394532582126431,"bonjour":0.0014521126129342595,":":0.0062421802473046099,"taux":0.0067774606285345759,"valeur":0.022550703529735386,"ou":0.007423379233277373,"\u00e0":0.0031462418159654143,"expliqu":0.0075658599613624014,"co\u00fbt":0.020295972504236235,"diff\u00e9rent":0.0091447476619345852,"entre":0.0098098287369295031,"b":0.011057110055319555,"cout":0.011301698567822715,"det":0.040909129467588741,"propr":0.021802710426182748,"vd":0.011446538522042801,"vcp":0.011520423275102457,"endet":0.011337550424301963,"rcp":0.011266080275583921,"rd":0.011520423275102457}