{"l":0.0033143372668675993,"la":0.0056856259972412867,"merc":0.002763485017294425,"de":0.0024012051399200105,"bien":0.0067632998256261052,"pour":0.0030242893123490957,"vous":0.004114888518050662,"un":0.0051013259345906933,"est":0.0035219502730253821,"bonjour":0.0015414870834414447,"ser":0.01024288792390309,"je":0.0024403368705321598,"pas":0.0028727013135043259,"il":0.0091948298824374754,"qui":0.0071945990444282166,"derni":0.010384799511089789,"tres":0.01058949207731868,"expliqu":0.0080315226943731017,"possibl":0.010442550184198693,"peu":0.01080166851567277,"ne":0.0046563652251666223,"comprend":0.0069193278982898404,"s":0.0086154217805350444,"formul":0.0081671791648644954,"part":0.0094819218018490879,"obten":0.010413603018152509,"beaucoup":0.01080166851567277,"logiqu":0.011847508050032537,"varianc":0.01215104884061958,"pla\u00eet":0.012112226657334789,"eugen":0.012349153217464409,"derri":0.012308987695494997}