{"le":0.0025811599760621781,"du":0.0056820425517797105,"la":0.001970560463229369,"et":0.0045909009329213393,"merc":0.0036660672554087431,"pour":0.004012052878701892,"d":0.0040658581686747698,"vous":0.0054588528475006089,"trouv":0.0097450054074952087,"5":0.012259286229315483,"pourr":0.011290070563376255,"m":0.0099277915741478005,"\u00e9clair":0.014537149431460554,"bonjour":0.0020449524009987135,"int\u00e9r\u00eat":0.012844340150313873,"je":0.0032373756460541839,"pas":0.0038109547017984987,"\u00e0":0.0044307271339514937,"n":0.0073901533567522449,"quizz":0.013853192998576203,"sujet":0.015475640772264921,"arriv":0.012449407139761264,"cf":0.013049672469714967,"charg":0.015966221045881041,"05":0,"5iem":0,"5em":0,"0005+1":0,"5e":0,"5=>":0,"5^2x18":0,"5x0":0,"5^2":0,"5+5":0,"5xtaux":0,"5an":0,"5min08":0}