{"le":0.0015733503106027176,"me":0.011460170040050621,"l":0.010265617601517844,"du":0.0067911377721016257,"merc":0.0043816581073426088,"de":0.0019324688463363173,"vous":0.0065243829885424541,"2em":0,"dan":0.0062201438531083392,"dir":0.01593461834978294,"pourr":0.013493813880119937,"2":0.014689698060628847,"oblig":0.01702926119269401,"prix":0.016152179207568593,"calcul":0.0074340014683571638,"\u00e0":0.0052955742803842574,"bonsoir":0.016980954542861838,"expos":0.018553359267464879,"2e":0,"02":0,"2\u00b0":0,"correspond":0.017891824538476313,"revent":0.01914345854728617,"quoi":0.018327522273247489,"2x3":0,"2min54":0,"2i\u00e8meann":0,"2\u20ac":0,"2^2x4":0,"2x0":0,"+2x0":0,"02+":0,"2=":0,"2x":0,"2m":0}