{"le":0.0013724319994581381,"merc":0.0038221162551514169,"vous":0.0056912131582227158,"*":0.012979325822699461,"bonjour":0.0021319973880284592,"on":0.0071358868121034705,"1":0.0089594818498597122,"risqu":0.012945948472741184,"par":0.0088788053808308062,"je":0.0033751770545288147,"pas":0.0039731709482143029,"pourquoi":0.010471818912426673,"cet":0.010847577422437572,"1+r":0,"%":0.0096358599432219555,"ne":0.0064401178604743649,"comprend":0.0095699725054665102,"01":0,"part":0.013114240613616055,"18+1":0,"18":0.028207965336416875,"1+7":0,"1+3":0,"1+tap":0,"1+6":0,"d\u00e9taill":0.016234092002995183,"1\u00b0":0,"1=1":0,"1mais":0,"pouv":0.012461259553310801,"1+teg":0,"1+tri":0,"1er":0,"1+2":0,"1+ta":0,"1min45":0,"1+n":0,"1+0":0,"1+5":0,"1=5":0,"1+taeg":0,"1=9":0,"1+r2":0,"1+2r+r":0,"1+1":0,"1x":0,"1+taux":0,"mesur":0.016805852392983253,"1x4x":0,"18x3xx":0,"1x08":0,"1=r":0,"1+rn":0,"1+4":0,"1+i":0,"1+":0,"1\u20ac":0,"1+x":0,"1+9":0,"1=":0,"1\u2212":0,"1+f3":0,"1+a2":0,"1+12":0,"1+41":0,"1x4":0,"1+11":0,"1usd":0,"1^3":0,"6667":0.048154910124485736,"1=16":0,"1+15":0,"1+tmeg":0,"camill":0.01696912394224618,"1\u00b2=4":0,"1m":0,"1eur":0,"1+g":0,"1+rd":0,"1an":0}