{"le":0.0035867247123815772,"sur":0.011710926219590787,"du":0.0040347959456850328,"la":0.0013992871921162846,"et":0.0032599805971869804,"merc":0.0026032598601534239,"de":0.0054342283433702065,"\"":0.014883047074275995,"bonjour":0.0014521126129342595,"on":0.0095836387874113048,"taux":0.026005223077055634,"comment":0.0061300247550785721,"ou":0.007423379233277373,"il":0.0043964887907668865,"cel":0.0089553819450320302,"auquel":0.011483356092296854,"parl":0.020960542534158917,"financi":0.01075790776689913,"votr":0.0080959872898811666,"march":0.010031885186251317,"se":0.0093659306168713367,"mar":0.010725651693858831,"lorsqu":0.010117537933121621,"aid":0.0090492449975023391,"directeur":0.011520423275102457,"investisseur":0.011483356092296854,"coupon":0.011230692524068395,"vi":0.011195532348091284,"courb":0.011557743478178914,"ange":0.011091388465546533,"clar":0.011195532348091284,"etat":0.011633156929283439,"empruntent":0.011671257351914821,"traduit":0.011633156929283439}