{"j":0.0040447261828000063,"ai":0.0023020712829708708,"a":0.0051764316980480122,"question":0.0042245551626033931,"que":0.0017992295152895314,"le":0.00085997855396101016,"me":0.0031528915320552953,"en":0.0019666053523513666,"du":0.0018683597799902716,"une":0.0048061684277681017,"autr":0.0042345831015297665,"et":0.0015095724079545029,"de":0.0020851000739027441,"bien":0.0029502443158784964,"pour":0.002620999261141677,"d":0.0013369287196058565,"quiz":0.0039801359709660125,"vous":0.0035661666763997153,"\"":0.013707503602585583,"un":0.0044210623139819853,"dan":0.0017112694501123175,"dir":0.0043838898625400882,"r\u00e9solu":0.0046063318522995096,"pourr":0.0037123822219982034,"(":0.002145834857794481,")":0.0020974253782526991,"bonjour":0.00067241784678712503,"format":0.0046850450930452023,"comment":0.0028385801554554201,"je":0.0021149170843160641,"ou":0.0034374831782764854,"pas":0.0012531117856509114,"ce":0.0040914297991028947,"il":0.0060273458284135651,"mais":0.0032644399108652045,"qu":0.0032720541681650621,"\u00e0":0.0014569043258209446,"derni":0.0045299922403327997,"not":0.005011715987866535,"surtout":0.0051043509058885895,"avanc":0.0028644144474141379,"y":0.011126462070845684,"pr\u00e9sent":0.0050576097879517397,"encor":0.0048932504643498321,"votr":0.0037489422601167661,"car":0.0040935933465278719,"ne":0.0020311704925680112,"s":0.0037581653619158158,"catherin":0.005300454467236526,"favor":0.0053175032767390747,"refair":0.0053175032767390747,"ignor":0.0053519492318236904,"pouvoir":0.0050269216710757646,"chaqu":0.0046453825798840826,"retrouv":0.0049966010853964666,"sous":0.005135998051013415,"aid":0.004190359468040211,"proced":0.005120125029464807,"svp":0.0046453825798840826,"avait":0.005249986245036988,"moyen":0.0049666393316423491,"remerc":0.0046984052224332993,"transform":0.0053175032767390747,"pdf":0.0053693495659111476,"parvien":0.0050886744555302564,"imprim":0.0053868703184934245,"possibil":0.005249986245036988,"object":0.0053346676722732774,"pag":0.0053346676722732774,"ult\u00e9rieur":0.0054045131678973042,"entier":0.0054045131678973042,"ma\u00eetris":0.0054045131678973042,"regroup":0.0054045131678973042,"bookmark":0.0054045131678973042}