{"le":0.0037981830741574871,"en":0.0020208582316757835,"sur":0.0028260507414909404,"l":0.0043968334372734095,"avoir":0.0040692886764798972,"une":0.002485841275664924,"pu":0.0052451649911322536,"la":0.00066583163243238714,"vrai":0.0049840203200203969,"chois":0.01524159522457747,"et":0.0015512170874944541,"premi":0.0045415573636419845,"merc":0.0012387255254656955,"de":0.0036748761242210767,"pour":0.0026928163250416258,"d":0.0013738106656472425,"un":0.013269481016667905,"euros":0.0050732261527721362,"dan":0.0034930311012244617,"an":0.004468611036377931,"\u00e9gal":0.0047467144043842118,")":0.0021552871987762013,"bonjour":0.0006909678849296066,":":0.0059000989363560226,"on":0.0090653446112812994,"taux":0.018714466918341933,"san":0.0042392483243758553,"risqu":0.0041957061884065686,"par":0.0028775688981343061,"calcul":0.0062199169109370478,"valeur":0.0073070627930226645,"temp":0.0046938885915711647,"ou":0.003532313267001591,"pas":0.0012876814680763344,"ce":0.0021161649292882742,"cas":0.0043059592075983776,"peut":0.0040795919845798695,"\u00e0":0.005868334145719069,"aur":0.0045415573636419845,"plus":0.014880439614578434,"pourquoi":0.0033938552673258367,"cet":0.0069834395320479909,"avec":0.0068853144254092408,"encor":0.0050282409069564828,"moin":0.0051971344227075963,"\u00e9valu":0.0052776851882618278,"ne":0.0020872045349287997,"diff\u00e9rent":0.0043514028415563176,"emprunt":0.014453458328529905,"deux":0.02210613166767143,"somm":0.0048696466540888248,"flux":0.0045415573636419845,"puis":0.0049840203200203969,"3000":0.010196887281515177,"mont":0.004841821983562959,"d\u00e9j\u00e0":0.0050732261527721362,"entre":0.0092722346685815103,"pai":0.0049694455934148904,"plac":0.0051971344227075963,"actuel":0.010292142243116462,"pren":0.0053272406274263544,"grand":0.0051036543580610062,"frais":0.0051344426688103174,"mensual":0.015815737317758358,"\u00e9lev":0.015523315882246883,"rapport":0.0049694455934148904,"compar":0.0051971344227075963,"avantag":0.0160682027442355,"conserv":0.0055174741877127174,"ven":0.0054119902026312124,"engag":0.0055536078504448624,"vingt":0.0055536078504448624,"3000\u20ac":0}