{"a":0.0094703994447596918,"que":0.0022155973247347154,"le":0.0025811599760621781,"me":0.0038825163683891329,"r\u00e9pons":0.0040956907773499656,"en":0.0024217063584450484,"au":0.0036829900087054562,"l":0.0035317086067135212,"du":0.0045640388407064891,"avoir":0.0048764540271624699,"une":0.0029789212964092334,"la":0.0015828312460142405,"et":0.0018589093609989644,"merc":0.0014844334126797548,"de":0.0012987312537475978,"d":0.0032658563242936515,"vous":0.0022103532197279506,"exempl":0.0049639280532980112,"000":0.0058355673251796652,"euros":0.0060795279151323843,"dan":0.0082278650292813508,"est":0.0018918505547730474,"comm":0.0049386840312311059,"fait":0.004851905713782005,"bonjour":0.00082802509062091109,"projet":0.010344261290875057,"cour":0.01372764413602982,"je":0.0026003867545695562,"ou":0.0042329666498297702,"pas":0.0030611078886998971,"mais":0.0040198786601754362,"qu":0.0079929906821686481,"\u00e0":0.0017940531206569745,"n":0.0029923593331261391,"pourquoi":0.0080679557712645088,"elle":0.0055171664002532095,"cet":0.0042129818397841868,"demand":0.006025619603247663,"consider":0.0059033443356088624,"\u00e7a":0.0061159917190099188,"d\u00e9j\u00e0":0.0060795279151323843,"beaucoup":0.0058022234812236994,"\u00e9t\u00e9":0.017175721509551368,"frais":0.0061528870572076701,"propos":0.011543081986759797,"pris":0.0060434856675656047,"entreprendr":0.0066118949431995576,"niveau":0.0061528870572076701,"20":0.010786847816744801,"avez":0.0057528669935199041,"sen":0.0064444657373245243,"sais":0.0059205213470581719,"d\u00e9cis":0.0064649092183918571,"r\u00e9alis":0.0062662675408058982,"\u00e9tud":0.0065062027981252464,"20em":0,"d\u00e9pens":0.0065270565192999466,"pr\u00e9alabl":0.0065904679193951729,"gard":0.0065904679193951729,"ind\u00e9pend":0.0065904679193951729,"d\u00e9caiss":0.0066551959127682057}