{"le":0.0026888304754875631,"me":0.0099966955713580025,"la":0.0040249993628855962,"merc":0.0038221162551514169,"pour":0.004182829025187601,"d":0.0042389245791126049,"vous":0.011150066005723311,"dir":0.013899752632976766,"\u00e9gal":0.014646097065560712,"bonjour":0.0021319973880284592,"rentabl":0.014564185731349818,"par":0.0088788053808308062,"calcul":0.012704589415487995,"ou":0.01089903427235679,"vient":0.015842441591913739,"formul":0.011295848556951586,"beaucoup":0.01493955370054087,"d\u00e9velopp":0.016488946458967608,"pouv":0.024413751984164969,"implicit":0.016914330274888024,"exig":0.016488946458967608,"actionnair":0.016593197808670124,"camill":0.01696912394224618}