{"j":0.0019321056590854999,"ai":0.002184765029747186,"que":0.0050587356901229067,"le":0.0023897808706133949,"en":0.0018663933792641273,"quand":0.0043838979888529313,"l":0.0040649149547632192,"une":0.0045627914358039347,"la":0.0012221419363701001,"merc":0.0011440432006640476,"de":0.0029352503704414942,"bien":0.0055645985216385072,"pour":0.0037091816141321832,"d":0.0012688030711586421,"\"":0.013021835170254887,"un":0.0041971865045021366,"dir":0.0041605007354856855,"est":0.0028977333236512386,"non":0.008093409097935737,"comm":0.0038062117424036836,"\u00e9gal":0.0043838979888529313,"+":0.0042872928455221547,"bonjour":0.00063815356540243193,":":0.0027432235938318452,"on":0.0021359273876330083,"taux":0.0059194559221985802,"rentabl":0.0043593801304976304,"ser":0.0042404088356440446,"d\u00e9termin":0.0043593801304976304,"actif":0.0040294102670772021,"oblig":0.0088366901880822957,"san":0.0039152202176550403,"risqu":0.033216663880635856,"par":0.0052818121787888391,"je":0.0020078209294537804,"action":0.004713555139411572,"pas":0.0023635547579402682,"ce":0.0038842460742077949,"il":0.0019321056590854999,"\u00e0":0.0054280181560098142,"fin":0.0044589893898970582,"cel":0.0039355824519799014,"avanc":0.0027184529695956439,"elle":0.0042520443512163927,"cet":0.006452992726238181,"bon":0.0041270515279472793,"march":0.0044086686130891325,"actualis":0.0042288293950631262,"le\u00e7on":0.0045365035078292386,"consider":0.0045496691806067207,"donc":0.0039051034478870248,"ne":0.0057108637759451441,"comprend":0.0056929727775289511,"esper":0.004699462845230336,"s":0.0035666611713798721,"agit":0.004713555139411572,"prim":0.01363692950444359,"flux":0.0041944221827083334,"12":0.0069151537008580047,"sp\u00e9cif":0.009965502090529637,"part":0.0039253797645894435,"doit":0.0087126511433189592,"princip":0.0094815201401146632,"son":0.004713555139411572,"revanch":0.0050628299227400394,"syst\u00e9mat":0.0050465401703777757,"r\u00e9muner":0.010127389957442442,"voudr":0.004685452722327647,"impress":0.0049510549195259804,"offert":0.0050792308688117488,"12^3+2":0,"12^4+189":0,"12^4":0,"valoris":0.0050957445370467024,"g\u00e9rard":0.0050792308688117488,"12\u20ac":0,"12=":0,"diversifi":0.015096528848044015,"\u201c":0.0051291163133716129,"\u201d":0.0051291163133716129,"attendus":0.0051291163133716129,"\u00e9metteur":0.010160436696450665,"ph":0.0050957445370467024,"12^5":0}