{"le":0.0017919768064511945,"du":0.003921124470444376,"une":0.0050769733399703559,"merc":0.0025299187562359154,"de":0.0011157851800429287,"pour":0.0027686802018874954,"d":0.0028058107297266304,"\"":0.014469413251449011,"un":0.0046701683138594312,"fait":0.0082690992832249333,"pourr":0.0077911721983201839,"on":0.0047233555138426553,"oblig":0.0098324986205657588,"par":0.0058770206781798544,"calcul":0.0042923065396557065,"action":0.010423480117558363,"\u00e0":0.0030576033932300326,"cel":0.0087030838137909707,"avanc":0.0060115432282044001,"pourquoi":0.0069314613449413991,"bonsoir":0.0098046069191898497,"aux":0.0099170631150069764,"march":0.019231381025565313,"sembl":0.0099455530326536118,"ne":0.0042628151212366905,"portefeuill":0.010983298141574761,"obligatair":0.011232129551402096,"person":0.011268647612064156,"rapport":0.0101493780150754,"repr\u00e9sent":0.010646897404197867,"b\u00eat":0.021395150194066091,"g\u00e9rard":0.011232129551402096,"techniqu":0.011195860762721086,"ph":0.011268647612064156,"r\u00e9serv":0.011342445422150607}