{"que":0.0032300499421461242,"tout":0.007503070397117984,"du":0.00335415540262221,"la":0.0022991025152484398,"merc":0.0021641089764901753,"de":0.0018864400735339024,"d":0.0047437391121327452,"vous":0.0032224047257141458,"trouv":0.0057525550430619042,"un":0.0039948923833349869,"financ":0.0088368049585198297,"on":0.0040403890605047021,"comment":0.0050959344480464921,"par":0.005027241753640486,"ailleur":0.0093655749959641633,"je":0.0037771276900833979,"pas":0.0022496372010065721,"peut":0.007127229925231052,"cel":0.0074446745604565467,"n":0.0043624669442141502,"fois":0.0087073067373102074,"expliqu":0.0062895547647275661,"suis":0.007503070397117984,"avanc":0.0051423132188133857,"concern":0.008132426157679366,"y":0.006746811180383696,"bonsoir":0.0083869245968773831,"ne":0.0036464398100719579,"chaqu":0.0083395795844237383,"rien":0.0091635381746201644,"entrepris":0.0087329128900924327,"abord":0.0089163127602708767,"valu":0.018928661877092072,"bouquin":0.0096707285050280974,"consult":0.0096707285050280974,"g\u00e9rard":0.0096080367511308176,"ph":0.0096392745379917499,"at":0.019176490205213916,"risk":0.019176490205213916,"\u00e0a":0.0097024016652403032,"\u00e9ton":0.0097024016652403032}