{"a":0.027776544170932459,"alor":0.01190600559098366,"en":0.005529331638785215,"l":0.0040649149547632192,"une":0.006801585880239742,"et":0.0042443322277954925,"merc":0.0033893145656479586,"pour":0.0072834536016257488,"un":0.018103059902383967,"comm":0.011276190349264061,"fait":0.011078054809602699,"capital":0.013677032524918906,"par":0.0078734037360177461,"pas":0.0035232644084130737,"n":0.006832268114410219,"avanc":0.0080536226608675914,"elle":0.012597003194454399,"se":0.012193974772360738,"vu":0.013597051151928163,"sa":0.01422003747915911,"entrepris":0.013677032524918906,"det":0.013881008295160816,"propr":0.014395806096076177,"jusqu":0.014263574417977189,"bet":0.042709819891374193,"clar":0.014576025020926022}