{"le":0.0020811920600434346,"l":0.0035317086067135212,"la":0.0031154053005883267,"et":0.0036875912105103479,"merc":0.002944728624231611,"de":0.0037750222067497257,"bien":0.0072068719266227795,"pour":0.0032226378106986111,"vous":0.0043847641397705452,"est":0.0073867146585342887,"si":0.0083377294358293226,"bonjour":0.0016425857604024444,"utilis":0.0086819664009195521,"valeur":0.0087447541902360652,"ce":0.0050305990413231517,"o\u00f9":0.0099230231720721374,"oui":0.012624528760753645,"cel":0.010130056533391402,"pourquoi":0.0080679557712645088,"estim":0.012468934538503167,"formul":0.0087028249169053395,"chaqu":0.011347764360803498,"cf":0.010482007388632164,"entrepris":0.01188297763178431,"ici":0.011848135037500285,"dividend":0.01220572272508693,"branch":0.013159074406740303,"gordon":0.013031553515160388,"shapiro":0.01298962424182966,"clar":0.012664046749060381}