{"j":0.003127291065012095,"ai":0.0035362435405904011,"question":0.003266330776565587,"le":0.0013163984760294282,"en":0.0030209296843181324,"l":0.0022208510997851383,"du":0.0056820425517797105,"la":0.00099533480956011063,"merc":0.0018517393511066737,"de":0.00081668366629338008,"pour":0.0020264975180835265,"nous":0.0060372325535936484,"2em":0,"*":0.012449407139761264,"5":0.006192194835981703,"(":0.0065258977963783245,"+":0.0069393785716862812,")":0.0063786752294981135,":":0.0087906140133294213,"4":0.0076985662522557645,"1":0.0043406908632228373,"\/":0.0093704205370948798,"2":0.0062080361562575235,"calcul":0.0062199169109370478,"pas":0.0038109547017984987,"\u00e0":0.0022379708871542009,"ann\u00e9":0.0063207698104385058,"n":0.0037327841602527992,"pourquoi":0.010044276483656184,"6":0.01102491529075453,"cet":0.0052554356373202974,"bonsoir":0.007176347623671914,"1+r":0,"%":0.013725931799701011,"consider":0.0073640588496628754,"ne":0.0031201090892858945,"mani":0.0077454227076240402,"01":0,"avon":0.0079387066445097323,"25":0.012547391771140533,"deux":0.0067890588453019167,"10":0.021613200801545416,"2e":0,"35":0.033796969704667112,"02":0,"1+7":0,"1+3":0,"1+tap":0,"06":0,"pris":0.0075388765389469876,"1+6":0,"1\u00b0":0,"2\u00b0":0,"1=1":0,"75":0.014004589115568381,"10iem":0,"1mais":0,"1+teg":0,"04":0,"1+tri":0,"1er":0,"1+2":0,"bfr":0.0078408640311785193,"r\u00e9cuper":0.0080645764901083727,"10+1":0,"1+ta":0,"6min15":0,"1min45":0,"cmpc":0.0077454227076240402,"05":0,"1+n":0,"1+0":0,"1+5":0,"1=5":0,"1+taeg":0,"1=9":0,"1+r2":0,"1+2r+r":0,"1+1":0,"+10":0,"=8":0.0082212032444886549,"75+0":0,"1x":0,"1+taux":0,"1x4x":0,"1x08":0,"2x3":0,"1=r":0,"06^":0,"2min54":0,"1+rn":0,"5iem":0,"2i\u00e8meann":0,"1+4":0,"5em":0,"0005+1":0,"0035^3+1":0,"1+i":0,"1+":0,"1\u20ac":0,"25\u20ac":0,"04\u20ac":0,"1+x":0,"06=":0,"5e":0,"0025^t":0,"1+9":0,"1=":0,"1\u2212":0,"1+f3":0,"1+a2":0,"1+12":0,"1+41":0,"10^7":0,"5=>":0,"2\u20ac":0,"4em":0,"2^2x4":0,"5^2x18":0,"2x0":0,"5x0":0,"1x4":0,"+2x0":0,"5^2":0,"1+11":0,"02+":0,"1usd":0,"1^3":0,"4an":0,"4e":0,"2=":0,"25=":0,"1=16":0,"1+15":0,"1+tmeg":0,"4min25":0,"10em":0,"1\u00b2=4":0,"5+5":0,"025":0,"cmpc=":0.0083019474337686864,"964":0.024906966268468146,"2x":0,"2m":0,"1m":0,"1eur":0,"10h":0,"5xtaux":0,"1+g":0,"10min15":0,"1+rd":0,"10^1":0,"10^2":0,"5an":0,"5min08":0,"1an":0}