{"a":0.0042662087641902767,"le":0.0020811920600434346,"me":0.0051625570968950188,"l":0.0023672922676003468,"du":0.0030592597124501487,"la":0.0020991145419177121,"merc":0.0019738415816847044,"de":0.0017223476398064974,"pour":0.0021601231641934725,"vous":0.0029390924901330868,"2em":0,"*":0.0067028659781211445,"5":0.0066005032737730491,"pourr":0.006078669371182034,"(":0.0069516298632101405,")":0.0067948028909840513,"bonjour":0.0011010196486990528,"suiv":0.0072762050743520263,"on":0.0036851600452868331,"t":0.0068792959614603286,"1":0.0046269125910985403,"\/":0.0050451135796001755,"2":0.0066173891581986916,"appliqu":0.007627902860579963,"je":0.001743030397570456,"calcul":0.0098335283159980569,"pas":0.0020518502068473453,"\u00e0":0.0023855409202298114,"ann\u00e9":0.0067375563805157522,"pourquoi":0.0054079233140440445,"6":0.011751889499155102,"1+r":0,"%":0.014612072010447029,"ne":0.0033258466188258434,"01":0,"va":0.0070635698050294082,"formul":0.0058334739431521862,"10":0.01163672990244558,"part":0.0067725395323822305,"2e":0,"02":0,"cf":0.0070260539028811899,"1+7":0,"beaucoup":0.0077151793240708101,"1+3":0,"1+tap":0,"06":0,"1+6":0,"d\u00e9taill":0.0083837130263159886,"1\u00b0":0,"2\u00b0":0,"1=1":0,"tableau":0.0080359841048188649,"10iem":0,"1mais":0,"1+teg":0,"1+tri":0,"1er":0,"1+2":0,"10+1":0,"1+ta":0,"6min15":0,"1min45":0,"05":0,"1+n":0,"1+0":0,"1+5":0.0051625570968950188,"1=5":0,"1+taeg":0,"1=9":0,"parvien":0.0083322157318431282,"1+r2":0,"1+2r+r":0,"1+1":0,"+10":0,"830":0.020802457940470198,"36":0.019877421058011376,"1x":0,"1+taux":0,"1x4x":0,"1x08":0,"2x3":0,"1=r":0,"06^":0,"2min54":0,"1+rn":0,"5iem":0,"2i\u00e8meann":0,"1+4":0,"5em":0,"0005+1":0,"1+i":0,"1+":0,"1\u20ac":0,"1+x":0,"06=":0,"5e":0,"1+9":0,"1=":0,"1\u2212":0,"1+f3":0,"1+a2":0,"1+12":0,"1+41":0,"10^7":0,"5=>":0,"2\u20ac":0,"2^2x4":0,"5^2x18":0,"2x0":0,"5x0":0,"1x4":0,"+2x0":0,"5^2":0,"1+11":0,"02+":0,"1usd":0,"1^3":0,"2=":0,"1=16":0,"1+15":0,"1+tmeg":0,"10em":0,"camill":0.0087633028945217333,"1\u00b2=4":0,"5+5":0,"2x":0,"2m":0,"1m":0,"1eur":0,"10h":0,"5xtaux":0,"1+g":0,"10min15":0,"1+rd":0,"10^1":0,"10^2":0,"5an":0,"5min08":0,"1an":0}