{"j":0.0057240092410044642,"ai":0.0032667984961229891,"a":0.0036973438836502004,"question":0.0030174518090298691,"que":0.0050587356901229067,"me":0.0088647083569701243,"en":0.005529331638785215,"quand":0.0065550808266088773,"sur":0.0077324433415501756,"l":0.002051632742376078,"apres":0.0062547777969743333,"avoir":0.0056195747012907672,"une":0.0034328777962823361,"et":0.002142187737006287,"lieu":0.0070692009989206089,"merc":0.0017106455644163791,"bien":0.0041866008952900092,"pour":0.0037091816141321832,"quiz":0.0056480884412653982,"est":0.0043195448085112421,"si":0.0048435362631852122,"bonjour":0.00095420746824816452,"cour":0.010618652364571542,"ains":0.0069438611116602062,"vid\u00e9os":0.0068426512532707064,"je":0.0029929850347009128,"ce":0.0057901031913051978,"pratiqu":0.0072883367397244625,"c":0.0055077302647019676,"qu":0.0046432713508332479,"\u00e0":0.0040962500045131104,"fin":0.0066673622265135193,"aur":0.006271764648375977,"aux":0.026088411732530781,"demand":0.0069438611116602062,"le\u00e7on":0.0067832662255437734,"toujour":0.0065921194265960862,"examen":0.014307379278104618,"mon":0.012064548164872334,"beaucoup":0.0066864217533273594,"pren":0.0073567714255824397,"plut\u00f4t":0.007311003769982719,"pr\u00e9par":0.0075702626838765807,"\u00e9tudi":0.0075459052185223238,"edx":0.015047605856107593,"voudr":0.0070059844873691223,"acces":0.022077728747864466,"normal":0.0075702626838765807,"jusqu":0.0071990722130481598,"juin":0.0076443418522442689,"tant":0.0076194786915723452,"ichec":0.0076443418522442689}