{"que":0.003154041668885181,"le":0.003627109544985377,"r\u00e9pons":0.0058304725458978718,"en":0.0068156427894241981,"au":0.0052429671329990808,"sur":0.0095312734247653217,"l":0.0025344101635573326,"avoir":0.0069419379714745618,"et":0.0026462739947447239,"merc":0.0021131840095708608,"de":0.003603187861141206,"bien":0.0051717657067086534,"pour":0.0023126160537063887,"d":0.0023436303451745172,"vous":0.0062208111778640366,"bonjour":0.0011787456184139797,"suiv":0.0077898653854254294,"appliqu":0.0081663911132014207,"san":0.0072318779160567229,"fond":0.0083312211410706515,"cour":0.0066205617523478651,"je":0.0018660788173273952,"calcul":0.0070881061874856523,"pas":0.0021966996173237389,"\u00e0":0.0025539470713267418,"n":0.0042598110764948578,"plus":0.0064760891643211409,"avanc":0.00502130631324547,"y":0.0065880478556600338,"m\u00eam":0.0065718797975310569,"don":0.0068208119765865421,"formul":0.0062452853214268684,"chaqu":0.0081433358559094057,"sujet":0.0089204246238431088,"arriv":0.0071760516825127496,"effectu":0.0086804674267098331,"excel":0.0082598288180162818,"aut":0.0091451879442809546,"pouv":0.0068896215262100411,"typ":0.017635763738308628,"d\u00e9tail":0.0090033826849503559,"\u00e9cart":0.018369727422483592}