{"j":0.0013481710382125948,"ai":0.0015244699090623036,"a":0.005130819035413044,"que":0.0069950089516946689,"le":0.001954979434662771,"en":0.0025931632521401411,"l":0.0019063765337979839,"du":0.0012372589350151219,"apres":0.0058119376679779938,"une":0.0016019717494456412,"la":0.0033304258254552676,"vrai":0.0032118944316748598,"et":0.0019905202078657419,"merc":0.00079828238292585843,"de":0.0013898883815314175,"pour":0.00087362039736437131,"d":0.00088533644404360139,"vous":0.0046925279699221636,"trouv":0.0021219649276328707,"2em":0,"*":0.013319502238671194,"dan":0.0022564776645377896,"dir":0.002903084813021495,"est":0.0020257936392950701,"5":0.0026694469965518968,"m":0.0021617664278552246,"si":0.0022602634645023244,"\u00e9gal":0.0030589653703759594,"(":0.0083425343523866238,"+":0.0029915569158908283,")":0.0081543289345318865,"bonjour":0.00044528628688706394,":":0.0056921412765848726,"on":0.0029676532677336345,"taux":0.0020782894184116943,"utilis":0.0023535821841025382,"4":0.0033188417199701741,"1":0.0091943017832123962,"\/":0.01002532377003771,"3":0.0028116134320113639,"2":0.0026762761687520323,"appliqu":0.0091738101346227792,"san":0.0027319347059752892,"cour":0.0025010021787195565,"ains":0.0032403918790819015,"par":0.001854416099298832,"je":0.0020962812739557693,"calcul":0.0013543805247812012,"temp":0.0030249223843669794,"pas":0.0008298314757007976,"ce":0.001363738090228897,"o\u00f9":0.0026900185363251381,"c":0.0025702133344724662,"mais":0.0021617664278552246,"\u00e0":0.0038087326374221576,"n":0.0016091983100179009,"expliqu":0.0023200498771888912,"sont":0.0026694469965518968,"exercic":0.0025702133344724662,"pourquoi":0.0043549916685712243,"cet":0.0022656113460926518,"tel":0.0034223659251725316,"1+r":0,"%":0.015620574946641728,"dit":0.0030333685455903917,"ne":0.0013450748979845434,"comprend":0.0019987723936712399,"01":0,"\u00e7a":0.003288991208162288,"vois":0.0032499996959603197,"fair":0.0027968418874955007,"formul":0.007015713670962845,"10":0.018579095666085305,"direct":0.003401143370186275,"=":0.002615792515099104,"2e":0,"compt":0.0029507627024210809,"35":0.014653670846902337,"003":0,"02":0,"1+7":0,"30":0.043470724355587624,"pass":0.0031202563532291439,"gr\u00e2c":0.0035100491454934644,"1+3":0,"1+tap":0,"pris":0.0032499996959603197,"1+6":0,"fiscal":0.003401143370186275,"1\u00b0":0,"2\u00b0":0,"1=1":0,"3\u00b0":0,"correspond":0.0032596628896106221,"son":0.003288991208162288,"ex":0.0035213391508309316,"just":0.0033088323800489995,"75":0.00603735982841866,"10iem":0,"1mais":0,"jam":0.0035100491454934644,"1+teg":0,"04":0,"det":0.0032693821020877002,"soustract":0.0035441498354538857,"1+tri":0,"3h":0,"voil\u00e0":0.0035672751601184913,"1er":0,"1+2":0,"10+1":0,"1+ta":0,"1min45":0,"cmpc":0.0066486637017623817,"vd":0.0035100491454934644,"vd+vcp":0.0070800173332019514,"vcp":0.0035327056991618618,"30\u20ac":0,"05":0,"quoi":0.0033390414758507694,"3iem":0,"3em":0,"attend":0.0035556726262206979,"1+n":0,"1+0":0,"gros":0.0035441498354538857,"1+5":0,"1=5":0,"1+taeg":0,"1=9":0,"1+r2":0,"1+2r+r":0,"3+":0,"3+1":0,"1+1":0,"impot":0.0035672751601184913,"droit":0.0034766282489833542,"medaf":0.0035213391508309316,"+10":0,"rcp":0.0068789858661545914,"75+0":0,"1x":0,"1+taux":0,"1x4x":0,"1x08":0,"2x3":0,"1=r":0,"2min54":0,"1+rn":0,"5iem":0,"2i\u00e8meann":0,"3m":0,"imposit":0.0035556726262206979,"1+4":0,"rd":0.0070342858334941803,"5em":0,"poid":0.0035556726262206979,"cp":0.0035100491454934644,"0005+1":0,"0035^3+1":0,"1+i":0,"1+":0,"3=":0,"1\u20ac":0,"\u00e9criv":0.0035672751601184913,"04\u20ac":0,"voic":0.0035100491454934644,"1+x":0,"5e":0,"1+9":0,"1=":0,"1\u2212":0,"1+f3":0,"1+a2":0,"1+12":0,"1+41":0,"10^7":0,"5=>":0,"2\u20ac":0,"4em":0,"2^2x4":0,"5^2x18":0,"3^2x24":0,"2x0":0,"5x0":0,"1x4":0,"+2x0":0,"3x0":0,"5^2":0,"ressembl":0.0035789585485631889,"1+11":0,"02+":0,"1usd":0,"1^3":0,"4an":0,"4e":0,"2=":0,"1=16":0,"1+15":0,"1+tmeg":0,"4min25":0,"plupart":0.0035672751601184913,"10em":0,"1\u00b2=4":0,"5+5":0,"partiel":0.0035789585485631889,"tis":0.0071263840129093771,"ennonc":0.0035789585485631889,"n\u00e9anmois":0.0035789585485631889,"mulitpl":0.0035789585485631889,"2x":0,"2m":0,"1m":0,"1eur":0,"3e":0,"10h":0,"3+2":0,"5xtaux":0,"1+g":0,"10min15":0,"1+rd":0,"10^1":0,"10^2":0,"5an":0,"5min08":0,"1an":0}