{"le":0.00090843428752534149,"en":0.0041273123374835118,"sur":0.0057718022515798606,"du":0.003921124470444376,"la":0.0039697997822360411,"pour":0.0027686802018874954,"dan":0.0035914391800888788,"(":0.0045034610895307746,")":0.0044018641718141308,":":0.0060663205887293015,"rentabl":0.0096402631922522988,"4":0.010518082442902459,"1":0.005930421699644868,"cour":0.0079261830859132902,"par":0.0058770206781798544,"je":0.002234082682430407,"calcul":0.0084670007185602223,"pas":0.0026299042291220917,"\u00e0":0.0030576033932300326,"fin":0.0098605375083822382,"pourquoi":0.0069314613449413991,"elle":0.0094029025741732049,"cet":0.0071801818020992827,"1+r":0,"ne":0.0042628151212366905,"comprend":0.0063345150492505331,"01":0,"effect":0.010679595088376818,"catherin":0.011124057549593348,"part":0.0086805217547899199,"1+7":0,"effectu":0.010392316644582159,"1+3":0,"1+tap":0,"1+6":0,"1\u00b0":0,"1=1":0,"p\u00e9riod":0.010330532728539491,"1mais":0,"1+teg":0,"04":0,"1+tri":0,"1er":0,"1+2":0,"1+ta":0,"2013":0.031874491040033766,"1min45":0,"1+n":0,"1+0":0,"1+5":0,"1=5":0,"1+taeg":0,"1=9":0,"1+r2":0,"1+2r+r":0,"1+1":0,"22":0.026662995150038865,"1x":0,"1+taux":0,"1x4x":0,"1x08":0,"1=r":0,"1+rn":0,"1+4":0,"1+i":0,"1+":0,"1\u20ac":0,"04\u20ac":0,"1+x":0,"1+9":0,"1=":0,"1\u2212":0,"1+f3":0,"1+a2":0,"1+12":0,"1+41":0,"rajout":0.011159837866022947,"4em":0,"1x4":0,"2010":0.030345933512203029,"1+11":0,"1usd":0,"1^3":0,"4an":0,"4e":0,"1=16":0,"1+15":0,"1+tmeg":0,"4min25":0,"1\u00b2=4":0,"revoi":0.011342445422150607,"1m":0,"1eur":0,"1+g":0,"1+rd":0,"1an":0}