{"le":0.0014334486394591229,"en":0.0065126232420234928,"la":0.003183924869251085,"de":0.0042630089281917877,"nous":0.0065799489375299733,"un":0.0037255503066620662,"est":0.0075491765064813485,"(":0.007106160853120492,")":0.0069458477017192138,":":0.0048393079244233661,"on":0.0037679795246026593,"taux":0.0052542889868162817,"int\u00e9r\u00eat":0.0070709187070609495,"comment":0.0047523583425795176,"par":0.004688297020232682,"ce":0.0068197682976550815,"mais":0.0054653338622247813,"\u00e0":0.0024391530441191696,"plus":0.018153023842668502,"avec":0.0056473894794734428,"peu":0.0078885685735458743,"quel":0.0066467006080972177,"sembl":0.0079339020910161075,"bas":0.0080965001334706715,"emprunt":0.0079567519764283546,"rent":0.0078437147848384129,"principal":0.017609478886153055,"global":0.0088175186898131856,"rembours":0.0081922927636521453,"det":0.0082655852551190602,"perp\u00e9tuel":0.00870669816879357,"difficil":0.0089025779350770003,"sort":0.00870669816879357,"limit":0.0088456825374783037,"croissanc":0.016697846430131186,"jusqu":0.0084933880801459308,"cr\u00e9":0.0089602474434401433,"facil":0.0089602474434401433,"\u2026":0.0090187124183494852,"derri":0.0089893791284148573,"r\u00e9\u00e9chelon":0.0090482501231031309,"tenabl":0.0090482501231031309,"cercl":0.0090482501231031309,"vicieux":0.0090482501231031309}