{"j":0.0064549419479739412,"ai":0.0072990477361660581,"le":0.0033274114341209108,"du":0.011605945657370135,"une":0.0038758619648172378,"la":0.0010381481409856193,"merc":0.0019313900674195331,"de":0.0016856907611706117,"quiz":0.0063769270164908609,"vous":0.0028758812740308048,"mal":0.0074638491542927199,"un":0.0070555333773851458,"dan":0.0027417757756321346,"est":0.0024614787967717849,"financ":0.0078865332152954822,"(":0.0034380313580785206,"capital":0.00779381325006999,")":0.0033604702596145087,"bonjour":0.0010773399614553134,":":0.0091647933254738311,"on":0.0036059031152051351,"taux":0.0050282802499429192,"conten":0.0086027086907616256,"calcul":0.0064846725045509613,"ou":0.0055074950977023742,"il":0.0032618083626534461,"qu":0.0052424466843852694,"derni":0.0072579002608448503,"aur":0.0070810834219764236,"co\u00fbt":0.0076364846487407875,"compr":0.0067667691999579154,"avec":0.0054044718618680423,"peu":0.0075492485583126987,"financi":0.007981422264153026,"demand":0.0078399083127291859,"petit":0.008384867255463278,"definit":0.0086027086907616256,"context":0.0085471417688936964,"list":0.0086307802343737541,"svp":0.00744277730501981,"lien":0.0084382406816103182,"nominal":0.016488946458967608,"voul":0.008384867255463278,"vocabulair":0.01696912394224618,"basiqu":0.0086027086907616256,"simo":0.0082288356395529613}