{"le":0.0025811599760621781,"en":0.0059808262917522125,"l":0.0043968334372734095,"la":0.003863823827447585,"et":0.0090017194321472087,"vous":0.0054588528475006089,"m":0.0099277915741478005,"int\u00e9r\u00eat":0.012844340150313873,"comment":0.016926715148227998,"je":0.0032373756460541839,"calcul":0.0062199169109370478,"pas":0.007472421098919867,"\u00e0":0.0044307271339514937,"actualis":0.013551212895590165,"ne":0.012112056895454694,"comprend":0.0091792505762132662,"fair":0.012844340150313873,"slid":0.015915732303248779,"simpl":0.015195627890062608,"compr\u00e9hens":0.015428259049432643,"capitalis":0.01533436147519881,"aid":0.012743691584273693,"compos":0.01576622264124946,"distinct":0.016436167231027709}