{"ai":0.0076235544281139898,"question":0.0070416672860756022,"le":0.0028058806389172609,"sur":0.0091075185055952169,"l":0.004787786542869754,"\"":0.022656234362282961,"dan":0.0056670511858624437,"comm":0.013281456810254239,"r\u00e9pondr":0.017276291107586765,"4":0.016596831685612514,"vos":0.015127002704977332,"vid\u00e9os":0.015968332397551008,"je":0.00690041033286841,"pas":0.0081229841938286074,"\u00e0":0.0094440184395974194,"n":0.0080472633989846394,"exercic":0.012853098070835322,"compr":0.013986419954504729,"ne":0.006726437585758839,"expos":0.016903602090468803,"concept":0.017114534533202903,"04":0,"parvien":0.016851687854176279,"04\u20ac":0,"4em":0,"4an":0,"4e":0,"4min25":0}