{"certain":0.0049754329055385115,"question":0.0020981953134850671,"que":0.0035275874368016448,"le":0.0028774617662436414,"r\u00e9pons":0.0032819506355497435,"une":0.00238706317773549,"autr":0.0041784942571581858,"la":0.00063937395678077954,"et":0.0044108184992258893,"premi":0.0043610927449193055,"merc":0.0023634568424858891,"de":0.002058008585473798,"bien":0.0029111670819870019,"pour":0.0025865084211407841,"d":0.005175174105440032,"quiz":0.003927417386467672,"trouv":0.0062824542229623203,"un":0.0043628836814404758,"dan":0.0016886029623934876,"non":0.0042341358599985697,"(":0.0042071453483180296,")":0.0041122332371045711,"bonjour":0.00066351138797952924,"on":0.0022208011087396277,"comment":0.0028009819606016981,"t":0.0041456945996411988,"\/":0.0030403547454127865,"actif":0.0083242811647136986,"prix":0.0087124502948356906,"je":0.0010504086096456229,"arbitrag":0.0051477912209828749,"pas":0.0024568635376453858,"ce":0.0060172231809244667,"il":0.0020088802712784118,"pratiqu":0.0050679695843452409,"exist":0.0049906196069853708,"c":0.0038298188540260274,"qui":0.0030968137516061748,"\u00e0":0.0042569276691011978,"fois":0.0047859738670659232,"dont":0.0049304189905015929,"illustr":0.0050837311804430383,"avanc":0.0028264740664357417,"cet":0.0033759380720596276,"avec":0.0033285023805488113,"votr":0.0036992859341115529,"don":0.0038394089030182044,"alic":0.0052302477057718432,"compris":0.0053155189425256903,"ne":0.0039823332435896122,"comprend":0.0029783271666668928,"s":0.0037083868720259824,"ponder":0.0051155558744451629,"formul":0.0035154471560400725,"t=0":0.004871634991404584,"notion":0.0049008540928495098,"fonction":0.004871634991404584,"\u00e9quat":0.0049603379671982247,"final":0.0048142024690484737,"sujet":0.0050212728099017258,"\u00e9t\u00e9":0.0046627497542167896,"son":0.0049008540928495098,"plut\u00f4t":0.0050837311804430383,"ont":0.0048571526047903072,"but":0.0052810604004202132,"t=1":0.0051477912209828749,"modul":0.0052640077424359949,"ensembl":0.0052810604004202132,"fa\u00e7on":0.0050679695843452409,"th\u00e9oriqu":0.0052135372441712317,"con":0.0053155189425256903,"rapid":0.0052640077424359949,"assur":0.0053155189425256903,"permettent":0.0052470706965810328,"t\u00e2ton":0.0053329281049264441}