{"ai":0.0037694206472470098,"que":0.0029460655429036976,"le":0.0014022767814306075,"l":0.0069512803346502353,"la":0.0020991145419177121,"et":0.004890398994916334,"merc":0.0019738415816847044,"de":0.0017223476398064974,"bien":0.0095575884675050769,"pour":0.0021601231641934725,"d":0.0021890923868683652,"vous":0.0058149737641638964,"dan":0.0028020393833903829,"est":0.0025155815407059421,"bonjour":0.0011010196486990528,"on":0.0036851600452868331,"qualit":0.0087633028945217333,"cour":0.0061840048106124772,"vid\u00e9os":0.0078954459378501492,"je":0.0051182074520992778,"pas":0.0020518502068473453,"ce":0.0033719934281339248,"peut":0.0065006073822883948,"qui":0.0051388007058365982,"\u00e0":0.0047197758869601328,"n":0.0039789210001708007,"concern":0.0074174272573101982,"compr":0.0069155012474437618,"th\u00e9orem":0.008678985162792122,"entre":0.0074380003957867768,"cordial":0.006843404145089862,"ten":0.0085691647300704856,"grand":0.0081323949360775066,"remerci":0.00823110147770615,"entrepris":0.0079651194921112334,"rapport":0.0079185405875240224,"abord":0.0081323949360775066,"s\u00e9par":0.017226542127426615,"ver":0.0083837130263159886,"revien":0.0087350060003865138,"origin":0.0087350060003865138,"observ":0.0087350060003865138,"gestion":0.0088204828203089676,"propriet":0.0088493712918828928,"youssef":0.0088493712918828928}