{"j":0.0035688292026131306,"ai":0.0040355211436522509,"certain":0.0088389888152111077,"question":0.0073693022120766361,"le":0.0015001441846809438,"r\u00e9pons":0.0058304725458978718,"quand":0.0080975815635779217,"apres":0.0077266130979589745,"la":0.0033304258254552676,"vrai":0.0085024097971048204,"et":0.0026462739947447239,"de":0.00093199016560158252,"pour":0.0023126160537063887,"d":0.0023436303451745172,"\u2019":0.0081203997477656328,"\u00e9chec":0.0093819441841546201,"quiz":0.0069771613869037009,"mal":0.0081663911132014207,"un":0.0039008861365712488,"(":0.0037616393564669746,")":0.0036767777452348721,":":0.0050670606055769531,"on":0.0039453122037093171,"je":0.0018660788173273952,"n":0.0042598110764948578,"aur":0.0077475971892877688,"expliqu":0.012141905165414676,"sont":0.0070664627306880551,"compr":0.0074036978397184518,"don":0.0068208119765865421,"demand":0.008577847200537711,"absolu":0.0092916740813927638,"10":0.012458219434487071,"rien":0.0089479053744812159,"cf":0.007522054908418248,"svp":0.0081433358559094057,"ni":0.018080122945793517,"10iem":0,"10+1":0,"besoin":0.0091451879442809546,"+10":0,"affich":0.0092032035030595247,"10^7":0,"q2":0.0094124468956197169,"10em":0,"libel":0.0094740885399735696,"r\u00e9dig":0.0094740885399735696,"10h":0,"10min15":0,"10^1":0,"10^2":0}