{"le":0.0046146136341681642,"du":0.010315141534660146,"pour":0.0072834536016257488,"quiz":0.042431643635824703,"m":0.018022845531465718,"format":0.025865951380776304,"je":0.0058771098043697663,"vu":0.026699553024494064,"certif":0.025219056127265448,"difficult":0.028443832322968023,"rencontr":0.029077231386670409,"lor":0.026163358991933276,"inquiet":0.0298381065840999}