{"j":0.005948536658987231,"ai":0.0045134640508179402,"a":0.0025709605654022677,"question":0.0020981953134850671,"alor":0.0041784942571581858,"que":0.0035275874368016448,"le":0.0012647615000327555,"me":0.0031111301500675297,"r\u00e9pons":0.0032819506355497435,"en":0.0019405568326025147,"sur":0.0053920330411194517,"l":0.0028345704943800827,"une":0.0093642171528739819,"la":0.0012703898444526363,"et":0.0044108184992258893,"merc":0.0023634568424858891,"de":0.0035342448419256097,"pour":0.0038546763077263726,"d":0.0076652961583682658,"\"":0.0068525648673958186,"un":0.014792738395707215,"euros":0.019110951220121804,"an":0.0042910450337208137,"est":0.0030121304872593197,"euro":0.010325939857472937,"comm":0.0039574562817864126,"si":0.0033679693102961462,"\u00e9gal":0.0045580976069767021,"(":0.0062699132795284336,")":0.0061284656571582554,"bonjour":0.00066351138797952924,"taux":0.012148499764282302,"int\u00e9r\u00eat":0.016348749461920841,"comment":0.0028009819606016981,"t":0.0041456945996411988,"1":0.0055402157521083004,"actif":0.0083242811647136986,"cour":0.0037266888197770099,"vos":0.0045073708957283163,"par":0.0027632249996717732,"je":0.002087085994146841,"valeur":0.010459815459896977,"ou":0.0067395640027358055,"ce":0.0060172231809244667,"qui":0.0030968137516061748,"qu":0.0032287144266572639,"\u00e0":0.0042569276691011978,"aur":0.0043610927449193055,"sont":0.0039776847704029086,"avec":0.0066134936786852068,"peu":0.013767510780553107,"march":0.0045838525226570941,"offre":0.0052302477057718432,"demand":0.009593755947465428,"1+r":0,"%":0.0029988323818801055,"vaut":0.0052135372441712317,"1000":0.017045461481000831,"mani":0.0049754329055385115,"01":0,"10":0.0070126839409611732,"t=0":0.0096795866539844903,"=":0.0038977353973626075,"1+7":0,"beaucoup":0.0046494259642630795,"banqu":0.0051316215548589126,"1+3":0,"1+tap":0,"1+6":0,"d\u00e9but":0.0051155558744451629,"1\u00b0":0,"1=1":0,"10iem":0,"central":0.0052640077424359949,"1mais":0,"d\u00e9fin":0.0050523068076811948,"1+teg":0,"argent":0.0051155558744451629,"ont":0.0048571526047903072,"1+tri":0,"1er":0,"1+2":0,"t=1":0.0051477912209828749,"10+1":0,"1+ta":0,"1min45":0,"soi":0.0053155189425256903,"1+n":0,"1+0":0,"1+5":0,"1=5":0,"1+taeg":0,"1=9":0,"1+r2":0,"1+2r+r":0,"1+1":0,"+10":0,"1x":0,"1+taux":0,"1x4x":0,"1x08":0,"1=r":0,"1+rn":0,"retard":0.0052640077424359949,"1+4":0,"1+i":0,"1+":0,"1\u20ac":0,"1+x":0,"1+9":0,"1=":0,"1\u2212":0,"1+f3":0,"1+a2":0,"1+12":0,"1+41":0,"10^7":0,"1x4":0,"1+11":0,"1usd":0,"1^3":0,"1000\u20ac":0,"1=16":0,"1000\u20ac+3":0,"1+15":0,"1+tmeg":0,"10em":0,"1\u00b2=4":0,"1000+413":0,"conceptuel":0.0053329281049264441,"simplist":0.0053329281049264441,"1100":0.035230473597764822,"incident":0.0053329281049264441,"1m":0,"1eur":0,"10h":0,"1+g":0,"10min15":0,"1+rd":0,"10^1":0,"10^2":0,"1000k":0,"1an":0}