{"question":0.0047290505898062753,"le":0.001897446351391917,"r\u00e9pons":0.014579713891725474,"l":0.0032153869040641957,"r\u00e9sultat":0.0096197820981253519,"la":0.0028403502656958002,"et":0.0066172882933196349,"merc":0.0026809804853034813,"de":0.003446325261898405,"pour":0.0029339984033124825,"vous":0.0078683473179923802,"trouv":0.020771310888712664,"2em":0,"dan":0.0075014376516645102,"bonjour":0.0014954656034647106,"comment":0.012443062110413655,"1":0.012386869552072806,"\/":0.026262144143893457,"3":0.0361885007338862,"2":0.01771564399889532,"actif":0.0094426244455149203,"san":0.0091750285243653012,"risqu":0.009080790039388411,"fond":0.010569756915061134,"indic":0.010786942661335138,"je":0.0023674800067737239,"pas":0.0027869361018468776,"\u00e0":0.0032401732304019556,"votr":0.0083376939297013647,"1+r":0,"ne":0.0045173482841385157,"comprend":0.0067127496442491528,"01":0,"2e":0,"003":0,"02":0,"arriv":0.0091042022063440031,"1+7":0,"1+3":0,"1+tap":0,"1+6":0,"1\u00b0":0,"2\u00b0":0,"1=1":0,"3\u00b0":0,"1mais":0,"1+teg":0,"1+tri":0,"3h":0,"1er":0,"1+2":0,"1+ta":0,"1min45":0,"3iem":0,"3em":0,"1+n":0,"1+0":0,"1+5":0,"1=5":0,"1+taeg":0,"1=9":0,"1+r2":0,"1+2r+r":0,"3+":0,"3+1":0,"1+1":0,"1x":0,"1+taux":0,"1x4x":0,"1x08":0,"2x3":0,"1=r":0,"2min54":0,"1+rn":0,"2i\u00e8meann":0,"3m":0,"1+4":0,"1+i":0,"1+":0,"3=":0,"1\u20ac":0,"1+x":0,"1+9":0,"1=":0,"1\u2212":0,"1+f3":0,"1+a2":0,"1+12":0,"1+41":0,"2\u20ac":0,"2^2x4":0,"3^2x24":0,"2x0":0,"1x4":0,"+2x0":0,"3x0":0,"1+11":0,"02+":0,"1usd":0,"1^3":0,"\u00eate":0.011980466179063579,"2=":0,"1=16":0,"1+15":0,"1+tmeg":0,"1\u00b2=4":0,"elisabeth":0.012019704094232957,"2x":0,"2m":0,"1m":0,"1eur":0,"3e":0,"3+2":0,"1+g":0,"1+rd":0,"1an":0}