{"j":0.0067419207339701028,"ai":0.0076235544281139898,"correct":0.0074397289127328655,"question":0.0035599572373754187,"que":0.0030122747743333168,"le":0.0034707966619946322,"me":0.01044113637069656,"en":0.0065126232420234928,"r\u00e9sultat":0.007241625407014036,"une":0.0040500723555315973,"la":0.0010848103273333775,"et":0.0025273300853889172,"merc":0.0020182012648567089,"quiz":0.0066635540834979311,"trouv":0.0053647085198521571,"dan":0.008408826961494564,"est":0.0050876977097095754,"(":0.0035925623479888696,")":0.0035115150703496694,"bonjour":0.0011257637230136467,"utilis":0.0059502785511691813,"3":0.007108263825108695,"je":0.0035252332783395957,"calcul":0.0067729730745542021,"ce":0.0068197682976550815,"cas":0.0070155108137691337,"c":0.0064979610142112832,"ann\u00e9":0.0068889747461872786,"suis":0.0069972013102276368,"car":0.0068535047192910831,"petit":0.0087617462604231908,"dit":0.0076689005875952903,"donc":0.0068889747461872786,"diff\u00e9rent":0.007089550136967159,"\u00e7a":0.0083151605977908986,"raison":0.0073395199079201619,"direct":0.0085987014100328343,"final":0.008168140883611643,"003":0,"annuit":0.008572126755717193,"ta":0.0082165830506373931,"const":0.0081441258421525789,"3\u00b0":0,"pos":0.0081202460974194764,"3h":0,"3iem":0,"3em":0,"3+":0,"3+1":0,"3m":0,"3=":0,"3^2x24":0,"3x0":0,"simo":0.0085987014100328343,"facilit":0.0090482501231031309,"3e":0,"3+2":0}