{"ai":0.013727463282259132,"question":0.012679679803821134,"le":0.0025811599760621781,"de":0.003170311918163699,"r\u00e9solu":0.027467981480894195,"bonjour":0.0040096896088264201,"je":0.0063477621686996643,"pas":0.007472421098919867,"derni":0.027012761337188426,"n":0.014490420954410178,"compr":0.025184848902983302,"deux":0.026354676919231303}