{"j":0.0037450851703267705,"que":0.0033098122689888374,"le":0.00079626970620020536,"r\u00e9pons":0.0061184256875199423,"l":0.0052550647696494963,"la":0.0023552001717860194,"chois":0.0092194124898283807,"et":0.0027769671597293781,"de":0.0019324688463363173,"bien":0.0054271868876261094,"pour":0.0024268306482848178,"2em":0,"est":0.0028261769895533305,"m":0.0060051723121159421,"si":0.0062787872918274529,"on":0.0041401617694683205,"projet":0.015391916245409537,"1":0.0051981912277698026,"2":0.0074344292431771262,"indic":0.0089223235507776937,"invest":0.0079145775619799755,"pas":0.0023051893754057677,"\u00e0":0.0026800804296327396,"chacun":0.0095367517503522885,"aur":0.0081302325474196489,"fois":0.0089223235507776937,"plus":0.0067959277718458323,"car":0.0075304597703916157,"1+r":0,"auss":0.0089749491453317339,"soit":0.0087679232596491203,"ne":0.0037364844004506423,"01":0,"van":0.0072664116638623544,"deux":0.0081302325474196489,"2e":0,"02":0,"1+7":0,"1+3":0,"1+tap":0,"1+6":0,"1\u00b0":0,"2\u00b0":0,"1=1":0,"1mais":0,"net":0.0093323226395149346,"1+teg":0,"compar":0.0093038374402317128,"tendanc":0.0098773052124385662,"introduit":0.0098773052124385662,"1+tri":0,"1er":0,"1+2":0,"1+ta":0,"1min45":0,"appar":0.0098773052124385662,"1+n":0,"1+0":0,"1+5":0,"1=5":0,"1+taeg":0,"1=9":0,"1+r2":0,"1+2r+r":0,"1+1":0,"1x":0,"1+taux":0,"1x4x":0,"1x08":0,"2x3":0,"1=r":0,"2min54":0,"1+rn":0,"2i\u00e8meann":0,"1+4":0,"1+i":0,"1+":0,"1\u20ac":0,"1+x":0,"1+9":0,"1=":0,"1\u2212":0,"1+f3":0,"1+a2":0,"1+12":0,"1+41":0,"2\u20ac":0,"2^2x4":0,"2x0":0,"1x4":0,"+2x0":0,"1+11":0,"02+":0,"profit":0.0098773052124385662,"faibl":0.0098773052124385662,"1usd":0,"1^3":0,"2=":0,"1=16":0,"1+15":0,"1+tmeg":0,"1\u00b2=4":0,"moindr":0.0099419911906790323,"2x":0,"2m":0,"1m":0,"1eur":0,"1+g":0,"1+rd":0,"1an":0}