{"j":0.0034867798399691894,"ai":0.0077968760553230321,"le":0.0028683148977609622,"tout":0.0071580705230496564,"en":0.0033681919918139161,"au":0.0051224284108571739,"l":0.0048966369435804145,"la":0.0011097506678612735,"de":0.0035230101929951112,"pour":0.0022594477280527482,"vous":0.0030742348211647238,"un":0.0075367529075186131,"quelqu":0.0079786412524211099,"m":0.0055909846642019255,"bonjour":0.001151645602913269,"pourcentag":0.0089349350015125294,"je":0.0036053795111571983,"pas":0.0021461962748298953,"exercic":0.0066473524390051391,"vid\u00e9o":0.0068167525770788445,"compr":0.0072334827202858859,"avec":0.011424615312052008,"14":0.017785854233287435,"%":0.010293069504326416,"ne":0.0034787722808220949,"comprend":0.0051694325789550487,"raison":0.0075082591992069302,"chos":0.0082826427847019577,"obten":0.0077800068876122007,"38":0.019033270179376331,"effectu":0.0084808986663747806,"taeg":0.016974160909321696,"15":0.013812733279131125,"nombr":0.0085576456618502213,"09":0,"9":0.014673234816021013,"point":0.008455615259195224,"9+":0,"impossibl":0.0091366500712793345,"\u00e9chapp":0.0091072527244687486,"0014^2+1":0,"retourn":0.0091662480841262755,"9=":0,"9=850":0,"15x4":0,"15an":0,"lir":0.0090780533410907954,"15\u20ac":0,"14=12":0,"plais":0.0091662480841262755,"horm":0.0092562739901016055,"recommenc":0.0092562739901016055,"38xcf=60":0,"15h":0,"14em":0}