{"j":0.0073999184825018988,"ai":0.0083675978316849302,"r\u00e9pons":0.012089404985399236,"sur":0.0099963937842970467,"la":0.0046008156699079115,"\u2019":0.016837537681768572,"(":0.007799707696306917,")":0.0076237483074542587,"bonjour":0.0024441128988417133,"utilis":0.012918476818281241,"2":0,"je":0.0038692888749159858,"pas":0.0045548265764123507,"mais":0.011865627498975699,"suis":0.015191420391783396,"essai":0.018383464060486677,"m\u00eam":0.026619371203081183,"ne":0.0073829242105226175,"formul":0.012949513595294984,"tomb":0.0190223726468568,"2x":0.015432544989822432}