{"j":0.0077795638450557023,"ai":0.0087968890083412986,"question":0.0081254441262774112,"le":0.0016540694631859982,"r\u00e9sultat":0.016528688044439643,"la":0.0024760313438075489,"merc":0.0046064546621536395,"trouv":0.012244708693175295,"est":0.0058707408050052631,"5":0.015403930771425513,"r\u00e9solu":0.017602143921439425,"je":0.004067798842453659,"pas":0.0047885073650670816,"c":0.014831307129584694,"mais":0.012474381563554796,"concern":0.017310427892323097,"votr":0.014325807026430234,"comprend":0.011533831396434574,"cordial":0.015970800910093636,"05":0,"5iem":0,"5em":0,"0005+1":0,"5e":0,"5=>":0,"5^2x18":0,"5x0":0,"5^2":0,"5+5":0,"5xtaux":0,"5an":0,"5min08":0}