{"question":0.0048745824606319949,"le":0.0028897487866321424,"me":0.0072278592773486819,"au":0.0068564124338383672,"l":0.0033143372668675993,"du":0.0042831291314435836,"la":0.0014854103693195809,"et":0.0068179332275637699,"de":0.0024012051399200105,"pour":0.0030242893123490957,"d":0.0030648477915946304,"bonjour":0.0015414870834414447,"ma":0.010022808675344752,"on":0.0051594234643644018,"je":0.0024403368705321598,"peut":0.0091012020776939338,"fin":0.01077087855083003,"se":0.0099423839044703241,"pai":0.021841783788392462,"effectu":0.011351752411611517,"suivr":0.011884593765741833,"niveau":0.011454478894410619,"avant":0.011054051529041256,"certificat":0.023053629930583571,"situ":0.012229481044492927,"certifi":0.012229481044492927,"obtent":0.012308987695494997,"modal":0.012269098227403779,"trajectoir":0.012269098227403779,"nomm":0.012389598640799216,"saturnin":0.012389598640799216,"kouass":0.012389598640799216}