{"question":0.0040106301736411217,"alor":0.007987052034879134,"le":0.0016127002662108898,"au":0.0056412082085313831,"sur":0.0051872499852079644,"l":0.0027269168498996002,"une":0.0045627914358039347,"lieu":0.0093959912615539983,"merc":0.0022736955389055439,"de":0.0019808004625091829,"pour":0.0024882758816547057,"d":0.0025216459316995767,"dan":0.0032277080921634155,"est":0.008481979979914199,"(":0.0040473629296046794,")":0.0039560554684423405,"bonjour":0.001268279828899799,"\/":0.0058115364199684046,"par":0.0052818121787888391,"je":0.0020078209294537804,"calcul":0.007619928039064027,"pas":0.0023635547579402682,"il":0.0038399074573468688,"\u00e9nonc":0.008861889374414688,"avanc":0.0054027106547257023,"pourquoi":0.012305094281137708,"avec":0.00636232098826503,"ne":0.0038310889234860258,"comprend":0.0056929727775289511,"12":0.013743322027840196,"k":0.0098398307658910545,"15":0.030047632743901074,"mois":0.009339811381467493,"p\u00e9riod":0.00928428477060852,"tpp":0.009965502090529637,"dur":0.0095686089015470047,"12^3+2":0,"12^4+189":0,"12^4":0,"12\u20ac":0,"15x4":0,"15an":0,"12=":0,"15\u20ac":0,"k=12":0.010193713728180523,"tpp=tap":0.010193713728180523,"gwenvael":0.010193713728180523,"12^5":0,"15h":0}