{"ai":0.0043420480090347012,"le":0.0023897808706133949,"en":0.0073270216644145229,"l":0.0027269168498996002,"du":0.0035240037625585215,"et":0.0028472775438967619,"de":0.0019808004625091829,"pour":0.0024882758816547057,"d":0.0025216459316995767,"un":0.0041971865045021366,"est":0.0028977333236512386,"5":0.007603211416440046,"m":0.0061572180324900192,"cour":0.0071234410506536821,"je":0.0039660609316137805,"pas":0.0023635547579402682,"c":0.0073205706622343795,"\u00eatre":0.008136624186797942,"n":0.0045833743759842701,"suis":0.0078830123045325572,"exercic":0.0073205706622343795,"car":0.0077211244376197514,"vu":0.0091214769085616616,"fair":0.0079660619583199511,"notion":0.0093678187035635668,"entre":0.0085679359859485923,"princip":0.0094815201401146632,"\u00e9t\u00e9":0.0089126902229794119,"approfond":0.010127389957442442,"c\u00f4t":0.0099974435790460541,"tir":0.010160436696450665,"bet":0.0099022530237656697,"05":0,"all\u00e9":0.010160436696450665,"5iem":0,"5em":0,"0005+1":0,"5e":0,"personnel":0.010029600163381454,"5=>":0,"5^2x18":0,"5x0":0,"5^2":0,"5+5":0,"vernimmen":0.010193713728180523,"capabl":0.010193713728180523,"pont":0.010193713728180523,"m\u00e9rit":0.010193713728180523,"cl\u00e9":0.010193713728180523,"5xtaux":0,"5an":0,"5min08":0}