{"tout":0.013840605455317517,"l":0.004787786542869754,"la":0.0021457767282654708,"et":0.0049991099321514227,"merc":0.003992042846541418,"de":0.0017606345007277935,"d":0.0044273819563357807,"dan":0.0056670511858624437,"est":0.0099588308275379098,"bonjour":0.0022267833717127023,"oblig":0.015515026198018219,"calcul":0.0067729730745542021,"pas":0.0041498132456143045,"\u00e9nonc":0.015559269690524393,"n":0.0080472633989846394,"elle":0.014837152325714335,"quel":0.013147307990385628,"indiqu":0.015254358911354697,"emp\u00each":0.017781173398969771,"dat":0.017008404984774565,"\u00e9miss":0.017553019936276622,"nathal":0.017666320611493463}