{"a":0.0070591301141563652,"le":0.0023043575501452301,"sur":0.0074512004279548493,"du":0.0050620383475962032,"apres":0.011941894422973666,"et":0.0040899582079307138,"de":0.0014404407234786764,"pour":0.0035742719874935721,"d":0.003622206236254334,"est":0.0041624351714029647,"je":0.0028841247696688587,"calcul":0.010887974086862564,"pas":0.0066710820471616201,"ce":0.005579506692939675,"il":0.010838055524379815,"qu":0.008865136068573358,"n":0.0065837661977345583,"y":0.010182180853157028,"don":0.010541930270181016,"demand":0.013257522325309716,"s":0.010182180853157028,"manqu":0.014224043988395108,"erreur":0.012410520922997426,"cf":0.011625738783771896,"imp\u00f4t":0.013786994083367343,"cmpc":0.013661130678974835,"fre":0.014642711323044665}