{"le":0.0013724319994581381,"l":0.0045839880670498784,"la":0.0020544388996562315,"merc":0.0038221162551514169,"bien":0.0093541734585905947,"pour":0.004182829025187601,"vous":0.0056912131582227158,"\"":0.021711106512571549,"bonjour":0.0021319973880284592,"je":0.0033751770545288147,"pas":0.0039731709482143029,"il":0.0064549419479739412,";":0.015112189194988936,"ne":0.0064401178604743649,"comprend":0.0095699725054665102,"s":0.01191580320728775,"va":0.013677787124211154,"fiscal":0.016284419698257061,"express":0.016914330274888024,"plait":0.015607021754671149,"desol":0.017079846264568117,"retard":0.016914330274888024,"differ":0.017024294201338105}