{"j":0.0041555542791808552,"au":0.0061049249678818886,"du":0.0075256551161840581,"une":0.0049378605309320636,"la":0.003863823827447585,"et":0.0030813285249668269,"merc":0.0048555704300912257,"de":0.0010852118442609498,"pour":0.0026928163250416258,"d":0.0027289294490689051,"dan":0.0034930311012244617,"(":0.0043800629385838301,")":0.0042812498512454014,"bonjour":0.0013725345542115845,"utilis":0.0072545977026164518,"aim":0.0093761128800998825,"savoir":0.0088290117158650056,"calcul":0.0041746941789044837,"il":0.0082002804619808883,"exist":0.010323557336930878,"\u00e0":0.00297382280813054,"fois":0.0099002287332320572,"cet":0.0069834395320479909,"lorsqu":0.0095630809160835804,"le\u00e7on":0.009757068137464903,"s":0.0076711405628463875,"flux":0.017802048305392552,"futur":0.0099293429906218717,"solut":0.0098138573575000301,"etant":0.01092436092849523,"uniqu":0.010418964976358263,"tri":0.019365980405684515,"posit":0.010260916969758567,"regl":0.010716234800844021,"existent":0.01092436092849523,"negat":0.010995641603679334}