{"j":0.0049731748207117784,"que":0.0043951670759952294,"le":0.0020811920600434346,"me":0.0077018995843027007,"au":0.0073060913401399759,"l":0.0069512803346502353,"du":0.0045640388407064891,"la":0.0015828312460142405,"merc":0.002944728624231611,"de":0.0025562259035216109,"pour":0.0032226378106986111,"bonjour":0.0016425857604024444,"projet":0.010344261290875057,"aim":0.011220897468497431,"savoir":0.01056615214415256,"cour":0.0092257738144587292,"je":0.0026003867545695562,"choix":0.012784138757912383,"suis":0.010209516437500196,"car":0.0099998507951761569,"toujour":0.011347764360803498,"van":0.0096492159403930352,"compt":0.010884864277333555,"import":0.012430640025269633,"fil":0.01298962424182966,"rest":0.012169019091380458,"ip":0.012947977322649115,"criter":0.012947977322649115,"rendu":0.013159074406740303,"predomin":0.013202172449634623}