{"j":0.0025926826752231832,"a":0.0033181096016033592,"certain":0.0064213476932181313,"le":0.0021506157351228569,"en":0.0025045037039329019,"sur":0.0069459340057135893,"l":0.0018411980372031701,"du":0.0023793863795143685,"autr":0.0053928100265325232,"la":0.0008251829660706957,"et":0.0038126178557527719,"merc":0.0015351857038048756,"de":0.0013427643372587925,"d":0.0050228975967943042,"vous":0.0022859244707781872,"exempl":0.0051336431240672281,"un":0.0028339153627473072,"dan":0.0021793293052462799,"est":0.001956532304254644,"si":0.004346737735609933,"financ":0.0062686938536864701,"(":0.0027327553761352778,")":0.0026711051214601878,"bonjour":0.00085633499667606605,"rentabl":0.005849829840259905,"t":0.0053504784326524014,"prix":0.0056591806109199897,"ou":0.0043776903901471369,"cas":0.0053364905144639057,"il":0.0025926826752231832,"c":0.004942805767990068,"\u00eatre":0.0054938002538448463,"qui":0.0039967814294242171,"qu":0.0041670138718173993,"sont":0.010181002434946929,"elle":0.0057057965085083881,"y":0.0047860843344378458,"pr\u00e9sent":0.0064409478148869078,"financi":0.012581605939008764,"don":0.0049551827892750332,"lign":0.0066021919172763021,"diff\u00e9rent":0.0053928100265325232,"imagin":0.0066647999055349516,"pai":0.006158766953622408,"viennent":0.0067719263737104516,"nombr":0.0063632522460534699,"import":0.0064805091711696078,"analys":0.026250812566365068,"peuvent":0.0066437952052835836,"souvent":0.0067072243345336459,"retour":0.0065407765349440846,"com":0.0063061850910631611,"gratuit":0.0068157938542864494,"yahoo":0.0068379534610014427,"observ":0.0067937855088642234,"sit":0.0068157938542864494,"accessibl":0.0068827348765064158,"simiair":0.0068827348765064158}