{"j":0.0067419207339701028,"que":0.0059583403172370217,"au":0.0099045560363629579,"la":0.0021457767282654708,"merc":0.003992042846541418,"de":0.0017606345007277935,"bien":0.0097700485144439526,"d":0.0044273819563357807,"vous":0.0059442375008358622,"bonjour":0.0022267833717127023,"appliqu":0.015427233538519712,"pas":0.0041498132456143045,"\u00e0":0.0048246939643489875,"derni":0.015001552149394548,"exercic":0.012853098070835322,"concern":0.015001552149394548,"notion":0.016447555533868428,"arriv":0.013556370697412244,"taeg":0.016596831685612514,"pouv":0.013015271838380948,"cern":0.017723550337961899,"reven":0.017553019936276622}