{"la":0.0029264734428990935,"de":0.0024012051399200105,"bien":0.013324679654098035,"vous":0.0081069260167355474,"\"":0.030668633827622305,"capital":0.021970262812001554,"bonjour":0.0030369526869061564,"je":0.0048078168773058854,"pas":0.0056596374153512052,"il":0.0091948298824374754,"ne":0.0091737135093051415,"comprend":0.013632077542538997,"s":0.016973628002650478,"notion":0.022431660217222291,"plait":0.022231634484450265,"propr":0.023124873231467512}