{"a":0.0031057412161412173,"question":0.0050293567086572791,"le":0.0015237772268669467,"en":0.0046514985815926712,"sur":0.0065048457182735235,"l":0.0034195717279367228,"la":0.0037438932613648996,"et":0.001799421681319093,"de":0.0030719075084431799,"d":0.0031621606416873359,"\u00e9ventuel":0.0063181816512623392,"dan":0.006024159710225018,"est":0.0036337767134420398,"si":0.0080729944140208888,"financ":0.0058674797430915216,"(":0.0050754198270786593,")":0.004960919668134718,"bonjour":0.00080152713843927113,"ma":0.0052115604749266419,"on":0.0053232417797565833,"taux":0.0037409761302858928,"projet":0.0050476549545344926,"ser":0.0053259950960283711,"san":0.0049175550017300992,"savoir":0.0051559303000055208,"calcul":0.0024379209024711864,"invest":0.010176223126775621,"pas":0.0044113132102199812,"ce":0.0024547647687139214,"cas":0.0049949400502950587,"il":0.0071667620289779408,"mais":0.0038912369635410401,"\u00e0":0.0034459320457811736,"x":0.0059380759806034683,"y":0.0044797614202402346,"peu":0.0056165442764578586,"prendr":0.0059921284978197353,"se":0.0051697420016153395,"consider":0.0057144291231490335,"ne":0.0071503032121113452,"s":0.0044797614202402346,"n\u00e9gat":0.0059921284978197353,"emprunt":0.0056650898519496218,"van":0.013905329473440866,"part":0.0049303154923449818,"faudr":0.0062580231502424822,"d\u00e9duir":0.0062779430346727224,"erreur":0.0054601439158969822,"compt":0.010539254024084179,"d\u00e9sol":0.0063181816512623392,"effectu":0.0059025714353938673,"\u00e9conom":0.017589470170659791,"son":0.0059202714951310676,"import":0.0060657382820498307,"entrepris":0.0057984972760316469,"m\u00e9thod":0.0059380759806034683,"posit":0.0059921284978197353,"prend":0.0060657382820498307,"ensembl":0.0063795637985408016,"imposit":0.0064003051278431781,"tax":0.0064003051278431781,"doublon":0.0064422204062847752}