{"j":0.0030641091256903828,"alor":0.0063733825096781143,"que":0.0027079827337667195,"avoir":0.0059601774926065576,"une":0.0036409447447279535,"la":0.0019311386333389817,"merc":0.0018143279043020585,"de":0.0023536282518703214,"bien":0.0087927685519686646,"d":0.005918554504041185,"vous":0.0027015732000243552,"un":0.0098512153424248211,"dan":0.0025755958783173411,"est":0.0023122877880373937,"si":0.0051371033138556494,"bonjour":0.0010120420454991881,":":0.00435045382127177,"taux":0.004723514592943537,"actif":0.0063902057904771216,"san":0.0062091128099498096,"risqu":0.018075646360867236,"aim":0.0069135020527467013,"par":0.0042146976397164611,"je":0.006223167185297006,"invest":0.0064754546908024511,"pas":0.0018860323545082491,"ce":0.0030994897597429343,"il":0.0030641091256903828,"avanc":0.0043111703093094301,"contr":0.0078026658243258318,"lorsqu":0.013963086696572938,"ne":0.0030570722503546191,"s":0.0056563361284513482,"prim":0.01445535736140513,"portefeuill":0.015597331877000813,"va":0.0064927357494981774,"=":0.0059451460454558848,"plait":0.0074085279416565954,"confirm":0.0079521150540373831,"vais":0.0079521150540373831,"bet":0.00790164455577262,"dispos":0.0081076659134136086,"exig":0.0078271705191401576,"decid":0.0081076659134136086,"volatil":0.0079521150540373831,"diversifi":0.0080812957949422202,"detien":0.0081342197972589757,"dependr":0.0081342197972589757,"cel\u00e0":0.0081342197972589757}