{"j":0.012139936849689701,"le":0.0025811599760621781,"du":0.011141201607261758,"merc":0.0071883295533393086,"bonjour":0.0040096896088264201,"comment":0.016926715148227998,"aim":0.027391151844709413,"savoir":0.025792863592892297,"calcul":0.012195851694820792,"sont":0.024037690354703777,"march":0.027700844569464988,"rend":0.029352434156733331}