{"j":0.0030641091256903828,"a":0.007765222871505926,"question":0.0032003397611342142,"le":0.0019162439529848108,"en":0.0029598966074340623,"sur":0.0041392403836458536,"r\u00e9sultat":0.006510095537662422,"avoir":0.017531023325602926,"la":0.0019311386333389817,"et":0.0022720258762838389,"merc":0.0018143279043020585,"de":0.0023536282518703214,"pour":0.0019855553606183533,"d":0.002012183469759786,"quiz":0.011862208905789658,"est":0.0023122877880373937,"r\u00e9solu":0.0069328937837146659,"(":0.0063953446681635842,")":0.0062510673460986817,"bonjour":0.0010120420454991881,"4":0.0075430289723216609,"format":0.0070513634370005934,"san":0.0062091128099498096,"indic":0.00729996028686171,"aim":0.0069135020527467013,"je":0.0016021694535686129,"pas":0.0037347150680609644,"il":0.009012645784677616,"o\u00f9":0.0061138461751544986,"pr\u00e9cis":0.0075202798485641369,"\u00e0":0.0021927562467972798,"n":0.0072423104592974144,"aur":0.0066518967151713328,"possibl":0.0068559120359608363,"y":0.011200658206339628,"car":0.0061611817765650344,"effet":0.0073214277628619066,"deux":0.0066518967151713328,"certif":0.0068750121607213917,"permettr":0.0079521150540373831,"solut":0.0072362741206371877,"retrouv":0.0075202798485641369,"09":0,"ici":0.00729996028686171,"9":0.01289453156399032,"avant":0.0072573847946415812,"04":0,"r\u00e9uss":0.007851833821497279,"9+":0,"post":0.0079521150540373831,"ayant":0.0078766577979667747,"possibil":0.00790164455577262,"04\u20ac":0,"9=":0,"9=850":0,"4em":0,"4an":0,"4e":0,"4min25":0}