{"a":0.0033758187398164512,"que":0.0046225472599596184,"le":0.0037352615232294326,"en":0.0025480624671321717,"sur":0.0035633146906266476,"l":0.0018732204730971768,"du":0.0048001554600014384,"autr":0.0054866027147028387,"la":0.00083953469146790742,"et":0.0019559007044947603,"merc":0.0015618859200728459,"de":0.0026863007479776854,"bien":0.0038225294165765691,"pour":0.0050411894818996467,"d":0.0051087964327755269,"exprim":0.0069343353242182727,"un":0.0057171186734496877,"est":0.0019905606537431752,"(":0.0055130393081771539,")":0.0053886665668952142,"bonjour":0.00087122852359754178,"utilis":0.0046049204563561909,"projet":0.0054866027147028387,"d\u00e9termin":0.011801400936628903,"je":0.0013792467751645233,"calcul":0.0026499242840902076,"ou":0.013135630599724203,"pas":0.0016236135553685707,"ce":0.0052908527508384214,"\u00e0":0.0018876604939512993,"n":0.0031484901042284586,"expliqu":0.0045393125472300653,"sont":0.0052229283364786357,"avanc":0.0037113226276133259,"mar":0.0064351026267720664,"lorsqu":0.0060702507211916456,"effet":0.018588605164417665,"part":0.0053590593272111083,"fonction":0.0063967362700314122,"initial":0.013319210302514817,"ca":0.031205080433689462,"det":0.0063967362700314122,"client":0.013617829779833359,"sort":0.006738113545443754,"g\u00e9n\u00e9ral":0.0068456735456969061,"bfr":0.013114004129757051,"conserv":0.0069568803346601489,"influenc":0.0068897048928047268,"cannibalis":0.020451366436347752,"nouveau":0.0067170183852384661,"stock":0.0069568803346601489,"ange":0.0066545348559150499,"fournisseur":0.0069343353242182727,"cr\u00e9anc":0.013750129178504772,"sub":0.0069795813671766271,"te":0.0069568803346601489,"toi":0.0069795813671766271}