{"j":0.0029451069672522256,"ai":0.0065970339212203027,"le":0.0030159614120128086,"en":0.0056356909167349775,"sur":0.007881180502625108,"constat":0.0075707485627578,"la":0.0018568453858647746,"et":0.0021837862045834379,"merc":0.003454509615157799,"de":0.0015235630090523905,"pour":0.0037805294557947075,"\"":0.010015943933214729,"dan":0.0024755663244694095,"est":0.0044026332714426917,"financ":0.0071207996722830657,"(":0.0031042198009670324,")":0.0030341894049175618,"bonjour":0.00097273692192026352,"ma":0.0063247731133005735,"suiv":0.0064284350743865903,":":0.0041814933261718375,"utilis":0.0051414480002410874,"comment":0.0041063629352416494,"je":0.0015399452913937787,"calcul":0.0029586717165591887,"pas":0.0035910360457437722,"il":0.005834113233606498,"qu":0.0047334375717497596,"\u00e0":0.0021075952046823599,"n":0.0069636899843358042,"cet":0.004949273920992636,"car":0.0059218972407129112,"m\u00eam":0.0054233161299736699,"le\u00e7on":0.0069149883315365954,"portefeuill":0.0075707485627578,"part":0.005983452943911536,"obten":0.013017581615066675,"beaucoup":0.0068162632670789288,"\u00e9t\u00e9":0.0068357965300532859,"coefficient":0.0076924367704261868,"ont":0.0071207996722830657,"tableur":0.0075468886860183436,"supplementair":0.0077927849140711639,"r\u00e9uss":0.0075468886860183436,"correl":0.0077674389435291209,"covari":0.0076189397597059552,"yahoo":0.0077674389435291209,"sit":0.0077422671734735061,"pr\u00e9occup":0.0077674389435291209,"optimal":0.0078183075130102524,"pratqu":0.0078183075130102524}