{"que":0.017134860066391245,"le":0.0014334486394591229,"quand":0.02994334160685911,"sur":0.0091075185055952169,"et":0.0049991099321514227,"vous":0.0059442375008358622,"veut":0.016851687854176279,"dir":0.014517718552486026,"est":0.02343961192810122,"non":0.027815151714112338,"m":0.010810540716911142,"bonjour":0.0022267833717127023,"ou":0.011383591941383272,"ce":0.013349244124653409,"qu":0.010835756141552648,"cel":0.039492719653891603,"expliqu":0.011602083064773592,"march":0.015383679558113407,"titr":0.016697846430131186,"pouv":0.013015271838380948,"n\u00e9goci":0.017723550337961899,"cot":0.050804404489993168}