{"alor":0.0057886340487707253,"que":0.0024595293052569272,"me":0.016784773981849174,"tout":0.0057132310186065139,"au":0.0040884784235168479,"sur":0.0037594711731854464,"l":0.001976339162004008,"une":0.0033068934254331314,"la":0.00088575013589599133,"et":0.0060804784157964722,"merc":0.0016478659905520333,"de":0.0035074012254871206,"d":0.0018275685992073594,"est":0.002100138788165408,"pourr":0.0050747905087862553,"capital":0.0066496975459045772,"bonjour":0.00091918867798506656,":":0.0039513060889060543,"rentabl":0.012445251949518184,"t":0.005743195380531421,"actif":0.0058039138183275159,"risqu":0.0055815121203905129,"je":0.0028841247696688587,"permet":0.0065154644586350044,"ce":0.005579506692939675,"qui":0.0042901390840825726,"quizz":0.0062268922015076529,"surtout":0.0069775982056005199,"avanc":0.0039156267813240612,"mar":0.0067893478186135166,"le\u00e7on":0.0065343247896868751,"comprendr":0.006008945100613651,"depuis":0.0071314396296456124,"12":0.0099605037611076967,"notion":0.0067893478186135166,"mieux":0.0071090391489647842,"avou":0.0071314396296456124,"\u00e9conom":0.0068303052455392782,"lien":0.0071995243601394232,"niveau":0.0068303052455392782,"perd":0.0072456698728902182,"fourn":0.0072225202067571935,"cout":0.0071539860428255836,"coc":0.0066693058826800961,"ver":0.0069991612796112363,"compl\u00e9mentair":0.0073160627168788054,"cmpc":0.0068926648098260532,"rcp":0.0071314396296456124,"12^3+2":0,"12^4+189":0,"12^4":0,"12\u20ac":0,"ange":0.0070208595461914687,"12=":0,"tu":0.0073879171079245754,"stp":0.0073879171079245754,"document":0.0073879171079245754,"combl":0.0073879171079245754,"lacun":0.0073879171079245754,"12^5":0}