{"ai":0.011832397198975279,"question":0.010929259449452045,"le":0.0022248327635547697,"la":0.0064458311260435939,"de":0.0027326527187902026,"quiz":0.020457468047480484,"2em":0,"dan":0.0087957397314256686,"3":0.021822750780299521,"2":0.020772310725571459,"je":0.0054714583284845913,"pas":0.0064408589309205904,"n":0.012490029132659902,"compr":0.021708099267065295,"2e":0,"003":0,"02":0,"lecon":0.026984360996965891,"2\u00b0":0,"3\u00b0":0,"3h":0,"3iem":0,"3em":0,"3+":0,"3+1":0,"2x3":0,"2min54":0,"2i\u00e8meann":0,"3m":0,"3=":0,"2\u20ac":0,"2^2x4":0,"3^2x24":0,"2x0":0,"+2x0":0,"3x0":0,"02+":0,"2=":0,"2x":0,"2m":0,"3e":0,"3+2":0}