{"le":0.00090843428752534149,"en":0.0041273123374835118,"l":0.0030342136698643346,"la":0.0013598653622258984,"merc":0.0025299187562359154,"d":0.0028058107297266304,"*":0.0085912195365296824,"est":0.0032242794871313067,"\u00e9gal":0.0096944815903685644,"(":0.0088835240281146394,")":0.0086831140230595669,"bonjour":0.0014112025433421832,"suiv":0.009326081618014374,":":0.0060663205887293015,"utilis":0.0074589792274756036,"1":0.005930421699644868,"\/":0.0064664396529112364,"je":0.002234082682430407,"pas":0.0026299042291220917,"\u00e0":0.0060314262013605961,"n":0.0050998757759076569,"avanc":0.0060115432282044001,"quel":0.0083319799805515009,"1+r":0,"01":0,"r\u00e9soudr":0.010269458988180175,"solveur":0.010454827446895801,"arriv":0.0085912195365296824,"1+7":0,"38":0.02332297298518634,"excel":0.0098887251443100614,"1+3":0,"1+tap":0,"1+6":0,"suivr":0.010880122920887657,"15":0.016925835764672346,"1\u00b0":0,"^":0.01048636081488493,"1=1":0,"m\u00e9thod":0.010454827446895801,"1mais":0,"teg":0.011088516568174757,"775=55":0.024083318841713577,"1+teg":0.0066322599923524794,"775":0,"1+tri":0,"1er":0,"1+2":0,"1+ta":0,"1min45":0,"1+n":0,"1+0":0,"1+5":0,"1=5":0,"1+taeg":0,"1=9":0,"1+r2":0,"1+2r+r":0,"1+1":0,"1x":0,"1+taux":0,"1x4x":0,"1x08":0,"1=r":0,"1+rn":0,"1+4":0,"1+i":0,"1+":0,"1\u20ac":0,"1+x":0,"1+9":0,"1=":0,"1\u2212":0,"1+f3":0,"1+a2":0,"1+12":0,"1+41":0,"1x4":0,"15x4":0,"1+11":0,"1usd":0,"1^3":0,"15an":0,"1=16":0,"1+15":0,"1+tmeg":0,"15\u20ac":0,"1\u00b2=4":0,"1m":0,"1eur":0,"38xcf=60":0,"1+g":0,"15h":0,"1+rd":0,"1an":0}