{"j":0.0040447261828000063,"ai":0.0045736506580426259,"alor":0.0084130773586878847,"que":0.0070563969016130337,"le":0.0025140480171470135,"du":0.0037119723443946062,"la":0.0012873303703390549,"bien":0.0058614113978654502,"pour":0.002620999261141677,"d":0.0026561492528112923,"\u2019":0.026904611094697984,"vous":0.0035661666763997153,"trouv":0.0063662301432902959,"2em":0,"mal":0.0092553647370867739,"fait":0.0078280269049723974,"bonjour":0.0013359292347666434,"2":0.0080292514713166951,"je":0.0061827159267697357,"calcul":0.0040633556238678743,"pas":0.002489625575645471,"\u00e0":0.0028945113375885099,"cel":0.0082388627729737107,"n":0.0048278492515877285,"fois":0.0096361909104712932,"avec":0.0067016839781847311,"formul":0.0070780829298683874,"pourt":0.010203967635358573,"exact":0.010078993670280083,"2e":0,"princip":0.0099872596382739078,"02":0,"arriv":0.0081329653176265369,"simpl":0.0099270200758979788,"2\u00b0":0,"aoa":0.0099872596382739078,"remerc":0.0093345780803108513,"madam":0.010397450848364886,"2x3":0,"2min54":0,"152":0.030174310997796577,"94":0.030174310997796577,"2i\u00e8meann":0,"2\u20ac":0,"2^2x4":0,"2x0":0,"+2x0":0,"02+":0,"2=":0,"2x":0,"2m":0,"recop":0.010737441272823662}