{"correct":0.0057576060625357597,"a":0.0099562687471360534,"que":0.0023311993899458074,"le":0.0005608364772583742,"me":0.0040850923985147301,"tout":0.0054151339594645216,"en":0.0025480624671321717,"sur":0.0035633146906266476,"la":0.0016647176575386091,"et":0.0019559007044947603,"\u2019":0.011901216136145249,"vous":0.0023256816660091953,"trouv":0.0041517478203774837,"un":0.0085034029450129483,"dan":0.0022172325788534951,"non":0.0055596633318549353,"comm":0.0051963671702481276,"fait":0.010122851843355993,"si":0.0044223369528989471,"bonjour":0.00087122852359754178,"on":0.0086002457486506981,"taux":0.0040662941458838265,"comment":0.0036778500299585724,"savoir":0.005604293763268482,"je":0.004067798842453659,"calcul":0.0026499242840902076,"ou":0.013135630599724203,"pas":0.0016236135553685707,"ce":0.0026682329052392147,"il":0.0052304577376221569,"peut":0.0051438814728241387,"moi":0.0058693541081798568,"qui":0.0040662941458838265,"mais":0.0042296217709051429,"qu":0.004239487300467369,"\u00e0":0.0018876604939512993,"y":0.0096554090784818844,"don":0.0050413641885631187,"quel":0.0051438814728241387,"lorsqu":0.012036731375073259,"dit":0.0059349620173059824,"ne":0.0052184457375468217,"comprend":0.003910714461295278,"van":0.0051179502223146029,"deux":0.0057263650063308635,"plusieur":0.0064351026267720664,"examen":0.0065932193116874259,"cordial":0.0054151339594645216,"rien":0.013114004129757051,"35":0.014398811436142812,"ni":0.01340314045013671,"tri":0.012352375327792505,"tableur":0.0067593452448530779,"construit":0.0069343353242182727,"graphiqu":0.0066339687314510704,"madam":0.0067807152624976231,"0035^3+1":0,"29":0.019678228260178336}