{"le":0.0011315997776271461,"me":0.0082424910596818526,"en":0.0051412257192723276,"l":0.0037795970068951715,"du":0.0048843858490748996,"la":0.0033304258254552676,"merc":0.0031514172695638666,"de":0.0027326527187902026,"pour":0.003448832726592977,"d":0.0068716688984014002,"vous":0.0046925279699221636,"pourr":0.0097051474698195833,"bonjour":0.00175787781919045,"oblig":0.012247945069159504,"calcul":0.0053467523105202568,"valeur":0.0093585429728323174,"ou":0.0089864887759969342,"vient":0.01306243470682604,"avanc":0.0074883357812959147,"mar":0.012984106770409617,"formul":0.0093136707102450672,"fichi":0.013552928205045363,"ange":0.013426855185983938,"clarifi":0.013991408599591576,"cellul":0.01403689766786214,"charl":0.013991408599591576,"b8":0.014128824609227032,"xl":0.014128824609227032}