{"a":0.0090297529786735799,"au":0.010365395543856274,"l":0.00501055283186835,"la":0.002245615498121893,"de":0.0018425533604134092,"d":0.0046333793289339963,"un":0.01508130245764438,"dan":0.011597779114816076,"bonjour":0.0023303912213272532,"taux":0.010876659710098598,"actif":0.014714486955190847,"san":0.014297490948017374,"risqu":0.014150638664960831,"invest":0.029158647831425528,"pratiqu":0.017799772608689653,"avec":0.011690398790920412,"%":0.010532528579872549,"25":0.028308682818732101,"emprunt":0.016470902887605429,"correspond":0.017059339140083229,"quoi":0.017474764375449446,"25\u20ac":0,"0025^t":0,"25=":0,"025":0}