{"a":0.0061625710839198437,"le":0.0010238093108482017,"en":0.0046514985815926712,"une":0.0057217705757773313,"merc":0.0028512292126045254,"d":0.0062270084332819633,"trouv":0.0075790328324845547,"un":0.0052632995788637633,"est":0.0036337767134420398,"bonjour":0.0015904312763250761,"on":0.0053232417797565833,"comment":0.0067139304543492057,"risqu":0.0096574421096174388,"fond":0.011240961973260901,"prix":0.010510533701081846,"je":0.0025178206975297285,"pas":0.0029639132663617676,"ce":0.0048708702138091286,"cas":0.0099112163498627521,"il":0.0048152692956223405,"qu":0.0077392016165909808,"\u00e0":0.006785818413749525,"y":0.0088889724770864122,"alic":0.012536860233126328,"ne":0.0048042107959568661,"comprend":0.0071390254377093152,"formul":0.0084264975831984789,"arriv":0.0096823410056445011,"beaucoup":0.01114463535138302,"aoa":0.011889888835514908,"conna\u00eetr":0.012658657839417926}