{"a":0.0045673797865192767,"le":0.00075879464722440984,"en":0.0034474507976102694,"l":0.0025344101635573326,"et":0.0026462739947447239,"merc":0.0021131840095708608,"de":0.0018425533604134092,"pour":0.0067807330805893873,"un":0.0077120887374278009,"b\u00e9n\u00e9fic":0.0090879209942665937,"est":0.0053244182752967221,"comm":0.0070305262829408049,"quelqu":0.0081663911132014207,"(":0.0037616393564669746,")":0.0036767777452348721,"bonjour":0.0011787456184139797,"je":0.0018660788173273952,"calcul":0.0035852667289886096,"ou":0.0060258933550404858,"pas":0.004342895892153642,"ce":0.0036100377349578346,"moi":0.007941057082668521,"cel":0.0072694893873276123,"n":0.0042598110764948578,"pourquoi":0.0057896931436966738,"cet":0.0059974437252612702,"y":0.0065880478556600338,"auss":0.0085525586589083966,"consider":0.0084037806926477703,"ne":0.0035606332131221351,"comprend":0.0052910773824129684,"chos":0.0084775462752241012,"gagn":0.0094124468956197169,"t=0":0.008654589061563394,"\u00e9clairc":0.0087064975719916473,"fiscal":0.0090033826849503559,"sen":0.0091741009263306261,"imp\u00f4t":0.0089204246238431088,"comptabl":0.009232498177394792,"t=5":0.0092916740813927638,"magdelein":0.00932156057175932,"jeu":0.0094740885399735696}