{"a":0.0024416005573155365,"certain":0.0047250898821733335,"le":0.00080622410807566335,"me":0.0058724781802698507,"tout":0.011604909239219408,"en":0.0018429161099339643,"au":0.0028027517027816948,"quand":0.004328753154466067,"une":0.013192763968999469,"la":0.0012068635605445265,"vrai":0.004545163631981799,"premi":0.0041416607550468837,"de":0.0028994224579678182,"bien":0.0054950337476937254,"pour":0.0024571691722404579,"d":0.0012528428605409457,"vous":0.0016820765833462134,"un":0.0061788522665146492,"000":0.0044408608816979703,"est":0.0056532158374168612,"non":0.004021091810836333,"comm":0.0037583335945293736,"(":0.0039967655889024548,")":0.0039065995906633665,"bonjour":0.00063012626349737274,"projet":0.0039682498612812825,"ser":0.0041870689441664668,"cour":0.0035391773883102829,"par":0.0026241910474932538,"ou":0.0032212833750799681,"ce":0.0019298307908658442,"il":0.003791903581918932,"c":0.003637118349555238,"peut":0.003720372697349073,"\u00eatre":0.0040425625950047377,"moi":0.0042450793025674569,"qui":0.0058454549657050298,"\u00e0":0.0040453530551128056,"co\u00fbt":0.0044665098391652603,"cet":0.0032060749546789814,"essai":0.0047395124521712661,"m\u00eam":0.0035131533015105051,"r":0.0044028999845176688,"auss":0.0045719718884989699,"consider":0.0044924391186578509,"bas":0.0045318722501133651,"puisqu":0.0046965051332793556,"&":0.0049354495901293852,"d\u00e9j\u00e0":0.0046265146459724881,"suit":0.0047107544581453413,"frais":0.0093065145283877763,"entrepris":0.0045585298952698534,"\u20ac":0.0047540232341547958,"50":0.0085434901143395352,"50\u20ac":0,"terrain":0.0049991448373826099,"r\u00e9cuper":0.0049197894312359904,"quant":0.0049512138039978348,"fa\u00e7on":0.0048129705014201274,"introduct":0.0050316454203957837,"50$":0,"cr\u00e9":0.0050153394767708127,"manag":0.0050480642088189106,"d\u00e9pens":0.014717651181685675,"irr\u00e9cuper":0.01490895063283435,"societ":0.0097784618840340894,"plan":0.0050480642088189106,"personnel":0.0049830599930037215,"comptabl":0.0049354495901293852,"install":0.0050480642088189106,"permettent":0.0049830599930037215,"lir":0.0049670834648966079,"plais":0.0050153394767708127,"magdelein":0.0049830599930037215,"assis":0.0050645974148089551,"lanc":0.0050645974148089551,"pilot":0.0050645974148089551,"t\u00e2t":0.0050645974148089551,"evident":0.0050645974148089551,"business":0.0050480642088189106,"construir":0.0050480642088189106}