{"j":0.0025491061074335618,"que":0.0044684333179417345,"le":0.002623175988025017,"en":0.0024624092060304944,"l":0.0018102520630394034,"la":0.0023941449322831868,"et":0.0018901529938746208,"merc":0.0015093830382759165,"de":0.0013203807511649431,"pour":0.0064470089990738416,"afin":0.0061088324136229352,"d":0.0033202972625972407,"vous":0.0022475037478664464,"trouv":0.004012186587215351,"exempl":0.010011287364177661,"est":0.0019236478470074422,"5":0.0050473593108796453,"m":0.004087442800578555,"+":0.0056564009972671575,"bonjour":0.0008419421284743808,":":0.0036192472105290572,"4":0.0062752272954903782,"1":0.013809280696213415,"par":0.0069546585816532046,"je":0.0052021721932655083,"calcul":0.0075569274982500764,"pas":0.0031121357261677273,"ce":0.0051144577616231033,"c":0.0048597294576193011,"qui":0.0039296054427274988,"\u00e0":0.0018242066817919348,"ann\u00e9":0.0051521628759579998,"not":0.0062752272954903782,"concern":0.0056720554444261578,"ok":0.006658107080855835,"m\u00eam":0.0046940937708476989,"aux":0.0059166512040782007,"demand":0.0061268952494314332,"1+r":0,"actualis":0.0055792677732501598,"soit":0.0059679194769101107,"ne":0.0050444647702160977,"01":0,"van":0.0049459100418434059,"puis":0.0060730126075614023,"facteur":0.0064912254398154555,"expos":0.0063912165429846225,"suit":0.0062942665065215198,"1+7":0,"divis":0.0063134207588006119,"1+3":0,"1+tap":0,"1+6":0,"d\u00e9velopp":0.0065116114850408899,"1\u00b0":0,"1=1":0,"nombr":0.012409188809275705,"1mais":0,"1+teg":0,"04":0,"explicit":0.0065735682280411156,"coc":0.0061088324136229352,"malgr":0.0066155558499222172,"exerc":0.0066795988181425426,"1+tri":0,"1er":0,"1+2":0,"t=2":0.0067230244165089621,"t=1":0.0065321294796974469,"1+ta":0,"1min45":0,"05":0,"1+n":0,"1+0":0,"1+5":0,"1=5":0,"1+taeg":0,"1=9":0,"parvien":0.012637855419791373,"1+r2":0,"1+2r+r":0,"1+1":0,"1x":0,"1+taux":0,"1x4x":0,"1x08":0,"1=r":0,"1+rn":0,"5iem":0,"1+4":0,"5em":0,"0005+1":0,"1+i":0,"1+":0,"1\u20ac":0,"04\u20ac":0,"1+x":0,"5e":0,"1+9":0,"1=":0,"1\u2212":0,"1+f3":0,"1+a2":0,"1+12":0,"1+41":0,"t=":0.0067230244165089621,"5=>":0,"4em":0,"5^2x18":0,"5x0":0,"1x4":0,"5^2":0,"1+11":0,"t=3":0.0067230244165089621,"1usd":0,"1^3":0,"4an":0,"4e":0,"1=16":0,"1+15":0,"1+tmeg":0,"4min25":0,"1\u00b2=4":0,"5+5":0,"magdelein":0.006658107080855835,"1m":0,"1eur":0,"5xtaux":0,"1+g":0,"1+rd":0,"5an":0,"5min08":0,"1an":0}