{"le":0.002481784598128063,"l":0.0042243634847506303,"de":0.0015534443794164318,"pour":0.0038546763077263726,"d":0.0039063710342813985,"fait":0.011512597616566299,"r\u00e9solu":0.013459237622941825,"je":0.0031103865226454943,"ce":0.0060172231809244667,"\u00e0":0.0042569276691011978,"sont":0.01177840412538835,"quizz":0.013309788393230274,"suis":0.012211853592211042,"elle":0.013091127589172391,"avec":0.019340175405507313,"mont":0.013767510780553107,"r\u00e9soudr":0.014297584902698094,"amort":0.014171845581956496,"excel":0.027015367093996667,"tableau":0.014339977484421167,"vi":0.015147777637773025,"ais":0.015537208880570563,"assez":0.015388759378580764,"rapid":0.015587361515151953,"admis":0.015791443017014795}