{"correct":0.0058595158691188238,"question":0.0028038153231746215,"alor":0.0055837157535909539,"que":0.0023724616917350522,"le":0.0011315997776271461,"me":0.004157398661167099,"au":0.0039437458283367692,"quand":0.0060909791537659,"l":0.0019063765337979839,"du":0.0072637722285892698,"une":0.003189829026928815,"de":0.0033873412531733866,"vous":0.0023668463039129553,"\"":0.0091371633599214939,"un":0.0029342360990768958,"dan":0.0087957397314256686,"est":0.0020257936392950701,"comm":0.0052883430309622493,"(":0.0056097789762513447,")":0.0054832238130716965,"bonjour":0.00088664929559290322,"ma":0.005765028035146968,"on":0.0058836925493845381,"projet":0.0055837157535909539,"cour":0.0049799688095951379,"ou":0.0045326608346196824,"pas":0.0016523515658535012,"ce":0.0027154607107434591,"il":0.0026844637631365524,"sont":0.0053153743306620796,"vid\u00e9o":0.0052482020991602282,"elle":0.0059077819716611907,"parl":0.006490605909174582,"cet":0.008944061493662385,"m\u00eam":0.0049433503736305692,"doivent":0.0069668421806113826,"donc":0.0054257429700372449,"ne":0.0053100160457368369,"part":0.0054539148441692664,"frais":0.031834875762155213,"retrouv":0.0065885116730520716,"analys":0.0069668421806113826,"pos":0.0063954898662432064,"tableau":0.0064713646612504314,"aucun":0.0067099194987991981,"directeur":0.0070342858334941803,"salair":0.013991408599591576,"g\u00e9n\u00e9ral":0.013812515726308329,"phras":0.013991408599591576,"irr\u00e9cuper":0.0070800173332019514,"lir":0.0069891723459644325,"plais":0.0070570732753732646,"magdelein":0.0070116528839340286,"rentrent":0.0071263840129093771,"entrer":0.0071263840129093771,"fgac":0.0071263840129093771}