{"question":0.0016587735885776147,"alor":0.003303398815758802,"que":0.0014035791735763959,"le":0.0026072605720799382,"me":0.002459571084918572,"en":0.0030523999666733875,"l":0.0022439866303941508,"du":0.0071395502536362411,"autr":0.003303398815758802,"la":0.0015008056901383044,"et":0.0023430317436195641,"de":0.0028159498147672392,"bien":0.0068333970679500741,"pour":0.0020476083865083594,"d":0.01639629882739814,"vous":0.0027860033776209397,"2em":0,"\"":0.0054248303144451629,"*":0.027603887192922807,"un":0.0017359322147825471,"dan":0.0013349615155510979,"est":0.0058707408050052631,"m":0.0025465899894070321,"si":0.0026626208261707534,"(":0.020503032627537318,"capital":0.0037947817763605597,"+":0.010463472940339905,")":0.020040489512943963,"bonjour":0.00052455324774928341,"suiv":0.0034665657488955723,":":0.013188210830831073,"on":0.0017557022461090323,"rentabl":0.0035833491021619113,"t":0.0065209726637131833,"1":0.0043859096472917336,"\/":0.020776895522205116,"3":0.0065899139493246555,"2":0.0093607255552664772,"appliqu":0.003634123354438835,"actif":0.016224296162709425,"par":0.0086041240540885595,"je":0.0048569067523634608,"calcul":0.0047371734419271285,"valeur":0.0082915831239845205,"ou":0.0053353732238479142,"pas":0.00097755266326859697,"cas":0.0032688999536523594,"o\u00f9":0.0063049174807041086,"mais":0.0025465899894070321,"n":0.001895657298798955,"leur":0.0040696974499933158,"avanc":0.0044459039803648112,"concern":0.0035338475224883348,"elle":0.0034951206025120385,"co\u00fbt":0.0037181790031007573,"votr":0.0029245503336429914,"don":0.0030353275708628049,"demand":0.0038172253092175661,"lorsqu":0.0036548042725979592,"1+r":0,"r":0.05131501791148068,"vaut":0.0041216743875634012,"soit":0.0037181790031007573,"01":0,"_":0.14838993467024866,"formul":0.0055296245910756671,"doit":0.0036035024366026891,"=":0.0091491738144426366,"cordial":0.0032603685812595288,"2e":0,"compt":0.0034760382353409424,"003":0,"02":0,"1+7":0,"pren":0.0040442131010808265,"1+3":0,"1+tap":0,"1+6":0,"aid":0.0032688999536523594,"1\u00b0":0,"2\u00b0":0,"1=1":0,"3\u00b0":0,"ex":0.0082533828179086628,"cibl":0.008122820891657466,"r\u00e9el":0.003933435863861013,"1mais":0,"fourn":0.0041216743875634012,"1+teg":0,"remerc":0.0072924707172316999,"lor":0.0073553448983533758,"dois":0.0040442131010808265,"des":0.0039819047904948073,"propr":0.0039942101863016544,"1+tri":0,"3h":0,"remplac":0.0083068469417739814,"1er":0,"1+2":0,"modifi":0.0041886302788622324,"1+ta":0,"1min45":0,"cmpc":0.019267797339059766,"levi":0.016338317436806176,"vd":0.004134885203628944,"3iem":0,"3em":0,"1+n":0,"1+0":0,"1+5":0,"1=5":0,"1+taeg":0,"1=9":0,"1+r2":0,"1+2r+r":0,"3+":0,"3+1":0,"1+1":0,"endet":0.004095514937076097,"connu":0.0041886302788622324,"is":0.0083610485250552678,"1x":0,"1+taux":0,"1x4x":0,"1x08":0,"2x3":0,"1=r":0,"2min54":0,"1+rn":0,"2i\u00e8meann":0,"3m":0,"1+4":0,"cp":0.061464056552646612,"1+i":0,"1+":0,"3=":0,"1\u20ac":0,"repren":0.0042022982201787192,"1+x":0,"1+9":0,"1=":0,"1\u2212":0,"1+f3":0,"impos":0.0042022982201787192,"1+a2":0,"1+12":0,"1+41":0,"2\u20ac":0,"2^2x4":0,"3^2x24":0,"2x0":0,"1x4":0,"+2x0":0,"3x0":0,"1+11":0,"02+":0,"embrouill":0.0041750562760288603,"1usd":0,"1^3":0,"2=":0,"1=16":0,"1+15":0,"1+tmeg":0,"1\u00b2=4":0,"2x":0,"2m":0,"1m":0,"v":0.069860736789946795,"vc":0.0042160614092412582,"d+v":0.020652228640268906,"cp+v":0.0083884322768934469,"milliard":0.0083884322768934469,"1eur":0,"3e":0,"3+2":0,"1+g":0,"1+rd":0,"1an":0}