{"j":0.0038891424011807873,"ai":0.0043977213533076143,"correct":0.0042717238370754973,"a":0.0025046113304544163,"question":0.0060546769888200399,"alor":0.0040706591153332637,"que":0.0017295799495218617,"le":0.002419680997576583,"me":0.0030308406629170818,"sur":0.0078309696384152618,"r\u00e9sultat":0.0041579772909965101,"autr":0.0080894612889311993,"la":0.0018450154561356837,"vrai":0.0046624613912880034,"et":0.0056954679205808581,"merc":0.0011588054554446748,"de":0.0020058845384197297,"v\u00e9rifi":0.0050628195211077512,"pour":0.0012681678865855694,"d":0.0012851751751071768,"quiz":0.0076033826919539617,"trouv":0.0030802941252326414,"un":0.0021391266049970003,"dan":0.0016450248864816335,"quelqu":0.008899349377583677,"pourr":0.0035686730356334034,"bonjour":0.0006463880319996446,"utilis":0.0034165151744664272,"format":0.0045036833748432637,"comment":0.0027286965227425698,"1":0.0053981431646857861,"san":0.0039657405811708048,"vid\u00e9os":0.0046352685599723728,"je":0.0078389383352583213,"calcul":0.0019660505786337061,"pas":0.0058733469928220362,"il":0.0019570367420952638,"mais":0.0062361653215510671,"qu":0.0031453904212420812,"n":0.0023359500603112844,"fois":0.0046624613912880034,"suis":0.0040176345106552611,"avanc":0.0054719837188792128,"y":0.0036126838748035879,"car":0.0039351271827659864,"aux":0.0045424173449574671,"veux":0.0050307962553582291,"1+r":0,"auss":0.0046899614927363989,"comprendr":0.004225585335204343,"ne":0.0095201156361612461,"01":0,"plusieur":0.0047743768827252335,"certif":0.0043910483762069049,"depuis":0.0050149412606296179,"forum":0.0050789905645457645,"erreur":0.0044033090222046064,"chaqu":0.0044655562282351338,"rien":0.0049067575354487195,"mon":0.0041248647654681054,"1+7":0,"\u00e9tap":0.0049219210305041661,"pass":0.0045294374044123906,"excel":0.0045294374044123906,"1+3":0,"1+tap":0,"1+6":0,"1\u00b0":0,"1=1":0,"pos":0.0046624613912880034,"bloqu":0.004876711066366648,"avant":0.0046352685599723728,"1mais":0,"fourn":0.0050789905645457645,"1+teg":0,"portent":0.0051614978924350383,"jour":0.0049835378173928892,"sais":0.0046217852397046309,"peux":0.0049835378173928892,"tableur":0.0050149412606296179,"1+tri":0,"1er":0,"devr":0.0048031787938239935,"1+2":0,"reproduir":0.0051783404031371617,"voudr":0.00474591184380963,"1+ta":0,"1min45":0,"contact":0.0050149412606296179,"1+n":0,"1+0":0,"dessus":0.00509526977630235,"1+5":0,"1=5":0,"1+taeg":0,"1=9":0,"1+r2":0,"1+2r+r":0,"1+1":0,"1x":0,"1+taux":0,"1x4x":0,"1x08":0,"1=r":0,"dout":0.0051116586132062851,"1+rn":0,"1+4":0,"1+i":0,"1+":0,"1\u20ac":0,"1+x":0,"1+9":0,"1=":0,"1\u2212":0,"1+f3":0,"1+a2":0,"1+12":0,"1+41":0,"1x4":0,"1+11":0,"1usd":0,"1^3":0,"1=16":0,"1+15":0,"1+tmeg":0,"1\u00b2=4":0,"1m":0,"divulgu":0.0051953002841985136,"1eur":0,"1+g":0,"1+rd":0,"1an":0}