{"j":0.0043964887907668865,"ai":0.0025037194373322795,"correct":0.0048329910030009814,"question":0.009054546087331616,"que":0.0057868232288260033,"le":0.00047077164003657505,"me":0.0034290666283886225,"r\u00e9pons":0.0071826377048654754,"en":0.0021388686278599987,"sur":0.0029910813024736798,"l":0.0015723996388055542,"du":0.0040347959456850328,"la":0.0034249841867745805,"de":0.0011481312451635719,"bien":0.0032086686859720197,"pour":0.0028489428830113326,"d":0.0014540359572554969,"quiz":0.0043287729044049258,"vous":0.0076434131603737021,"trouv":0.0034850178432972098,"2em":0,"un":0.0024201891392184155,"(":0.0023337976032748124,")":0.0067459041753484871,"bonjour":0.00073131776824798985,"ma":0.0047550564326918976,"format":0.005095427996086044,"1":0.006102341716078684,"\/":0.0033510584556328111,"3":0.0046176649064338295,"2":0.0087275411230569901,"je":0.0045329303260946913,"calcul":0.004416738401032576,"pas":0.0040303565097715788,"ce":0.0022397408723119293,"il":0.0043964887907668865,"\u00e0":0.0062038452091954695,"cel":0.004510139144522164,"aur":0.0048067669539912771,"suis":0.0045455165605079234,"avanc":0.0031153206165323269,"vid\u00e9o":0.0043287729044049258,"concern":0.004926793408607558,"pourquoi":0.0035920434422364966,"avec":0.0036686528319634175,"m\u00eam":0.0080959872898811666,"quel":0.0043178245626123183,"petit":0.0056917989007273994,"1+r":0,"comprendr":0.0047807903053575925,"ne":0.0065328100101820913,"comprend":0.0032826920774815548,"01":0,"esper":0.0053855386324933949,"deux":0.0048067669539912771,"faut":0.0094927898700383762,"expos":0.0055514625774512128,"2e":0,"s\u00fbr":0.0057832858654438858,"003":0,"02":0,"sujet":0.005534412960542791,"1+7":0,"1+3":0,"1+tap":0,"\u00e9lev":0.0055514625774512128,"1+6":0,"1\u00b0":0,"2\u00b0":0,"1=1":0,"3\u00b0":0,"regard":0.0055686184231875328,"1mais":0,"1+teg":0,"remerc":0.0051099583956795286,"tomb":0.0056917989007273994,"1+tri":0,"3h":0,"1er":0,"1+2":0,"r\u00e9alis":0.005534412960542791,"1+ta":0,"1min45":0,"attent":0.0057463255207952993,"port":0.0057098547315454868,"3iem":0,"3em":0,"1+n":0,"1+0":0,"1+5":0,"1=5":0,"1+taeg":0,"1=9":0,"1+r2":0,"1+2r+r":0,"3+":0,"3+1":0,"1+1":0,"ayant":0.0056917989007273994,"1x":0,"1+taux":0,"1x4x":0,"1x08":0,"2x3":0,"1=r":0,"2min54":0,"1+rn":0,"2i\u00e8meann":0,"3m":0,"1+4":0,"covari":0.0057280297436276065,"1+i":0,"1+":0,"3=":0,"1\u20ac":0,"1+x":0,"1+9":0,"1=":0,"1\u2212":0,"1+f3":0,"1+a2":0,"1+12":0,"1+41":0,"volatil":0.0057463255207952993,"2\u20ac":0,"2^2x4":0,"3^2x24":0,"2x0":0,"1x4":0,"+2x0":0,"3x0":0,"1+11":0,"02+":0,"1usd":0,"1^3":0,"2=":0,"1=16":0,"1+15":0,"1+tmeg":0,"1\u00b2=4":0,"2x":0,"2m":0,"1m":0,"lindsay":0.0058019537629355666,"mercator":0.0058019537629355666,"1eur":0,"3e":0,"3+2":0,"1+g":0,"1+rd":0,"1an":0}