{"j":0.0050560762948438009,"ai":0.0028824499604601437,"que":0.002252835993207017,"le":0.0015993666771768171,"sur":0.0034435336697448485,"l":0.0035905812303908447,"autr":0.010516697318309466,"la":0.0016092166131745338,"et":0.0037490623548735867,"merc":0.0015093830382759165,"de":0.00066569221678175851,"pour":0.0048744690898014087,"d":0.0016739838437985907,"vous":0.006632267887636995,"trouv":0.004012186587215351,"m":0.004087442800578555,"(":0.002686824533522477,")":0.0026262104667803608,"bonjour":0.0008419421284743808,"utilis":0.0044501257999109518,"aim":0.0057515087039990264,"je":0.0052021721932655083,"calcul":0.0050793638725715549,"pas":0.0031121357261677273,"ce":0.0025785401081981105,"mais":0.004087442800578555,"\u00e0":0.0053831400314890265,"suis":0.0052331039311926458,"exercic":0.0048597294576193011,"votr":0.0046940937708476989,"m\u00eam":0.0046940937708476989,"quel":0.0049709696119293904,"r":0.0058829272784946861,"vu":0.0060552533504268655,"ne":0.0050444647702160977,"vois":0.0061450615977579406,"absolu":0.0066367600701702683,"ci":0.0060375930311711958,"fair":0.0052882360879024752,"formul":0.0044608172741518997,"souc":0.0065116114850408899,"aid":0.0052467973395588082,"aucun":0.0063715878789854701,"chapitr":0.0065527811430140786,"avez":0.0058495583481922081,"pouv":0.0049210470194282242,"tomb":0.0065527811430140786,"dessous":0.0065321294796974469,"apport":0.0066155558499222172,"quant":0.0066155558499222172,"complex":0.0066795988181425426,"parvien":0.0063715878789854701,"typ":0.0063715878789854701,"covari":0.0065944925225432539,"main":0.0066795988181425426,"\u00e9cart":0.0066367600701702683,"cig":0.0067449623525588148,"magdelein":0.006658107080855835,"ennui":0.0067670531674448716}