{"question":0.0044625889117522249,"que":0.0037760408653114389,"le":0.0017919768064511945,"me":0.0066169697460856545,"r\u00e9pons":0.0069802827320187364,"l":0.0030342136698643346,"pu":0.010712495236286278,"la":0.0013598653622258984,"et":0.0031681378351919253,"merc":0.0025299187562359154,"pour":0.0054614965269291424,"un":0.0046701683138594312,"non":0.0090054570316895188,"bonjour":0.0014112025433421832,"on":0.0093172876075456237,"taux":0.006586520626016011,"utilis":0.0074589792274756036,"4":0.010518082442902459,"\/":0.0064664396529112364,"je":0.002234082682430407,"calcul":0.0084670007185602223,"pas":0.0026299042291220917,"\u00e0":0.0030576033932300326,"aur":0.0092754778363670562,"pourquoi":0.0069314613449413991,"votr":0.0078679007072735407,"demand":0.010269458988180175,"effect":0.010679595088376818,"12":0.015292059810241619,"cordial":0.0087713505804190833,"mensuel":0.010778913062498157,"tap":0.010614399707105565,"04":0,"dra":0.010948683316147879,"12^3+2":0,"12^4+189":0,"12^4":0,"04\u20ac":0,"12\u20ac":0,"4em":0,"4an":0,"4e":0,"12=":0,"4min25":0,"lindsay":0.011195860762721086,"mercator":0.011195860762721086,"12^5":0}