{"question":0.010223639439762471,"le":0.0020811920600434346,"sur":0.013223002679534742,"une":0.011631173271741738,"de":0.0025562259035216109,"dan":0.0082278650292813508,"an":0.020908490721808688,"bonjour":0.0032330170367275163,"rentabl":0.022085515141770536,"4":0.024096569193443402,"3":0.020413820039084467,"calcul":0.0098335283159980569,"%":0.014612072010447029,"003":0,"15":0.038776514148308863,"3\u00b0":0,"04":0,"3h":0,"3iem":0,"3em":0,"3+":0,"3+1":0,"3m":0,"3=":0,"04\u20ac":0,"4em":0,"3^2x24":0,"3x0":0,"15x4":0,"15an":0,"4an":0,"4e":0,"4min25":0,"15\u20ac":0,"commetn":0.025985156745195335,"3e":0,"3+2":0,"15h":0}