{"le":0.00081643056001067752,"r\u00e9pons":0.0062733388844880469,"du":0.0035240037625585215,"la":0.0035773421081561193,"et":0.0028472775438967619,"merc":0.0022736955389055439,"de":0.0019808004625091829,"un":0.0041971865045021366,"est":0.0028977333236512386,"non":0.008093409097935737,"5":0.007603211416440046,"comm":0.0075645453369330238,"(":0.0040473629296046794,")":0.0039560554684423405,"bonjour":0.001268279828899799,"on":0.0042449870510733075,"projet":0.007987052034879134,"je":0.0020078209294537804,"valeur":0.0067520342715293473,"pas":0.0046687441333460563,"c":0.0073205706622343795,"derni":0.0085442375019316747,"ann\u00e9":0.0077610847940634215,"pourquoi":0.006229461993292505,"6":0.01353716477344334,"avec":0.012567531464476239,"votr":0.0070710613511145697,"actualis":0.0084044645558547914,"ne":0.0038310889234860258,"comprend":0.0056929727775289511,"expos":0.0096275631655183911,"cordial":0.0078830123045325572,"cf":0.008093409097935737,"06":0,"p\u00e9riod":0.00928428477060852,"terminal":0.0099022530237656697,"6min15":0,"05":0,"connu":0.010127389957442442,"06^":0,"5iem":0,"5em":0,"0005+1":0,"06=":0,"5e":0,"5=>":0,"5^2x18":0,"5x0":0,"5^2":0,"5+5":0,"lindsay":0.010061974760122605,"mercator":0.010061974760122605,"sixiem":0.010193713728180523,"5xtaux":0,"5an":0,"5min08":0}