{"j":0.0052304577376221569,"ai":0.0029827140589175284,"correct":0.0057576060625357597,"que":0.0023311993899458074,"le":0.0016540694631859982,"r\u00e9pons":0.0043093894973483616,"sur":0.0035633146906266476,"l":0.0037144185103003603,"la":0.0016647176575386091,"et":0.0019559007044947603,"de":0.0020316122135944975,"pour":0.0017092891279032346,"d":0.0017322122547798865,"\u2019":0.017701370589228806,"vous":0.0023256816660091953,"comm":0.0051963671702481276,"(":0.0027802839320418566,")":0.0027175614454350073,"bonjour":0.00087122852359754178,"comment":0.0036778500299585724,"d\u00e9termin":0.0059515710963689555,"1":0.0036612409508955993,"aim":0.0059515710963689555,"par":0.0036282729738259297,"je":0.004067798842453659,"pas":0.0047885073650670816,"mais":0.0042296217709051429,"\u00e0":0.0018876604939512993,"n":0.0031484901042284586,"sont":0.0052229283364786357,"exercic":0.0099715776719654248,"avanc":0.0037113226276133259,"votr":0.0048573746903656694,"m\u00eam":0.0096317132555825656,"aux":0.012140253393508004,"don":0.0099965469778381874,"1+r":0,"le\u00e7on":0.006193385836414972,"comprendr":0.0056954186814639658,"ne":0.0026317172839333443,"comprend":0.003910714461295278,"01":0,"appris":0.0069568803346601489,"van":0.0051179502223146029,"erreur":0.0059349620173059824,"cordial":0.0054151339594645216,"mon":0.0055596633318549353,"arriv":0.005303927170501278,"cf":0.0055596633318549353,"1+7":0,"excel":0.0061049630674100391,"gr\u00e2c":0.0068676153405970155,"1+3":0,"1+tap":0,"1+6":0,"1\u00b0":0,"1=1":0,"09":0,"9":0.011100412030249193,"tableau":0.0063588134649251128,"1mais":0,"1+teg":0,"remerc":0.0060875609782847307,"lor":0.0061400466757087196,"1+tri":0,"1er":0,"1+2":0,"construit":0.0069343353242182727,"9+":0,"1+ta":0,"1min45":0,"1+n":0,"1+0":0,"1+5":0,"1=5":0,"1+taeg":0,"1=9":0,"1+r2":0,"1+2r+r":0,"1+1":0,"1x":0,"1+taux":0,"1x4x":0,"1x08":0,"1=r":0,"1+rn":0,"1+4":0,"1+i":0,"1+":0,"1\u20ac":0,"1+x":0,"1+9":0,"1=":0,"9=":0,"1\u2212":0,"9=850":0,"1+f3":0,"1+a2":0,"1+12":0,"1+41":0,"1x4":0,"1+11":0,"cons\u00e9quent":0.0069343353242182727,"1usd":0,"1^3":0,"1=16":0,"1+15":0,"1+tmeg":0,"1\u00b2=4":0,"1m":0,"samuel":0.0070024405963176137,"menozz":0.0070024405963176137,"1eur":0,"1+g":0,"1+rd":0,"1an":0}