{"question":0.0047290505898062753,"le":0.00096267699942254666,"r\u00e9pons":0.0073970761868599778,"du":0.012111175662882116,"la":0.0042002156279217018,"merc":0.0026809804853034813,"de":0.0023305400818554732,"pour":0.0029339984033124825,"\"":0.022656234362282961,"*":0.043024475630971698,"est":0.0034168015723257772,"(":0.0047723632498456745,")":0.004664699968922552,"bonjour":0.0014954656034647106,"utilis":0.0079043557030656561,"d\u00e9termin":0.010215884374908271,"je":0.0023674800067737239,"pas":0.0027869361018468776,"votr":0.0083376939297013647,"aux":0.010509212051700119,"jean":0.011902801250627003,"mar":0.011045867269548365,"ne":0.0045173482841385157,"comprend":0.0067127496442491528,"portefeuill":0.022940810657589031,"formul":0.0079233460011359502,"rend":0.010947369981639303,"pr\u00e9c\u00e9dent":0.011387221358845658,"retour":0.011422523154986876,"malgr":0.011750613120269187,"typ":0.011317274893633477,"\u00e9cart":0.011788276257623662,"volatil":0.023160580345273556}