{"question":0.0034817100487001744,"le":0.0007087600605852933,"me":0.0051625570968950188,"sur":0.0045031577624176341,"l":0.0023672922676003468,"la":0.0010609664009320907,"de":0.00087053514235099565,"d":0.0021890923868683652,"\"":0.01132275940759165,"un":0.0036436634135544911,"non":0.0070260539028811899,"si":0.0055887516838910075,"(":0.0035135985051316138,")":0.0067948028909840513,"bonjour":0.0011010196486990528,"on":0.0036851600452868331,"int\u00e9r\u00eat":0.0069155012474437618,"3":0.0069520255268400478,"oblig":0.0076713114131797865,"je":0.0034485733490998132,"permet":0.007804332843919147,"ou":0.0056285485869221078,"pas":0.0020518502068473453,"il":0.0033335021683601517,"\u00e9nonc":0.0076931873420173994,"qu":0.0053576744697823022,"n":0.0039789210001708007,"avec":0.0055232609238032825,";":0.007804332843919147,"auss":0.0079886066874882266,"donc":0.0067375563805157522,"t0":0.0083837130263159886,"s":0.0061536348660291501,"agit":0.0081323949360775066,"suppos":0.01658711709752933,"=":0.0064678366274829365,"003":0,"indiqu":0.0075424260406575091,"3\u00b0":0,"pr\u00eat":0.0083837130263159886,"lor":0.0077595164193768771,"des":0.008357884413822422,"3h":0,"3iem":0,"3em":0,"3+":0,"3+1":0,"gratuit":0.0087633028945217333,"3m":0,"3=":0,"reven":0.008678985162792122,"parent":0.0087917942705548913,"3^2x24":0,"3x0":0,"pr\u00eatent":0.0088493712918828928,"famill":0.0088493712918828928,"3e":0,"3+2":0}