{"question":0.010929259449452045,"le":0.0022248327635547697,"en":0.010108138629235723,"du":0.0096031670222240864,"la":0.0033304258254552676,"trouv":0.016469942579247606,"\"":0.017964531993575263,"4":0.025759677667479931,"comment":0.014589994727327703,"fond":0.024427654864033761,"prix":0.022840366358106497,"balanced":0.027156719312410257,"\u00e0":0.0074883305271815264,"t=0":0.025375789575877689,"04":0,"04\u20ac":0,"4em":0,"4an":0,"4e":0,"4min25":0}