{"question":0.0030760467533828607,"que":0.0026028116131856624,"le":0.0018432036394947162,"me":0.0045610538427765237,"en":0.0028449417965609124,"sur":0.0039784828780406126,"l":0.0020914727510922245,"du":0.0027028172290654859,"une":0.0034995397667707579,"autr":0.0061258566403007289,"la":0.003644902690238178,"et":0.0021837862045834379,"merc":0.0017438640507414004,"de":0.0015235630090523905,"pour":0.0037805294557947075,"nous":0.0056855263187476392,"d":0.003831229805408707,"vous":0.0025966510093340545,"\"":0.010015943933214729,"dan":0.0049039761254351319,"bonjour":0.00097273692192026352,"4":0.0072500770270590778,"comment":0.0041063629352416494,"d\u00e9termin":0.0066449993222970748,"3":0,"actif":0.012167054970436644,"san":0.0059679667554000861,"risqu":0.0059066686194948082,"fond":0.013619393014278537,"indic":0.0070164485074130463,"par":0.0040510095673546593,"invest":0.0062239645990778769,"aur":0.0063935540666748567,"avanc":0.0041437354853010892,"bon":0.0062908610365126046,"don":0.0056287425746947518,"mani":0.014449461907777659,"journ":0.0074298666506287638,"somm":0.0068554345295226719,"fair":0.0061097578094293416,"trop":0.0074762277522852603,"retrouv":0.0072282114210610957,"etant":0.0077422671734735061,"aoa":0.007272073958805185,"intuit":0.0076189397597059552,"m\u00e9thod":0.0072064755820348434,"04":0,"syst\u00e9mat":0.0076924367704261868,"aller":0.0077422671734735061,"04\u20ac":0,"4em":0,"4an":0,"4e":0,"4min25":0,"r\u00e9partit":0.0077927849140711639,"3e":0.0064109530453646067,"r\u00e9part":0.0078183075130102524,"al\u00e9atoir":0.0078183075130102524}