{"j":0.002182314530484169,"ai":0.0024676934450715638,"a":0.0027929213499660981,"question":0.0022793404793100547,"que":0.0019286748042525513,"le":0.0035374922072164547,"me":0.0033797258252723453,"en":0.0041862819091958879,"sur":0.0029480426655372248,"avoir":0.0042449473608252618,"autr":0.0045392395272705558,"la":0.00069457353743033242,"vrai":0.0051991651577964863,"et":0.0016181783611682193,"de":0.00056990558112768265,"2em":0,"exempl":0.0085808926154921188,"dan":0.0018343864658020754,"m":0.0034992995349284314,"+":0.0048424999063727634,"ma":0.0046866359764342457,"1":0.003029060150214842,"2":0.0043321479286481078,"cour":0.0080394295726512362,"par":0.0030017847026509482,"je":0.0044690521989009906,"pas":0.0013432667190922103,"ce":0.0022075132648057571,"cas":0.0044918342313152596,"qui":0.0066806264916815378,"mais":0.010350375732284523,"pens":0.0049936920418906794,"\u00e0":0.0015617210820183984,"derni":0.004855901830836464,"n":0.0026048451975637659,"sont":0.0085808926154921188,"suis":0.013251461751653723,"perplex":0.005774427869688601,"exercic":0.0082619076724512863,"vid\u00e9o":0.0042664862372859252,"concern":0.004855901830836464,"pourquoi":0.0035403575674852702,"compr":0.0045273103467942302,"m\u00eam":0.0040186593306976142,"don":0.0082825958831389442,"1+r":0,"donc":0.0044108167466376429,"sembl":0.0050798543322582686,"01":0,"\u00e7a":0.0053239634295388239,"deux":0.0094080025669212985,"perdu":0.0055572012309130486,"2e":0,"02":0,"1+7":0,"compr\u00e9hens":0.0054380774730425725,"retrouv":0.0053560807770288059,"1+3":0,"1+tap":0,"1+6":0,"aid":0.0044918342313152596,"1\u00b0":0,"2\u00b0":0,"1=1":0,"concept":0.0055398600588838394,"rapport":0.0051839612850419214,"\u00e9vident":0.0055746539224996545,"pend":0.0056456091847837796,"bloqu":0.0054380774730425725,"chapitr":0.0056098996670953596,"1mais":0,"1+teg":0,"ont":0.0052764890261316529,"\u00e9tudi":0.0057000702268530127,"1+tri":0,"1er":0,"1+2":0,"1+ta":0,"1min45":0,"contact":0.0055922195772775494,"voir":0.0056456091847837796,"1+n":0,"1+0":0,"complex":0.0057184695121669342,"1+5":0,"1=5":0,"1+taeg":0,"1=9":0,"1+r2":0,"1+2r+r":0,"1+1":0,"d\u00e9coul":0.005774427869688601,"1x":0,"complet":0.0055746539224996545,"1+taux":0,"assez":0.011211136101928828,"1x4x":0,"1x08":0,"2x3":0,"1=r":0,"2min54":0,"1+rn":0,"2i\u00e8meann":0,"1+4":0,"laiss":0.0057000702268530127,"1+i":0,"1+":0,"1\u20ac":0,"retourn":0.0057369943908440763,"1+x":0,"1+9":0,"1=":0,"1\u2212":0,"1+f3":0,"1+a2":0,"1+12":0,"1+41":0,"2\u20ac":0,"2^2x4":0,"2x0":0,"1x4":0,"+2x0":0,"1+11":0,"02+":0,"1usd":0,"1^3":0,"2=":0,"1=16":0,"1+15":0,"1+tmeg":0,"m\u00e9can":0.0057369943908440763,"1\u00b2=4":0,"2x":0,"2m":0,"1m":0,"1eur":0,"1+g":0,"1+rd":0,"1an":0}