{"que":0.0047036610816808726,"le":0.0022248327635547697,"sur":0.0071897001622293283,"l":0.0037795970068951715,"de":0.0040313839725377998,"afin":0.012754535778507702,"vous":0.0046925279699221636,"trouv":0.0083769817064498001,"bonjour":0.00175787781919045,"on":0.0058836925493845381,"comment":0.0074207981199656721,"prix":0.011617121931654617,"ou":0.0089864887759969342,"il":0.010464027608192266,"cepend":0.013141700724652861,"ok":0.013901357776738794,"lorsqu":0.012247945069159504,"s":0.01931656314492208,"agit":0.012984106770409617,"ponder":0.013552928205045363,"faut":0.011491646450929713,"just":0.01306243470682604,"tomb":0.01368144939627451,"soustract":0.013991408599591576,"voul":0.01368144939627451,"devin":0.013991408599591576,"addit":0.01403689766786214,"fraction":0.013991408599591576}