{"a":0.0070591301141563652,"question":0.0057610505280102217,"le":0.0023043575501452301,"sur":0.0074512004279548493,"l":0.0039170666647858846,"du":0.0050620383475962032,"la":0.0017555399383624207,"2em":0,"exempl":0.010921596669056228,"dan":0.0091101360925837337,"comm":0.010866054964108205,"bonjour":0.0018218144933853258,"on":0.0060976913435476388,"taux":0.0085029741436256634,"comment":0.0076907037678341306,"2":0.010949537086846785,"san":0.011177254698594558,"risqu":0.011062450962976828,"prix":0.012039654221394986,"je":0.0028841247696688587,"calcul":0.0055412217763423271,"pas":0.0066710820471616201,"ce":0.005579506692939675,"o\u00f9":0.011005761689210213,"vid\u00e9o":0.010783576658764249,"ne":0.0055031493580635091,"2e":0,"02":0,"moment":0.013744782485026349,"2\u00b0":0,"sais":0.01302628594307405,"2x3":0,"2min54":0,"2i\u00e8meann":0,"2\u20ac":0,"2^2x4":0,"2x0":0,"+2x0":0,"02+":0,"2=":0,"2x":0,"2m":0}