{"le":0.0007087600605852933,"r\u00e9pons":0.0054460137403279886,"en":0.0032201274022119505,"la":0.0010609664009320907,"merc":0.0019738415816847044,"de":0.00087053514235099565,"pour":0.0021601231641934725,"nous":0.018896582454161787,"d":0.0064280169659809792,"trouv":0.0052467932383612938,"un":0.0036436634135544911,"comm":0.0065669364596478716,"si":0.0055887516838910075,"bonjour":0.0011010196486990528,"taux":0.010167080955779527,"int\u00e9r\u00eat":0.0069155012474437618,"utilis":0.0058194925508275449,"comment":0.0046479024024968377,"je":0.001743030397570456,"pas":0.0020518502068473453,"ce":0.0033719934281339248,"\u00e0":0.0023855409202298114,"n":0.0039789210001708007,"avanc":0.0046902035745919638,"votr":0.0061385329225705906,"quel":0.0065006073822883948,"%":0.0049762120672250526,"comprendr":0.0071976154430364089,"avon":0.0084621786918148562,"effet":0.0079651194921112334,"somm":0.0077595164193768771,"45":0.017929030932546351,"formul":0.0058334739431521862,"18+1":0,"18":0.014567336836156663,"obten":0.0074380003957867768,"permettr":0.0086512561035861756,"approxim":0.008706900951076034,"excel":0.0077151793240708101,"\u00e9tant":0.0081814544304832371,"fichi":0.0084886674649746301,"graphiqu":0.0083837130263159886,"voudr":0.0080839092500877632,"assez":0.0086237112919810809,"18x3xx":0,"possibil":0.0085963482956386058,"045":0,"45=4":0,"parvenus":0.0088493712918828928,"45=2788":0}