{"le":0.0022248327635547697,"en":0.0051412257192723276,"sur":0.0071897001622293283,"l":0.0074310471071377445,"du":0.0048843858490748996,"avoir":0.010352597364196787,"la":0.0064458311260435939,"de":0.0040313839725377998,"exempl":0.010538302667140745,"un":0.0058174394097792728,"dan":0.0087957397314256686,"est":0.0040163542930382566,"si":0.0089229494075637669,"prix":0.011617121931654617,"calcul":0.0053467523105202568,"valeur":0.0093585429728323174,"temp":0.011941629735388735,"invest":0.011247613891890933,"pas":0.003275965121222081,"\u00e0":0.0038087326374221576,"n":0.0063527085813371914,"pourquoi":0.0086342404995892914,"le\u00e7on":0.012496394794979703,"mis":0.027070254791152736,"n\u00e9gat":0.013141700724652861,"van":0.010326488322923244,"compt":0.01164886603749391,"sign":0.02741961436633281}