{"j":0.0049731748207117784,"ai":0.0056235115217524011,"que":0.0043951670759952294,"en":0.0048040336281054193,"quand":0.011284005609223062,"merc":0.002944728624231611,"de":0.0012987312537475978,"nous":0.018896582454161787,"d":0.0032658563242936515,"vous":0.0043847641397705452,"\"":0.016804697395631778,"un":0.010699196790939652,"est":0.003752937945092258,"bonjour":0.0016425857604024444,":":0.007060965035879177,"actif":0.010371566165812413,"ce":0.009901469255132269,"il":0.0049731748207117784,"qu":0.01573219229875961,"cel":0.010130056533391402,"avanc":0.0069972062842987405,"problem":0.011676807069591356,"dit":0.011189583254117048,"signif":0.012824693290950843,"pai":0.011813487640846819,"r\u00e9alit":0.012784138757912383,"rapport":0.011813487640846819,"aut":0.012743848425661172,"franc":0.01298962424182966,"pet":0.012865515512613463}