{"j":0.0034471539107696512,"ai":0.0038979345052849996,"le":0.00036854440705380207,"me":0.0026844508458693074,"au":0.0050642139565886413,"l":0.0012309558249731934,"une":0.0040960998452877553,"la":0.003735611194257357,"et":0.0025560522042559516,"de":0.0034842455659331688,"bien":0.0025119119287045134,"pour":0.0022337699623746418,"nous":0.0099262185632977111,"vous":0.0045334282186446579,"2em":0,"exempl":0.0034321608969903679,"000":0,"dan":0.0043220294880343948,"non":0.0036534407249571394,"r\u00e9solu":0.003921946350371081,"(":0.0018270175616689162,")":0.0052973155882405773,"bonjour":0.00057251340213680993,"ma":0.0074029455006812319,"suiv":0.0037835155137190815,":":0.0048943047680264371,"utilis":0.0030260472489485801,"1":0.0024059238834197448,"2":0.003440941299004116,"appliqu":0.011765723669236301,"par":0.0023842595230338082,"je":0.0018024569201138794,"calcul":0.005165471140072527,"pas":0.001066930770931574,"il":0.0017333702170468318,"\u00e0":0.002466873065367324,"cel":0.0035307703680258332,"n":0.0020689781525089178,"expliqu":0.0029829340975267471,"cepend":0.0042800470599257592,"exercic":0.0033045742113981423,"elle":0.0038146811512623181,"x":0.0042414385224958211,"cet":0.0029129413994288074,"don":0.0033128490227648153,"quel":0.010026917167163236,"prendr":0.0042800470599257592,"1+r":0,"donc":0.013779689498647104,"ne":0.0017293894482074269,"mani":0.0085376332493844829,"diff\u00e9rent":0.0036054301498266998,"01":0,"avon":0.0044002036821640519,"s":0.0031997961497061455,"deux":0.0037629859707923232,"fair":0.0071512769352075076,"rent":0.0079328555384390945,"va":0.0036729484211172276,"3000":0.016802146148715329,"formul":0.0089978915176694377,"7":0.006268214998074088,"faut":0.0037426501056854054,"=":0.0033631762670544908,"2e":0,"02":0,"1+7":0,"d\u00e9cimal":0.0044985210486237033,"1+3":0,"1+tap":0,"conseil":0.0044699698270636865,"1+6":0,"31":0.010563068997069647,"svp":0.0078656978097620192,"1\u00b0":0,"2\u00b0":0,"1=1":0,"multipli":0.0044417918347858642,"son":0.0042287211657623391,"import":0.0043326249278220208,"laquel":0.0044558347881259149,"m\u00e9thod":0.0042414385224958211,"76":0.012311098586134096,"26":0.01293122195166293,"arrond":0.013175924684981102,"croiss":0.0044417918347858642,"1mais":0,"1+teg":0,"remerc":0.0040003399245948567,"lor":0.0040348300318191373,"1+tri":0,"isabel":0.0044558347881259149,"prend":0.0043326249278220208,"1er":0,"1+2":0,"1+ta":0,"1min45":0,"1+n":0,"1+0":0,"1+5":0,"1=5":0,"1+taeg":0,"1=9":0,"1+r2":0,"1+2r+r":0,"1+1":0,"1x":0,"complet":0.0088056463913424258,"1+taux":0,"1x4x":0,"1x08":0,"2x3":0,"1=r":0,"2min54":0,"1+rn":0,"2i\u00e8meann":0,"1+4":0,"24":0.01183009353476713,"1+i":0,"1+":0,"1\u20ac":0,"1+x":0,"1+9":0,"1=":0,"007=>":0,"1\u2212":0,"1+f3":0,"1+a2":0,"1+12":0,"1+41":0,"2\u20ac":0,"2^2x4":0,"2x0":0,"1x4":0,"+2x0":0,"1+11":0,"02+":0,"+7":0,"1usd":0,"1^3":0,"7e":0,"2=":0,"1=16":0,"1+15":0,"1+tmeg":0,"1\u00b2=4":0,"fraction":0.0222803340066513,"2x":0,"3000\u20ac":0,"2m":0,"1m":0,"1eur":0,"78922":0.015299374906256213,"enti\u00e8ret":0.0046015379208482346,"78930":0.015299374906256213,"retrouvon":0.00458651635682541,"mathild":0.00458651635682541,"coton":0.00458651635682541,"1+g":0,"1+rd":0,"1an":0}