{"que":0.007247202038891315,"la":0.0026099344200101429,"de":0.0021414812286743843,"bien":0.011883429234330632,"d":0.0053850787018802143,"vous":0.0072300486112025818,"est":0.012058969615703323,"r\u00e9solu":0.018554062896429881,"bonjour":0.0027084637889782368,"taux":0.012641241822505001,"int\u00e9r\u00eat":0.01701185327025433,"par":0.011279527357021486,"ce":0.0082949674036831567,"\u00e0":0.005868334145719069,"solveur":0.020065526166690717,"optionnel":0.021769095335954104,"eggermont":0.021769095335954104,"arthur":0.021698030864698431}