{"j":0.0027328350737517671,"ai":0.0061257131559387546,"que":0.004787672733634396,"l":0.0038471040365798837,"du":0.0049716254092458797,"la":0.0042002156279217018,"et":0.0020263873603982969,"merc":0.0016181730900481706,"de":0.0014147130483039088,"pour":0.0017708884076219327,"d":0.0017946376370469785,"vous":0.0024094944704917726,"exempl":0.0054111519776973236,"un":0.0029871080535118439,"dan":0.0022971371003277221,"dir":0.0058847518409976141,"quelqu":0.006253423403896877,"m":0.0086865348856408758,"si":0.0090823213748482939,"bonjour":0.00090262581540026109,"suiv":0.0059650983940357418,"3":0.0056993330838936073,"je":0.0082112615103279961,"valeur":0.0048053752027551865,"temp":0.0061317249466616508,"ou":0.009146995614015864,"pas":0.0016821252629080107,"qui":0.0042128350595431003,"\u00e9nonc":0.006306944209234072,"pens":0.006253423403896877,"\u00e0":0.00761981175780549,"cel":0.011034710311691832,"n":0.0032619552397961504,"plus":0.009830369655060572,"vid\u00e9o":0.0053427693708053064,"concern":0.0060808736103961786,"compr":0.005669390150985068,"peu":0.0063249734340137418,"moin":0.0067891255127134004,"%":0.0080868787486492889,"mis":0.0070697961166254339,"sembl":0.0063613213837078316,"comprend":0.0040516486017334102,"chos":0.0064916908277152744,"100":0.010758713206649798,"van":0.010510928767892024,"tous":0.0062357688140622447,"7":0.0098824807465183982,"003":0,"caus":0.0071610365200486491,"\u00e9clairc":0.0066670105470028112,"3\u00b0":0,"perd":0.0071151101332917995,"pr\u00eat":0.013624433563398368,"argent":0.006959085972069433,"3h":0,"100k":0,"3iem":0,"3em":0,"3+":0,"3+1":0,"\u00e9chapp":0.0071379957477239126,"3m":0,"000\u20ac":0.0071151101332917995,"3=":0,"007=>":0,"3^2x24":0,"3x0":0,"+7":0,"7e":0,"100+2":0,"+100":0,"3e":0,"3+2":0}