{"j":0.001907801798261386,"ai":0.0021572829792875343,"a":0.0024416005573155365,"question":0.0059042149573226973,"le":0.0012019012761912474,"en":0.0054606282851503802,"sur":0.002577209206142894,"l":0.0078845528817107352,"une":0.0089015937378305668,"la":0.0035336767700200286,"et":0.0014146281593329594,"premi":0.0041416607550468837,"de":0.001956336129094639,"pour":0.0012362634397630125,"d":0.0012528428605409457,"2em":0,"dan":0.0016036395071736592,"an":0.016001729638825159,"est":0.0070239430310197063,"non":0.004021091810836333,"comm":0.0037583335945293736,"si":0.0031985071477570628,"\u00e9gal":0.004328753154466067,"(":0.0020108730121979005,")":0.0019655082369955963,"bonjour":0.00063012626349737274,"taux":0.0058454549657050298,"int\u00e9r\u00eat":0.0039578212490686019,"ser":0.0041870689441664668,"t":0.011665773870706773,"1":0.0026480355241641921,"3":0.0079080226036824762,"2":0.003787208256719782,"fond":0.0044536506995094902,"par":0.0077755746896658977,"calcul":0.0038093685575740933,"valeur":0.0033546493680466252,"ou":0.0064025497719276707,"ce":0.0075778130595769841,"il":0.0056528869685881561,"qui":0.0029409950053594018,"qu":0.0030662589888093561,"pr\u00e9cis":0.0046823408795164624,"\u00e0":0.0079453322238503665,"concern":0.0042450793025674569,"elle":0.0041985580971681353,"cet":0.0032060749546789814,"y":0.0035217963182035631,"m\u00eam":0.0035131533015105051,"don":0.0036462258672974712,"1+r":0,"%":0.0028479436493218662,"consider":0.008929070095811651,"donc":0.0038559813461764305,"01":0,"hypothes":0.0048887758463651175,"plusieur":0.0046542635641520355,"rent":0.0043903801377417583,"67":0.019584147568428575,"18+1":0,"18":0.0083370551474908801,"doit":0.004328753154466067,"vers":0.028272532478929673,"2e":0,"compt":0.0082993977348287135,"003":0,"02":0,"1+7":0,"actuel":0.0047250898821733335,"r\u00e9alit":0.004904231962647475,"annuit":0.0095365864033340533,"8":0.014572029510987065,"retrait":0.0049512138039978348,"30":0.009019582434659475,"effectu":0.0046403485362371977,"1+3":0,"1+tap":0,"pris":0.0091410400750680122,"celui":0.0047107544581453413,"capitalis":0.0047250898821733335,"1+6":0,"1\u00b0":0,"2\u00b0":0,"1=1":0,"3\u00b0":0,"19":0.012222290939027792,"75":0.0085434901143395352,"1mais":0,"1+teg":0,"85":0.010943518798994254,"1+tri":0,"3h":0,"1er":0,"1+2":0,"1+ta":0,"1min45":0,"jusqu":0.0094489887505848566,"mention":0.0049830599930037215,"30\u20ac":0,"3iem":0,"3em":0,"1+n":0,"1+0":0,"1+5":0,"1=5":0,"1+taeg":0,"1=9":0,"1+r2":0,"1+2r+r":0,"3+":0,"3+1":0,"1+1":0,"75+0":0,"1x":0,"1+taux":0,"1x4x":0,"18x3xx":0,"1x08":0,"2x3":0,"1=r":0,"2min54":0,"1+rn":0,"implicit":0.0049991448373826099,"08":0,"2i\u00e8meann":0,"3m":0,"1+4":0,"67=13":0,"1+i":0,"1+":0,"3=":0,"1\u20ac":0,"1+x":0,"1+9":0,"1=":0,"1\u2212":0,"1+f3":0,"1+a2":0,"1+12":0,"1+41":0,"2\u20ac":0,"2^2x4":0,"3^2x24":0,"2x0":0,"1x4":0,"+2x0":0,"3x0":0,"1+11":0,"02+":0,"assur":0.019822093765022916,"1usd":0,"1^3":0,"2=":0,"1=16":0,"1+15":0,"1+tmeg":0,"1\u00b2=4":0,"08+0":0,"2x":0,"2m":0,"1m":0,"1eur":0,"3e":0,"3+2":0,"obligatoir":0.0050645974148089551,"assureur":0.0050645974148089551,"1+g":0,"8min25":0,"67\u20ac":0,"1+rd":0,"8+50":0,"1an":0}