{"j":0.0041555542791808552,"ai":0.0046989716249099013,"question":0.0043403106885814471,"une":0.0049378605309320636,"la":0.0026099344200101429,"de":0.004173093442268884,"bien":0.006022017836465143,"vous":0.0036638819348028431,"comm":0.0081863636283227275,"r\u00e9solu":0.0094024120056528902,"(":0.01279581107590673,")":0.012507140886656342,"bonjour":0.0013725345542115845,":":0.0059000989363560226,"utilis":0.014315716220658721,"1":0,"\/":0.0062892544434654972,"calcul":0.0041746941789044837,"peut":0.0081036775920358857,"\u00eatre":0.008805468317430936,"\u00e0":0.005868334145719069,"elle":0.0091452561177877839,"votr":0.0076523144326704961,"1+r":0.0062318342191842796,"r":0.0095903515177214113,"formul":0.014350109880095711,"10":0.014506384066810979,"vf":0.0099002287332320572,"=":0.0080628254661076759,"g":0.010483562905210859,"m\u00e9thod":0.010168357474186275,"^n":0.020816617205446863,"10iem":0,"lor":0.0096730375540082531,"10+1":0,"+10":0,"10^7":0,"10em":0,"10h":0,"arthur":0.010995641603679334,"1+g":0.006435659901211672,"substitu":0.011031654063130373,"gigounon":0.011031654063130373,"10min15":0,"10^1":0,"10^2":0}