{"a":0.0043620866050875107,"question":0.0017899787089890077,"le":0.0024682096517606908,"tout":0.0035182561285627715,"en":0.0016554966983374538,"l":0.004787786542869754,"du":0.0061872725572916787,"apres":0.0073793196696230788,"une":0.0040500723555315973,"la":0.0036947447473435219,"vrai":0.0081202460974194764,"et":0.0025273300853889172,"de":0.0021888306121243925,"bien":0.0024835281356200959,"pour":0.0022086692988302473,"nous":0.0065799489375299733,"mal":0.003921574032212086,"dan":0.0042737295595010986,"est":0.0012932832819523394,"non":0.0036121580253535551,"5":0.0033933785879374997,"comm":0.0033761215844041099,"(":0.0035925623479888696,")":0.0035115150703496694,"bonjour":0.0005660441856970887,"ser":0.0074804854140464068,"4":0.0042188837028221942,"comment":0.0023895287733779465,"1":0.0023787377209976159,"3":0.0035740993659243627,"cour":0.0031792529511222253,"vid\u00e9os":0.004059120354379212,"je":0.0026585067209842195,"calcul":0.0017216771408642324,"valeur":0.005993310834271061,"ou":0.0028936878695174596,"pas":0.0041498132456143045,"il":0.0034084185656099424,"obtenu":0.0044054852948975662,"\u00e0":0.0083074871898382429,"fin":0.0078660823485069732,"n":0.0040683423988138291,"tres":0.003888531071223418,"dont":0.0042061599140330646,"suis":0.0035182561285627715,"plus":0.0061850039010147451,"exercic":0.0096929890616711985,"vid\u00e9o":0.0099400037491668061,"y":0.0062919303075408585,"avec":0.011170650403276739,"encor":0.0041191589243788577,"bon":0.0036607074662250889,"se":0.003650908698196384,"1+r":0,"%":0.0025583157492027188,"le\u00e7on":0.0040238926384150893,"comprendr":0.0073593730752646806,"ne":0.0050726514015104812,"comprend":0.0050532556640957771,"01":0,"raison":0.0036903770167373549,"somm":0.0039892377562917806,"part":0.0034818239885530751,"solveur":0.0041935116377881682,"cordial":0.0035182561285627715,"s\u00fbr":0.0044762967351404366,"003":0,"1+7":0,"beaucoup":0.0039664436535358939,"\u00e9t\u00e9":0.0039778102313691886,"\u00e9tap":0.0043101428922784233,"excel":0.0039664436535358939,"1+3":0,"1+tap":0,"1+6":0,"aid":0.0035274623126054765,"1\u00b0":0,"1=1":0,"3\u00b0":0,"cibl":0.0087617462604231908,"aucun":0.0042836676662005449,"1mais":0,"outil":0.013322815363537776,"1+teg":0,"04":0,"pr\u00e9par":0.0044907457958540441,"ont":0.0041436560710090579,"pr\u00e9c\u00e9dent":0.0043101428922784233,"compar":0.0042575172977243813,"condit":0.0044335281770166461,"1+tri":0,"3h":0,"1er":0,"1+2":0,"r\u00e9alis":0.0085194721223331299,"quant":0.0044476892144455493,"1+ta":0,"1min45":0,"05":0,"3iem":0,"fa\u00e7on":0.0043235048689123931,"3em":0,"1+n":0,"1+0":0,"97":0.0089664548491234144,"1+5":0,"1=5":0,"1+taeg":0,"1=9":0,"1+r2":0,"1+2r+r":0,"3+":0,"3+1":0,"1+1":0,"ayant":0.0044054852948975662,"th\u00e9oriqu":0.0044476892144455493,"test":0.00870669816879357,"1x":0,"1+taux":0,"1x4x":0,"1x08":0,"1=r":0,"1+rn":0,"nouveau":0.0086794399174312167,"5iem":0,"3m":0,"bienvenu":0.0090187124183494852,"1+4":0,"5em":0,"0005+1":0,"1+i":0,"1+":0,"3=":0,"1\u20ac":0,"97\u20ac":0,"04\u20ac":0,"1+x":0,"5e":0,"1+9":0,"1=":0,"1\u2212":0,"1+f3":0,"1+a2":0,"1+12":0,"1+41":0,"5=>":0,"4em":0,"5^2x18":0,"3^2x24":0,"5x0":0,"1x4":0,"3x0":0,"5^2":0,"1+11":0,"1usd":0,"1^3":0,"4an":0,"4e":0,"1=16":0,"1+15":0,"1+tmeg":0,"4min25":0,"1\u00b2=4":0,"5+5":0,"1m":0,"1eur":0,"3e":0,"3+2":0,"5xtaux":0,"1+g":0,"serv":0.0045495420293032553,"familiaris":0.0045495420293032553,"1+rd":0,"5an":0,"5min08":0,"1an":0}