{"a":0.0099562687471360534,"question":0.0041148139526362955,"le":0.0024503391693862083,"r\u00e9pons":0.012709639728470336,"tout":0.0080877886055610911,"du":0.0071395502536362411,"la":0.0036679938306057509,"et":0.0057685185602475136,"de":0.0020316122135944975,"pour":0.0025529136002449444,"d":0.002587150501075954,"2em":0,"dan":0.0065392620668878682,"est":0.0029730074813540289,"fait":0.0076246783602992897,"m":0.0063171635310647865,"bonjour":0.0013012258198481922,"on":0.0043552586975773985,"4":0.019151235503748445,"3":0.0082161613795510326,"2":0.015443338220209065,"cour":0.0073084860375946439,"je":0.0020599779129998816,"calcul":0.0039578018920484338,"pas":0.0024249526071268169,"ce":0.0078693928590365149,"o\u00f9":0.0078608339812276402,"qu":0.0063318982205809605,"ne":0.0039306087755877116,"comprend":0.0058408586189056307,"formul":0.0068942156692755503,"total":0.0095538635063896534,"part":0.0080040381803278375,"2e":0,"003":0,"02":0,"viennent":0.010290138183989581,"taeg":0.0096983955383065108,"2\u00b0":0,"3\u00b0":0,"point":0.018865830874689734,"04":0,"3h":0,"3iem":0,"3em":0,"3+":0,"3+1":0,"complet":0.010063728499378756,"2x3":0,"2min54":0,"2i\u00e8meann":0,"3m":0,"3=":0,"04\u20ac":0,"2\u20ac":0,"4em":0,"2^2x4":0,"3^2x24":0,"2x0":0,"+2x0":0,"3x0":0,"02+":0,"4an":0,"4e":0,"2=":0,"4min25":0,"2x":0,"2m":0,"3e":0,"3+2":0,"largu":0.0104585149120884,"diff":0.0104585149120884}