{"j":0.0048152692956223405,"ai":0.0054449568616606967,"r\u00e9pondu":0.012536860233126328,"a":0.0061625710839198437,"que":0.0042556141364724831,"le":0.0010238093108482017,"l":0.0034195717279367228,"la":0.0030179844238936698,"de":0.0012574946497740163,"pour":0.0061446036910315725,"d":0.0031621606416873359,"vous":0.00424554150858528,"bonjour":0.0015904312763250761,"3":0.010042253873272081,"je":0.0049581575680618861,"pas":0.0029639132663617676,"o\u00f9":0.0096079527711815348,"vient":0.011818173297310112,"mais":0.0077211920515362423,"quizz":0.010774114552076079,"suis":0.0098853494592434418,"comprendr":0.010397010379507248,"vu":0.011438392246794592,"ne":0.0048042107959568661,"formul":0.0084264975831984789,"d\u00e9j\u00e0":0.011677268540579346,"003":0,"\u00e9tap":0.012110337380937584,"q4":0.012658657839417926,"3\u00b0":0,"bloqu":0.011999098717153222,"avez":0.011049833753432882,"3h":0,"3iem":0,"3em":0,"parvien":0.012035949146474616,"3+":0,"3+1":0,"3m":0,"3=":0,"3^2x24":0,"3x0":0,"3e":0,"3+2":0}