{"que":0.0062355701705683747,"le":0.0029335928241400692,"en":0.0034474507976102694,"quand":0.0080975815635779217,"une":0.0042406811889110635,"la":0.002245615498121893,"et":0.0026462739947447239,"pour":0.0045720637817591456,"nous":0.0068896215262100411,"un":0.0039008861365712488,"dan":0.0059307279289536226,"comm":0.0070305262829408049,"bonjour":0.0011787456184139797,"on":0.0077999194917816976,"utilis":0.0062303169192176339,"\/":0.0054012710248916495,"je":0.0018660788173273952,"calcul":0.0035852667289886096,"pas":0.0021966996173237389,"cas":0.0073456822809398843,"peut":0.0069595147352329067,"\u00eatre":0.0075622192282197263,"qu":0.0057358970056587376,"vid\u00e9o":0.0069771613869037009,"pourquoi":0.0057896931436966738,"r":0.0082362843222242871,"dit":0.0080298225825587051,"actualis":0.0078111514072752124,"ne":0.0035606332131221351,"comprend":0.0052910773824129684,"puisqu":0.0087855167581582412,"doit":0.0080975815635779217,"video":0.0089479053744812159,"tap":0.0088659683940291271,"ta":0.0086032806629673143,"k":0.0091451879442809546,"ici":0.0085024097971048204,"parc":0.0089479053744812159,"convert":0.0093516496839465384,"trimestr":0.0093516496839465384,"k<1an":0.0094740885399735696,"cest":0.01873036253007521}