{"ai":0.006726420374378375,"la":0.0018932633642182244,"vous":0.0052447241785690173,"trouv":0.0093627483481950081,"2em":0,"dan":0.0050001569371179288,"(":0.012303168785837711,")":0.012025612479268409,"bonjour":0.0019647372078277154,":":0.0084457938596541916,"comment":0.008294045250988466,"1":0.0082565895493683823,"2":0.011808536489926384,"je":0.0031103865226454943,"pas":0.0036614663971213848,"n":0.0071002675976579643,"vid\u00e9o":0.011629556341692483,"compr":0.012340508752669482,"1+r":0,"01":0,"10":0,"2e":0,"02":0,"1+7":0,"8":0.022859824852952588,"1+3":0,"1+tap":0,"1+6":0,"1\u00b0":0,"2\u00b0":0,"1=1":0,"39":0.03810917138974889,"1mais":0,"avez":0.013650397749875956,"1+teg":0,"1+tri":0,"1er":0,"1+2":0,"145":0.040598219802520596,"1+ta":0,"1min45":0,"1+n":0,"1+0":0,"21":0.034765618096477983,"1+5":0,"1=5":0,"1+taeg":0,"1=9":0,"1+r2":0,"1+2r+r":0,"1+1":0,"1x":0,"1+taux":0,"1x4x":0,"1x08":0,"2x3":0,"1=r":0,"127":0.03810917138974889,"2min54":0,"1+rn":0,"08":0,"2i\u00e8meann":0,"1+4":0,"1+i":0,"1+":0,"1\u20ac":0,"1+x":0,"1+9":0,"1=":0,"1\u2212":0,"1+f3":0,"1+a2":0,"1+12":0,"1+41":0,"2\u20ac":0,"2^2x4":0,"2x0":0,"1x4":0,"+2x0":0,"1+11":0,"02+":0,"1usd":0,"1^3":0,"2=":0,"1=16":0,"1+15":0,"1+tmeg":0,"1\u00b2=4":0,"08+0":0,"2x":0,"2m":0,"1m":0,"1eur":0,"1+g":0,"8min25":0.023564880503740223,"10min15":0.021624044723057404,"1+rd":0,"8+50":0,"1an":0}