{"a":0.0050419636047243704,"le":0.0016540694631859982,"l":0.0027977537234401559,"la":0.001253889407437451,"et":0.0057685185602475136,"pour":0.0025529136002449444,"un":0.0043062164405108178,"(":0.0081998638416996127,")":0.008014877033675559,"bonjour":0.0013012258198481922,"on":0.0043552586975773985,"taux":0.011992681018035545,"1":0.0054682567534848599,"\/":0.011774038598380368,"par":0.010700829517092383,"je":0.004067798842453659,"calcul":0.0078153954241627077,"pas":0.0047885073650670816,"n":0.0092858106555511726,"suis":0.0080877886055610911,"peu":0.0091180848162900723,"1+r":0.0059080651675644654,"comprendr":0.0085064086430096421,"diff\u00e9rent":0.0081945309666175206,"01":0,"deux":0.0085526286138388093,"perdu":0.010032221763327912,"entre":0.008790504487794391,"=":0.007643928996348975,"arriv":0.0079216953921021748,"1+7":0,"1+3":0,"1+tap":0.0061295392856357215,"k":0.010095439163943074,"^k":0.010356796090765251,"1+6":0,"1\u00b0":0,"1=1":0,"p\u00e9riod":0.018809746570958259,"1mais":0,"1+teg":0,"\u00e9quivalent":0.009787206681447877,"proportionnel":0.01022437504126922,"1+tri":0,"1er":0,"1+2":0,"1+ta":0,"1min45":0,"1+n":0,"1+0":0,"1+5":0,"1=5":0,"1+taeg":0,"1=9":0,"1+r2":0,"1+2r+r":0,"1+1":0,"1x":0,"1+taux":0,"1x4x":0,"1x08":0,"1=r":0,"1+rn":0,"rn":0.010191821562222998,"1+4":0,"^1":0.010390468254728133,"1+i":0,"1+":0,"1\u20ac":0,"1+x":0,"1+9":0,"1=":0,"1\u2212":0,"1+f3":0,"1+a2":0,"1+12":0,"1+41":0,"1x4":0,"1+11":0,"1usd":0,"1^3":0,"1=16":0,"1+15":0,"1+tmeg":0,"1\u00b2=4":0,"1m":0,"1eur":0,"1+g":0,"in\u00e9ret":0.0104585149120884,"1+rd":0,"1an":0}