{"question":0.0077289196883178462,"r\u00e9pons":0.012089404985399236,"la":0.0046008156699079115,"merc":0.0043816581073426088,"de":0.0019324688463363173,"pour":0.0047951777199710431,"vous":0.0065243829885424541,"un":0.0080884339881025606,"5":0.014652213708753904,"bonjour":0.0024441128988417133,"comment":0.010317707070825397,"calcul":0.0074340014683571638,"\u00e0":0.0052955742803842574,"votr":0.013626702769334701,"va":0.015680158017833998,"chaqu":0.016885095387933237,"grand":0.018052803494676788,"fiscal":0.018668390711054136,"svp":0.016885095387933237,"\u00e9conom":0.018161708856383438,"05":0,"5iem":0,"5em":0,"0005+1":0,"5e":0,"5=>":0,"5^2x18":0,"5x0":0,"5^2":0,"5+5":0,"5xtaux":0,"5an":0,"5min08":0}