{"que":0.0024595293052569272,"le":0.0033975905360728621,"r\u00e9pons":0.0045466165623615348,"une":0.0033068934254331314,"merc":0.0016478659905520333,"de":0.0021414812286743843,"pour":0.0018033835798716433,"afin":0.0066693058826800961,"d":0.003622206236254334,"vous":0.0024537078367978392,"trouv":0.004380296887643049,"\"":0.044238725195918108,"dan":0.004636425849192452,"est":0.002100138788165408,"\/":0.0042119241804600702,"cour":0.0051627300323265025,"par":0.0038280053371170554,"je":0.0028841247696688587,"choix":0.014179064397165826,"pas":0.0017129916630315442,"ce":0.0028151161380662666,"o\u00f9":0.0055529097907907297,"vient":0.0068303052455392782,"qui":0.0042901390840825726,"qu":0.0044728663278375642,"\u00e0":0.0019915740898323229,"cel":0.005668765368184287,"avanc":0.0039156267813240612,"pourquoi":0.0045148166861093747,"cet":0.0046768210909918567,"avec":0.0046111065435717911,"bonsoir":0.0063862439270194046,"car":0.0055959024204701785,"demand":0.0066890259484731684,"confus":0.0072456698728902182,"vu":0.0066108110448506669,"emprunt":0.0064967063521015472,"formul":0.004870088565814534,"mont":0.0064410344462878695,"=":0.0053996876495929396,"tap":0.0069137035504999722,"k":0.021013363700823684,"p\u00e9riod":0.0067288064115437144,"tpp":0.0072225202067571935,"f":0.0071090391489647842,"pr\u00eat":0.0069991612796112363,"pr\u00e9c\u00e9dent":0.013872204658448037,"continu":0.0070426947112580199,"voudr":0.0067488694369072762,"v\u00f4tr":0.0073637995038233033,"gard":0.0073160627168788054,"motiv":0.0073637995038233033,"d\u00e9sign":0.01459491068999755,"lettr":0.0073879171079245754}