{"j":0.0034867798399691894,"ai":0.0039427422744560525,"le":0.0014660381163303607,"l":0.0024761426683110078,"merc":0.0020646007372170862,"de":0.0018006625531886212,"bien":0.0050528639448455381,"pour":0.0022594477280527482,"d":0.0022897489837594709,"vous":0.0060793798318674996,"exempl":0.0069040008334429904,"euros":0.016721200514314305,"dan":0.0029308798792866794,"5":0.0069040008334429904,"pourr":0.0063581725005153189,"bonjour":0.001151645602913269,"on":0.0038546072880723658,"utilis":0.0060870784779054887,"comment":0.0048616174751560616,"je":0.0018231766303880583,"pas":0.0021461962748298953,"il":0.0034867798399691894,"obtenu":0.008963183258069711,"pr\u00e9cis":0.0085576456618502213,"avanc":0.0049058636962829869,"avec":0.0057772258325785517,"votr":0.0064207886362154087,"quel":0.0067995116317168102,"%":0.0052050231375572091,"1000":0.014890084602883909,"ne":0.0034787722808220949,"obtient":0.0087692043046205172,"s":0.0064365849817211813,"vois":0.0084054864691385511,"formul":0.0061017027482464436,"pourt":0.0087963899237392621,"plac":0.0086621348635764015,"13\u20ac":0,"ta":0.0084054864691385511,"aid":0.0071768009713791183,"13":0.018490551270781148,"pla\u00eet":0.0090490492727754081,"05":0,"5iem":0,"1051":0.027770075139888356,"27\u20ac":0,"5em":0,"27":0.022337979596872861,"0005+1":0,"5e":0,"5=>":0,"27+":0,"5^2x18":0,"5x0":0,"5^2":0,"1000\u20ac":0,"1000\u20ac+3":0,"1000+413":0,"5+5":0,"5xtaux":0,"1000k":0,"5an":0,"5min08":0}