{"a":0.0029634878679274893,"que":0.0020464609157895691,"le":0.0023897808706133949,"sur":0.0031280825983725715,"l":0.0032641122893493964,"la":0.0021780549160398347,"et":0.0017170021424065573,"de":0.0023653447893138163,"pour":0.0015005123153019201,"d":0.0015206355546194478,"vous":0.0020416171403368588,"exempl":0.004584986918181131,"un":0.0074800662898605874,"est":0.0017474286395075967,"bonjour":0.00076481451134253553,"taux":0.0035696268957279655,"int\u00e9r\u00eat":0.0048037977464815305,"inflat":0.0057879071557714271,"4":0.016846492166384321,"t":0.0047786480335402998,"par":0.0094130449494094857,"je":0.0012107821539317646,"ou":0.0077608560908265026,"il":0.0023155906753944975,"exist":0.0057525739047763758,"peut":0.0045155950344656689,"\u00e0":0.0032892742231448737,"fin":0.0053440111850900154,"e":0.0059903922200923486,"sont":0.004584986918181131,"vid\u00e9o":0.0045270448460820126,"elle":0.0050959916217526175,"tel":0.011667972662548575,"financi":0.0056660922152471632,"m\u00eam":0.0042640829008667013,"aux":0.0053746457700494877,"don":0.0044255994655160976,"se":0.0049329505054955666,"consider":0.0054526891328133334,"chos":0.0055005510184574337,"emprunt":0.0054056097654623372,"pr\u00e9f\u00e9rent":0.0061270779917423262,"facteur":0.0058965851034947451,"entre":0.0051667476096279629,"annuit":0.0058236793403589233,"const":0.0055329066827662686,"p\u00e9riod":0.005598729521826132,"rapport":0.0055005510184574337,"dur":0.0057701863378311962,"rembours":0.011047563202688787,"tableau":0.0055821322203881496,"peuvent":0.005933742055518239,"04":0,"remerc":0.0053440111850900154,"associ":0.0060873584126673848,"disponibil":0.0061270779917423262,"criter":0.0060287877732909745,"r\u00e9capitul":0.0061071497196290942,"facil":0.0060873584126673848,"object":0.0060677022010038493,"orient":0.0061270779917423262,"parm":0.0061071497196290942,"ind\u00e9pend":0.0060873584126673848,"04\u20ac":0,"4em":0,"mod":0.023657658138969733,"4an":0,"4e":0,"4min25":0,"procur":0.0061471451379520696,"emprunteur":0.0061471451379520696}