{"le":0.0014550115186440272,"r\u00e9pons":0.0037830299781617953,"en":0.0044400336919468405,"au":0.0067525113722935598,"sur":0.0031280825983725715,"l":0.0032641122893493964,"du":0.0083123628995141023,"apres":0.0050133173167587674,"la":0.0081781577780640283,"et":0.0034081837231539234,"merc":0.0013711133007912354,"de":0.0051362473947453814,"pour":0.0015005123153019201,"d":0.0030184035407429255,"dan":0.0019464142936072375,"est":0.0017474286395075967,"non":0.0048805922662213935,"comm":0.0045616699986576626,"fait":0.0044815162482378613,"(":0.0024406931583203914,"capital":0.0055329066827662686,")":0.0023856317517604677,"bonjour":0.00076481451134253553,"taux":0.0070855731529261114,"int\u00e9r\u00eat":0.014196812901560102,"utilis":0.0040424640530091604,"calcul":0.006874856599438867,"valeur":0.015926588890518026,"pas":0.0042122374714929946,"ce":0.0046494323235949106,"cas":0.01408556632570172,"il":0.0023155906753944975,"\u00e0":0.0016570969603939237,"pourquoi":0.0074566496037786053,"m\u00eam":0.0042640829008667013,"se":0.0049329505054955666,"appel":0.0060677022010038493,"ne":0.0045858033541438933,"diff\u00e9rent":0.018839728753018151,"obtient":0.0058236793403589233,"s":0.0042745733453562508,"bas":0.0055005510184574337,"emprunt":0.0054056097654623372,"deux":0.014856250229838408,"somm":0.010699115293258935,"fair":0.0048037977464815305,"rent":0.0053288152457224734,"3000":0.011286671252776753,"formul":0.0040521761155970478,"relat":0.0058599015013248131,"chaqu":0.0052837027226583112,"compt":0.0050681689528703985,"coup":0.0058236793403589233,"actuel":0.022432914968976574,"mensual":0.005915103648522952,"celui":0.0057176689461637112,"plut\u00f4t":0.0058599015013248131,"\u20ac":0.0057701863378311962,"rembours":0.0055656300329475564,"corrig":0.0058417334673831148,"conviendr":0.0061270779917423262,"option":0.0060095260036289681,"bout":0.0060287877732909745,"refinanc":0.0061071497196290942,"3000\u20ac":0,"jou":0.0061270779917423262}