{"question":0.0051942827311052039,"en":0.0094555322096980792,"sur":0.0067181569612612341,"l":0.0035317086067135212,"du":0.0045640388407064891,"la":0.0046008156699079115,"merc":0.002944728624231611,"de":0.0025562259035216109,"pour":0.0032226378106986111,"d":0.0032658563242936515,"quiz":0.009722696537000225,"vous":0.0043847641397705452,"un":0.0054358972120759023,"pourr":0.0090686263075285649,"bonjour":0.0016425857604024444,"1":0.0069027839291927245,"je":0.0026003867545695562,"calcul":0.0049960805658859839,"pas":0.0030611078886998971,"fin":0.011477288343616263,"expliqu":0.016844805240794791,"plus":0.0090244508045115215,"peu":0.01151009767322872,"votr":0.018025092960541774,"1+r":0,"ne":0.0049617536833433682,"comprend":0.0073731331253921589,"01":0,"van":0.0096492159403930352,"formul":0.0087028249169053395,"1+7":0,"compr\u00e9hens":0.012392581172071083,"1+3":0,"1+tap":0,"1+6":0,"1\u00b0":0,"1=1":0,"1mais":0,"1+teg":0,"1+tri":0,"1er":0,"1+2":0,"1+ta":0,"1min45":0,"1+n":0,"1+0":0,"1+5":0,"1=5":0,"1+taeg":0,"1=9":0,"1+r2":0,"1+2r+r":0,"1+1":0,"1x":0,"1+taux":0,"1x4x":0,"1x08":0,"1=r":0,"1+rn":0,"1+4":0,"d\u00e9tail":0.012546242346717669,"1+i":0,"1+":0,"1\u20ac":0,"1+x":0,"1+9":0,"1=":0,"1\u2212":0,"1+f3":0,"1+a2":0,"1+12":0,"1+41":0,"1x4":0,"1+11":0,"1usd":0,"1^3":0,"1=16":0,"1+15":0,"1+tmeg":0,"1\u00b2=4":0,"1m":0,"1eur":0,"1+g":0,"1+rd":0,"1an":0}