{"a":0.0051764316980480122,"le":0.0025140480171470135,"en":0.0039071621849538496,"au":0.00594210740678589,"une":0.0048061684277681017,"de":0.0030878815980079312,"pour":0.002620999261141677,"2em":0,"est":0.003052296956406964,"(":0.0042632472252279591,")":0.004167069470177716,"bonjour":0.0013359292347666434,":":0.0057427440590894678,"t":0.0083470377666611251,"2":0.0080292514713166951,"san":0.0081962358793942671,"par":0.0055635413742340474,"valeur":0.0071121843712575504,"ou":0.0068294354378311585,"il":0.0079843825705088259,"possibl":0.0090500324176856824,"y":0.0074665522339417371,"problem":0.0094968483893193845,"li":0.010078993670280083,"toujour":0.0092292351025411012,"fair":0.0083909676820404788,"cordial":0.0083034882016421556,"2e":0,"02":0,"pass":0.0093612621924339459,"2\u00b0":0,"ex":0.010564573973320021,"\u00e9vident":0.010332125990739117,"n\u00e9cessair":0.010299778976761704,"tri":0.018856110730462873,"repr\u00e9sent":0.010078993670280083,"graphiqu":0.020080614555710443,"mettr":0.010497056941617936,"2x3":0,"possibil":0.01043043420155986,"2min54":0,"2i\u00e8meann":0,"2\u20ac":0,"2^2x4":0,"2x0":0,"+2x0":0,"02+":0,"lou":0.010702389261019027,"2=":0,"2x":0,"2m":0,"pr\u00e9voir":0.010737441272823662}