{"question":0.0057610505280102217,"que":0.0048747403471562419,"l":0.0039170666647858846,"une":0.0065541999317713547,"la":0.0017555399383624207,"de":0.0028303291050100887,"d":0.0071172909566600828,"vous":0.0048632023072896057,"*":0.079142642780889685,"dan":0.004636425849192452,"est":0.0041624351714029647,"bonjour":0.0018218144933853258,"taux":0.016707535968388785,"int\u00e9r\u00eat":0.011442811594237977,"vos":0.01237596486460665,"vid\u00e9os":0.01306428805181783,"ce":0.005579506692939675,"qui":0.0085029741436256634,"parl":0.013336366447209003,"m\u00eam":0.010157192253268192,"actualis":0.012072552908360734,"s":0.010182180853157028,"chos":0.013102501872565927,"emploi":0.014360780006182003,"express":0.014453475512553429,"vocabulair":0.014500297285365791,"parfois":0.01459491068999755}