{"j":0.0020635453441889616,"que":0.0036229390938931788,"le":0.00043874533427627679,"r\u00e9pons":0.0033712581335356637,"sur":0.0027875998770855851,"du":0.0018937804199470126,"une":0.0048711245052998038,"la":0.0019441027875777492,"chois":0.0050799046895595576,"et":0.0030396838454268835,"merc":0.0012218715933986421,"de":0.0026239894008699386,"bien":0.0088517963222828101,"pour":0.0039581851615003178,"d":0.0013551187834216726,"vous":0.0036143639467627023,"2em":0,"\"":0.0070377915774744327,"un":0.0044808136253967745,"dan":0.001734552741171228,"si":0.0068727958243839831,"bonjour":0.00068156666928198279,"on":0.0022812329106069555,"utilis":0.0036024535615376547,"projet":0.0042921982426518089,"2":0.0040963772928351979,"aim":0.0046559454600925481,"savoir":0.0043842685707030102,"je":0.0010789920270115596,"calcul":0.0020730497443987744,"ou":0.0034842530901361677,"pas":0.0037597870237167201,"ce":0.0061788024743948625,"il":0.0040993912557105846,"exist":0.0051264229142233188,"mais":0.0065732953312715846,"qu":0.0033165732762183895,"\u00e0":0.0029336310866540042,"derni":0.004591626676580903,"n":0.0024630804151650576,"int\u00e9ress":0.005238361506685235,"expliqu":0.003551128148181119,"plus":0.0074388606975031024,"leur":0.0052878714370348922,"avanc":0.0029033872668541823,"vid\u00e9o":0.0040342891402754735,"parl":0.0049893240463016325,"y":0.0038092984303891987,"votr":0.0037999498403663984,"%":0.0030804357472701545,"toujour":0.004708587000836221,"ne":0.0040899768047117299,"comprend":0.0060776784551275255,"van":0.0040037994534087469,"2e":0,"02":0,"simpl":0.0050645841358558305,"voit":0.0054247670991027942,"aid":0.0042473729086351091,"2\u00b0":0,"util":0.010638926219568119,"entrepris":0.0049306658324270499,"inform":0.005355406522121341,"avez":0.004735318337582505,"outil":0.016005925823796882,"d\u00e9fin":0.0051897887293054241,"50":0.0092409385842052317,"50\u20ac":0,"d\u00e9cis":0.0053214168182821597,"r\u00e9cuper":0.0053214168182821597,"voir":0.0053383553954462933,"50$":0,"2x3":0,"2min54":0,"2i\u00e8meann":0,"del":0.010741918081360985,"\u00e9taient":0.0053725717040031089,"2\u20ac":0,"2^2x4":0,"2x0":0,"+2x0":0,"02+":0,"permettent":0.010707355753945019,"2=":0,"dison":0.0054601633171581622,"2x":0,"cach":0.0054780462126855509,"2m":0,"fran\u00e7ais":0.0054780462126855509,"am\u00e9ricain":0.0054780462126855509}