{"question":0.0096036330504382737,"l":0.0065297241709317971,"merc":0.0054444655025979076,"pourr":0.01676684998441056,"m":0.014743733536989758,"\u00e9clair":0.021589077087696088,"bonjour":0.0030369526869061564,"vos":0.020630651411045631,"je":0.0048078168773058854,"calcul":0.0092371799782616018,"pas":0.0056596374153512052,"\u00e0":0.012783904807565782,"cet":0.015451979249354781,"ne":0.0091737135093051415,"ip":0.023939325098243251,"parvien":0.022982827767517304}