{"j":0.0026377750623989547,"ai":0.0029827140589175284,"que":0.0046225472599596184,"le":0.0042352294392481796,"en":0.0050525661710650923,"au":0.0038751554561019708,"quand":0.0059850436940237098,"du":0.011703589094342728,"r\u00e9sultat":0.011112782926735293,"la":0.0024760313438075489,"et":0.0019559007044947603,"merc":0.0015618859200728459,"de":0.0039640810599308107,"pour":0.0017092891279032346,"d":0.0017322122547798865,"dan":0.0065392620668878682,"veut":0.0065932193116874259,"dir":0.0056800543156377177,"est":0.0058707408050052631,"bonjour":0.00087122852359754178,"on":0.0057822292891228306,"comment":0.0036778500299585724,"calcul":0.0026499242840902076,"ce":0.0026682329052392147,"cas":0.016012591537926005,"pratiqu":0.0066545348559150499,"c":0.0050287719039753213,"\u00eatre":0.011083149635425312,"qui":0.0080630755753080732,"sont":0.0052229283364786357,"avanc":0.0037113226276133259,"doivent":0.0068456735456969061,"\u00e7a":0.0064351026267720664,"n\u00e9gat":0.012915074368888163,"deux":0.0057263650063308635,"flux":0.0057263650063308635,"or":0.0065330288870410176,"ajout":0.0066545348559150499,"mont":0.0061049630674100391,"pai":0.012424648251260825,"cf":0.0055596633318549353,"retrait":0.0068456735456969061,"cash":0.0064158633569172032,"variat":0.020061735982957078,"net":0.013033700687661074,"det":0.0063967362700314122,"rest":0.006454455403300305,"client":0.02678164636930357,"idem":0.006911944205831827,"bfr":0.019505220672741633,"vont":0.013574321281876668,"cr\u00e9anc":0.020451366436347752,"caiss":0.0069795813671766271,"extrait":0.0069568803346601489,"pr\u00e9occup":0.0069568803346601489,"probabl":0.0070024405963176137,"zagr":0.0069795813671766271}