{"le":0.0013163984760294282,"en":0.0059808262917522125,"merc":0.0036660672554087431,"\u2019":0.027622823770868304,"vous":0.0054588528475006089,"est":0.0046722549571690357,"bonjour":0.0020449524009987135,"\/":0.0093704205370948798,"cour":0.011485712811930185,"je":0.0063477621686996643,"c":0.011803561178926282,"pens":0.014167502176513493,"qu":0.0099509479996078981,"y":0.011429305924762226,"ne":0.0061771813396405313,"15":0,"sais":0.02866996808796295,"semain":0.015915732303248779,"consacr":0.016223753603611724,"d\u00e9marr":0.016119704646374702,"environ":0.016276310160318951,"avril":0.016329227933308387,"15h":0.024841283458966416,"jouabl":0.016436167231027709,"alain":0.016436167231027709}