{"a":0.0057946000069887199,"r\u00e9pons":0.0073970761868599778,"merc":0.0026809804853034813,"de":0.0011824088366918983,"pour":0.0029339984033124825,"d":0.0029733459990802799,"vous":0.0039920374986848828,"*":0.0091042022063440031,"un":0.0049490245809981452,"5":0.008965167536425912,"(":0.022553148720933818,")":0.022044355517373427,"bonjour":0.0014954656034647106,"1":0.0062845278359941045,"\/":0.01350645004751669,"je":0.0023674800067737239,"suis":0.0092950888948095823,"avanc":0.0063704931400063464,"peu":0.010479182017635086,"votr":0.0083376939297013647,"quel":0.0088294834277733002,"1+r":0.013383137594833644,"r":0.010449311294844853,"01":0,"van":0.008784972381427265,"300":0.029874873409858047,"formul":0.0079233460011359502,"part":0.0091988366699448116,"obten":0.010102702311987902,"perdu":0.011529776265227573,"1+7":0,"1+3":0,"1+tap":0,"1+6":0,"1\u00b0":0,"^":0.011112502580274953,"1=1":0,"1mais":0,"1+teg":0,"1+tri":0,"1er":0,"1+2":0,"1+ta":0,"1min45":0,"05":0,"1+n":0,"1+0":0,"1+5":0,"1=5":0,"1+taeg":0,"1=9":0,"1+r2":0,"1+2r+r":0,"1+1":0,"1x":0,"1+taux":0,"1x4x":0,"1x08":0,"1=r":0,"1+rn":0,"5iem":0,"1+4":0,"5em":0,"0005+1":0,"1+i":0,"1+":0,"1\u20ac":0,"=600":0.011980466179063579,"r+900":0.011980466179063579,"^6":0.011980466179063579,"1+x":0,"5e":0,"1+9":0,"1=":0,"1\u2212":0,"1+f3":0,"1+a2":0,"1+12":0,"1+41":0,"300=>":0,"5=>":0,"5^2x18":0,"5x0":0,"1x4":0,"5^2":0,"1+11":0,"1usd":0,"1^3":0,"1=16":0,"1+15":0,"1+tmeg":0,"1\u00b2=4":0,"5+5":0,"1m":0,"1eur":0,"5xtaux":0,"1+g":0,"1+rd":0,"5an":0,"5min08":0,"1an":0}