{"le":0.0010932329859276294,"du":0.0092828200138556673,"la":0.0032193278983538784,"de":0.0013427643372587925,"pour":0.0033319003539964286,"d":0.0033765841779956566,"un":0.0056201996343106155,"est":0.011266894809796387,"bonjour":0.0016982771251504562,"cour":0.0095385708366719224,"ou":0.0086818026583470216,"pas":0.0031648938096985268,"ce":0.0052011599537973262,"il":0.0051417887826567732,"c":0.0098025352256094229,"fin":0.011866422273101827,"n":0.0061373205513227452,"mooc":0.013134537943777962,"possibl":0.011504698480163411,"problem":0.012072705620084967,"toujour":0.01173250681950907,"s":0.01867219205347747,"agit":0.012543881763553234,"suit":0.012696132508531952,"disponibl":0.013430033454566359,"certificat":0.012891689927075831,"inscrir":0.013217581048549103,"techniqu":0.01347338432700684,"zagr":0.01360522877517489}