{"ai":0.0048313542910944918,"le":0.00090843428752534149,"me":0.0066169697460856545,"merc":0.0025299187562359154,"de":0.0032572664087173126,"d":0.0028058107297266304,"vous":0.0037671033410661883,"trouv":0.0067249371717523982,"pourr":0.0077911721983201839,"m":0.0068510761973560892,"si":0.0071632332808355299,"bonjour":0.0014112025433421832,"on":0.0047233555138426553,"comment":0.0059573248300881336,"prix":0.018396621730425809,"je":0.0065218669381302032,"pas":0.0051877471452696916,"\u00e0":0.0030576033932300326,"n":0.0050998757759076569,"expliqu":0.0073527085468052342,"plus":0.0077532194875918267,"avanc":0.0060115432282044001,"compr":0.0088637591167514216,"cet":0.0071801818020992827,"demand":0.010269458988180175,"auss":0.010239183368311726,"ne":0.0042628151212366905,"comprend":0.0063345150492505331,"notion":0.010423480117558363,"correspond":0.010330532728539491,"valu":0.011195860762721086,"fall":0.010948683316147879,"liquid":0.022013887954566057,"cession":0.011305418394879512,"ambre":0.011268647612064156}