{"le":0.0022248327635547697,"la":0.0016939291731156267,"et":0.0039464209123605135,"merc":0.0031514172695638666,"de":0.0027326527187902026,"pour":0.003448832726592977,"dan":0.0044737102433912972,"(":0.0056097789762513447,")":0.0054832238130716965,"bonjour":0.00175787781919045,"je":0.0027829062611954571,"calcul":0.0053467523105202568,"valeur":0.0093585429728323174,"pas":0.003275965121222081,"il":0.0053222388255355219,"bon":0.011368505533710414,"quel":0.010378809807883763,"le\u00e7on":0.012496394794979703,"ne":0.0053100160457368369,"comprend":0.0078906486903245095,"journ":0.013426855185983938,"obten":0.011875442850027871,"faut":0.011491646450929713,"09":0,"9":0.02239730169907048,"ca":0.013023154868213236,"r\u00e9alis":0.013303138810486661,"9+":0,"q5":0.01403689766786214,"9=":0,"9=850":0,"240000":0.046976073738724415}