{"que":0.0083802653057081164,"le":0.0029787887455109711,"du":0.0044191239773341221,"r\u00e9sultat":0.010230661464124846,"la":0.0015325740545740899,"merc":0.0028512292126045254,"de":0.0024762909530021268,"pour":0.0031203143786824794,"vous":0.00424554150858528,"2em":0,"dan":0.0040475672510516666,"m":0.0077211920515362423,"bonjour":0.0015904312763250761,"projet":0.019723403572654945,"2":0.018823571970555539,"je":0.0049581575680618861,"calcul":0.0048374477501120852,"pas":0.0029639132663617676,"vient":0.011818173297310112,"pens":0.011018563834506006,"\u00e0":0.0034459320457811736,"n":0.005747581718614737,"m\u00eam":0.0088671576046287174,"van":0.009342839316868053,"obten":0.0107442482763639,"2e":0,"mon":0.010149188426829324,"02":0,"arriv":0.0096823410056445011,"aid":0.0099112163498627521,"svp":0.010987456357448929,"2\u00b0":0,"ca":0.011782635057293196,"pouv":0.0092958729908751616,"corrig":0.012147880926281168,"2x3":0,"2min54":0,"2i\u00e8meann":0,"2\u20ac":0,"2^2x4":0,"2x0":0,"+2x0":0,"02+":0,"2=":0,"2x":0,"2m":0}