{"ai":0.0048313542910944918,"a":0.0054680991983819174,"le":0.0017919768064511945,"en":0.0081415332768843759,"au":0.0062769171203394111,"de":0.0022009970243038871,"d":0.0055347401787955572,"un":0.0046701683138594312,"000":0.0099455530326536118,"euros":0.01036133488385135,"dan":0.0035914391800888788,"est":0.0032242794871313067,"on":0.0047233555138426553,"projet":0.0088871145693497338,"je":0.0044069498538141429,"ou":0.0072142418989296674,"il":0.0084281816966706585,"\u00eatre":0.0090535420377926314,"pens":0.0097768608670487749,"qu":0.013545950061629085,"n":0.0050998757759076569,"dev":0.010948683316147879,"co\u00fbt":0.010002995288450124,"vu":0.0101493780150754,"null":0.011159837866022947,"part":0.0086805217547899199,"ajout":0.010778913062498157,"mont":0.0098887251443100614,"compt":0.0093515653930569213,"frais":0.01048636081488493,"pris":0.010299908108249819,"d\u00e9velopp":0.010914292536467949,"50":0.019133617620470791,"50\u20ac":0,"50$":0,"monsolin":0.011053211741200124,"\u00e9tud":0.011088516568174757}