{"j":0.011035283436631084,"ai":0.0032057332522780614,"question":0.0058677608252432501,"le":0.0017755283059061077,"au":0.0041649029903594696,"sur":0.0038297457169656915,"r\u00e9sultat":0.0060233299329284047,"autr":0.0058968390590364312,"la":0.0017880573043734091,"merc":0.0016786690012315657,"bien":0.0041083420725142291,"trouv":0.0044621763199410545,"dan":0.0023830162951135971,"non":0.0059753624592719301,"+":0.0062907988044529463,"bonjour":0.0009363707661080178,":":0.0040251665389380992,"utilis":0.0049492329266030647,"\/":0.004290656277764069,"3":0.0059124044482416266,"aim":0.0063965733858682618,"je":0.0057701580813178032,"ou":0.004786843140029232,"pas":0.001745012046237969,"mais":0.0090083306610955413,"pens":0.0064872096095635696,"\u00e0":0.0020288019216523328,"n":0.0033839044649343858,"fois":0.0067541357958060145,"dont":0.0069579818688988828,"suis":0.005820026545117634,"parl":0.0068545857509703708,"cet":0.0047642433515628305,"bon":0.012000229810064721,"ne":0.0028284922527108711,"ci":0.0067147437108181574,"formul":0.0049611235109879581,"puisqu":0.0069790300205402628,"pouvoir":0.0070002045882645633,"003":0,"arriv":0.0057005047625341846,"8":0.010894725068255192,"3\u00b0":0,"entend":0.0073108315994446426,"sais":0.0066952115005918513,"corrig":0.0071520981376914884,"3h":0,"version":0.0073575283738881577,"r\u00e9uss":0.0072647452578531741,"3iem":0,"3em":0,"3+":0,"3+1":0,"acced":0.0074770501564716063,"maxim":0.0074770501564716063,"08":0,"certifi":0.0074287541282341968,"3m":0,"000\u20ac":0.0073811107690277961,"3=":0,"3^2x24":0,"3x0":0,"08+0":0,"3e":0,"3+2":0,"8min25":0,"attein":0.0075260169842978151,"nb":0.0075260169842978151,"vn":0.0075260169842978151,"8+50":0}