{"j":0.0030641091256903828,"ai":0.0034647993672903645,"question":0.0032003397611342142,"que":0.0053623385069045786,"le":0.0019162439529848108,"me":0.0047453511393020431,"du":0.0028120292501224737,"r\u00e9sultat":0.006510095537662422,"la":0.0019311386333389817,"et":0.0044990581709262812,"merc":0.0018143279043020585,"de":0.0023536282518703214,"afin":0.007343016868270204,"vous":0.0027015732000243552,"exempl":0.0060670913933337433,"dan":0.0025755958783173411,"est":0.0023122877880373937,"comm":0.006036237241667808,"fait":0.0059301736611182022,"(":0.0063953446681635842,")":0.0062510673460986817,"bonjour":0.0010120420454991881,":":0.00435045382127177,"par":0.0042146976397164611,"je":0.0016021694535686129,"calcul":0.0060954850495601749,"invest":0.0064754546908024511,"pas":0.0018860323545082491,"ce":0.0030994897597429343,"mais":0.0049132402725282137,"\u00e0":0.0043420887112161086,"sont":0.0060670913933337433,"pourquoi":0.0049708883752571957,"co\u00fbt":0.0071736348978412431,"m\u00eam":0.0056424546307261509,"t1":0.00790164455577262,"t2":0.0080290968017912127,"ne":0.0030570722503546191,"vent":0.0078026658243258318,"part":0.0062252247447853598,"pai":0.0072786130774643732,"fais":0.0075430289723216609,"pos":0.00729996028686171,"net":0.0076354084521740384,"inclus":0.0080551069158302496,"tax":0.0080812957949422202,"simo":0.0077300833076683652,"prestat":0.0081342197972589757,"r\u00e9duir":0.0081342197972589757}