{"correct":0.011223244426451943,"que":0.0045441838632208362,"le":0.0010932329859276294,"r\u00e9pons":0.016525032228780875,"l":0.0036514501002425934,"avoir":0.010001593454091764,"la":0.0016364966523396498,"de":0.0051177865440085145,"d":0.0033765841779956566,"dan":0.0043220294880343948,"est":0.0076331180963543372,"si":0.0086204175866551516,"bonjour":0.0016982771251504562,"ser":0.01128472787317082,"ains":0.012358528809048681,"il":0.010114963603368514,"n":0.0061373205513227452,"expliqu":0.017406708348280547,"quizz":0.011504698480163411,"possibl":0.011504698480163411,"votr":0.0094684323360646125,"se":0.010953658539083972,"comprendr":0.011102023180950082,"erreur":0.011568962631076091,"cordial":0.010555666950629166,"aucun":0.012852097050155147,"difficil":0.013430033454566359,"disponibl":0.013430033454566359,"attent":0.013344203586102003}