{"r\u00e9pondu":0.008874034773484479,"question":0.0035599572373754187,"que":0.0030122747743333168,"r\u00e9pons":0.011014420000052172,"en":0.003292495839811534,"avoir":0.0066299138793085664,"une":0.0040500723555315973,"autr":0.007089550136967159,"la":0.003183924869251085,"et":0.0025273300853889172,"merc":0.0020182012648567089,"de":0.00089009935837679557,"bien":0.0049393067728832601,"pour":0.0022086692988302473,"vous":0.0059442375008358622,"dan":0.0028650118024720534,"bonjour":0.0011257637230136467,"3":0.007108263825108695,"vos":0.0076475471747818984,"je":0.0017822028807691355,"pas":0.0041498132456143045,"qui":0.0052542889868162817,"pens":0.0077993306779397288,"\u00e0":0.007158928931079292,"expliqu":0.0058655028556582212,"elle":0.0075010115727017299,"tel":0.0086523558413880274,"votr":0.0062764889663143525,"car":0.0068535047192910831,"sembl":0.0079339020910161075,"ne":0.006726437585758839,"cordial":0.0069972013102276368,"003":0,"arriv":0.0068535047192910831,"\u00e9clairc":0.0083151605977908986,"d\u00e9velopp":0.00870669816879357,"d\u00e9but":0.0086794399174312167,"3\u00b0":0,"correspond":0.0082410133400496622,"conclus":0.0089025779350770003,"pouv":0.0065799489375299733,"3h":0,"3iem":0,"3em":0,"3+":0,"3+1":0,"3m":0,"attendu":0.0089313146111069264,"repr":0.0089602474434401433,"3=":0,"3^2x24":0,"3x0":0,"3e":0,"3+2":0,"relir":0.0090482501231031309,"judici":0.0090482501231031309,"mvdv":0.0090482501231031309}