{"le":0.00085997855396101016,"en":0.0039071621849538496,"du":0.0037119723443946062,"une":0.018500396846586848,"la":0.0012873303703390549,"merc":0.0023949733112268814,"de":0.0030878815980079312,"pour":0.0051739128613866089,"vous":0.0070396950912667419,"exempl":0.015809482230403089,"\"":0.013707503602585583,"pourr":0.0073755923711605912,"(":0.0042632472252279591,")":0.004167069470177716,"bonjour":0.0013359292347666434,"taux":0.018227877731080835,"comment":0.0056395621160570727,"oblig":0.018374274875744011,"prix":0.0088286299781024369,"par":0.010982558712537572,"ce":0.0080765765839315995,"qui":0.012308421808882197,"sont":0.0080087628754176472,"entra\u00een":0.010633009632243817,"don":0.0077303550333692149,"entrepris":0.0096645286943735104,"laquel":0.010397450848364886,"ont":0.0097795038337194565,"revent":0.010463635268232846,"fort":0.010633009632243817,"r\u00e9vis":0.021058048080361633,"\u00e9mis":0.010667579825633553,"d\u00e9cid":0.010667579825633553,"pierr":0.010667579825633553,"\u00e9volu":0.010598675414709186,"baiss":0.010737441272823662,"\u00e9labor":0.010737441272823662}