{"j":0.003127291065012095,"ai":0.0035362435405904011,"r\u00e9pons":0.010115022822085706,"en":0.0030209296843181324,"l":0.0022208510997851383,"du":0.0028700133016572199,"une":0.0037160210362367548,"la":0.0029264734428990935,"merc":0.0036660672554087431,"de":0.00081668366629338008,"bien":0.0045319111021293644,"pour":0.004012052878701892,"d":0.0020536746989149716,"*":0.012449407139761264,"dan":0.0026287046730194335,"si":0.0052430303995276602,"(":0.0096915912749396971,")":0.0094729514817387794,"bonjour":0.0010329103554995195,"on":0.0068445435025416921,"utilis":0.0054594975908055805,"1":0.0043406908632228373,"\/":0.0047330218558748541,"appliqu":0.0071560392811763907,"calcul":0.0031416949287014239,"pas":0.0019249223472902384,"n":0.0037327841602527992,"cepend":0.0077219239125622292,"exercic":0.0059620070215476587,"avanc":0.0044000666539613141,"pourquoi":0.0050733881083989589,"compr":0.0064877069727090437,"cet":0.0052554356373202974,"tel":0.0079387066445097323,"quel":0.0060984785240990984,"1+r":0.0092848695940242996,"r":0.0072172852516818415,"01":0,"effet":0.0074723956251952087,"formul":0.005472614091436144,"vf":0.014750445776637536,"=":0.012012881020122372,"1+7":0,"1+3":0,"1+tap":0,"1+6":0,"1\u00b0":0,"1=1":0,"^n":0.015717024354609803,"f":0.015815737317758358,"1mais":0,"1+teg":0,"pr\u00e9c\u00e9dent":0.0078650948805955231,"lor":0.0072795111991990234,"1+tri":0,"1er":0,"1+2":0,"coupon":0.007988566798618155,"1+ta":0,"1min45":0,"1+n":0,"1+0":0,"1+5":0,"1=5":0,"1+taeg":0,"1=9":0,"1+r2":0,"1+2r+r":0,"1+1":0,"incompr\u00e9hens":0.0083019474337686864,"1x":0,"1+taux":0,"1x4x":0,"1x08":0,"1=r":0,"1+rn":0,"1+4":0,"1+i":0,"1+":0,"1\u20ac":0,"1+x":0,"1+9":0,"1=":0,"1\u2212":0,"1+f3":0,"1+a2":0,"1+12":0,"1+41":0,"1x4":0,"1+11":0,"1usd":0,"1^3":0,"1=16":0,"1+15":0,"1+tmeg":0,"1\u00b2=4":0,"subsist":0.0083019474337686864,"1m":0,"1eur":0,"1+g":0,"1+rd":0,"1an":0}