{"question":0.0057610505280102217,"le":0.0011727577725180881,"en":0.0053282198722145449,"la":0.0050859657638176953,"merc":0.0032660390806002002,"bien":0.0079932409280574612,"dan":0.004636425849192452,"fait":0.010675125971459183,"bonjour":0.0018218144933853258,"comment":0.015111501887799774,"3":0.01150324690222111,"appliqu":0.012621594902470626,"san":0.011177254698594558,"cour":0.010232432822111979,"par":0.007587033838584261,"je":0.0028841247696688587,"calcul":0.0055412217763423271,"pas":0.0033951169259395513,"tres":0.012515246057707938,"concern":0.012273329088146646,"don":0.010541930270181016,"ne":0.0055031493580635091,"comprend":0.008177643513850889,"formul":0.0096524229962449727,"003":0,"pass":0.012766007880301598,"excel":0.012766007880301598,"3\u00b0":0,"3h":0,"3iem":0,"3em":0,"3+":0,"3+1":0,"3m":0,"covari":0.014269320476764841,"3=":0,"3^2x24":0,"3x0":0,"3e":0,"3+2":0}