{"j":0.0053852370582786321,"ai":0.0060894586931620372,"correct":0.0039647659995336506,"que":0.0031915933111826087,"le":0.0015177994189678225,"en":0.0017546305399581549,"sur":0.0024537470569518595,"l":0.001289925146093633,"du":0.0016669745791552746,"une":0.0021583567572443095,"la":0.00057811502975508753,"et":0.0026777802159376617,"de":0.0018642384168208992,"pour":0.0023401497834211154,"nous":0.0035065737115149019,"d":0.0011928249652950551,"vous":0.0016014960896909686,"trouv":0.0028589501292870636,"\"":0.0061998747265793758,"*":0.014354090548796028,"un":0.0058862992287238569,"dir":0.0039113628097415419,"est":0.0053870814866411008,"financ":0.0043917849528646328,"bonjour":0.00059993983448428762,":":0.0051273884221803611,"taux":0.0028001055644648479,"utilis":0.0031710109822756937,"\/":0.016021158415433997,"risqu":0.003642964211677912,"indic":0.0043274259065802824,"calcul":0.0018247739752921231,"ou":0.0030669666173667133,"ce":0.0036530184117956484,"exist":0.0045124643754889376,"c":0.0068847799297698737,"qui":0.0028001055644648479,"pr\u00e9cis":0.004458031627922826,"\u00e0":0.0025843540592290046,"aur":0.0039432529824766733,"plus":0.0032961003635169359,"vid\u00e9o":0.0035511284048388072,"compr":0.0037682203752399438,"cet":0.0030524867619048986,"term":0.0090544380640295175,"financi":0.0044446259522730883,";":0.0042525400524627095,"definit":0.0047906026070732993,"mani":0.0044987327239793288,"prim":0.0043274259065802824,"deux":0.0078398391533641421,"entre":0.0040529274219720151,"cordial":0.0037289350421361215,"simpl":0.004458031627922826,"spread":0.014249395547627535,"conseil":0.0046841051199662852,"fiscal":0.004582403390033892,"svp":0.0041446699688417795,"\u00e9conom":0.004458031627922826,"d\u00e9finit":0.0046109968062264233,"net":0.0045262800131567246,"cherch":0.0045682412764520798,"g\u00e9n\u00e9ral":0.0047140240966629162,"sourc":0.0047750778056387753,"http":0.0044180509431998279,"fr":0.0047750778056387753,"comptabl":0.0046990150732228826,"www":0.0047906026070732993,"\u00e9cart":0.0047291335156547367,"vocabulair":0.0047750778056387753,"traduit":0.0048062348474346697,"\u00e9metteur":0.0048062348474346697,"simo":0.004582403390033892,"business":0.0048062348474346697,"d\u00e9sign":0.0048062348474346697,"panel":0.0048219760241475862,"anglais":0.0048219760241475862,"diff\u00e9rentiel":0.0048219760241475862,"journaldunet":0.0048219760241475862,"dictionnair":0.0095868859032604645,"1445164":0.016032296213004702,"forex":0.0048219760241475862,"fiabl":0.0048219760241475862}