{"question":0.0064666705376998203,"l":0.0043968334372734095,"du":0.0056820425517797105,"la":0.003863823827447585,"merc":0.0036660672554087431,"de":0.0016168675387472739,"pour":0.004012052878701892,"vous":0.0054588528475006089,"dan":0.0052043005513367898,"pourr":0.011290070563376255,"bonjour":0.0020449524009987135,"utilis":0.010808694720816707,"1":0.0085936849751574104,"risqu":0.01241739251707954,"je":0.0032373756460541839,"calcul":0.0062199169109370478,"pas":0.0038109547017984987,"1+r":0,"ne":0.0061771813396405313,"comprend":0.0091792505762132662,"01":0,"prim":0.014750445776637536,"1+7":0,"1+3":0,"1+tap":0,"1+6":0,"1\u00b0":0,"1=1":0,"09":0,"9":0.026054948407335569,"1mais":0,"1+teg":0,"1+tri":0,"1er":0,"1+2":0,"9+":0,"1+ta":0,"1min45":0,"1+n":0,"1+0":0,"1+5":0,"1=5":0,"1+taeg":0,"1=9":0,"1+r2":0,"1+2r+r":0,"1+1":0,"1x":0,"1+taux":0,"1x4x":0,"1x08":0,"1=r":0,"1+rn":0,"1+4":0,"origin":0.016223753603611724,"1+i":0,"1+":0,"1\u20ac":0,"1+x":0,"1+9":0,"1=":0,"9=":0,"1\u2212":0,"9=850":0,"1+f3":0,"1+a2":0,"1+12":0,"1+41":0,"1x4":0,"1+11":0,"1usd":0,"1^3":0,"clarifi":0.016276310160318951,"6667":0.046188846023872271,"1=16":0,"1+15":0,"1+tmeg":0,"1\u00b2=4":0,"1m":0,"1eur":0,"1+g":0,"1+rd":0,"1an":0}