{"j":0.0025491061074335618,"question":0.0026624396509153663,"que":0.002252835993207017,"le":0.0015993666771768171,"au":0.0037448918905997226,"l":0.0035905812303908447,"du":0.0023393947936348183,"une":0.0030289895381983155,"la":0.0016092166131745338,"\u00e9tait":0.0061633326518401857,"et":0.0018901529938746208,"merc":0.0015093830382759165,"d":0.0049398401680922441,"vous":0.0044578569675943992,"exempl":0.0050473593108796453,"un":0.0027862842715632779,"an":0.0054449880657990854,"est":0.0075078945032704065,"si":0.0042736798510451717,"bonjour":0.0008419421284743808,"projet":0.0053021702602612745,"1":0.0035381681333456565,"je":0.0013328833183495199,"permet":0.0059679194769101107,"invest":0.0053870865637054236,"pas":0.0015690356956888874,"il":0.0050560762948438009,"qui":0.0039296054427274988,"\u00e0":0.0036182598024489107,"n":0.0030426534348170333,"expliqu":0.0043867233042875183,"plus":0.0046256734362540635,"compr":0.0052882360879024752,"cet":0.0042837915633111524,"y":0.0047056421228091035,"don":0.0048718984518625417,"1+r":0,"%":0.011229170775103429,"actualis":0.011066312009788051,"donc":0.0051521628759579998,"01":0,"s":0.0047056421228091035,"van":0.0049459100418434059,"or":0.0063134207588006119,"1+7":0,"8":0.028907617851242243,"1+3":0,"1+tap":0,"1+6":0,"1\u00b0":0,"1=1":0,"avais":0.0063134207588006119,"son":0.0062187862951998052,"rapport":0.0060552533504268655,"ici":0.0060730126075614023,"initial":0.0064912254398154555,"1mais":0,"rend":0.0061633326518401857,"pouv":0.0049210470194282242,"1+teg":0,"valu":0.0066795988181425426,"contradict":0.0067230244165089621,"tri":0.011940551900579521,"1+tri":0,"prend":0.0063715878789854701,"1er":0,"associ":0.0067012372578430252,"1+2":0,"1+ta":0,"1min45":0,"pla\u00eet":0.0066155558499222172,"1+n":0,"1+0":0,"1+5":0,"1=5":0,"1+taeg":0,"1=9":0,"1+r2":0,"1+2r+r":0,"1+1":0,"1x":0,"1+taux":0,"1x4x":0,"1x08":0,"1=r":0,"1+rn":0,"apparent":0.006658107080855835,"08":0,"1+4":0,"annul":0.0067012372578430252,"1+i":0,"bout":0.0066367600701702683,"1+":0,"1\u20ac":0,"1+x":0,"1+9":0,"1=":0,"1\u2212":0,"1+f3":0,"1+a2":0,"1+12":0,"1+41":0,"1x4":0,"1+11":0,"1usd":0,"1^3":0,"1=16":0,"1+15":0,"1+tmeg":0,"1\u00b2=4":0,"08+0":0,"1m":0,"1eur":0,"1+g":0,"8min25":0,"1+rd":0,"8+50":0,"1an":0}