{"j":0.0016575929268627173,"a":0.002121383792445614,"que":0.0043476433788819397,"le":0.0023897808706133949,"en":0.0016012170191954903,"au":0.0024351698391925167,"sur":0.0044542065185143188,"l":0.0057611305197639573,"du":0.0015212251274124759,"la":0.0015657165399253945,"chois":0.0040805568466246419,"et":0.00244491054647638,"de":0.0033373630073762215,"pour":0.0010741270583546126,"d":0.0042845183973254635,"\u2019":0.039380623849006299,"vous":0.0014614716526302808,"exempl":0.003282118021156888,"est":0.0037123584897260139,"pourr":0.0089705698190218116,"m":0.0026579184975616152,"(":0.0017471463151339827,")":0.0017077311460254386,"bonjour":0.00054748498421352935,":":0.0023534675780054579,"taux":0.005082939752258351,"comment":0.0068591217037174352,"san":0.0066815812054648385,"risqu":0.016270395507726632,"prix":0.0071971096244306983,"par":0.0022800274761379143,"je":0.00086672655735538283,"calcul":0.0016652275672190456,"ou":0.0055673638651698408,"pas":0.0010202880388480685,"ce":0.0016767328094020554,"il":0.0049194012895161692,"peut":0.0032324445202006648,"\u00eatre":0.0035123791003794603,"mais":0.0026579184975616152,"qu":0.002664118052730367,"\u00e0":0.0035204516110889862,"n":0.0019785291784205246,"expliqu":0.002852529951611814,"fac":0.0043295299365284862,"concern":0.0036883356710952493,"pourquoi":0.0026891044258072635,"acquisit":0.0043717433681685434,"pr\u00e9sent":0.0041179237406403233,"peu":0.0038363936878278255,"m\u00eam":0.0030524020204169876,"march":0.0037822868928385172,"se":0.013899002380738754,"toujour":0.0037822868928385172,"accord":0.0085299678752328075,"pres":0.0044003736970187769,"\u00e7a":0.0040438552740247845,"prim":0.0078554342538558562,"imagin":0.0042610402298534468,"tous":0.0037822868928385172,"titr":0.0041053926957290848,"obligatair":0.004357575954738486,"puisqu":0.0040805568466246419,"suppos":0.0041688238709334481,"concret":0.0042476111886135494,"cordial":0.0034029011332979563,"moment":0.0041305314285044747,"aid":0.0034118054691301141,"svp":0.0037822868928385172,"d\u00e9faut":0.004357575954738486,"entrepris":0.003960677109214196,"hor":0.0042881636546005077,"r\u00e9el":0.0041053926957290848,"revent":0.0042881636546005077,"n\u00e9goci":0.0086680420575667213,"\u00e9tat":0.004357575954738486,"\u00e9miss":0.0085846408955131091,"mettr":0.0085572132629975015,"compliqu":0.0042745573310091932,"recalcul":0.004357575954738486,"milli":0.0043860088267621096,"ait":0.0043717433681685434,"vont":0.004301860386320599,"\u00e9volu":0.0043435052479557168,"potentiel":0.0043860088267621096,"d\u00e9roul":0.0087246004131933588,"simo":0.0041817477411035852,"\u00e9mettric":0.0044003736970187769,"acheteur":0.0087531748547704201,"primair":0.0043860088267621096,"t>0":0.0044003736970187769}