{"question":0.0048745824606319949,"que":0.0041246511692356368,"le":0.001954979434662771,"rejet":0.012229481044492927,"en":0.00450835260152778,"au":0.0068564124338383672,"avoir":0.0090782163258243762,"la":0.0029264734428990935,"de":0.0012187963032281115,"pour":0.0030242893123490957,"est":0.0035219502730253821,"bonjour":0.0015414870834414447,"utilis":0.016051960162154079,"projet":0.0097075876048751709,"3":0.0097332119059287767,"pas":0.0028727013135043259,"\u00eatre":0.0098893799309625399,"derni":0.010384799511089789,"aur":0.010131805207525256,"pourquoi":0.0075713852579204375,"cet":0.007843067996805328,"vu":0.011086385288217076,"ne":0.0046563652251666223,"d\u00fb":0.012073662430660678,"003":0,"simpl":0.011454478894410619,"3\u00b0":0,"sup\u00e9rieur":0.011810657800771984,"invers":0.011921917976438361,"coc":0.011184481619385693,"tri":0.011021896905184235,"3h":0,"d\u00e9cis":0.012035352755192106,"regl":0.012035352755192106,"madam":0.011997294292516485,"3iem":0,"3em":0,"3+":0,"3+1":0,"3m":0,"3=":0,"3^2x24":0,"3x0":0,"3e":0,"3+2":0}