{"le":0.0015733503106027176,"de":0.0019324688463363173,"bien":0.010723585374223212,"d":0.0048594854286416241,"vous":0.012745194166406487,"trouv":0.011647162742814505,"5":0.014652213708753904,"bonjour":0.0024441128988417133,"comment":0.010317707070825397,"je":0.0075585443226314445,"pas":0.0045548265764123507,"avanc":0.010411609882165759,"%":0.011046509583409764,"ne":0.0073829242105226175,"comprend":0.010970976500023284,"7":0.026759592128893051,"moyen":0.018052803494676788,"remerc":0.017077822760064153,"tre":0.01914345854728617,"05":0,"b\u00e0v":0.019516579750430363,"5iem":0,"5em":0,"0005+1":0,"5e":0,"007=>":0,"5=>":0,"5^2x18":0,"5x0":0,"5^2":0,"+7":0,"7e":0,"5+5":0,"5xtaux":0,"5an":0,"5min08":0}