{"ai":0.0083675978316849302,"la":0.0023552001717860194,"pour":0.0047951777199710431,"vous":0.012745194166406487,"trouv":0.011647162742814505,"bonjour":0.0024441128988417133,"comment":0.010317707070825397,"je":0.0075585443226314445,"valeur":0.01301190295739537,"pas":0.0045548265764123507,"o\u00f9":0.014765127955586673,"n":0.008832659936160496,"compr":0.015351466089460534,"obten":0.01651134267259682,"8":0.028437387232126531,"remerc":0.017077822760064153,"b\u00e0v":0.019516579750430363,"08":0,"biosmil":0.019580264403638734,"comptabl":0.01914345854728617,"08+0":0,"8min25":0,"voux":0.019644392855919381,"8+50":0}