{"le":0.0013724319994581381,"du":0.011605945657370135,"la":0.0020544388996562315,"pour":0.004182829025187601,"d":0.0083047827477873652,"vous":0.01639479018429232,"trouv":0.019904814537994385,"bonjour":0.0021319973880284592,"comment":0.0090001261954254386,"je":0.0033751770545288147,"\u00e0":0.0046193244752484328,"e":0.016698820925983907,"expliqu":0.011108225031679412,"avanc":0.0090820375296363342,"van":0.012524218629778103,"cf":0.013605141912580243,"avez":0.014812470712285232,"pouv":0.012461259553310801,"point":0.030668011308032806,"remerc":0.014896968767246679,"parven":0.016914330274888024,"sferruggi":0.017079846264568117,"juli":0.017135785453312402}