{"question":0.0073693022120766361,"le":0.0015001441846809438,"la":0.002245615498121893,"merc":0.0041777847467879548,"de":0.0018425533604134092,"pour":0.0045720637817591456,"nous":0.013620846832542282,"d":0.0046333793289339963,"dan":0.0059307279289536226,"comm":0.013899416867500666,"bonjour":0.0023303912213272532,"utilis":0.012317395397123145,"1":0.0097932098640428657,"3":0.014714486955190847,"valeur":0.012406474528671137,"avanc":0.009927170009528476,"pourquoi":0.011446278031050791,"1+r":0,"01":0,"003":0,"1+7":0,"1+3":0,"1+tap":0,"1+6":0,"1\u00b0":0,"1=1":0,"3\u00b0":0,"1mais":0,"1+teg":0,"1+tri":0,"3h":0,"1er":0,"1+2":0,"1+ta":0,"1min45":0,"3iem":0,"3em":0,"1+n":0,"1+0":0,"1+5":0,"1=5":0,"1+taeg":0,"1=9":0,"1+r2":0,"1+2r+r":0,"3+":0,"3+1":0,"1+1":0,"1x":0,"1+taux":0,"1x4x":0,"1x08":0,"1=r":0,"1+rn":0,"devon":0.018080122945793517,"3m":0,"1+4":0,"rd":0.018488299755225909,"1+i":0,"1+":0,"3=":0,"1\u20ac":0,"1+x":0,"1+9":0,"1=":0,"1\u2212":0,"1+f3":0,"1+a2":0,"1+12":0,"1+41":0,"3^2x24":0,"1x4":0,"3x0":0,"1+11":0,"1usd":0,"1^3":0,"rf":0.018669217898702843,"1=16":0,"1+15":0,"1+tmeg":0,"1\u00b2=4":0,"1m":0,"1eur":0,"3e":0,"3+2":0,"1+g":0,"pourcent":0.01873036253007521,"1+rd":0,"1an":0}