{"a":0.0029189224481588074,"le":0.0014334486394591229,"en":0.0022031978929731885,"l":0.004787786542869754,"du":0.0041552552467526861,"apres":0.004937926223353953,"la":0.0014410630735795116,"et":0.0033573076961326454,"merc":0.0013504942726313808,"de":0.0017606345007277935,"pour":0.0014779473634007427,"nous":0.0044030213978545306,"d":0.0014977679861234812,"vous":0.0039920374986848828,"\"":0.029790446024811252,"*":0.013556370697412244,"non":0.0048071971140367315,"5":0.008965167536425912,"comm":0.0044930708521801191,"(":0.007106160853120492,")":0.0091941720241361224,"bonjour":0.00075331310446584865,":":0.0064285412627935754,"on":0.0050053875945816765,"utilis":0.0039816728112524831,"projet":0.0094177651643375902,"4":0.005614650693107028,"d\u00e9termin":0.005146062574422767,"1":0,"\/":0.003451845911671139,"permet":0.0053396923568840727,"calcul":0.002291273339863213,"valeur":0.0079615198289846763,"pas":0.0014038674523614771,"qui":0.0035159462571981554,"\u00e0":0.0016321772627509541,"ann\u00e9":0.00915132062390611,"cel":0.0046457874648286003,"pourquoi":0.0037000788362218308,"6":0.0080405943458034795,"car":0.0045860732683228643,"\u00e9valu":0.0057538845151507726,"aux":0.0052938209597162044,"%":0.01006425843399426,"dit":0.0051317014319987543,"auss":0.0054657717609482058,"va":0.0048328653396197208,"10":0.0079618026245033297,"futur":0.0054497019187019343,"touch":0.0059958157119602406,"doit":0.0051750048619751974,"fais":0.005614650693107028,"cf":0.009543173868207501,"06":0,"cash":0.0055475157347587289,"flow":0.005597717391651943,"10iem":0,"avant":0.005402031560119684,"avez":0.0052337907915542435,"jam":0.017553019936276622,"04":0,"terminal":0.011676034307580185,"10+1":0,"6min15":0,"impress":0.0058445094629487994,"imp\u00f4t":0.011317274893633477,"cmpc":0.011213957902420938,"05":0,"1+5":0.0035322002820198459,"+10":0,"830":0.014232955960569981,"36":0.013600049539241496,"06^":0,"5iem":0,"5em":0,"0005+1":0,"04\u20ac":0,"06=":0,"5e":0,"laurent":0.005919153759537471,"10^7":0,"5=>":0,"4em":0,"5^2x18":0,"5x0":0,"5^2":0,"4an":0,"4e":0,"4min25":0,"10em":0,"5+5":0,"10h":0,"5xtaux":0,"10min15":0,"=16254":0.006054703354600538,"10^1":0,"10^2":0,"5an":0,"5min08":0}