{"le":0.0030734944952836608,"l":0.0052550647696494963,"la":0.0046008156699079115,"merc":0.0043816581073426088,"de":0.0037750222067497257,"pour":0.0047951777199710431,"vous":0.0065243829885424541,"5":0.014652213708753904,"r\u00e9solu":0.016743153309128143,"bonjour":0.0024441128988417133,"1":0.010271112562867751,"3":0.015432544989822432,"calcul":0.0074340014683571638,"\u00e0":0.010344751763446618,"ann\u00e9":0.014956452844188017,"expliqu":0.012734422769753242,"1+r":0,"mani":0.018327522273247489,"01":0,"003":0,"cf":0.015596877850708473,"1+7":0,"\u00e9tap":0.018610695251458718,"1+3":0,"1+tap":0,"1+6":0,"1\u00b0":0,"1=1":0,"3\u00b0":0,"1mais":0,"pouv":0.014285535892811752,"1+teg":0,"1+tri":0,"3h":0,"1er":0,"1+2":0,"1+ta":0,"1min45":0,"05":0,"3iem":0,"3em":0,"1+n":0,"1+0":0,"1+5":0,"1=5":0,"1+taeg":0,"1=9":0,"1+r2":0,"1+2r+r":0,"3+":0,"3+1":0,"1+1":0,"1x":0,"1+taux":0,"1x4x":0,"1x08":0,"1=r":0,"1+rn":0,"5iem":0,"3m":0,"1+4":0,"5em":0,"0005+1":0,"1+i":0,"1+":0,"3=":0,"1\u20ac":0,"1+x":0,"5e":0,"1+9":0,"1=":0,"1\u2212":0,"1+f3":0,"1+a2":0,"1+12":0,"1+41":0,"5=>":0,"5^2x18":0,"3^2x24":0,"5x0":0,"1x4":0,"3x0":0,"5^2":0,"1+11":0,"1usd":0,"1^3":0,"1=16":0,"1+15":0,"1+tmeg":0,"1\u00b2=4":0,"5+5":0,"1m":0,"1eur":0,"3e":0,"3+2":0,"5xtaux":0,"1+g":0,"1+rd":0,"5an":0,"5min08":0,"1an":0}