{"que":0.0020781902534460599,"le":0.0037981830741574871,"en":0.0022715168025541142,"au":0.010207089446649827,"sur":0.0063046645295276047,"l":0.0049340288767232001,"du":0.0063762620142910221,"une":0.0027941743451607667,"la":0.0056856259972412867,"et":0.0051518071121784935,"merc":0.0013923717165031846,"de":0.0062819891038737898,"2em":0,"\"":0.0040370178694821247,"dan":0.007728891163985287,"est":0.0069387518453511614,"fait":0.0045509998827193577,":":0.0033386736985794268,"on":0.0025995564514683582,"1":0.0032638800835674969,"2":0.0046679863199084598,"indic":0.016552622801104241,"par":0.0095568054495434717,"ailleur":0.0060257417139497407,"calcul":0.0023623233788227435,"pas":0.0028727013135043259,"ce":0.0023786449333795963,"il":0.0091948298824374754,"\u00eatre":0.0049827275427415203,"qui":0.0036249721487002389,"qu":0.0037793683480864537,"\u00e0":0.001682789407574425,"n":0.0055707046963643179,"vid\u00e9o":0.0091242792244434767,"tel":0.011847508050032537,"m\u00eam":0.0043301953416726713,"1+r":0,"dit":0.0052908302362006812,"sembl":0.0054736566988628005,"obtient":0.0059139725322629021,"01":0,"estim":0.0058957527167284316,"formul":0.0041150030492674329,"titr":0.011559056404098638,"entre":0.010413603018152509,"2e":0,"02":0,"1+7":0,"divis":0.0058239878652532684,"excel":0.0054423807757751014,"1+3":0,"1+tap":0,"1+6":0,"1\u00b0":0,"2\u00b0":0,"1=1":0,"rapport":0.011086385288217076,"produit":0.012190132454717277,"coefficient":0.012190132454717277,"1mais":0,"rend":0.011284264502810953,"d\u00e9fin":0.0059139725322629021,"1+teg":0,"fichi":0.011884593765741833,"1+tri":0,"1er":0,"1+2":0,"varianc":0.023939325098243251,"1+ta":0,"diversif":0.006201837975865882,"1min45":0,"b\u00eat":0.011847508050032537,"pdf":0.006201837975865882,"1+n":0,"1+0":0,"1+5":0,"1=5":0,"1+taeg":0,"1=9":0,"carr":0.0061817398147363724,"1+r2":0,"1+2r+r":0,"1+1":0,"1x":0,"1+taux":0,"1x4x":0,"1x08":0,"2x3":0,"1=r":0,"2min54":0,"1+rn":0,"numer":0.0061617788434890569,"2i\u00e8meann":0,"1+4":0,"44":0.017542515819009421,"correl":0.006201837975865882,"covari":0.01797397014365695,"1+i":0,"1+":0,"standard":0.006201837975865882,"1\u20ac":0,"1+x":0,"1+9":0,"1=":0,"1\u2212":0,"1+f3":0,"appara\u00eetr":0.006201837975865882,"1+a2":0,"1+12":0,"1+41":0,"2\u20ac":0,"2^2x4":0,"2x0":0,"1x4":0,"+2x0":0,"1+11":0,"02+":0,"044":0,"d\u00e9nomin":0.012269098227403779,"racin":0.0062220752257220622,"1usd":0,"1^3":0,"2=":0,"1=16":0,"1+15":0,"1+tmeg":0,"1\u00b2=4":0,"2x":0,"2m":0,"1m":0,"1eur":0,"1+g":0,"statist":0.0062424535028471236,"1+rd":0,"1an":0}