{"question":0.0035599572373754187,"que":0.0030122747743333168,"le":0.0007246885788738277,"l":0.0024204942752694011,"une":0.0040500723555315973,"la":0.0010848103273333775,"merc":0.0020182012648567089,"de":0.0017606345007277935,"nous":0.013015271838380948,"d":0.0022382895694674095,"vous":0.0030051450107027684,"exempl":0.0067488415379565641,"\"":0.011574458254365965,"un":0.0037255503066620662,"dan":0.008408826961494564,"est":0.0050876977097095754,"m":0.0054653338622247813,"bonjour":0.0011257637230136467,"3":0.007108263825108695,"vid\u00e9os":0.0080728864597008395,"je":0.0017822028807691355,"pas":0.0020979630387669536,"ce":0.003447774869521148,"c":0.0064979610142112832,"qui":0.0052542889868162817,"qu":0.0054780816717703322,"\u00e0":0.0024391530441191696,"fac":0.0089025779350770003,"avanc":0.0047956101819467056,"avec":0.0056473894794734428,"1000":0,"ne":0.0034005909669329874,"comprend":0.0050532556640957771,"somm":0.0079339020910161075,"plac":0.0084674635743826731,"003":0,"indiqu":0.015254358911354697,"capitalis":0.016697846430131186,"aid":0.0070155108137691337,"3\u00b0":0,"situat":0.0087895407434870586,"aut":0.008734132850195241,"pouv":0.0065799489375299733,"continu":0.017061301831366914,"3h":0,"3iem":0,"3em":0,"3+":0,"3+1":0,"3m":0,"3=":0,"3^2x24":0,"3x0":0,"1000\u20ac":0.014778585488748729,"olivi":0.0090187124183494852,"3e":0,"3+2":0,"carbonnel":0.0090482501231031309}