{"question":0.0040106301736411217,"alor":0.007987052034879134,"que":0.0067034260951330301,"le":0.0023897808706133949,"en":0.0037093094891980753,"l":0.0027269168498996002,"du":0.0035240037625585215,"la":0.0012221419363701001,"merc":0.0022736955389055439,"de":0.0010027815241051773,"pour":0.0024882758816547057,"vous":0.0033855814697867914,"dan":0.0032277080921634155,"est":0.0028977333236512386,"comm":0.0075645453369330238,"\u00e9gal":0.017210152959057947,"(":0.0040473629296046794,")":0.0039560554684423405,"bonjour":0.001268279828899799,"ma":0.0082464045326167221,":":0.0054519403147499611,"calcul":0.0038575935321142805,"ce":0.0038842460742077949,"\u00e0":0.0027479377263770516,"sont":0.007603211416440046,"exercic":0.0073205706622343795,"pourquoi":0.006229461993292505,"prendr":0.0094815201401146632,"consider":0.0090421082992645316,"raison":0.0082686667395044603,"direct":0.0096872543768624416,"pris":0.0092567617276800972,"svp":0.008761880803343218,"avez":0.0088116232815523641,"indirect":0.010127389957442442,"charg":0.04717978971843783,"commercial":0.010160436696450665,"suivatr":0.010193713728180523,"exclur":0.010193713728180523}