{"le":0.0013724319994581381,"l":0.0045839880670498784,"merc":0.0038221162551514169,"bien":0.0093541734585905947,"pour":0.0081948819038894834,"vous":0.0056912131582227158,"dan":0.0054258256458909557,"an":0.013788002692257511,"fait":0.01249267736680147,"bonjour":0.0021319973880284592,"comment":0.0090001261954254386,"1":0.0089594818498597122,"oblig":0.01485460855760138,"risqu":0.012945948472741184,"je":0.0033751770545288147,"calcul":0.0064846725045509613,"pas":0.0039731709482143029,"tres":0.014646097065560712,"1+r":0,"ne":0.0064401178604743649,"comprend":0.0095699725054665102,"01":0,"esper":0.015700362819174318,"1+7":0,"1+3":0,"1+tap":0,"1+6":0,"1\u00b0":0,"1=1":0,"cash":0.015700362819174318,"flow":0.015842441591913739,"1mais":0,"1+teg":0,"1+tri":0,"1er":0,"1+2":0,"1+ta":0,"1min45":0,"1+n":0,"1+0":0,"1+5":0,"1=5":0,"1+taeg":0,"1=9":0,"1+r2":0,"1+2r+r":0,"1+1":0,"1x":0,"1+taux":0,"1x4x":0,"1x08":0,"1=r":0,"1+rn":0,"1+4":0,"1+i":0,"1+":0,"1\u20ac":0,"1+x":0,"1+9":0,"1=":0,"1\u2212":0,"1+f3":0,"1+a2":0,"1+12":0,"1+41":0,"1x4":0,"1+11":0,"1usd":0,"1^3":0,"1=16":0,"1+15":0,"1+tmeg":0,"1\u00b2=4":0,"1m":0,"1eur":0,"1+g":0,"1+rd":0,"1an":0}