{"que":0.0092478449449016828,"une":0.012433939120935086,"vous":0.0092259561885667963,"est":0.0078965344443003432,"bonjour":0.0034561549443408966,"ce":0.010584853569779987,"ann\u00e9":0.021149521559228744,"cet":0.0175848753629795,"fair":0.021708099267065295,"cordial":0.021481782909253237,"nouvel":0.027070254791152736,"allez":0.027597875545372543,"\u00e9dit":0.027778612653178318,"dylan":0.027778612653178318}