{"j":0.0030641091256903828,"ai":0.0034647993672903645,"correct":0.0066881871505379362,"a":0.003921440139001405,"question":0.0032003397611342142,"que":0.0053623385069045786,"le":0.00065148245295205498,"en":0.005861177531373136,"apres":0.0066338802895918184,"une":0.0036409447447279535,"la":0.00097522565366925287,"seul":0.0074085279416565954,"de":0.0015845214736266294,"d":0.002012183469759786,"\u2019":0.027080638166272646,"un":0.0033492050559873121,"dan":0.00510018649096585,"est":0.008981417947662218,"comm":0.006036237241667808,"fait":0.0059301736611182022,"si":0.0051371033138556494,"bonjour":0.0010120420454991881,"san":0.0062091128099498096,"risqu":0.006145337816476343,"par":0.0042146976397164611,"calcul":0.0030782219822356057,"pas":0.0018860323545082491,"ce":0.0061375994326623128,"il":0.0060675388174253764,"c":0.005841554157378589,"\u00e0":0.0021927562467972798,"n":0.0036573691964994241,"possibl":0.0068559120359608363,"pourquoi":0.0049708883752571957,"compr":0.0063566331776047924,"le\u00e7on":0.0071944004364881808,"vent":0.0078026658243258318,"d\u00e9couvert":0.0079521150540373831,"emprunt":0.007152981910091844,"7":0.011080434282591126,"cordial":0.0062903625174698715,"compt":0.0067064628062492851,"cec":0.0078271705191401576,"\u00e9t\u00e9":0.0071120087528233717,"pass":0.0070916862144572773,"pris":0.0073865655355464174,"pr\u00e9c\u00e9dent":0.0077061931547328637,"r\u00e9alis":0.007658857553322327,"007=>":0,"+7":0,"7e":0,"simo":0.0077300833076683652}