{"le":0.0013724319994581381,"la":0.0010381481409856193,"et":0.0024186191481538298,"premi":0.0070810834219764236,"merc":0.0019313900674195331,"de":0.00085181249745550016,"pour":0.004182829025187601,"d":0.0021420114622636654,"vous":0.0056912131582227158,"2em":0,"dan":0.0027417757756321346,"est":0.0024614787967717849,"5":0.0064585459042030306,"pourr":0.0059479351106828992,"m":0.0052302472109400974,"bonjour":0.0010773399614553134,"on":0.0071358868121034705,"projet":0.0067845992148772806,"comment":0.004547939722120883,"1":0.004527401339695542,"\/":0.019139700301287806,"3":0.019983766365203492,"2":0.0064750686230280359,"je":0.001705542951529354,"pas":0.0020077209569955771,"il":0.0064549419479739412,"qu":0.0052424466843852694,"\u00e0":0.0023342349667303166,"expliqu":0.0056132032781396153,"avanc":0.0045893311206924936,"avec":0.0054044718618680423,"1+r":0,"dit":0.0073390294024818096,"ne":0.0032543174614238848,"comprend":0.0048358942032766103,"obtient":0.0082034040712133278,"01":0,"s":0.0060212883187064793,"video":0.0081781309560412761,"2e":0,"003":0,"02":0,"arriv":0.006558707088508091,"1+7":0,"1+3":0,"1+tap":0,"1+6":0,"1\u00b0":0,"2\u00b0":0,"1=1":0,"3\u00b0":0,"1mais":0,"1+teg":0,"plait":0.0078865332152954822,"\u00e9tudi":0.0085196411763505675,"1+tri":0,"3h":0,"fall":0.0083584416124065,"1er":0,"1+2":0,"1+ta":0,"1min45":0,"sc\u00e9nario":0.0086307802343737541,"vd":0.016805852392983253,"05":0,"3iem":0,"3em":0,"1+n":0,"1+0":0,"1+5":0,"1=5":0,"1+taeg":0,"1=9":0,"1+r2":0,"1+2r+r":0,"3+":0,"3+1":0,"1+1":0,"typ":0.0081530143317495498,"1x":0,"1+taux":0,"1x4x":0,"1x08":0,"2x3":0,"1=r":0,"2min54":0,"1+rn":0,"5iem":0,"2i\u00e8meann":0,"3m":0,"1+4":0,"5em":0,"0005+1":0,"1+i":0,"1+":0,"3=":0,"1\u20ac":0,"1+x":0,"5e":0,"1+9":0,"1=":0,"1\u2212":0,"1+f3":0,"1+a2":0,"1+12":0,"1+41":0,"5=>":0,"2\u20ac":0,"2^2x4":0,"5^2x18":0,"3^2x24":0,"2x0":0,"5x0":0,"1x4":0,"+2x0":0,"3x0":0,"5^2":0,"1+11":0,"02+":0,"1usd":0,"1^3":0,"2=":0,"1=16":0,"1+15":0,"1+tmeg":0,"1\u00b2=4":0,"5+5":0,"2x":0,"2m":0,"1m":0,"1eur":0,"3e":0,"3+2":0,"5xtaux":0,"1+g":0,"ambre":0.0086027086907616256,"vcp=0":0.0086590474000766814,"vd+vcp=1":0.0086590474000766814,"1+rd":0,"5an":0,"5min08":0,"1an":0}