{"le":0.0015733503106027176,"au":0.0055019047826464556,"avoir":0.0072847837411948975,"une":0.0087929943762071489,"la":0.0023552001717860194,"et":0.0027769671597293781,"de":0.00097801893840399707,"d":0.0072031157738161392,"un":0.0040935416047675564,"est":0.0082774145051509301,"si":0.012406263680363246,"bonjour":0.0012369610548685023,"taux":0.0057732814753681978,"rentabl":0.0084499777751654449,"san":0.0075890431285438207,"risqu":0.0075110946050096434,"arbitrag":0.0095968469785272861,"ce":0.0037883288938599896,"cas":0.0077084680197463222,"il":0.0037450851703267705,"c":0.0071397972294900084,"qui":0.0057732814753681978,"\u00e0":0.0026800804296327396,"derni":0.0083332469638066134,"possibl":0.0083795887945592087,"soit":0.0087679232596491203,"diff\u00e9rent":0.0077898205784161043,"deux":0.0081302325474196489,"titr":0.0092755254043239577,"entre":0.0083563602398521522,"cordial":0.0076883499946653758,"cec":0.0095667024359799863,"sup\u00e9rieur":0.0094774220873247873,"opportun":0.0095367517503522885,"inf\u00e9rieur":0.0096884692559433602,"devr":0.0091916075382005441,"repr\u00e9sent":0.0093323226395149346,"volatil":0.0097194149881648078,"simo":0.0094480382954430647,"\u00e9sper":0.0099419911906790323}