{"le":0.0010238093108482017,"r\u00e9sultat":0.010230661464124846,"la":0.0030179844238936698,"merc":0.0028512292126045254,"vous":0.00424554150858528,"trouv":0.0075790328324845547,"est":0.0036337767134420398,"5":0.009534477298837097,"pourr":0.0087806842482696813,"m":0.0077211920515362423,"(":0.0050754198270786593,")":0.004960919668134718,"bonjour":0.0015904312763250761,"1":0,"\/":0.0072877050278706661,"je":0.0025178206975297285,"pas":0.0029639132663617676,"\u00e0":0.0034459320457811736,"selon":0.011818173297310112,"ne":0.0048042107959568661,"van":0.009342839316868053,"somm":0.011208680623562761,"erreur":0.010834297730689491,"mon":0.010149188426829324,"indiqu":0.010895091916483373,"solut":0.011371856274851135,"[":0.011608040302874286,"]":0.011608040302874286,"05":0,"5iem":0,"5em":0,"0005+1":0,"5e":0,"5=>":0,"5^2x18":0,"5x0":0,"5^2":0,"5+5":0,"5xtaux":0,"i=0":0.012782984295560743,"cfi":0.012782984295560743,"1+rd":0.0074745852566106214,"^i":0.012782984295560743,"5an":0,"5min08":0}