{"a":0.0097072569298547913,"le":0.0023897808706133949,"r\u00e9sultat":0.0081583792801368012,"une":0.0045627914358039347,"la":0.0035773421081561193,"merc":0.0022736955389055439,"de":0.0019808004625091829,"pour":0.0072834536016257488,"d":0.0025216459316995767,"trouv":0.0060438540206654984,"dan":0.0032277080921634155,"sauf":0.0098709398969487622,"(":0.0040473629296046794,")":0.0039560554684423405,"bonjour":0.001268279828899799,"t":0.0079243565864252786,"je":0.0020078209294537804,"calcul":0.0038575935321142805,"pas":0.0023635547579402682,"il":0.0075849926276736722,"ann\u00e9":0.0077610847940634215,"n":0.0045833743759842701,"y":0.014001873325670497,"avec":0.00636232098826503,"votr":0.0070710613511145697,"car":0.0077211244376197514,"van":0.0074503908635495083,"tous":0.008761880803343218,"faut":0.0082910332194043642,"erreur":0.0086397453801831375,"exact":0.0095686089015470047,"solut":0.0090684181990353281,"chiffr":0.0097782139790023332,"ecart":0.010061974760122605,"contr\u00f4l":0.010160436696450665,"affich":0.0099022530237656697,"500":0.025336389716269413,"frapp":0.010160436696450665,"quatriem":0.010193713728180523}