{"j":0.0056528869685881561,"ai":0.0042877667186538545,"que":0.0016860673419968031,"le":0.0012019012761912474,"me":0.0029545910623866426,"tout":0.0039165592445540316,"une":0.0022669561188677525,"autr":0.0078872034173857065,"la":0.0023842884691518654,"et":0.0014146281593329594,"merc":0.0011296523382415065,"de":0.0051633388831743305,"pour":0.0024571691722404579,"vous":0.0033432572645990268,"trouv":0.0030028003792106411,"\"":0.019060880715246285,"un":0.0020853106617470933,"est":0.0014396963747567706,"comm":0.0037583335945293736,"si":0.0031985071477570628,"bonjour":0.00063012626349737274,"suiv":0.0041642562159172579,":":0.0027087167209181398,"1":0.0026480355241641921,"appliqu":0.0043655369216503148,"conten":0.0050316454203957837,"par":0.0026241910474932538,"je":0.0029557964334926841,"calcul":0.001916588865559296,"valeur":0.0033546493680466252,"ou":0.0032212833750799681,"ce":0.0038356879079631963,"r\u00e9f\u00e9rent":0.0097168199861874787,"c":0.003637118349555238,"mais":0.0030591236286689437,"\u00e0":0.0040453530551128056,"cel":0.0038860769563953505,"sont":0.0075081613097014747,"suis":0.0039165592445540316,"elle":0.0041985580971681353,"oper":0.0047833137970314079,"id\u00e9":0.0049830599930037215,"avec":0.0062827836380695522,"problem":0.0044794390562222959,"contraint":0.0099042170175158394,"1+r":0,"ne":0.0037831952912880662,"01":0,"s":0.0035217963182035631,"plusieur":0.0046542635641520355,"difficult":0.0048279390397689623,"doit":0.004328753154466067,"fonction":0.0046265146459724881,"pourt":0.0048129705014201274,"d\u00e9j\u00e0":0.0046265146459724881,"forum":0.0049512138039978348,"solveur":0.0046682606871016876,"concret":0.0048887758463651175,"rien":0.0047833137970314079,"indiqu":0.0043166175502140141,"1+7":0,"\u00e9t\u00e9":0.0044281396423275343,"pass":0.0044154862498895827,"1+3":0,"1+tap":0,"1+6":0,"chiffr":0.0048581624479602991,"1\u00b0":0,"1=1":0,"avais":0.0047250898821733335,"uniqu":0.0095072060089968474,"cibl":0.004904231962647475,"aucun":0.0047686233138201171,"1mais":0,"avez":0.0043779260122489274,"1+teg":0,"pr\u00e9c\u00e9dent":0.0047980958103234711,"inclur":0.0050316454203957837,"1+tri":0,"1er":0,"1+2":0,"binair":0.010066278947683565,"1+ta":0,"1min45":0,"messag":0.0049512138039978348,"1+n":0,"1+0":0,"1+5":0,"1=5":0,"1+taeg":0,"1=9":0,"1+r2":0,"1+2r+r":0,"1+1":0,"1x":0,"1+taux":0,"1x4x":0,"1x08":0,"1=r":0,"affich":0.0049197894312359904,"1+rn":0,"1+4":0,"ajust":0.0050316454203957837,"variabl":0.0098409202545754037,"1+i":0,"1+":0,"1\u20ac":0,"1+x":0,"1+9":0,"1=":0,"1\u2212":0,"1+f3":0,"1+a2":0,"1+12":0,"1+41":0,"1x4":0,"1+11":0,"renseign":0.0050480642088189106,"1usd":0,"1^3":0,"cellul":0.024548225170826062,"aupres":0.0050316454203957837,"1=16":0,"1+15":0,"1+tmeg":0,"1\u00b2=4":0,"1m":0,"1eur":0,"1+g":0,"1+rd":0,"contiennent":0.0050645974148089551,"r\u00e9glag":0.0050645974148089551,"preneur":0.0050645974148089551,"1an":0}