{"j":0.0049327353475623059,"ai":0.0042002524362391965,"question":0.0013038051399046511,"que":0.0021974358740865247,"le":0.0023135461196957846,"tout":0.002562667589779332,"en":0.0024018554135001782,"au":0.0018338854342379134,"l":0.00088648617575324683,"du":0.003408922554104406,"apres":0.0027026153048252052,"une":0.0044137871816270968,"la":0.0019546001297998188,"vrai":0.0029739735320280514,"et":0.0045537174457872375,"de":0.003446325261898405,"bien":0.0018089805940474911,"pour":0.0016112106347659747,"nous":0.0048000321777371645,"d":0.0032392999465475328,"trouv":0.0019647804947876967,"2em":0,"exempl":0.0024717078601980561,"*":0.004999589433777556,"un":0.0053916951023017731,"dan":0.0010492870742190409,"est":0.00094201645075129832,"non":0.0026310649260536658,"fait":0.0048121342060324741,"(":0.0064730420192017765,")":0.006327011864987713,"bonjour":0.00041230173019311545,":":0.0017723568359759817,"on":0.0013799915964311784,"taux":0.0038329714177562746,"utilis":0.0021792407159919635,"4":0.003072998705949034,"format":0.0028726962068673758,"comment":0.0017405122647742928,"1":0,"\/":0.0018892569813334014,"3":0.0026033433249349086,"2":0.0024780311618509917,"par":0.0017170503308869996,"je":0.0056896281789366454,"calcul":0.002497872430212089,"valeur":0.0043720832986404645,"pas":0.0037800883016749841,"\u00e9nonc":0.0057382585707021387,"mais":0.0020016337011163256,"\u00e0":0.0017793471057835606,"cel":0.0025427225392773674,"n":0.0058877910592017276,"fois":0.0029739735320280514,"mooc":0.0063514826283352158,"quizz":0.0027930701170465603,"suis":0.002562667589779332,"plus":0.0022652069501875711,"not":0.003072998705949034,"exercic":0.0023798249260642119,"eu":0.0030453593691269166,"avec":0.0061545506119442808,"essai":0.0031011390851353963,"bon":0.0026664279224010105,";":0.011548427611276793,"r":0.0028808881436052777,"%":0.007363528181846715,"actualis":0.002732185120953628,"ne":0.0024807101422170152,"comprend":0.0018507134408607992,"obtient":0.0031394711168660147,"avon":0.0031688543614649309,"s":0.0023043678695819463,"effet":0.0029827192926781382,"absolu":0.003250042452164867,"somm":0.0029057265680509621,"rent":0.008548115869182929,"va":0.0026451136048249689,"puis":0.0059236694583514118,"assist":0.0032710207228926662,"10":0.0043576369215911201,"fonction":0.0030272028064835597,"2e":0,"003":0,"fais":0.003072998705949034,"02":0,"obtien":0.0030362545429717109,"arriv":0.0025100398919286741,"cf":0.017978296076111781,"caus":0.0032710207228926662,"sa":0.0031011390851353963,"propos":0.0028974028569053257,"aid":0.002569373295279352,"const":0.0029827192926781382,"beau":0.003260496150991006,"g":0.0031492038660474258,"15":0.0049451096893656813,"2\u00b0":0,"3\u00b0":0,"niveau":0.0030637308073203974,"dur":0.0031106337227419264,"cibl":0.0032089177052312514,"croiss":0.012640221560568037,"10iem":0,"rend":0.0030182035441248915,"abord":0.0030453593691269166,"04":0,"enfin":0.0032190972066868306,"perp\u00e9tuel":0.0094885990664413857,"3h":0,"dat":0.0031492038660474258,"croissanc":0.0030917021660471894,"t=1":0.0031988045202166922,"r\u00e9alis":0.0062149023818845522,"10+1":0,"dividend":0.0030637308073203974,"3iem":0,"3em":0,"besoin":0.0031988045202166922,"3+":0,"3+1":0,"+10":0,"test":0.0031887567931688479,"similair":0.0064323255150958896,"2x3":0,"2min54":0,"2i\u00e8meann":0,"3m":0,"1+4":0.0038595890651893492,"exig":0.0031887567931688479,"actionnair":0.0032089177052312514,"3=":0,"04\u20ac":0,"10^7":0,"t=5":0.0064735536496539868,"2\u20ac":0,"4em":0,"2^2x4":0,"3^2x24":0,"2x0":0,"+2x0":0,"3x0":0,"15x4":0,"02+":0,"embrouill":0.0032816171354315598,"15an":0,"4an":0,"4e":0,"2=":0,"4min25":0,"10em":0,"15\u20ac":0,"tp":0.003303029452970349,"2x":0,"2m":0,"3e":0,"10h":0,"3+2":0,"10min15":0,"15h":0,"ayon":0.0033138473950721434,"modus":0.0033138473950721434,"operand":0.0033138473950721434,"arbitrair":0.0033138473950721434,"t=6":0.0033138473950721434,"franch":0.0033138473950721434,"d\u00e9sar\u00e7on":0.0033138473950721434,"10^1":0,"10^2":0}