{"ai":0.0062371140923185653,"question":0.0057610505280102217,"le":0.0023043575501452301,"la":0.0034494691114780414,"de":0.0014404407234786764,"pour":0.0035742719874935721,"trouv":0.0086816651971080815,"dan":0.004636425849192452,"bonjour":0.0018218144933853258,"ma":0.011845508344063177,"je":0.0056670310308643054,"pas":0.0066710820471616201,"n":0.0065837661977345583,"bon":0.011781995269149607,"le\u00e7on":0.012950907568219601,"ne":0.0055031493580635091,"vois":0.013296831103851405,"cordial":0.011323515316324483,"d\u00e9sol":0.014360780006182003,"lien":0.014269320476764841,"annonc":0.014360780006182003,"pos":0.013140929777460153,"mail":0.014360780006182003,"ver":0.013872204658448037,"rubriqu":0.01459491068999755,"bonus":0.014642711323044665,"lund":0.01459491068999755}