{"j":0.0046670834087501091,"ai":0.0035362435405904011,"question":0.003266330776565587,"que":0.0068055522610668186,"le":0.001637269627109505,"me":0.0024340828430866753,"tout":0.003226581770473773,"au":0.0023089929161506863,"l":0.0033143372668675993,"du":0.0014424037233602355,"une":0.0018675880615807081,"la":0.001970560463229369,"vrai":0.0037444453672352764,"et":0.0011654141162933775,"merc":0.00093064228419661109,"de":0.0035493363850835867,"bien":0.0067632998256261052,"pour":0.0030242893123490957,"d":0.0030648477915946304,"trouv":0.0024737991586377809,"*":0.0031603197350915111,"un":0.0017179429562628563,"est":0.0046722549571690357,"5":0.0031120569657411231,"\u00e9gal":0.0035661597705951326,"(":0.0065258977963783245,"+":0.0034875745989842088,")":0.0048082515128162247,":":0.0066263732840181585,"on":0.0017375081131124201,"taux":0.0024228819938168947,"rentabl":0.01053026814750406,"t":0.0032435043250905763,"\/":0.0023787096539647453,"3":0.0032777954300514103,"san":0.0031849055038973271,"risqu":0.0062720547006031606,"prix":0.0034306421414520638,"je":0.0024403368705321598,"calcul":0.0031416949287014239,"action":0.0038343252414615868,"ce":0.001589853864349176,"il":0.001571705703802829,"c":0.0059620070215476587,"mais":0.0025201999810455372,"\u00e0":0.0022379708871542009,"cel":0.0095065668272496188,"plus":0.0028520575516604815,"avanc":0.0022113739058429727,"6":0.0055408728788584639,"avec":0.0051815909108100201,"problem":0.003690299443536404,"\u00e9valu":0.0039650728897574726,"lorsqu":0.003616929971782088,"%":0.0023462234294083372,"dit":0.0035363188421265492,"comprendr":0.0033935880867192059,"mani":0.0038926741370936559,"esper":0.011351752411611517,"prim":0.0037444453672352764,"puis":0.0037444453672352764,"titr":0.0038926741370936559,"part":0.0031931699680014343,"examen":0.0039285383148545292,"signif":0.0040530736042020789,"mon":0.0033126989084326349,"003":0,"obtien":0.0038228616141800439,"d\u00e9sol":0.0040920358813778188,"sous":0.0039650728897574726,"06":0,"\u00e9lev":0.0039406407860210031,"aid":0.0032350247332719228,"ensuit":0.0037334955187169052,"g":0.0039650728897574726,"3\u00b0":0,"l\u00e0":0.0039165103209052241,"niveau":0.0038574561960219378,"abord":0.0038343252414615868,"continu":0.0039774044312844252,"dois":0.0040023034030151235,"achat":0.004078961967423681,"3h":0,"rebonjour":0.0041452240028059424,"infin":0.0040530736042020789,"stabl":0.0041317906657451376,"r\u00e9uss":0.0040275236606590204,"dividend":0.0038574561960219378,"6min15":0,"b\u00eat":0.0039898142688375281,"prochain":0.0039406407860210031,"05":0,"3iem":0,"3em":0,"3+":0,"3+1":0,"droit":0.0040530736042020789,"medaf":0.0041051978358197325,"test":0.0040148728537199654,"06^":0,"5iem":0,"3m":0,"societ":0.0040530736042020789,"actionnair":0.0040402568838595427,"5em":0,"0005+1":0,"3=":0,"auparav":0.0041317906657451376,"06=":0,"5e":0,"5=>":0,"cro\u00eetr":0.0041587503048765651,"5^2x18":0,"3^2x24":0,"5x0":0,"3x0":0,"5^2":0,"signal":0.0041587503048765651,"5+5":0,"3e":0,"3+2":0,"5xtaux":0,"vlb":0.0041452240028059424,"d\u00e9sir":0.0041723708676522052,"5an":0,"5min08":0}