{"j":0.0072236625147882576,"ai":0.0061624019432273761,"question":0.0019201620585309323,"alor":0.0038239462660212657,"que":0.0016247542725566447,"le":0.00077708060440250871,"me":0.0028471487067563851,"en":0.0017758993066270758,"sur":0.0024834901694934346,"du":0.00335415540262221,"autr":0.0038239462660212657,"la":0.0011632376849878196,"seul":0.0044450200056551665,"et":0.002710045732100045,"merc":0.0010885730464880634,"de":0.0023443382894637308,"bien":0.0026641526367680701,"pour":0.0023683470716862141,"d":0.0024001087669582176,"quiz":0.0035941734332558409,"vous":0.0032224047257141458,"trouv":0.0028936049137748211,"2em":0,"mal":0.0042067861637453971,"\"":0.0062745791989645937,"*":0.041651184872254443,"un":0.0039948923833349869,"5":0.0036401755965405013,"pourr":0.0033523843541352146,"m":0.0058604551868597305,"(":0.0019377485327887831,")":0.0018940334269340992,"bonjour":0.00060721200948891376,"comment":0.0025633167955387494,"3":0.0038340400147796219,"2":0.0036494881567897272,"je":0.00096128074695087638,"calcul":0.0036716669614074333,"pas":0.0011315947801132933,"ce":0.0055126717866467809,"il":0.0018384254565096214,"pratiqu":0.0046379490255771027,"\u00e0":0.0013156251095085682,"aur":0.0039910511517726567,"sont":0.0072367552273031217,"exercic":0.0035048562006043823,"avanc":0.0025866458793947617,"compr":0.0038138968855325112,"eu":0.004485013393655468,"votr":0.0033853990849592639,"car":0.0036966285976085286,"ok":0.0048018532904210848,"le\u00e7on":0.0043165462991739028,"ne":0.0018342034232135202,"s":0.006746811180383696,"agit":0.004485013393655468,"deux":0.0039910511517726567,"puis":0.0043798808307298955,"th\u00e9or":0.0047711651735451105,"r\u00e9soudr":0.0044187412062117104,"pouvoir":0.0045394500220688203,"2e":0,"003":0,"02":0,"indiqu":0.0041596457229265962,"conseil":0.0047408835337579636,"aid":0.0037840110955221474,"beau":0.0048018532904210848,"2\u00b0":0,"3\u00b0":0,"avais":0.0045532641449441301,"ex":0.0048018532904210848,"particuli":0.0047864577414675575,"exerc":0.0048173532167745938,"3h":0,"=>":0.0094549892913427646,"suffis":0.0048018532904210848,"05":0,"3iem":0,"compliqu":0.0047408835337579636,"3em":0,"besoin":0.0047109977437475997,"3+":0,"3+1":0,"d\u00e9coul":0.0048644936575933957,"2x3":0,"2min54":0,"ressourc":0.0048329589454920094,"5iem":0,"2i\u00e8meann":0,"3m":0,"5em":0,"0005+1":0,"3=":0,"5e":0,"5=>":0,"2\u20ac":0,"2^2x4":0,"5^2x18":0,"3^2x24":0,"2x0":0,"5x0":0,"+2x0":0,"3x0":0,"5^2":0,"02+":0,"2=":0,"5+5":0,"2x":0,"2m":0,"3e":0,"3+2":0,"5xtaux":0,"margal":0.0048329589454920094,"malarm":0.0048329589454920094,"lund":0.0048644936575933957,"enchain":0.0048804256410926849,"cascad":0.0048804256410926849,"pr\u00e9liminair":0.0048804256410926849,"extern":0.0048804256410926849,"entrain":0.0048804256410926849,"5an":0,"5min08":0}