{"question":0.0030174518090298691,"le":0.0023897808706133949,"au":0.0042442392284934554,"l":0.0040649149547632192,"avoir":0.0056195747012907672,"merc":0.0017106455644163791,"de":0.0014948096469628209,"pour":0.0037091816141321832,"d":0.0018971943931274473,"trouv":0.0045471752464308459,"*":0.033302303354416002,"dan":0.0024284098009656947,"m":0.0046324661926783854,"bonjour":0.00095420746824816452,"ma":0.0062042938883955616,"taux":0.0044535826559881087,"4":0,"d\u00e9termin":0.006518420178112265,"\/":0.0086630442378726868,"vos":0.0064821298455258356,"par":0.0039738427687968873,"je":0.0029929850347009128,"calcul":0.0029023126237073325,"action":0.007048004994204958,"pas":0.00177825236217509,"il":0.0028890062663542398,"\u00e0":0.0040962500045131104,"illustr":0.007311003769982719,"avanc":0.0040648023709367789,"concern":0.0064283725476433282,"avec":0.0047867781731267874,"votr":0.0053200085627219647,"comprendr":0.0062378708839926737,"ne":0.0028823715232342492,"journ":0.0072883367397244625,"tous":0.0065921194265960862,"puis":0.0068827937086375192,"faut":0.0062378708839926737,"compr\u00e9hens":0.0071990722130481598,"aid":0.0059464101349383392,"09":0.012246368734786744,"laquel":0.0074265350230066788,"9":0,"rend":0.0069851571109054251,"04":0.007221181282072428,"parvien":0.007221181282072428,"d\u00e9tail":0.0072883367397244625,"exig":0.0073798757648764037,"actionnair":0.0074265350230066788,"29":0.021552453643526731,"bel":0.0076194786915723452,"margal":0.0075947864130797415,"malarm":0.0075947864130797415,"merck":0.007669378276757388}