{"j":0.0016396726523516074,"question":0.003406828728349515,"que":0.0028827043569903069,"le":0.0030097016265676459,"me":0.002539342487407652,"en":0.0015839062258934504,"au":0.0024088431631478142,"l":0.0057001375613776719,"du":0.001504779128256323,"une":0.0019483501669701868,"la":0.00052186484508214351,"et":0.0024186191481538298,"de":0.0025023744274639977,"pour":0.0031536924219898298,"quiz":0.0095146883364461299,"vous":0.0014456716496374416,"2em":0,"\"":0.0055998381198768821,"*":0.057255211191949755,"dan":0.0040908641303398548,"an":0.0035024034495215019,"est":0.0024614787967717849,"non":0.0068749441936453324,"5":0.0032466349692182482,"comm":0.0032301242293513235,"pourr":0.0029899569363464966,"(":0.010099924310777624,")":0.0098720726298711699,"bonjour":0.0005415661117033852,"suiv":0.0071197153507712076,":":0.0091647933254738311,"on":0.001812645032346895,"taux":0.0075024411166683602,"utilis":0.0028624738500919729,"ser":0.0035986036115056904,"1":0.013300172713082582,"\/":0.0073656617029074205,"2":0.012813809833019369,"prix":0.0071197153507712076,"par":0.0022553780476786624,"je":0.00085735635699908989,"calcul":0.0064846725045509613,"action":0.011872967573176308,"ce":0.0016586056131892074,"il":0.0048667782936207098,"c":0.0031259449994054675,"\u00eatre":0.0034744066907209472,"qu":0.0026353162123863142,"pr\u00e9cis":0.0040242682946036454,"\u00e0":0.0011733924294672637,"dont":0.0040242682946036454,"possibl":0.0036687503646791208,"pourquoi":0.0026600324572204322,"elle":0.0036084780387091288,"parl":0.0039644673743073899,"y":0.0030268307302013511,"avec":0.0027167643610736271,"se":0.0034930284204427136,"1+r":0,"14":0.016638288259572129,"%":0.016602826096057243,"01":0,"raison":0.003530789966886974,"va":0.0034744066907209472,"puis":0.0039063704178365546,"10":0,"12":0.011674261220873748,"futur":0.0039178581396730298,"vf":0.0039063704178365546,"faut":0.0035403406411749902,"erreur":0.0036892436550946153,"=":0.0031813793129100622,"2e":0,"suit":0.0040486885293867722,"02":0,"obtien":0.0039881777023073606,"1+7":0,"8":0,"vendu":0.0042965475147738238,"1+3":0,"1+tap":0,"1+6":0,"1\u00b0":0,"2\u00b0":0,"1=1":0,"09":0,"laquel":0.008384867255463278,"9":0.0069001494082218066,"\u00e9l\u00e9ment":0.0042016901682696197,"1mais":0,"1+teg":0,"1+tri":0,"1er":0,"1+2":0,"croissanc":0.0040610092027187628,"=>":0.0084382406816103182,"t=1":0.0042016901682696197,"63":0,"9+":0,"1+ta":0,"1min45":0,"=2":0.0042965475147738238,"05":0,"1+n":0,"1+0":0,"1+5":0,"1=5":0,"1+taeg":0,"1=9":0,"1+r2":0,"1+2r+r":0,"1+1":0,"93":0.010504527367608121,"33":0.03772525235414867,"1x":0,"1+taux":0,"1x4x":0,"1x08":0,"2x3":0,"1=r":0,"2min54":0,"1+rn":0,"nouveau":0.0083061012492633909,"conclur":0.004338591586431283,"5iem":0,"2i\u00e8meann":0,"1+4":0,"exig":0.0041884922889732874,"12^3+2":0,"12^4+189":0,"12^4":0,"5em":0,"0005+1":0,"0014^2+1":0,"1+i":0,"1+":0,"ait":0.0043244803520322587,"1\u20ac":0,"93\u20ac":0,"1+x":0,"5e":0,"1+9":0,"personnel":0.004282723290753577,"1=":0,"12\u20ac":0,"9=":0,"1\u2212":0,"9=850":0,"1+f3":0,"1+a2":0,"1+12":0,"1+41":0,"5=>":0,"2\u20ac":0,"2^2x4":0,"5^2x18":0,"2x0":0,"5x0":0,"1x4":0,"+2x0":0,"5^2":0,"1+11":0,"02+":0,"1usd":0,"1^3":0,"2=":0,"12=":0,"1=16":0,"1+15":0,"1+tmeg":0,"1\u00b2=4":0,"5+5":0,"14=12":0,"2x":0,"2m":0,"1m":0,"12^5":0,"1eur":0,"5xtaux":0,"1+g":0,"1+rd":0,"8+50":0.01284119230095478,"10^1":0.0059605171487103082,"10^2":0.0059605171487103082,"63euro":0.012232222976436216,"anc":0.0043528011577516771,"rendem":0.0043528011577516771,"=9":0.0043528011577516771,"14em":0,"5an":0,"5min08":0,"1an":0}