{"certain":0.0071552581044456547,"que":0.0025532312219031794,"le":0.0029605441709821705,"en":0.005529331638785215,"sur":0.0077324433415501756,"du":0.0026513318525967335,"autr":0.0060091665319471806,"la":0.0018218021697937021,"de":0.0022215778273332928,"d":0.0073811313603411996,"vous":0.0025471879700519817,"un":0.006256592015524514,"dan":0.0048114260960793118,"pourr":0.005268127338006026,"m":0.0046324661926783854,"(":0.0060332555063092866,")":0.0058971468221101619,"bonjour":0.00095420746824816452,"projet":0.01190600559098366,"comment":0.011861298204585121,"risqu":0.005794153775989833,"prix":0.0063059812153721728,"par":0.0039738427687968873,"action":0.007048004994204958,"pas":0.00177825236217509,"cas":0.0059464101349383392,"\u00e0":0.0020674480828607612,"expliqu":0.0049716530347213581,"plus":0.0052424649976225597,"march":0.0065921194265960862,"se":0.012193974772360738,"accord":0.0074738082363447426,"prim":0.0068827937086375192,"futur":0.0069030343952917201,"concret":0.0074031296478603075,"cordial":0.0059308908348738084,"coup":0.0072658118234425481,"particuli":0.0075217117777476592,"compar":0.0071770983685333243,"n\u00e9goci":0.0075947864130797415,"investisseur":0.014950757187893701,"rcp":0.0074031296478603075,"r\u00e9ussit":0.0075702626838765807,"arrivent":0.0076194786915723452,"simo":0.0072883367397244625,"primair":0.0076443418522442689,"d\u00e9roulent":0.007669378276757388,"metr":0.007669378276757388,"innov":0.007669378276757388,"croiront":0.007669378276757388,"tranch":0.007669378276757388,"vot":0.007669378276757388}