{"j":0.003654833312175111,"le":0.001908680382029653,"en":0.0017758993066270758,"au":0.0027008309161702534,"sur":0.0073619451747974143,"l":0.0025954861290930276,"du":0.0016871808234669241,"la":0.0028571668581034433,"et":0.0066564666444605515,"merc":0.0010885730464880634,"de":0.0023443382894637308,"pour":0.0011913072839556471,"nous":0.010520727204713289,"un":0.0078957785199062526,"dan":0.0030721404586575157,"est":0.0027580696667096165,"5":0.010790770786031689,"comm":0.0036216635085126693,"fait":0.0035580267454300156,"r\u00e9solu":0.0041596457229265962,"m":0.0029478799939701796,"\u00e9clair":0.0043165462991739028,"(":0.0094620689144579335,"+":0.0040794188814964353,")":0.009248607086361724,"bonjour":0.00060721200948891376,"\/":0.00278237864182402,"prix":0.0079775909385537934,"cour":0.0067801086193971108,"je":0.0019110488727559945,"calcul":0.0036716669614074333,"temp":0.0041249175050955969,"pas":0.0033544480399454323,"ce":0.0018596533748511416,"il":0.0018384254565096214,"\u00eatre":0.0038955566510961324,"mais":0.0029478799939701796,"qu":0.0029547558799953699,"\u00e0":0.0076646713338138668,"n":0.0065049016276038834,"possibl":0.004113457679697112,"vid\u00e9o":0.0035941734332558409,"x":0.0044985015176167657,"avec":0.0030460767602439888,"encor":0.0044187412062117104,";":0.0043040872471947845,"selon":0.0045120696902599955,"don":0.0035136325276202145,"lorsqu":0.0042307259676210946,"14":0,"%":0.0027443794781982309,"actualis":0.004023790093757083,"donc":0.0037157603442334848,"comprendr":0.003969482780673955,"100":0.014388465590724368,"somm":0.0042793710023606669,"formul":0.0032171591483476348,"=":0.0070913002511888623,"arriv":0.0073489851293342913,"r\u00e9alit":0.0047258918054148818,"grand":0.004485013393655468,"09":0,"math\u00e9mat":0.0047864577414675575,"9":0.022933878110547895,"invers":0.0046962000844492499,"tableau":0.0044318428488298346,"jour":0.0093069279874589909,"impact":0.0047711651735451105,"devr":0.0045120696902599955,"ver":0.0046236152458339818,"coupon":0.0046962000844492499,"9+":0.0079712415745679856,"t=9":0.0048804256410926849,"cc":0.0048804256410926849,"d\u00e9tach":0.0048486719309184185,"05":0,"100k":0,"n=":0.0048329589454920094,"r\u00e9capitul":0.0048486719309184185,"5iem":0,"5em":0,"minut":0.0048018532904210848,"0005+1":0,"5e":0,"9=":0,"9=850":0,"5=>":0,"5^2x18":0,"5x0":0,"5^2":0,"95":0.014641937664411547,"100+2":0,"5+5":0,"+100":0,"5xtaux":0,"14em":0.0094949659599783132,"situon":0.0048804256410926849,"365":0.032258928019489812,"r\u00e9flech":0.0048804256410926849,"n=9":0.0048804256410926849,"5an":0,"5min08":0}