{"question":0.0044625889117522249,"le":0.0017919768064511945,"l":0.0030342136698643346,"une":0.0050769733399703559,"autr":0.0088871145693497338,"la":0.0026824694118969881,"merc":0.0025299187562359154,"pour":0.0080824957880708155,"nous":0.016270597091526388,"d":0.0028058107297266304,"trouv":0.013265606111642523,"est":0.0032242794871313067,"bonjour":0.0014112025433421832,"utilis":0.0074589792274756036,"4":0.010518082442902459,"pas":0.0026299042291220917,"ce":0.0043219625621925706,"il":0.0042726274174897704,"exist":0.010614399707105565,"mais":0.0068510761973560892,"qu":0.0068670562301862154,"\u00e0":0.0060314262013605961,"n":0.0050998757759076569,"avanc":0.0060115432282044001,"bon":0.0091264954526590319,";":0.010002995288450124,"journ":0.010778913062498157,"auron":0.011232129551402096,"examen":0.010679595088376818,"taeg":0.010518082442902459,"excel":0.019506491935972911,"m\u00e9thod":0.010454827446895801,"04":0,"tmeg":0.011342445422150607,"devon":0.010948683316147879,"main":0.011195860762721086,"04\u20ac":0,"4em":0,"4an":0,"4e":0,"4min25":0}