{"j":0.0020088802712784118,"question":0.0041689624509424093,"que":0.0052571673863235323,"le":0.002481784598128063,"tout":0.0041240649866499919,"en":0.005746222720499997,"au":0.0029512460917801831,"l":0.0028345704943800827,"du":0.0018436125644043649,"r\u00e9sultat":0.008480457037143993,"apres":0.0043492808803867423,"la":0.00063937395678077954,"et":0.005843467883789694,"merc":0.0011895031746824939,"de":0.002058008585473798,"pour":0.0013017627074814405,"d":0.0013192205332054575,"\u2019":0.0045709418753455905,"trouv":0.0031618936756852324,"un":0.0021957938459267116,"est":0.0059470182837775155,"fait":0.0038879192562670472,"si":0.006691911615811055,"financ":0.0048571526047903072,"bonjour":0.00066351138797952924,"ma":0.004314176723936124,"par":0.0027632249996717732,"je":0.0010504086096456229,"ou":0.003391952259554729,"ce":0.0020320763960957606,"cas":0.0041348563844004127,"il":0.0020088802712784118,"oui":0.0050995928508371065,"c":0.0076095732812527942,"mais":0.0032212010234161075,"auquel":0.0052470706965810328,"plus":0.0036453657540458421,"possibl":0.004494848540212734,"concern":0.0088815482294016465,"peu":0.0046494259642630795,"encor":0.0048284372921471343,";":0.0047031528671096596,"li":0.0050058991940337225,"donc":0.004060277571711411,"ne":0.0020042667802264973,"esper":0.004886201823898993,"flux":0.0043610927449193055,"fair":0.0041675131199404945,"d\u00e9j\u00e0":0.004871634991404584,"faut":0.0043375246013046846,"cordial":0.0041240649866499919,"compt":0.0043968671704866643,"amort":0.0047859738670659232,"cf":0.012537786717525713,"d\u00e9sol":0.0052302477057718432,"beaucoup":0.0046494259642630795,"pris":0.0048427536906084897,"fiscal":0.0050679695843452409,"\u00e9conom":0.0049304189905015929,"pos":0.0047859738670659232,"hor":0.0051969378163578177,"net":0.0099463599213105314,"sais":0.0047442201704337985,"integr":0.0050995928508371065,"repr\u00e9sent":0.0050058991940337225,"bfr":0.0050367416190440608,"madam":0.0051640662276940053,"b\u00eat":0.0050995928508371065,"imp\u00f4t":0.0050212728099017258,"besoin":0.0051477912209828749,"var":0.0053155189425256903,"retranch":0.0052302477057718432,"pierr":0.0052982302597224919,"am\u00e9nag":0.0053329281049264441,"fossoh":0.0053329281049264441}