{"j":0.0042726274174897704,"ai":0.0048313542910944918,"le":0.0017919768064511945,"en":0.0041273123374835118,"l":0.01438232744178798,"du":0.0077348072422338326,"et":0.0062494663601587765,"de":0.0032572664087173126,"est":0.0063602113414224001,"comment":0.011751414571872312,"d\u00e9termin":0.019016376072352254,"actif":0.017576990006556405,"oblig":0.0098324986205657588,"san":0.017078873104949013,"risqu":0.016903452710096967,"fond":0.0099741965355038559,"indic":0.010179144798312081,"prix":0.027225251708528232,"je":0.0044069498538141429,"pas":0.0076773727209151583,"il":0.0042726274174897704,"n":0.0050998757759076569,"expliqu":0.0073527085468052342,"y":0.0078872572201598556,"eu":0.010423480117558363,"quel":0.016435657572587452,"toujour":0.0097492589508934666,"ne":0.0084088259683092297,"comprend":0.0063345150492505331,"fonction":0.01036133488385135,"faut":0.0092253514560013995,"arriv":0.0085912195365296824,"beau":0.011159837866022947,"proport":0.022013887954566057,"lir":0.011124057549593348}