{"j":0.0043964887907668865,"ai":0.0049714128824038242,"correct":0.0095964401500439195,"question":0.0045919571755793582,"me":0.0068087924536609414,"en":0.008374273435346127,"l":0.0061563877058554428,"la":0.0053690869743523353,"de":0.0044053976538808923,"bien":0.0063711678724687869,"pour":0.0028489428830113326,"d":0.0028871498066414592,"vous":0.0076434131603737021,"5":0.0087052706705868649,"financ":0.010630009805619347,"format":0.010117537933121621,"cour":0.0081559592460924649,"je":0.002298847643664267,"connaiss":0.011373638928411343,"pas":0.0027061438628596234,"ce":0.0044472541371176691,"\u00e0":0.0031462418159654143,"tres":0.0099755198569109436,"expliqu":0.0075658599613624014,"plus":0.0079779815178875127,"avanc":0.0061858149179642346,"compr":0.009120715146220381,"bonsoir":0.01008883766500261,"princip":0.01085583376122469,"pouv":0.0084874176075531889,"remerc":0.010146389654543928,"\u00e9quip":0.011483356092296854,"05":0,"5iem":0,"d\u00e9tail":0.011091388465546533,"5em":0,"0005+1":0,"5e":0,"5=>":0,"5^2x18":0,"5x0":0,"5^2":0,"5+5":0,"5xtaux":0,"rich":0.011671257351914821,"5an":0,"5min08":0}