{"ai":0.0029827140589175284,"a":0.0033758187398164512,"question":0.0027550508375649378,"le":0.0016540694631859982,"me":0.0040850923985147301,"sur":0.0070657150265953763,"l":0.0018732204730971768,"du":0.0024207690804870525,"une":0.0031343509180835794,"la":0.005591436644395876,"merc":0.0015618859200728459,"de":0.0026863007479776854,"bien":0.0075797132398536804,"pour":0.0017092891279032346,"vous":0.0023256816660091953,"trouv":0.0041517478203774837,"2em":0,"dan":0.004396561884099791,"est":0.0019905606537431752,"pourr":0.0048100051147589272,"m":0.0042296217709051429,"bonjour":0.00087122852359754178,":":0.0037451403096759274,"4":0.012876008208258106,"2":0.0052362900091564787,"cour":0.00489335625157644,"je":0.004067798842453659,"pas":0.0047885073650670816,"ce":0.0026682329052392147,"il":0.0026377750623989547,"qui":0.0040662941458838265,"n":0.0062431572207341593,"tres":0.0059850436940237098,"expliqu":0.0090010261961274967,"illustr":0.013236349357852874,"suis":0.0054151339594645216,"pourquoi":0.0042792488310180437,"compr":0.0054721838514566112,"y":0.004869324744044003,"m\u00eam":0.0048573746903656694,"sembl":0.0061400466757087196,"ne":0.0026317172839333443,"comprend":0.003910714461295278,"diff\u00e9rent":0.010879412741235401,"bas":0.0062658812976383723,"raison":0.0056800543156377177,"pourt":0.0066545348559150499,"final":0.0063213240727951828,"2e":0,"slid":0.0067807152624976231,"02":0,"indiqu":0.005968264700371235,"\u00e9tap":0.013154530716885529,"taeg":0.012876008208258106,"2\u00b0":0,"m\u00e9thod":0.006454455403300305,"04":0,"apport":0.0068456735456969061,"compl\u00e9mentair":0.0069343353242182727,"m\u00e9thodolog":0.0069343353242182727,"2x3":0,"2min54":0,"2i\u00e8meann":0,"04\u20ac":0,"pag":0.006911944205831827,"2\u20ac":0,"4em":0,"2^2x4":0,"2x0":0,"+2x0":0,"02+":0,"4an":0,"4e":0,"2=":0,"4min25":0,"2x":0,"2m":0,"int\u00e8grent":0.0070024405963176137}