{"j":0.0022469780331257666,"a":0.002875677558829923,"que":0.0019858227847830657,"le":0.003637348403499547,"sur":0.0060264765297189816,"l":0.0015956952942086015,"du":0.0020621223639052566,"avoir":0.0043707281138037381,"la":0.0027991625259803396,"seul":0.0054328350785973027,"de":0.0017349235264144181,"pour":0.0014560510399117452,"d":0.0057755131263793865,"\"":0.0076588591032009049,"un":0.0048762342343948743,"dan":0.0091757330376063297,"est":0.0033665471905473718,"si":0.003767149871834428,"capital":0.0053689626183144471,"taux":0.010241316873243785,"int\u00e9r\u00eat":0.013782172858337011,"inflat":0.0056164072411347792,"fond":0.0052454376016066347,"ains":0.0054007163517393363,"par":0.0030907296784268797,"je":0.0011749057947479764,"valeur":0.0039510516478752436,"temp":0.010009590066771275,"pas":0.0013830686494854057,"ce":0.0022729234235322631,"il":0.0022469780331257666,"qui":0.0034638562447092155,"n":0.0026820285787678712,"sont":0.0044491304084072784,"suis":0.0046128599920434816,"vid\u00e9o":0.0043929052022065639,"y":0.004147914616370648,"car":0.0045181289380211553,"bon":0.0047996309525147459,"selon":0.0055147851886230299,"lequel":0.0057761249095501389,"s":0.0082352735678252603,"context":0.0058879117549053648,"n\u00e9gat":0.011015501229630449,"emprunt":0.0052454376016066347,"imagin":0.0057761249095501389,"mont":0.0052004881314780199,"relat":0.0056862683416680875,"princip":0.0055482502409569603,"pai":0.0053375656759611714,"propos":0.0052153910919839324,"celui":0.0055482502409569603,"\u00e9conom":0.0055147851886230299,"son":0.0054817161817112504,"mauvais":0.0058879117549053648,"r\u00e9el":0.0055651342710044188,"det":0.010818517123831981,"mang":0.0059261904147540631,"nouvel":0.0058128925251704202,"posit":0.0055482502409569603,"diminu":0.0058879117549053648,"endet":0.0057944482438720257,"\u00e9voqu":0.0059069855386667848,"pist":0.0058879117549053648,"interrog":0.0058128925251704202,"rapid":0.0058879117549053648,"servic":0.0059261904147540631}