{"j":0.0024267436617901265,"ai":0.0027440863099325364,"correct":0.0052969770692410188,"question":0.0025346369572126488,"que":0.0021446951351397534,"le":0.0020161117460884247,"sur":0.0032782368230358204,"l":0.0017233561629359791,"du":0.0065771627665552864,"r\u00e9sultat":0.015226711448739777,"la":0.0022809925814333506,"et":0.001799421681319093,"merc":0.0014369294831110011,"de":0.0012574946497740163,"pour":0.0015725399092724362,"mal":0.0055530082132117806,"*":0.0096823410056445011,"m":0.0038912369635410401,"si":0.0040685342445339334,"(":0.014767011102018349,")":0.012118927408609783,"bonjour":0.00080152713843927113,"ma":0.0052115604749266419,"on":0.0026827457523392983,"1":0.0066836105117655635,"\/":0.014351137026234953,"ains":0.0058327914125078399,"je":0.0037473754141301181,"calcul":0.0024379209024711864,"pas":0.0014937186877124571,"peut":0.0047323526327612405,"\u00e0":0.0034459320457811736,"n":0.0028965996811329826,"oper":0.0060844247289617284,"avec":0.0040208578732817473,"votr":0.004468767413421634,"m\u00eam":0.004468767413421634,"lorsqu":0.0055846090415805003,"1+r":0.0072211690559272077,"r":0.011112867765647877,"second":0.006199040460999965,"sembl":0.0056488210711266654,"01":0,"bas":0.0057645884750855995,"va":0.0051421815220836151,"formul":0.0042466886783896563,"obten":0.0054147618346225349,"doit":0.0055062188800889759,"=":0.0047084959746582266,"arriv":0.0048795941045497978,"1+7":0,"divis":0.011926071277121067,"propos":0.0056326395227915852,"effectu":0.017431723631372586,"1+3":0,"1+tap":0,"1+6":0,"proced":0.0061032276030850803,"g":0.012147880926281168,"1\u00b0":0,"1=1":0,"^n":0.012223681632944815,"f":0.012300454169994339,"1mais":0,"1+teg":0,"retour":0.0061221483643364811,"1+tri":0,"1er":0.0037237803485236499,"1+2":0,"membr":0.012741254678136853,"1+ta":0,"1min45":0,"b\u00eat":0.0061603495267558818,"1+n":0,"1+0":0,"1+5":0,"1=5":0,"1+taeg":0,"1=9":0,"1+r2":0,"1+2r+r":0,"1+1":0,"1x":0,"1+taux":0,"1x4x":0,"1x08":0,"1=r":0,"1+rn":0,"1+4":0,"1+i":0,"1+":0,"1\u20ac":0,"excus":0.006338503960611603,"1+x":0,"1+9":0,"1=":0,"1\u2212":0,"1+f3":0,"1+a2":0,"1+12":0,"1+41":0,"1x4":0,"1+11":0,"1usd":0,"1^3":0,"1=16":0,"1+15":0,"1+tmeg":0,"1\u00b2=4":0,"1m":0,"1eur":0,"1+g":0.0074573530839503613,"1+rd":0,"1an":0}