{"j":0.0019570367420952638,"ai":0.0022129563235604023,"alor":0.0040706591153332637,"que":0.003437126433669258,"en":0.0055997860277079347,"au":0.0028750827608572862,"quand":0.0044404659742281012,"sur":0.002643719653207277,"l":0.0013897929903705275,"du":0.0053200378907804933,"r\u00e9sultat":0.0041579772909965101,"une":0.0046212951321984597,"la":0.0058941448010373298,"et":0.0042984132366821349,"merc":0.0011588054554446748,"de":0.0048362136434298231,"bien":0.0028360380771728093,"pour":0.0012681678865855694,"d":0.0025539782462658343,"exprim":0.0051447711387346889,"\"":0.01953784455500291,"est":0.001476850847623703,"5":0,"si":0.006520305086282081,"(":0.010057548618915384,")":0.00983065292266023,"bonjour":0.0006463880319996446,"on":0.0064084755520199344,"taux":0.014709631127854856,"int\u00e9r\u00eat":0.008068202079521308,"t":0.0040387059243907125,"cour":0.0036305135009454563,"par":0.015653873320980019,"je":0.0020335650266197379,"temp":0.0043910483762069049,"pas":0.0012046028594759812,"pens":0.0044781990259307744,"\u00e0":0.0014005064328361024,"n":0.004642141984963921,"tres":0.0044404659742281012,"plus":0.0035512891539840304,"not":0.0048177085867320436,"avanc":0.0027535307492835355,"vid\u00e9o":0.0076033826919539617,"parl":0.0094033270246983748,"cet":0.0032888146399359481,"avec":0.0032426031297227058,"term":0.023924141793811859,"%":0.0029214409831351562,"actualis":0.0042833964401865028,"donc":0.0039554932688386753,"ne":0.001952542312224549,"comprend":0.0029014649496449719,"flux":0.0042485452515598548,"va":0.0041468896495716109,"part":0.0039760312226479787,"fonction":0.00474591184380963,"exact":0.004876711066366648,"chaqu":0.0044655562282351338,"indiqu":0.0044280171845108261,"\u00e9clairc":0.0047743768827252335,"effectu":0.0047601027474762593,"d\u00e9finit":0.0049679867543641204,"conclus":0.0051116586132062851,"ici":0.0046624613912880034,"tableau":0.0047177758878616466,"<":0.0051447711387346889,"colon":0.0051281585617172125,"tra":0.0049835378173928892,"augment":0.0049835378173928892,"obtenus":0.0051447711387346889,"structur":0.024923189006265691,"matur":0.0051281585617172125,"minut":0.0051116586132062851,"interrog":0.0050628195211077512,"\u00e9volu":0.0051281585617172125,"zc":0.010290712890769023,"5min08":0.0039760312226479787}