{"correct":0.026498458872003319,"le":0.0025811599760621781,"avoir":0.023614099695905166,"de":0.003170311918163699,"quiz":0.023733917713149321,"vous":0.010703577026069602,"pourr":0.022137277424539571,"bonjour":0.0040096896088264201,"on":0.013420603308858668,"il":0.012139936849689701,"s":0.022410286508495688,"plait":0.029352434156733331}