{"ai":0.0025790220666547462,"a":0.0029189224481588074,"question":0.0023821716612735743,"que":0.0040015086834924518,"le":0.00096267699942254666,"en":0.0022031978929731885,"l":0.004787786542869754,"du":0.0020931328828474372,"apres":0.004937926223353953,"une":0.0027101358101053637,"la":0.0035250713634515699,"et":0.0016911815807473703,"de":0.0023305400818554732,"pour":0.0029339984033124825,"d":0.0029733459990802799,"vous":0.0039920374986848828,"est":0.0017211505191622165,"5":0.00451603712801865,"pourr":0.0041590005232306675,"m":0.0036571684932904603,"(":0.0047723632498456745,"+":0.010046953163092509,")":0.004664699968922552,"bonjour":0.00075331310446584865,"int\u00e9r\u00eat":0.0047315574429619093,"utilis":0.0039816728112524831,"\/":0.0068525514806021771,"je":0.0035252332783395957,"calcul":0.002291273339863213,"valeur":0.015692238165140444,"pas":0.0014038674523614771,"moi":0.0050749731496220101,"pr\u00e9cis":0.005597717391651943,"\u00e0":0.0016321772627509541,"n":0.0027223613444180349,"i":0.0059381258675275791,"expliqu":0.0039249445288757397,"plus":0.004138741011598863,"x":0.011079086351391569,"cet":0.0038328481403941649,"donc":0.0046098082986231227,"ne":0.002275530545131767,"comprend":0.0033814233254818417,"\u00e9quat":0.011179935937638903,"=":0.008784972381427265,"suit":0.005631685696681963,"entendu":0.0060153093939807221,"remerci":0.005631685696681963,"capitalis":0.011213957902420938,"svp":0.0052042455288845201,"entrepris":0.0054497019187019343,"boursi":0.023536819988243689,"d\u00e9pend":0.0059958157119602406,"jam":0.0059381258675275791,"moyen":0.005564151087837135,"portent":0.0060153093939807221,"det":0.010980011337055491,"continu":0.0057717793351988881,"apport":0.005919153759537471,"investisseur":0.0059572257347830018,"b\u00eat":0.0057897877739130372,"bet":0.017385889039125687,"05":0,"5iem":0,"5em":0,"cp":0.0059381258675275791,"0005+1":0,"ind\u00e9pend":0.0059958157119602406,"interrog":0.0059003077129962684,"5e":0,"5=>":0,"5^2x18":0,"5x0":0,"5^2":0,"5+5":0,"5xtaux":0,"5an":0,"5min08":0,"cap":0.012019704094232957}