{"j":0.0032972655792143117,"ai":0.003728445438468511,"question":0.0051381184226806072,"le":0.0027171672827762459,"tout":0.0034029011332979563,"en":0.0016012170191954903,"sur":0.0088136354568106676,"l":0.0057611305197639573,"du":0.004514689181016952,"r\u00e9sultat":0.010451903332794705,"avoir":0.0032242807450158966,"la":0.0025820072985960089,"et":0.0036477183308823904,"merc":0.00098149803999005416,"de":0.0045197718440681241,"pour":0.0031877923405325436,"d":0.0010885320823136146,"vous":0.0014614716526302808,"trouv":0.0026089820619187255,"2em":0,"un":0.0018118214409764432,"est":0.001250879692954224,"5":0.003282118021156888,"(":0.0017471463151339827,")":0.0017077311460254386,"bonjour":0.00054748498421352935,"1":0.0045766160794692024,"2":0.0032905145726436192,"respect":0.0042210127480893289,"vos":0.0037191793967648878,"par":0.0022800274761379143,"je":0.0042419036118842048,"calcul":0.0033124523216579147,"valeur":0.0057978611308959985,"pas":0.0030280089958436493,"\u00e9nonc":0.0038254581155502893,"\u00e0":0.0023596090738259197,"ann\u00e9":0.0033502680474258137,"n":0.0019785291784205246,"aur":0.0035984805021606454,"expliqu":0.0084657332297514397,"cepend":0.0040929373675634272,"suis":0.0034029011332979563,"plus":0.0030079107133092683,"exercic":0.0031601090091641451,"avanc":0.0023322163532937951,"elle":0.0036479157380134605,"cet":0.0027855971058999233,"avec":0.0054632207238175749,"peu":0.0038363936878278255,"car":0.0066300029685049579,"bon":0.0035406818407443278,"m\u00eam":0.0060718044537594164,"li":0.0041305314285044747,"1+r":0,"le\u00e7on":0.0038919590612993956,"consider":0.0039032541610113194,"donc":0.0033502680474258137,"ne":0.0032896932487658627,"comprend":0.0024575153213130031,"01":0,"van":0.0032161491741561766,"souhait":0.0041688238709334481,"perdu":0.0042210127480893289,"pourt":0.0041817477411035852,"d\u00e9j\u00e0":0.0040197456361449864,"2e":0,"compt":0.0036279991527397039,"mon":0.0034937242170450509,"02":0,"arriv":0.0033330181514500115,"cf":0.010368668410690396,"1+7":0,"trop":0.0042078411343289832,"1+3":0,"1+tap":0,"1+6":0,"ensuit":0.0039375156235197818,"15":0.0065664854206370932,"1\u00b0":0,"2\u00b0":0,"1=1":0,"09":0,"tent":0.0085846408955131091,"9":0.006975562370306442,"cash":0.0040317652068753819,"flow":0.0040682502396841005,"reprendr":0.0043295299365284862,"variat":0.0042745573310091932,"1mais":0,"net":0.0041305314285044747,"1+teg":0,"enfin":0.0042745573310091932,"1+tri":0,"c\u00f4t":0.0043156487356562001,"1er":0,"1+2":0,"bfr":0.0041559805238414989,"indirect":0.0043717433681685434,"9+":0,"1+ta":0,"1min45":0,"ebit":0.0043860088267621096,"05":0,"communiqu":0.0043860088267621096,"1+n":0,"1+0":0,"1+5":0,"1=5":0,"1+taeg":0,"1=9":0,"1+r2":0,"1+2r+r":0,"1+1":0,"830":0.010344078210228161,"1x":0,"retomb":0.0086122532272820285,"1+taux":0,"1x4x":0,"1x08":0,"2x3":0,"1=r":0,"2min54":0,"1+rn":0,"5iem":0,"2i\u00e8meann":0,"1+4":0,"d\u00e9tail":0.0041817477411035852,"5em":0,"600":0.011772897525061221,"681":0.012365911120410845,"119":0.012365911120410845,"0005+1":0,"ebitd":0.004357575954738486,"1+i":0,"1+":0,"1\u20ac":0,"1+x":0,"5e":0,"1+9":0,"1=":0,"9=":0,"1\u2212":0,"9=850":0,"1+f3":0,"1+a2":0,"1+12":0,"1+41":0,"5=>":0,"2\u20ac":0,"2^2x4":0,"5^2x18":0,"2x0":0,"5x0":0,"1x4":0,"+2x0":0,"15x4":0,"5^2":0,"1+11":0,"02+":0,"1usd":0,"1^3":0,"15an":0,"2=":0,"1=16":0,"1+15":0,"1+tmeg":0,"15\u20ac":0,"1\u00b2=4":0,"5+5":0,"2x":0,"2m":0,"1m":0,"1eur":0,"5xtaux":0,"1+g":0,"15h":0,"1+rd":0,"5an":0,"5min08":0,"brut":0.0044003736970187769,"1an":0}