{"j":0.0041555542791808552,"ai":0.0092726222829525584,"r\u00e9pondu":0.010819250179138143,"a":0.0053182692527333581,"question":0.008564865851184867,"le":0.0033975905360728621,"pu":0.010418964976358263,"la":0.003863823827447585,"\u2019":0.027622823770868304,"dan":0.0068929035137302612,"on":0.013420603308858668,"int\u00e9r\u00eat":0.01701185327025433,"comment":0.011433651857841242,"cour":0.015212401631707161,"par":0.0057159859827874025,"je":0.0042877842556997966,"pas":0.0050474684917930666,"mais":0.0066633516632825761,"qu":0.0066788938314428165,"\u00e0":0.00297382280813054,"n":0.0049601354232555401,"aur":0.009021322911654181,"compr":0.0086208855882137954,"selon":0.010199026804666111,"ne":0.0041460108470725079,"diff\u00e9rent":0.0086436010842080944,"\u00e7a":0.01013786908476204,"vois":0.010017683039527422,"d\u00e9j\u00e0":0.010077426676232631,"entre":0.0092722346685815103,"simpl":0.010199026804666111,"pris":0.010017683039527422,"d\u00e9duct":0.010889085931338416,"devin":0.01092436092849523,"conna\u00eet":0.010959878367397207,"quatr":0.011031654063130373}