{"j":0.003127291065012095,"question":0.003266330776565587,"le":0.0013163984760294282,"me":0.0048432002939649164,"r\u00e9pons":0.0051091222533804458,"en":0.0030209296843181324,"sur":0.004224591532717141,"du":0.0028700133016572199,"avoir":0.0060830763703022582,"une":0.0037160210362367548,"la":0.001970560463229369,"premi":0.0067890588453019167,"de":0.0024012051399200105,"bien":0.0045319111021293644,"pour":0.0020264975180835265,"d":0.0020536746989149716,"vous":0.0054588528475006089,"trouv":0.0049222255710620558,"est":0.0023599671691316285,"si":0.0052430303995276602,"bonjour":0.0010329103554995195,"format":0.0071967625721281753,"aim":0.007056058485719289,"savoir":0.0066443337270893276,"par":0.0043016047176332537,"je":0.0032373756460541839,"permet":0.0073215552708564826,"pas":0.0019249223472902384,"c":0.0059620070215476587,"n":0.0037327841602527992,"quizz":0.013853192998576203,"suis":0.0064200698113642445,"possibl":0.0069972809626153258,"avanc":0.0044000666539613141,"votr":0.0057588020620611005,"car":0.0062882253631961933,"deuxiem":0.0079635568169235827,"raison":0.0067341538568957034,"van":0.0060677349746664526,"certif":0.0070167749320054797,"cordial":0.0064200698113642445,"remerci":0.0077219239125622292,"bloqu":0.0077928505972585591,"avant":0.0074070320907789365,"retour":0.0078894776485558954,"contact":0.0080137386583435301,"ayant":0.0080390745052819554,"150000+31500":0,"150000":0.018647799860523808,"150000=190000":0}