{"correct":0.038992545565675087,"question":0.0096036330504382737,"r\u00e9pons":0.015021790102619413,"la":0.0082955604172514283,"de":0.0024012051399200105,"comm":0.018113641613421251,"bonjour":0.0030369526869061564,"4":0.022635247425519762,"pas":0.0056596374153512052,"\u00e0":0.0065800595983703126,"sembl":0.0214031459536289,"ne":0.0091737135093051415,"cordial":0.018876224988874955,"04":0,"correspondr":0.024093847893050815,"04\u20ac":0,"guillaum":0.02425048750422977,"4em":0,"4an":0,"4e":0,"4min25":0,"apparaiss":0.024409302735032182}