{"sur":0.020505642480637229,"la":0.0048312315155935636,"de":0.0020316122135944975,"d":0.0051087964327755269,"un":0.0085034029450129483,"bonjour":0.0025695056487479895,"on":0.0086002457486506981,"int\u00e9r\u00eat":0.016139057591048965,"comment":0.010847046637320607,"t":0.01605456347056811,"d\u00e9termin":0.017552909640627893,"valeur":0.013679465529531313,"n":0.0092858106555511726,"futur":0.018588605164417665,"part":0.015805420553018493,"mont":0.018005307060348648,"plac":0.019326609163333626,"p\u00e9riod":0.018809746570958259,"compos":0.01981043574233023}