{"question":0.0045919571755793582,"que":0.0038855064379971012,"le":0.0027267461584205618,"me":0.0068087924536609414,"en":0.004246961097862584,"la":0.0013992871921162846,"de":0.0033491282694674586,"pour":0.0028489428830113326,"vous":0.014873461771576281,"trouv":0.0069198898020439827,"5":0.0087052706705868649,"fait":0.0085088164157772483,"pourr":0.0080170344590855709,"m":0.0070496855361336878,"bonjour":0.0014521126129342595,"par":0.0060473926251925041,"je":0.0045329303260946913,"permet":0.010292977215786035,"calcul":0.0087090449406883146,"ce":0.0044472541371176691,"\u00e0":0.0031462418159654143,"avanc":0.0061858149179642346,"votr":0.0080959872898811666,"car":0.0088402747772379706,"ne":0.0043863920408579744,"comprend":0.0065181495336975037,"cordial":0.0090256277317425238,"indiqu":0.0099475536142373307,"cf":0.0092665208142152719,"\u00e9tap":0.011057110055319555,"remerci":0.01085583376122469,"avez":0.01008883766500261,"retour":0.011091388465546533,"05":0,"\u00e9crir":0.011373638928411343,"5iem":0,"5em":0,"0005+1":0,"5e":0,"5=>":0,"5^2x18":0,"5x0":0,"5^2":0,"5+5":0,"5xtaux":0,"5an":0,"5min08":0}