{"question":0.0040106301736411217,"le":0.00081643056001067752,"me":0.0059468212390868394,"en":0.0037093094891980753,"l":0.0027269168498996002,"du":0.0035240037625585215,"la":0.0035773421081561193,"de":0.0038672405360430854,"pour":0.0024882758816547057,"quiz":0.014828873750249579,"vous":0.0066875597326151136,"bonjour":0.001268279828899799,"rentabl":0.0086639238355270785,"4":0.0094528399654419479,"format":0.0088366901880822957,"oblig":0.0088366901880822957,"prix":0.0083815617074981426,"par":0.0052818121787888391,"je":0.0039660609316137805,"permet":0.0089899194221086526,"calcul":0.0038575935321142805,"il":0.0038399074573468688,"\u00e0":0.0027479377263770516,"derni":0.0085442375019316747,"suis":0.0078830123045325572,"avanc":0.0054027106547257023,"votr":0.0070710613511145697,"car":0.0077211244376197514,"certif":0.0086156887311761004,"faut":0.0082910332194043642,"cordial":0.0078830123045325572,"remerci":0.0094815201401146632,"bloqu":0.0095686089015470047,"avant":0.0090948738607672924,"variat":0.0099022530237656697,"04":0,"retour":0.0096872543768624416,"connaitr":0.010127389957442442,"\u00e9crir":0.0099337728393842431,"04\u20ac":0,"4em":0,"4an":0,"4e":0,"4min25":0,"iii":0.010094570345582518}