{"le":0.0021506157351228569,"me":0.0079630301196708334,"et":0.0038126178557527719,"merc":0.0030445687420808084,"de":0.0026414955910063808,"pour":0.0033319003539964286,"d":0.0033765841779956566,"vous":0.0045334282186446579,"un":0.0056201996343106155,"dan":0.0043220294880343948,"dir":0.01107207357494153,"est":0.003880180151262107,"si":0.0086204175866551516,"bonjour":0.0016982771251504562,"format":0.011832679560535131,"comment":0.0071691966073620713,"vid\u00e9os":0.01217839776515928,"il":0.0051417887826567732,"oui":0.013052559523552075,"possibl":0.011504698480163411,"avanc":0.0072344444101792946,"s":0.0094917264572470014,"pouv":0.0099262185632977111,"t\u00e9l\u00e9charg":0.01360522877517489,"transcript":0.013649788043951361,"sympath":0.013649788043951361,"lecteur":0.013649788043951361,"michel":0.013649788043951361,"labrecqu":0.013649788043951361}