{"j":0.0091948298824374754,"ai":0.005277392866380147,"a":0.0059729231108949406,"question":0.0048745824606319949,"le":0.00099230243524022366,"en":0.00450835260152778,"l":0.0033143372668675993,"merc":0.002763485017294425,"bien":0.0067632998256261052,"d":0.0030648477915946304,"vous":0.004114888518050662,"2em":0,"quelqu":0.010679476744328313,"bonjour":0.0015414870834414447,"comment":0.0065073148576512774,"2":0.0092647028829336772,"je":0.0024403368705321598,"il":0.0046670834087501091,"\u00e0":0.0033398863679683544,"fin":0.01077087855083003,"aur":0.010131805207525256,"cepend":0.01152398744688337,"y":0.0086154217805350444,"li":0.011629836485716796,"puis":0.011118900189845777,"sp\u00e9cif":0.012112226657334789,"examen":0.01166555287388382,"final":0.011184481619385693,"2e":0,"02":0,"2\u00b0":0,"semain":0.011997294292516485,"contact":0.011959483769468001,"ordre":0.012269098227403779,"2x3":0,"2min54":0,"2i\u00e8meann":0,"2\u20ac":0,"2^2x4":0,"2x0":0,"+2x0":0,"02+":0,"2=":0,"2x":0,"2m":0,"parcour":0.012389598640799216,"priv":0.024409302735032182}