{"a":0.0036282305893648001,"question":0.0029610475249188632,"le":0.0034583771414792952,"me":0.0043905370350182486,"en":0.0054269129705518228,"l":0.0020132822123871243,"du":0.0051558010414053728,"avoir":0.0055145297467744823,"une":0.0033687080839573777,"la":0.00090230716847742199,"et":0.0021021444907891877,"de":0.0042477546416412422,"quiz":0.010983317776273475,"vous":0.0049532820177854734,"trouv":0.01314384151704915,"2em":0,"est":0.0021393959837694562,"capital":0.0067739981296271292,"bonjour":0.0009363707661080178,"taux":0.004370333226556139,"format":0.0065241267524152567,"t":0.0058505510208901896,"2":0.0056278103329208381,"prix":0.0061881054782995494,"par":0.0038995609672208258,"je":0.0043664985952868718,"permet":0.0066372558679195755,"action":0.0069162588384190492,"il":0.0028350029746502009,"qui":0.004370333226556139,"pens":0.0064872096095635696,"\u00e0":0.0040203760114846457,"derni":0.006308208987627688,"suis":0.005820026545117634,"plus":0.0051444692369999661,"avanc":0.0039888202899307796,"y":0.0052334068703143591,"votr":0.0052205633044590909,"car":0.0057005047625341846,"bon":0.0060556747004214609,"raison":0.0061047551440427264,"certif":0.0063609614171329341,"cordial":0.005820026545117634,"2e":0,"02":0,"\u00e9tap":0.00712999427263357,"remerci":0.0070002045882645633,"2\u00b0":0,"traver":0.0074528194430277884,"bloqu":0.0070645022049289699,"avant":0.013306274136537845,"rend":0.0068545857509703708,"cout":0.0072877131236330226,"retour":0.0071520981376914884,"dividend":0.0069579818688988828,"\u00e9crir":0.0073341026735607934,"2x3":0,"2min54":0,"2i\u00e8meann":0,"2\u20ac":0,"2^2x4":0,"2x0":0,"+2x0":0,"02+":0,"2=":0,"2x":0,"2m":0,"iii":0.0074528194430277884}