{"alor":0.012373025223775666,"en":0.005746222720499997,"au":0.008738995458139066,"l":0.0042243634847506303,"du":0.010712262242546018,"une":0.007068381835937795,"la":0.0018932633642182244,"de":0.0030482540263792506,"bien":0.0086203166785127783,"\"":0.038645962589600263,"si":0.0099729631452306587,"bonjour":0.0019647372078277154,"oblig":0.013689229782698887,"je":0.0031103865226454943,"ou":0.010043979549192117,"achet":0.015147777637773025,"il":0.005948536658987231,"lorsqu":0.013689229782698887,"comprend":0.0088191857855724944,"vendr":0.015637856491185414,"dessous":0.0152432303849259,"convient":0.015739892388426439,"dessus":0.015487393976729338,"pair":0.030785227362494567,"cot":0.015587361515151953}