{"j":0.010838055524379815,"ai":0.0062371140923185653,"le":0.0023043575501452301,"du":0.0099464241966710845,"avoir":0.010729136983457815,"\u00e9tait":0.013336366447209003,"quiz":0.021188703135037214,"mal":0.012621594902470626,"5":0.010921596669056228,"bonjour":0.0018218144933853258,"format":0.012693421350215386,"je":0.0028841247696688587,"pas":0.0066710820471616201,"ce":0.005579506692939675,"qui":0.0085029741436256634,"\u00e0":0.0077559946396703484,"n":0.0065837661977345583,"compr":0.011442811594237977,"eu":0.013456358365616313,"car":0.011090972264290904,"demand":0.013257522325309716,"ne":0.0055031493580635091,"r\u00e9soudr":0.013257522325309716,"cordial":0.011323515316324483,"arriv":0.011090972264290904,"avou":0.014134377834669032,"05":0,"5iem":0,"5em":0,"0005+1":0,"percevoir":0.01459491068999755,"5e":0,"5=>":0,"5^2x18":0,"5x0":0,"5^2":0,"5+5":0,"5xtaux":0,"5an":0,"5min08":0}