{"j":0.0067419207339701028,"ai":0.0076235544281139898,"a":0.0043620866050875107,"le":0.0014334486394591229,"l":0.0071041653316983571,"la":0.0021457767282654708,"de":0.0017606345007277935,"bien":0.0049393067728832601,"pour":0.0022086692988302473,"nous":0.0065799489375299733,"vous":0.0059442375008358622,"exempl":0.0067488415379565641,"un":0.0037255503066620662,"dan":0.0056670511858624437,"r\u00e9solu":0.0077119328706971701,"pourr":0.0062152800545899976,"m":0.0054653338622247813,"bonjour":0.0011257637230136467,"comment":0.0047523583425795176,"vid\u00e9os":0.0080728864597008395,"je":0.0017822028807691355,"pas":0.0020979630387669536,"il":0.0034084185656099424,"qui":0.0052542889868162817,"mais":0.0054653338622247813,"tres":0.007733613958782571,"exercic":0.012853098070835322,"compr":0.0070709187070609495,"avec":0.0056473894794734428,"problem":0.0080028246417736763,"ne":0.0034005909669329874,"comprend":0.0050532556640957771,"diff\u00e9rent":0.007089550136967159,"s":0.0062919303075408585,"formul":0.0059645741582411349,"7":0.012325526400857264,"\u00e9tap":0.008572126755717193,"aid":0.0070155108137691337,"plait":0.0082410133400496622,"but":0.0089602474434401433,"montr":0.0087895407434870586,"num\u00e9ro":0.0089893791284148573,"pet":0.0088175186898131856,"007=>":0,"+7":0,"7e":0,"utils":0.0090482501231031309}