{"question":0.0039115920771034445,"alor":0.0039189535561044587,"que":0.0016651218639787144,"le":0.00079626970620020536,"me":0.0029178871178832336,"r\u00e9pons":0.0091219006490033273,"en":0.003617712175216416,"sur":0.0075426467273451798,"l":0.0052550647696494963,"du":0.0034369823694794001,"la":0.0040491293449016353,"\u00e9tait":0.0045554580912672525,"et":0.0027769671597293781,"merc":0.001115619026742395,"de":0.00097801893840399707,"nous":0.01077896218129684,"d":0.0012372791923872749,"vous":0.001661180681252828,"\"":0.006429522635082419,"*":0.025581178916796191,"dan":0.0031480033944508096,"si":0.00936098218682304,"(":0.0039474177581002995,")":0.0038583650341642039,"bonjour":0.00062229840545638014,":":0.0026750671951121133,"on":0.0061725264407354536,"utilis":0.0032891882894409055,"1":0,"\/":0.0028515078179042318,"cour":0.0034952113139177987,"par":0.002591591557228861,"je":0.002919520749110872,"ce":0.0037883288938599896,"cas":0.0038780261822467716,"qui":0.0029044599603456536,"mais":0.0030211211093608965,"\u00e0":0.0013483122781360359,"n":0.0022488937384259099,"avanc":0.0026509120061418432,"eu":0.004596445129060418,"car":0.0037884726354349913,"m\u00eam":0.0034695105160664685,"demand":0.0090014866277547609,"r":0.0043482041591822816,"toujour":0.0042991336205743039,"consider":0.0044366309771538392,"donc":0.0038080797170345908,"deux":0.0040902102215228317,"rent":0.0043358398424785706,"formul":0.0065537250772913095,"forum":0.0048897064505776114,"auron":0.0049530355105249883,"cf":0.0039711390669365295,"logiqu":0.0047828395368107769,"g":0.0047531805005534859,"intuit":0.0048741380705212695,"rapport":0.0044755742433664229,"math\u00e9mat":0.004905378967729376,"plut\u00f4t":0.0047679630895139788,"bloqu":0.0046949655164301015,"ont":0.0045554580912672525,"pr\u00e9c\u00e9dent":0.0047384905930106247,"sen":0.0048433082496909157,"lor":0.0043856934802175302,"des":0.004723892211965482,"perp\u00e9tuel":0.004812878827473591,"infin":0.0048586724527981424,"ver":0.0047384905930106247,"contact":0.0048280441398224037,"port":0.0048586724527981424,"vi":0.004797811041923606,"retomb":0.0049211570245121621,"rajout":0.0097819302296778734,"1an":0.0058133733920810041,"1200000\u20ac+12000\u20ac=":0.016629788181565533,"1212000\u20ac":0.016629788181565533,"tend":0.005001681532874655,"r\u00e9utilison":0.005001681532874655,"serion":0.005001681532874655,"1200000\u20ac":0.016629788181565533}