{"question":0.0027079536377971045,"le":0.0010932329859276294,"me":0.0040152583286167838,"en":0.0025045037039329019,"du":0.0023793863795143685,"avoir":0.005043178389690821,"la":0.0016364966523396498,"de":0.0013427643372587925,"quiz":0.010052341571207539,"vous":0.0045334282186446579,"2em":0,"est":0.003880180151262107,"m":0.004157316992071094,"(":0.0054195799096577839,")":0.0052973155882405773,"bonjour":0.00085633499667606605,"ser":0.0056901828698339915,"format":0.0059664806538815701,"2":0.0051467763808629545,"par":0.0035662481666134636,"je":0.0052889388218586861,"permet":0.0060699401212803861,"pas":0.0015958581140096222,"il":0.0025926826752231832,"pens":0.0059327189832427173,"\u00e0":0.0018553912079674341,"derni":0.005769018339717079,"e":0.0067072243345336459,"expliqu":0.0044617136488974002,"suis":0.0053225630194364626,"possibl":0.0058011002968064275,"avanc":0.0036478780984553539,"elle":0.0057057965085083881,"car":0.010338892659220689,"bon":0.0055380692799827744,"ne":0.0025867284536134588,"comprend":0.0038438613572772885,"van":0.0050304595957404588,"certif":0.0058172617847071359,"va":0.0054938002538448463,"10":0.0090506459844794124,"erreur":0.011568962631076091,"=":0.0099763696375839185,"cordial":0.0053225630194364626,"2e":0,"mon":0.010837396623608027,"02":0,"trop":0.0065815898658028978,"grand":0.0063250954683533615,"fauss":0.0067072243345336459,"remerci":0.0064018660020103632,"2\u00b0":0,"f":0.006622926458737001,"bloqu":0.0064606678157208119,"10iem":0,"avant":0.0061408047339880176,"coc":0.006213261942472831,"10+1":0,"\u00e9crir":0.0067072243345336459,"+10":0,"2x3":0,"2min54":0,"2i\u00e8meann":0,"toutefois":0.0068157938542864494,"10^7":0,"2\u20ac":0,"2^2x4":0,"2x0":0,"+2x0":0,"66":0.018414284325027216,"02+":0,"2=":0,"10em":0,"2x":0,"2m":0,"10h":0,"10min15":0,"10^1":0,"10^2":0,"iii":0.0068157938542864494,"21980":0.022883988585413143,"4620":0.022883988585413143}