{"j":0.006191400190702496,"ai":0.0070010429078807869,"que":0.0054718040795902444,"le":0.0013163984760294282,"r\u00e9pons":0.010115022822085706,"la":0.009135095108719328,"et":0.0045909009329213393,"de":0.003170311918163699,"pour":0.004012052878701892,"trouv":0.019107753755690175,"est":0.0046722549571690357,"bonjour":0.0020449524009987135,"utilis":0.03118615076657355,"je":0.0093407472034005758,"ou":0.010454049535414239,"ce":0.0062628910075874155,"cet":0.010404693560880217,"bon":0.013225067426833241,"flux":0.013440955560473289,"va":0.013119351729539513,"formul":0.031261075823209437,"vf":0.014750445776637536,"peux":0.01576622264124946,"dois":0.01576622264124946}