{"question":0.0064666705376998203,"le":0.0013163984760294282,"en":0.011727049012252183,"sur":0.0083638319163630188,"d":0.0040658581686747698,"un":0.019526073032192417,"est":0.009161236292052061,"quelqu":0.014167502176513493,"financ":0.029352434156733331,"bonjour":0.0020449524009987135,"ma":0.013296359655274112,":":0.0087906140133294213,"invest":0.013084433276666151,"c":0.011803561178926282,"cel":0.012611507983081518,"ci":0.014664416885420561,"puisqu":0.01524159522457747,"son":0.015104508416404419,"argent":0.01576622264124946,"retour":0.015619560956224306,"sort":0.015815737317758358,"met":0.016119704646374702,"pourvoyeur":0.016436167231027709,"contrepart":0.016436167231027709}