{"question":0.0077289196883178462,"du":0.0067911377721016257,"et":0.0054870128918294361,"merc":0.0043816581073426088,"pour":0.009367241501730187,"un":0.015800522725530359,"dan":0.0062201438531083392,"bonjour":0.0024441128988417133,"on":0.0081805508299730417,"taux":0.011407434103971352,"pas":0.0045548265764123507,"cet":0.012435617439419634,"quel":0.014430458504650663,"emprunt":0.017274672953941951,"doit":0.016790224489312024,"coup":0.018610695251458718,"plac":0.018383464060486677,"sous":0.018668390711054136,"meilleur":0.019082716441193307,"entendr":0.019644392855919381}