{"le":0.0028897487866321424,"tout":0.0095811360940653671,"en":0.00450835260152778,"au":0.0068564124338383672,"l":0.0033143372668675993,"la":0.0014854103693195809,"merc":0.002763485017294425,"de":0.0012187963032281115,"nous":0.0090098002711922164,"2em":0,"fait":0.0090325161309572355,"bonjour":0.0015414870834414447,"2":0.01825280575877199,"je":0.0024403368705321598,"ou":0.0078802725778008096,"pas":0.0028727013135043259,"peut":0.0091012020776939338,"exercic":0.0088975357504847783,"pourquoi":0.0075713852579204375,"ne":0.0046563652251666223,"comprend":0.0069193278982898404,"raison":0.010049866508785277,"emprunt":0.010895030766294124,"fair":0.0096820759384754207,"va":0.0098893799309625399,"entre":0.010413603018152509,"2e":0,"02":0,"simpl":0.011454478894410619,"moment":0.011629836485716796,"2\u00b0":0,"compar":0.011594338547773222,"different":0.012269098227403779,"jusqu":0.011629836485716796,"2x3":0,"2min54":0,"devon":0.011959483769468001,"2i\u00e8meann":0,"2\u20ac":0,"2^2x4":0,"2x0":0,"+2x0":0,"02+":0,"2=":0,"2x":0,"2m":0,"tani":0.012389598640799216}