{"le":0.0016540694631859982,"une":0.0092441100940062557,"d":0.0051087964327755269,"quiz":0.015209265948320231,"exempl":0.015403930771425513,"5":0.015403930771425513,"(":0.0081998638416996127,")":0.008014877033675559,"bonjour":0.0025695056487479895,"format":0.017902930281726716,"comment":0.010847046637320607,"calcul":0.0078153954241627077,"ou":0.013135630599724203,"se":0.01657296507961821,"rent":0.017902930281726716,"const":0.018588605164417665,"croiss":0.019935269929834114,"perp\u00e9tuel":0.019872651489221651,"tri":0.018372405881313811,"05":0,"5iem":0,"5em":0,"0005+1":0,"5e":0,"5=>":0,"5^2x18":0,"5x0":0,"5^2":0,"5+5":0,"5xtaux":0,"5an":0,"5min08":0}