{"le":0.0015001441846809438,"r\u00e9pons":0.0058304725458978718,"en":0.0034474507976102694,"sur":0.0048210560890067922,"du":0.012662426734674262,"la":0.0011358648302606151,"et":0.0052317086827243543,"merc":0.0021131840095708608,"de":0.00093199016560158252,"pour":0.0045720637817591456,"d":0.0023436303451745172,"vous":0.0062208111778640366,"trouv":0.0056171881653067105,"pourr":0.0065077902065911134,"(":0.0037616393564669746,")":0.0072690243309625844,"bonjour":0.0011787456184139797,":":0.0050670606055769531,"je":0.0018660788173273952,"calcul":0.0070881061874856523,"pas":0.0021966996173237389,"il":0.0035688292026131306,"\u00e0":0.0025539470713267418,"n":0.0042598110764948578,"plus":0.0064760891643211409,"avanc":0.00502130631324547,"votr":0.0065718797975310569,"s":0.0065880478556600338,"plusieur":0.0087064975719916473,"arriv":0.0071760516825127496,"cf":0.007522054908418248,"aid":0.0073456822809398843,"d\u00e9velopp":0.0091164621025845872,"cash":0.0086804674267098331,"flow":0.0087590203985739787,"plait":0.0086288607167677774,"tomb":0.0091741009263306261,"malgr":0.0092619875021565344,"dr":0.018369727422483592,"dra":0.018080122945793517,"d\u00e9tail":0.0090033826849503559,"tentat":0.0094740885399735696}