{"'":0.0013509575724858691,"que":0.00450017034750141,"le":0.0037699384700548349,".":0.0012672576788114677,"du":0.0090253559971806441,",":0.0007207660058727699,"la":0.0031675369434129713,"Merci":0.0038953358886545217,"v\u00e9rifier":0.012947977322649115,"pour":0.0034865986756663398,"d":0.0069869774863160023,"dire":0.010767059874990843,"est":0.0041602180718654765,"pourrait":0.012317158967477225,"question":0.0058828595473780524,"?":0.0015301965102088393,"Bonjour":0.001832269013364138,"ma":0.011127426508536334,"suivante":0.01195325729860979,":":0.007060965035879177,"-":0.002944728624231611,"on":0.0056362238471478138,"taux":0.015159252668253043,"int\u00e9r\u00eat":0.011096580837974301,"utilis\u00e9":0.011710695067407011,"rentabilit\u00e9":0.011477288343616263,"projet":0.010680156185677667,"serait":0.011813487640846819,"inflation":0.012430640025269633,"pays":0.01298962424182966}