{"'":0.0010601038440996872,"que":0.0052455900572415748,"le":0.0029582914708198415,".":0.0019572737444998912,"l":0.0028117053176972811,"du":0.0070822465352289553,",":0.0013829335675323547,"la":0.004270499947223577,"et":0.0015140646167708589,"Merci":0.0015328870855595882,"de":0.0037435821488393719,"pour":0.0013720413939204989,"nous":0.0075459190969202807,"d":0.0027760643137127983,"\u2019":0.0044529787682868784,"des":0.0046946556643227624,"un":0.0021831551379317632,"dans":0.0099890232116803361,"est":0.0032533906578282945,"?":0.0023633815785326913,"(":0.0061101308608150686,")":0.00597228788849601,"Bonjour":0.00072103191820693758,"-":0.0011588054554446748,"on":0.0022179588599226235,"taux":0.0030308406629170818,"projet":0.004202840000644842,"formation":0.0050467552180080517,"comment":0.0031162435688794283,"t":0.0040493104426213046,"trouver":0.0038849453413460386,"BRAVO":0.0051953002841985136,"qualit\u00e9":0.010224002007546499,"forme":0.0051116586132062851,"contenant":0.0051614978924350383,"fond":0.0049835378173928892,"contenu":0.0051447711387346889,"premiers":0.0051447711387346889,"cours":0.0036756675435498246,"ainsi":0.0047177758878616466,"vos":0.0043910483762069049,"vid\u00e9os":0.0046352685599723728,"Par":0.0048177085867320436,"ailleurs":0.0050149412606296179,"je":0.0016889490712186201,"constate":0.0051614978924350383,"connaissance":0.00509526977630235,"TAUX":0.010324416597570189,"permettant":0.010190988484457314,"calculer":0.0035774117634544103,"valeur":0.0036126838748035879,"temps":0.0044033090222046064,"arbitrage":0.009965996180155659,"choix":0.0050307962553582291,"investir":0.0050467552180080517,"ou":0.010120069489203874,"acheter":0.0050307962553582291,"actions":0.0049991888879449735,"pas":0.0012046028594759812,"primordiale":0.0051953002841985136,"Alors":0.0049835378173928892,"ce":0.0066443728466734327,"cas":0.0040281474128914391,"il":0.0062364840667821601,"obtenu":0.0050628195211077512,"calcul\u00e9":0.0046761725998543651,"D":0.0042717238370754973,"o\u00f9":0.0078201239922297376,"vient":0.0048031787938239935,"Est":0.0038357773441745897,"pratique":0.0050149412606296179,"existe":0.0049679867543641204,"r\u00e9f\u00e9rence":0.0050467552180080517,"utiliser":0.004415631747687135,"notre":0.00509526977630235,"Si":0.0043426142785484793,"oui":0.0049679867543641204}