{"'":0.0027951561772875089,"a":0.012623370955157143,"le":0.0034711461450687158,"les":0.0054646515870459267,"j":0.004129912430612134,"sur":0.016223511237313061,"l":0.010654053523008154,"du":0.0055945252588810203,"avoir":0.0059601774926065576,"r\u00e9ponse":0.0052855818476222286,",":0.00044408366399757351,"pu":0.0076824518510683181,"la":0.00099154459472033051,"et":0.0046941611451361692,"de":0.0048475987585627376,"afin":0.014583612132824197,"d":0.0021871567352659107,"2\u00e8me":0,"\"":0.020432630441434719,"5":0.0060670913933337433,"?":0.0018669214452936009,"-":0.0018143279043020585,"on":0.0068764940323118202,"4":0.0075430289723216609,"QUIZ":0.0081076659134136086,"formation":0.00790164455577262,"comment":0.0096615093687432291,"t":0.0063399571470004277,"d\u00e9termin\u00e9":0.0080290968017912127,"1":0.004252994111934548,"\/":0.0091829616230916147,"3":0.012653864498484641,"2":0.0060826126649426403,"appliquer":0.0077783177101000255,"respectivement":0.0079776032220566489,"actif":0.026049329034644526,"obligation":0.0072573847946415812,"sans":0.0062903625174698715,"risque":0.0063233537790692157,"fonds":0.022053328622357666,"indic\u00e9":0.0076354084521740384,"prix":0.013280115601420917,"balanced":0.0079521150540373831,"quiz":0.0062091128099498096,"aimerai":0.0080032630288638697,"savoir":0.006510095537662422,"d\u00e9terminer":0.0071944004364881808,"pourcentages":0.0080812957949422202,"trouver":0.0060826126649426403,"risqu\u00e9":0.0078026658243258318,"1+r":0,"01":0,"2e":0,"003":0,"02":0,"1+7":0,"1+3":0,"1+TAP":0,"1+6":0,"1\u00b0":0,"2\u00b0":0,"1=1":0,"3\u00b0":0,"1mais":0,"1+TEG":0,"04":0,"1+TRI":0,"3h":0,"1er":0,"1+2":0,"1\u00e8re":0,"1+TAE":0,"1min45":0,"05":0,"3ieme":0,"3\u00e8me":0,"1+n":0,"1+0":0,"1+5":0,"1=5":0,"1+TAEG":0,"1=9":0,"1+r2":0,"1+2r+r":0,"3+":0,"3+1":0,"1+1":0,"1x":0,"1\u00e8res":0,"1+taux":0,"1X4X":0,"1X08":0,"2X3":0,"1=r":0,"2min54":0,"1+rn":0,"5i\u00e8me":0,"2i\u00e8meann\u00e9e":0,"3M":0,"1+4":0,"5eme":0,"2eme":0,"0005+1":0,"1+i":0,"1+R":0,"1+":0,"3=":0,"1\u20ac":0,"04\u20ac":0,"1+x":0,"5e":0,"1+9":0,"1=":0,"1\u2212":0,"1+F3":0,"1+tri":0,"1+A2":0,"1+12":0,"1+41":0,"5=>":0,"2\u20ac":0,"4\u00e8me":0,"2^2x4":0,"5^2x18":0,"3^2x24":0,"2x0":0,"5x0":0,"1x4":0,"+2x0":0,"3x0":0,"5^2":0,"1+11":0,"02+":0,"1USD":0,"1^3":0,"4ans":0,"5\u00e8me":0,"4e":0,"2=":0,"1=16":0,"3eme":0,"1+15":0,"1+TMEG":0,"4min25":0,"1\u00b2=4":0,"5+5":0,"2x":0,"2M":0,"1M":0,"1EUR":0,"3e":0,"3+2":0,"5xtaux":0,"1+g":0,"1ere":0,"1+rd":0,"5ans":0,"5min08s":0,"1an":0}