{"'":0.00041452002353545368,"que":0.0053827643806754642,"en":0.0095292421302789511,"les":0.0079594205205342806,".":0.0015157980627180465,"l":0.0021713679686856569,"du":0.013328602634939499,",":0.0004352893475242211,"la":0.0028598256650721834,"et":0.0068371792693720564,"de":0.0029070954052307072,"pour":0.0021056476723980183,"nous":0.0058274126090727702,"?":0.00092412549299699114,"prix":0.013019653745562899,"temps":0.0067576805149885772,"Alors":0.0076481473897199873,"ce":0.0034424872836583695,"r\u00e9f\u00e9rence":0.0077451660168912926,"\u00eatre":0.0063641582367724488,"\u00e0":0.002154829164659788,"vid\u00e9o":0.0059016696700367709,"Les":0.0074386528313208069,"co\u00fbts":0.007794637033368519,"b\u00e9n\u00e9fices":0.015537208880570563,"doivent":0.007794637033368519,"\u00e9valu\u00e9s":0.0079731355040045058,"aux":0.013846629024208214,"march\u00e9":0.02724886948944585,"selon":0.0075535851961391117,"parle":0.0074613581118181792,"constituent":0.0079212595709214177,"donn\u00e9es":0.0073936522009423258,"r\u00e9sultantes":0.0079731355040045058,"loi":0.0078196204518685853,"offre":0.0078196204518685853,"celle":0.0075535851961391117,"demande":0.0075303140483367224,"Quelles":0.0078955893177118722,"pr\u00e9cautions":0.0079731355040045058,"prendre":0.0074160847436879514,"maintenir":0.0079731355040045058,"ses":0.0077451660168912926,"minimisant":0.0079731355040045058,"contraintes":0.0079471074743552392,"li\u00e9es":0.0078955893177118722,"fluctuations":0.0079731355040045058,"Jean":0.0078955893177118722,"Marie":0.0074842022633958456,"Baafo":0.0079731355040045058}