{"'":0.0011740970876509399,"ai":0.0032741833134783591,"a":0.0040464252854543531,"que":0.0051795920279966391,"le":0.0022045549204906499,"syst\u00e8me":0.014999016812110839,"rouge":0.0076443418522442689,".":0.0035481686617198234,"j":0.0038939027306491383,"sur":0.0078025746212155907,"du":0.0052777765819809197,"une":0.0034717183083921273,"r\u00e9ponse":0.014674541491598905,",":0.00041870587353362403,"la":0.0036372035717700951,"de":0.00095033392352961144,"Quiz":0.0073567714255824397,"Bien":0.0062210431605892163,"vous":0.0025958210291210536,"un":0.0063853682024839027,"dire":0.0062547777969743333,"est":0.0047883148182881578,"question":0.0034174584061825897,"?":0.00088891854119739413,"si":0.010831153736165638,"me":0.0047198312848851873,"t":0.0059776513089998765,"1":0.0040099507348251486,"je":0.0024932513250005449,"ou":0.0099927426041783833,"Alors":0.0073567714255824397,"il":0.0031080584751334798,"moi":0.0064641212244689857,"pense":0.0070059844873691223,"\u00e0":0.0041067257493127528,"merci":0.0055772239667440104,"eu":0.007048004994204958,"Bonsoir":0.0067248468509279961,"Y":0.0073338147188573106,"probl\u00e8me":0.013922514344576642,"Car":0.0073798757648764037,"croix":0.007669378276757388,"bonne":0.01340094323095742,"Ou":0.0073338147188573106,"moins":0.0071770983685333243,"c":0.0058090923105205772,"OK":0.0075947864130797415,"NON":0.007669378276757388,";":0.0067636873630377882,"quelqu":0.0074500938771191938,"aurait":0.0071552581044456547,"m\u00eame":0.0055353666500414468,"1+r":0,"01":0,"1+7":0,"1+3":0,"1+TAP":0,"1+6":0,"1\u00b0":0,"1=1":0,"1mais":0,"1+TEG":0,"1+TRI":0,"1er":0,"1+2":0,"1\u00e8re":0,"1+TAE":0,"1min45":0,"1+n":0,"1+0":0,"1+5":0,"1=5":0,"1+TAEG":0,"1=9":0,"1+r2":0,"1+2r+r":0,"1+1":0,"1x":0,"1\u00e8res":0,"1+taux":0,"1X4X":0,"1X08":0,"1=r":0,"1+rn":0,"1+4":0,"1+i":0,"1+R":0,"1+":0,"1\u20ac":0,"1+x":0,"1+9":0,"1=":0,"1\u2212":0,"1+F3":0,"1+tri":0,"1+A2":0,"1+12":0,"1+41":0,"1x4":0,"1+11":0,"1USD":0,"1^3":0,"1=16":0,"1+15":0,"1+TMEG":0,"1\u00b2=4":0,"1M":0,"1EUR":0,"1+g":0,"1ere":0,"1+rd":0,"1an":0}