{"'":0.0012690295730114856,".":0.0023430141094891829,"une":0.011049425408721168,",":0.0013326136819971118,"la":0.0029754435939841587,"Merci":0.0072020293117315923,"de":0.0030246243700229754,"m":0.014812616352539731,"je":0.015416826117365117,"appelle":0.024409302735032182,"chakib":0.024409302735032182,"hommada":0.024409302735032182,"veux":0.023636406382282777,"petite":0.023862839777603985,"definition":0.02425048750422977,"finance":0.022982827767517304}