{"a":0.0062484182372823747,"que":0.0020332653246065424,"le":0.0033872544572728105,"les":0.0020237121581347137,"au":0.0034321025112843268,".":0.0011367847912010847,"apr\u00e8s":0.0049449936695397578,"r\u00e9ponse":0.0038760324181402986,",":0.00096284269514580029,"la":0.0028460023195009385,"et":0.0051397287717643196,"Merci":0.0017599892400726876,"de":0.0021853576318323449,"pour":0.0015753137416203641,"\u2019":0.0051127019023687759,"un":0.0025065965969480694,"dans":0.0046701337925957077,"est":0.0018796682114538355,"5":0.0088333076837110135,"question":0.0052771787254061583,"(":0.0023683736381482669,")":0.0023149437412637161,"Bonjour":0.0008278551171496904,":":0.003190282646452157,"on":0.007529207697387956,"comment":0.007103615811138041,"quiz":0.0045532778099127008,"vid\u00e9os":0.0053219985132958907,"je":0.0019391723111101776,"pas":0.0027459457932528381,"ce":0.0025754534314491491,"il":0.0024173499381530852,"peut":0.0089472296087256698,"moi":0.0050275897854570014,"mais":0.0076406397015896747,"\u00e0":0.0016121082545908687,"n":0.0027865579811859045,"plus":0.0040973834297517607,"surtout":0.0056686386398361235,"y":0.0042944657223296379,"bonne":0.0052605828878505958,"%":0.0033542618659013908,"calcul":0.0035862538462428446,"ne":0.0022729234235322631,"comprends":0.0069569693134442154,"Je":0.0049653574812180889,"viens":0.0057398348089429917,"terminer":0.0059455281976154304,"formatif":0.0054167295673182162,"quelque":0.0056686386398361235,"chose":0.0054167295673182162,"\u00ab":0.0059455281976154304,"vente":0.0058314593607317368,"d\u00e9couvert":0.0058314593607317368,"\u00bb":0.0059455281976154304,"estimer":0.0059069855386667848,"portefeuille":0.0057944482438720257,"requis":0.005965000739632441,"clair":0.005757920946331558,"interpr\u00e9ter":0.0059069855386667848,"contexte":0.0058879117549053648,"quand":0.0053532200500766968,"100":0.0088459755483356467,"debout":0.005965000739632441,"pourcentage":0.0058128925251704202,"n\u00e9gatif":0.005757920946331558,"journ\u00e9e":0.0056862683416680875,"05":0,"5i\u00e8me":0,"5eme":0,"0005+1":0,"5e":0,"5=>":0,"5^2x18":0,"5x0":0,"5^2":0,"5\u00e8me":0,"5+5":0,"5xtaux":0,"5ans":0,"5min08s":0}