{"'":0.00192176860716247,"a":0.0040464252854543531,"que":0.0051795920279966391,"le":0.0032763973262090887,"les":0.007661713016799152,".":0.0014585842898666729,"l":0.0081259761420588682,"du":0.0052777765819809197,",":0.0012329246506711977,"la":0.00093488137334902654,"de":0.00095033392352961144,"pour":0.002025427576024925,"nous":0.0056054022474944683,"d":0.0020621685633531121,"exemple":0.0059154382846932233,"dans":0.0059921489398696874,"est":0.0047883148182881578,"fait":0.0058090923105205772,"?":0.0017612208057738415,"si":0.0054666702477471178,"Bonjour":0.0010643978649634682,"on":0.0032741833134783591,"taux":0.013174680516435545,"int\u00e9r\u00eat":0.006446202422344339,"projet":0.0062042938883955616,"ce":0.0033113368232664275,"cas":0.0059464101349383392,"\u00e0":0.0020727353720835129,"Dans":0.0048435362631852122,"sont":0.0057203788556113551,"m\u00eame":0.0055353666500414468,"toujours":0.0066295438522746943,"soit":0.0068227469786564946,"quelque":0.0072883367397244625,"Begognia":0.007669378276757388,"hypoth\u00e8se":0.0074500938771191938,"actuarielle":0.0076443418522442689,"li\u00e9":0.0074976801672191158,"emprunt":0.0071770983685333243,"investissement":0.0066295438522746943,"VAN":0.0056912879081778668,"effectivement":0.0075459052185223238,"inchang\u00e9e":0.007669378276757388,"pr\u00e9f\u00e9rences":0.007669378276757388,"agent":0.0076443418522442689,"Mais":0.0069644497776239368,"quid":0.0076194786915723452,"deux":0.006271764648375977,"diff\u00e9rents":0.0073567714255824397,"Somme":0.0076443418522442689,"hypoth\u00e8ses":0.0076194786915723452,"th\u00e9or\u00e8me":0.0075217117777476592}