{"'":0.0010213038753556342,"a":0.020246827697572731,"le":0.0028500175340329332,",":0.0010724758088543561,"premier":0.018327522273247489,"lieu":0.018107095071983912,"vous":0.0066489520062206252,"un":0.0082549140278552011,"dire":0.016021026455640644,"pourrait":0.018327522273247489,"?":0.0022768814381099235,"me":0.012089404985399236,"quiz":0.01499519983053295,"aura":0.019082716441193307,"merci":0.014285535892811752,"quelqu":0.019082716441193307,"quand":0.017629630288087939,"bonjour":0.018107095071983912,"tous":0.016980954542861838,"certificatif":0.017077822760064153}