{"'":0.0011317662802134826,"que":0.0018930355186289576,"le":0.0008057199765347516,".":0.0015776842192608788,"l":0.004476152077873205,"du":0.0019289199757576933,",":0.0017594502727427074,"la":0.0026536077645197705,"et":0.0047899866953824838,"de":0.0039934125280823114,"bien":0.0034744060328800682,"pour":0.0029133803996011305,"vous":0.0018797054370581522,"\"":0.01407815482063654,"un":0.0023337221814941395,"euros":0.010168357474186275,"an":0.0049840203200203969,"non":0.0044447431451620284,"?":0.00064369037628002888,"(":0.0022050321540140081,")":0.0021552871987762013,"me":0.0034177597101907597,"Bonjour":0.00077075978332850491,"-":0.0012387255254656955,"on":0.0023709262338298667,"je":0.0018054318918676935,"pas":0.0025578429161475795,"il":0.0022506306670846475,"D":0.0045663345213499606,"Si":0.0046421141088135165,"\u00e9nonc\u00e9":0.0049840203200203969,"\u00e0":0.0058833418163548572,"Dans":0.0035073378889993547,"fois":0.0099002287332320572,"merci":0.0040386213442185903,"par":0.0030316329120477934,"avance":0.0029501145386657108,"recevoir":0.005464197611337109,"comprends":0.003262395230419247,"stipule":0.0055536078504448624,"souhaitez":0.0055174741877127174,"compl\u00e9ment":0.010889085931338416,"revenus":0.010854050088543026,"12000\u20ac":0.013803445592278698,"partir":0.0051036543580610062,"67":0.031976892969560425,"ans":0.018924929598032325,"\u00e2ge":0.01092436092849523,"donc":0.0043628888729944013,"t=0":0.0051344426688103174,"partie":0.004897772137691837,"personne":0.010959878367397207,"touche":0.0055354782865212121,"directement":0.0054119902026312124,"12000":0.040851955382645806,"apd":0.0055354782865212121,"68":0.014858296276509145,"Il":0.0050581444763625255,"semble":0.0049840203200203969,"va":0.0052290560734420746,"18+1":0.009215325440762142,"rentre":0.0055174741877127174,"18":0.0091420365972847313,"Ne":0.0054466784751350727,"faudrait":0.0054119902026312124,"ajouter":0.0054292765246673775,"155045":0.016661575431890903,"53":0.014277770053467002,"obtenir":0.0048006351302869645,"VF":0.0049986771581948582,"montant":0.0049405388305199006,"\u00e9pargn\u00e9":0.0055536078504448624,"18X3XX":0,"67=13":0,"53\u20ac":0,"53+12000":0,"67\u20ac":0}