{"'":0.00073455175904179346,"a":0.0037599371713199917,"que":0.0024291412752065998,"les":0.0047934066381369045,".":0.0013562056962162252,"l":0.0019407674647462293,"du":0.0024751881745341546,"une":0.0032259196192250994,"r\u00e9ponse":0.004630694389462146,",":0.00077135611734501343,"la":0.0033861555148006054,"seule":0.0069446603895454793,"et":0.0061233917233396136,"de":0.0017507418256366709,"2\u00e8me":0,"exemple":0.0054966234941293407,"dans":0.0082856939049246528,"5":0.010538302667140745,"comme":0.0053426262964738399,"question":0.0093627055545218128,"?":0.0024353427530030922,"-":0.0015895313494910118,"4":0.013101949053326975,"comment":0.008474747640332311,"1":0.0037260450297275293,"\/":0.008054981822853741,"3":0.011099539855185908,"2":0.0053289725053623678,"actif":0.0058755271577160019,"sans":0.0055109819991595761,"risque":0.0055398856193084323,"indic\u00e9":0.0066893757584399116,"fond":0.0068359098198068572,"je":0.0045931638010883787,"pas":0.0016523515658535012,"il":0.0057257852573871287,"Dans":0.0045006124546647947,"n":0.0033290997126333797,"suis":0.0055398856193084323,"exercices":0.0064713646612504314,"m\u00eame":0.005143461044292804,"prendre":0.0066284923577750706,"1+r":0,"%":0.011815299914020996,"01":0,"chose":0.0064713646612504314,"100":0.010568283471852657,"25":0.021354013507313491,"puis":0.0066084421637314546,"faut":0.0059240270026135996,"Bonjou":0.0071263840129093771,"perdue":0.0069891723459644325,"d\u00e9duire":0.013768537934075838,"parties":0.014082701541877487,"pouvoir":0.0066284923577750706,"telle":0.0070342858334941803,"combinaison":0.0071263840129093771,"faits":0.0071031201747008199,"videos":0.0070570732753732646,"2e":0,"003":0,"02":0,"1+7":0,"1+3":0,"1+TAP":0,"1+6":0,"1\u00b0":0,"2\u00b0":0,"1=1":0,"3\u00b0":0,"1mais":0,"1+TEG":0,"04":0,"1+TRI":0,"3h":0,"1er":0,"1+2":0,"1\u00e8re":0,"1+TAE":0,"1min45":0,"05":0,"3ieme":0,"3\u00e8me":0,"1+n":0,"1+0":0,"1+5":0,"1=5":0,"1+TAEG":0,"1=9":0,"1+r2":0,"1+2r+r":0,"3+":0,"3+1":0,"1+1":0,"1x":0,"1\u00e8res":0,"1+taux":0,"1X4X":0,"1X08":0,"2X3":0,"1=r":0,"2min54":0,"1+rn":0,"5i\u00e8me":0,"2i\u00e8meann\u00e9e":0,"3M":0,"1+4":0,"5eme":0,"2eme":0,"0005+1":0,"1+i":0,"1+R":0,"1+":0,"3=":0,"1\u20ac":0,"25\u20ac":0,"04\u20ac":0,"1+x":0,"5e":0,"0025^t":0,"1+9":0,"1=":0,"1\u2212":0,"1+F3":0,"1+tri":0,"1+A2":0,"1+12":0,"1+41":0,"5=>":0,"2\u20ac":0,"4\u00e8me":0,"2^2x4":0,"5^2x18":0,"3^2x24":0,"2x0":0,"5x0":0,"1x4":0,"+2x0":0,"3x0":0,"5^2":0,"1+11":0,"02+":0,"1USD":0,"1^3":0,"4ans":0,"5\u00e8me":0,"4e":0,"2=":0,"25=":0,"1=16":0,"3eme":0,"1+15":0,"1+TMEG":0,"4min25":0,"1\u00b2=4":0,"5+5":0,"025":0,"2x":0,"2M":0,"1M":0,"1EUR":0,"3e":0,"3+2":0,"5xtaux":0,"1+g":0,"1ere":0,"1+rd":0,"5ans":0,"5min08s":0,"1an":0}