{"'":0.0016755001532082865,"le":0.0046755964900805644,"pour":0.008511079796857635,"me":0.019833274301617673,"il":0.013060419443422832,"qu":0.01987979819337515,"cette":0.022029441316567516,"Il":0.029352434156733331,"semble":0.02892229135859397,"manque":0.031607098623103971,"texte":0.031914166651504296,"video":0.030437715008514082}