{"'":0.0019042737652379483,"ai":0.0040446437101695843,"a":0.0025140045414352979,"questions":0.0038339993471890712,"que":0.0063845418151713901,"le":0.0013745051148154434,"les":0.0016165641004381452,".":0.0026664293566657565,"j":0.0071734978692422451,"sur":0.002446699428111032,"l":0.0012976541888674691,"une":0.0021569447050600525,",":0.00077135611734501343,"pu":0.004500270663118696,"la":0.001154871827397405,"bien":0.0029809867883979655,"pour":0.0012583783871603601,"nous":0.0034825817141438697,"des":0.0021666707210583704,"2\u00e8me":0,"un":0.0059371767465274238,"dans":0.0037360100626360206,"est":0.0015015001709392183,"5":0.0035540155587285532,"!":0.0063056689338221675,"m":0.0028915525674736713,"?":0.00109809330824779,"(":0.0018918835786327808,")":0.0018492031742845221,"ma":0.0040160954344369178,"-":0.0021131840095708608,"on":0.0020342181404325653,"4":0.0044185987303614624,"comment":0.005682745148241527,"2":0.0035631076981431464,"cours":0.0033711669456074171,"je":0.0015490327169817336,"ce":0.008087036122201928,"D":0.0039178445900481355,"Est":0.0069948784844764819,"C":0.0044052726183021447,"peut":0.0035998511968020476,"\u00e0":0.0025604785324732865,"fois":0.0042762125630929843,"merci":0.0034650748233009477,"tr\u00e8s":0.0041188708987596242,"avance":0.0025311527728189417,"avec":0.0030235045908783677,"Bonsoir":0.0041780817217761919,"quelqu":0.0046286706215789937,"m\u00eame":0.0034390692809125067,"De":0.0044727133113719513,"deuxi\u00e8me":0.0045850447936898802,"comprendre":0.0077057277556605904,"Je":0.0019977746020825278,"absolument":0.004673166124331816,"raisonnement":0.0040272840149562844,"faire":0.0074232061218897239,"depuis":0.0046286706215789937,"Il":0.0043398099459739554,"cale":0.0047493549928892664,"heures":0.0047649098791128029,"&":0.0046434041215411863,"Pourtant":0.0047033303285091838,"assimil\u00e9":0.0047493549928892664,"th\u00e9orie":0.0046582355192310776,"d\u00e9j\u00e0":0.0043657650888875863,"recommence":0.0047649098791128029,"forum":0.0046881972729851951,"\u00e9quations":0.0047033303285091838,"trois":0.0046286706215789937,"inconnues":0.0047493549928892664,"r\u00e9soudre":0.0043141531446439559,"solveur":0.0087855167581582412,"Pour":0.0038135210646543885,"part":0.0044454920332720966,"ignore":0.0047339077537994108,"totalement":0.0047185666821399543,"aurons":0.0047185666821399543,"examen":0.004500270663118696,"final":0.0044454920332720966,"faut":0.003960978630642242,"calculette":0.0047339077537994108,"expliquer":0.0038135210646543885,"M\u00e9lissa":0.0047649098791128029,"2e":0,"02":0,"2\u00b0":0,"04":0,"05":0,"2X3":0,"2min54":0,"5i\u00e8me":0,"2i\u00e8meann\u00e9e":0,"5eme":0,"2eme":0,"0005+1":0,"04\u20ac":0,"5e":0,"5=>":0,"2\u20ac":0,"4\u00e8me":0,"2^2x4":0,"5^2x18":0,"2x0":0,"5x0":0,"+2x0":0,"5^2":0,"02+":0,"4ans":0,"5\u00e8me":0,"4e":0,"2=":0,"4min25":0,"5+5":0,"2x":0,"2M":0,"5xtaux":0,"5ans":0,"5min08s":0}