{"'":0.0010213038753556342,"a":0.005245474025403935,"que":0.003388885739986849,"le":0.0014423886461880724,"les":0.0033729632781043274,".":0.0027950414437508311,"l":0.0027075572973208591,"r\u00e9sultat":0.0083795887945592087,"une":0.0045004681726491802,",":0.0020950505889410168,"la":0.0023946109200802795,"et":0.0028973911532770859,"de":0.0024341911774908658,"bien":0.0062198331430565008,"des":0.0089325783516841038,"Bien":0.0080644811179612346,"vous":0.003365022414178318,"dans":0.0077465657064985285,"me":0.0061184256875199423,"Bonjour":0.0013798033966996523,"il":0.00796100016212869,"qu":0.0061327779810486571,"\u00e0":0.0053091171756342375,"Dans":0.0062787872918274529,"corrections":0.0098452960447599769,"y":0.0071576756221333167,"explication":0.0087679232596491203,"calcul":0.0059772841116331804,"soit":0.0088444835957047201,"ligne":0.0095367517503522885,"semble":0.0089223235507776937,"derni\u00e8re":0.0092194124898283807,"Q8":0.0099419911906790323,"Q9":0.0099095358986105893,"erreur":0.0086677620753440598,"op\u00e9rations":0.0097505677167890673,"rente":0.0089223235507776937,"verser":0.0098452960447599769,"\u00e9crit":0.0097819302296778734,"correct":0.0093609831334352227}