{"'":0.0010213038753556342,"que":0.0066961035815983104,"l":0.0053498658576913846,"une":0.0088924807036611184,"r\u00e9ponse":0.012764843940139903,",":0.0030721622840892975,"la":0.0046778034310702788,"dans":0.015132692888436059,"5":0.014652213708753904,"question":0.0087534990552322976,"?":0.0022768814381099235,"Bonjour":0.0027263552611183376,"actif":0.016196315482397833,"risqu\u00e9":0.018843679737811325,"\u00e0":0.0053091171756342375,"pond\u00e9ration":0.019328128202441248,"Concr\u00e8tement":0.019644392855919381,"signifie":0.019082716441193307,"n\u00e9gative":0.01914345854728617,"Cordialement":0.016240664462987397,"05":0,"5i\u00e8me":0,"5eme":0,"0005+1":0,"5e":0,"5=>":0,"5^2x18":0,"5x0":0,"5^2":0,"5\u00e8me":0,"5+5":0,"5xtaux":0,"5ans":0,"5min08s":0}