{"J":0.0055783138112309423,"'":0.00097378381602756321,"ai":0.0040446437101695843,"le":0.0027174095947395198,".":0.00090940422857099616,"l":0.0025801307876754786,",":0.00051723312828190764,"la":0.001154871827397405,"et":0.0027610304409461475,"Merci":0.0027953548738163109,"de":0.0011739605753110288,"pour":0.0025020385608984894,"*":0.0071760516825127496,"r\u00e9solution":0.0082128640723708544,"?":0.00109809330824779,"(":0.0037616393564669746,")":0.0036767777452348721,"Bonjour":0.0013148653320417944,"-":0.0021131840095708608,"taux":0.0055270054126348618,"utilis\u00e9":0.0084037806926477703,"1":0.0049535473322262534,"3":0.0074428005336213002,"trouver":0.0070845406662664884,"ce":0.0040905399521595871,"o\u00f9":0.0071760516825127496,"Est":0.0069948784844764819,"\u00e0":0.0025604785324732865,"1+r":0.0053765460191716775,"r":0.0084037806926477703,"01":0,"raisonnement":0.0080074642126117777,"VA":0.01565621529382729,"puis":0.0087855167581582412,"formule":0.0064760891643211409,"VF":0.016858776828525258,"=":0.013689664589977694,"exposant":0.009059562258492769,"190000":0.026624042615196138,"=150000":0.0094740885399735696,"\u00e9quation":0.0089479053744812159,"inconnue":0.0093819441841546201,"bon":0.0089479053744812159,"003":0,"1+7":0,"1+3":0,"1+TAP":0,"1+6":0,"1\u00b0":0,"1=1":0,"3\u00b0":0,"1mais":0,"1+TEG":0,"1+TRI":0,"3h":0,"1er":0,"1+2":0,"1\u00e8re":0,"1+TAE":0,"1min45":0,"3ieme":0,"3\u00e8me":0,"1+n":0,"1+0":0,"1+5":0,"1=5":0,"1+TAEG":0,"1=9":0,"1+r2":0,"1+2r+r":0,"3+":0,"3+1":0,"1+1":0,"1x":0,"1\u00e8res":0,"1+taux":0,"1X4X":0,"1X08":0,"1=r":0,"1+rn":0,"3M":0,"1+4":0,"1+i":0,"1+R":0,"1+":0,"3=":0,"1\u20ac":0,"1+x":0,"1+9":0,"1=":0,"1\u2212":0,"1+F3":0,"1+tri":0,"1+A2":0,"1+12":0,"1+41":0,"3^2x24":0,"1x4":0,"3x0":0,"1+11":0,"1USD":0,"1^3":0,"1=16":0,"3eme":0,"1+15":0,"1+TMEG":0,"1\u00b2=4":0,"1M":0,"1EUR":0,"3e":0,"3+2":0,"1+g":0,"1ere":0,"1+rd":0,"1an":0}