{"J":0.0046485293045917175,"'":0.0015956352064822829,"ai":0.0016935055874207545,"a":0.0020929322441380349,"que":0.0013521577273222466,"le":0.0033709605179280855,"tout":0.0033715219753722176,"en":0.0047868506406565335,"les":0.0013458047011288851,"au":0.002282409420665855,".":0.0039953559435721995,"j":0.0020140430146599474,"sur":0.0040539277052736213,"du":0.0013777892833706641,"r\u00e9sultat":0.0066542544464713409,"r\u00e9ponse":0.0025776307312741519,",":0.0022724003126099717,"la":0.0009623796212209851,"et":0.0011560525014909268,"Merci":0.0011704242541139118,"de":0.00097828668688046709,"pour":0.0020850027383075096,"d":0.0010666152899459543,"des":0.0035899491222283076,"trouv\u00e9":0.0035599868689878398,"mal":0.0034192947439343042,"000":0.0034782920277291003,"euros":0.003656402297632551,"dans":0.0031132978254912462,"5":0.0029587511225355836,"comme":0.0029739206627073292,"(":0.0015750107363032815,")":0.0015394789013439378,"Bonjour":0.00055053842713509665,"ma":0.003343436931688972,"-":0.00088479707581125809,"on":0.0050312692333109449,"2":0,"sans":0.0030676342176367043,"cours":0.0028065279455724021,"je":0.0050838132446438915,"pas":0.0036259091975587468,"ce":0.0017127224944764386,"cas":0.0030756612640344887,"il":0.003199477734074961,"qui":0.0023035262200831186,"mais":0.0025592622948769441,"qu":0.0048700558165946659,"\u00e0":0.0021337020280244156,"n":0.0018531107875068497,"aura":0.0038534114921949672,"suis":0.0030837231350375823,"plus":0.0054230820472249974,"utilise":0.0036237048261473768,"6":0.0052679189457720205,"y":0.0028558963460866608,"%":0.002230644002311192,"t\u00eate":0.0039155663950190015,"comprendre":0.00322641348520838,"ne":0.0030083223657742428,"comprends":0.0023302642116221446,"se":0.0032616421867528037,"ces":0.00630176051038069,"300":0.0098595274296753143,"A":0.0034289984649487509,"part":0.003700913607809957,"exacte":0.0039029679850573367,"2e":0.0030999525687795296,"essai":0.0038904544135165602,"s\u00fbr":0.0039155663950190015,"Soit":0.0078181765942032678,"principe":0.0037697458602630324,"paie":0.0039410223869545211,"int\u00e9r\u00eats":0.0036345401825122938,"chaque":0.0034192947439343042,"ann\u00e9e":0.003174791878203213,"tenir":0.0038904544135165602,"compte":0.0032885090405609823,"versements":0.0039282508016186502,"cool":0.0039668319456230838,"frangin":0.0039668319456230838,"amortit":0.0039668319456230838,"versement":0.0039155663950190015,"annuel":0.0037350110479843946,"pensais":0.0038534114921949672,"coup":0.0037580952995193572,"d\u00fb":0.0038780245454217367,"employer":0.0039538823576670684,"formules":0.0073657201657861696,"repr\u00e9sentent":0.0039538823576670684,"rien":0.0037580952995193572,"mon":0.0032004234342516307,"esprit":0.0039538823576670684,"logarithmes":0.0039668319456230838,"esp\u00e8re":0.0038656772684223543,"foison":0.0039668319456230838,"remarque":0.0038904544135165602,"elles":0.0038780245454217367,"mettent":0.0039668319456230838,"place":0.0039029679850573367,"mardi":0.0039538823576670684,"suite":0.0038051423276498097,"06":0,"6min15":0,"05":0,"06^":0,"5i\u00e8me":0,"5eme":0,"0005+1":0,"06=":0,"5e":0,"5=>":0,"5^2x18":0,"5x0":0,"5^2":0,"5\u00e8me":0,"5+5":0,"5xtaux":0,"5ans":0,"5min08s":0}