{"'":0.00076126851716025955,"les":0.0049677500851958434,".":0.0027617386441865766,"j":0.0074344088330739622,"sur":0.0075187809064625908,"une":0.0066283559305941632,",":0.0015707676229681606,"la":0.003507190811964414,"de":0.0035651607785930389,"un":0.0061531208418087067,"est":0.0046141551702671146,"question":0.012820534309607452,"Bonjour":0.0020321948021208782,"ma":0.012341582020268315,"3":0.01150324690222111,"je":0.0047602241133967325,"merci":0.010648279114943702,"suis":0.011382904112278219,"peu":0.012766007880301598,"explication":0.012913526750457939,"rentes":0.01404586869588766,"10":0.019254845467049843,"003":0,"Moussa":0.014642711323044665,"sujet":0.013872204658448037,"lecon":0.014224043988395108,"aimerais":0.01280259123679591,"detaillee":0.014547440859828816,"3\u00b0":0,"10i\u00e8me":0,"3h":0,"10+1":0,"3ieme":0,"3\u00e8me":0,"3+":0,"3+1":0,"+10":0,"3M":0,"3=":0,"10^7":0,"3^2x24":0,"3x0":0,"3eme":0,"10\u00e8me":0,"3e":0,"10H":0,"3+2":0,"10min15":0,"10^1":0,"10^2":0}