{"'":0.0025663825652578499,"que":0.0039214924732894731,"le":0.0040865450563662732,"en":0.006960159093853723,"au":0.003333333512863839,".":0.0021779224594627765,"sur":0.0029747806570762508,",":0.0024113350921811522,"la":0.0040923517003537734,"et":0.0016883511393523702,"de":0.0034903055170153732,"pour":0.0030382562010342461,"d":0.007573757113662336,"Bien":0.0046992881400895964,"vous":0.0019608465431042556,"\"":0.011081776107916996,"*":0.033454673142895568,"un":0.0095344759413255112,"dire":0.0093825213267041668,"est":0.0071497948100630255,"?":0.001333428211394147,"\u00e9gal":0.0054884916321320653,"+":0.0048424999063727634,"Bonjour":0.00080403111408180062,":":0.0061529940211561404,"on":0.0024732718318017295,"taux":0.016432355472569726,"int\u00e9r\u00eat":0.0048693702663638915,"rentabilit\u00e9":0.014896968767246679,"actif":0.0094851772355774404,"sans":0.0088966725199216765,"risque":0.021896714073674526,"risqu\u00e9":0.011035574250072485,"calculer":0.003989213643762814,"valeur":0.0040285459871278921,"il":0.0023477834751939523,"Est":0.0042773201206902567,"utiliser":0.0049239225390975147,"C":0.0053560807770288059,"peut":0.0043768219281708825,"\u00eatre":0.0046242450864185181,"qu":0.0070966224707036153,"\u00e0":0.0031092205773632954,"Dans":0.0036587388851236267,"vid\u00e9o":0.0042881974265889886,"Ou":0.0055398600588838394,"dit":0.0050508285562308039,"actualisation":0.015288619178328119,"esp\u00e9r\u00e9e":0.016593197808670124,"prime":0.015607021754671149,"Or":0.0054884916321320653,"doit":0.0049516154751921438,"faut":0.0048158929855245782,"d\u00e9duire":0.0056456091847837796,"entre":0.0048693702663638915,"=":0.004234241689393365,"\u00e9claircissement":0.0055572012309130486,"La":0.0096429232951231944,"professeur":0.0057933400311617912,"ceci":0.0056098996670953596,"Et":0.0052922217321551496,"lorsqu":0.0055398600588838394,"sa":0.0054214787412454829,"actuelle":0.0055226289902763027,"diff\u00e9rence":0.005109193906538809,"Question":0.0056098996670953596,"prenant":0.0056817948433898991,"raccourci":0.0057933400311617912,"r\u00e9alit\u00e9":0.0056098996670953596}