{"J":0.0030200077030703605,"'":0.002525054660136809,"ai":0.0043518635001135123,"a":0.0080172120070212509,"que":0.0034746893683960029,"le":0.0022045549204906499,"en":0.002083328228473244,"au":0.0029511568813111069,".":0.002401262645764572,"l":0.0068127808151582266,"une":0.0046144160978320208,",":0.001628996514586725,"la":0.0064749758605439052,"\u00e9tait":0.00928428477060852,"Merci":0.0015133593299724519,"de":0.0018829035518805365,"pour":0.0013545626838130729,"d":0.0040857896539068161,"Bien":0.0041605007354856855,"vous":0.0017360296371620825,"trouv\u00e9":0.0046030653618340184,"mal":0.0044211503516528488,"un":0.004283575016437397,"dans":0.0040197869065111804,"comme":0.0038452813718502887,"r\u00e9solution":0.0044463100503405774,"?":0.00059448972607486898,"sauf":0.0050303601141494904,"(":0.0040473629296046794,")":0.0039560554684423405,"Bonjour":0.00071184654819377111,"-":0.0022736955389055439,"on":0.012738376848553919,"trouver":0.0076226625012916927,"je":0.0016674332107403267,"Alors":0.0049200515310420766,"cas":0.0079036397004453376,"il":0.0020786030956423413,"o\u00f9":0.0038849968094637039,"\u00eatre":0.0040940615917932407,"qu":0.0031639267210751255,"\u00e0":0.0041067257493127528,"Dans":0.0064377607046195206,"par":0.0055645985216385072,"avance":0.0027246217259241641,"vid\u00e9o":0.0037965427986910278,"compris":0.0040188021735978871,"avec":0.0064682734904090745,"m\u00eame":0.003701934936664084,"dit":0.0044717359941690467,"exercice":0.0039977254659032827,"raisonnement":0.004335109931510206,"quand":0.0046030653618340184,"VA":0.012701429526518027,"ans":0.0044589893898970582,"t=0":0.0047419901371964441,"VF":0.018123693813561756,"th\u00e9orie":0.009965502090529637,"Pour":0.0041050079855334126,"part":0.004785283727772191,"\u00e9pargne":0.0099337728393842431,"soucis":0.0049983232492549013,"compr\u00e9hension":0.0048145856673922505,"\u00e9t\u00e9":0.0044845505806519175,"pr\u00e9cis\u00e9":0.0050792308688117488,"travaille":0.0050792308688117488,"annuit\u00e9":0.0099337728393842431,"divise":0.0099974435790460541,"unitaire":0.010094570345582518,"8":0.0074249516303078154,"mise":0.0050628299227400394,"\u00e9tape":0.0049510549195259804,"suppl\u00e9mentaire":0.0050628299227400394,"moment":0.0048145856673922505,"retraite":0.0050465401703777757,"30":0.0091344846621253251,"travaillait":0.0051291163133716129,"Peut":0.0049510549195259804,"30\u20ac":0,"08":0,"08+0":0,"8min25":0,"8+50":0}