{"le":0.0024860676203922911,"en":0.006960159093853723,"les":0.0058135612843516768,".":0.0016448395732610642,",":0.0009355196416191724,"et":0.0049938761989076494,"Merci":0.0050559588061144609,"de":0.0021233426798049652,"?":0.0019861215417672959,"Bonjour":0.0023781971357773927,"-":0.0038221162551514169,"ce":0.007398560263888459,"Est":0.012651637830515188,"plus":0.011770641184616164,"aussi":0.01556075510728238,"Alice":0.016805852392983253,"correct":0.016134373439901054,"TAE":0.01556075510728238,"\u00e9lev\u00e9":0.016752158272383844,"travailler":0.017024294201338105,"calculant":0.016859908092875964,"ensuite":0.01574744354709719,"choisir":0.016234092002995183}