{"J":0.0054500652829729181,"'":0.00048122986374688322,"ai":0.0039516551081097686,"le":0.0026556287617228399,".":0.0017570251280947613,"r\u00e9ponse":0.0060146879477224391,",":0.00050534165180475142,"la":0.0022312836874032018,"Merci":0.0027310881149609622,"de":0.0011469705706050441,"pour":0.002444515306750611,"vous":0.0061954524743040532,"?":0.0010728475340876431,"(":0.0072677195294421279,")":0.0071037616560773766,"Bonjour":0.0012846358488326653,"-":0.0040828020020738003,"comment":0.0055520956856279164,"1":0.004839662531816594,"\/":0.0052770928084796527,"trouver":0.006921663147256436,"je":0.0030091379715001328,"pas":0.0021461962748298953,"mais":0.0059718267218391722,"\u00e0":0.0049470026421276365,"compris":0.0072525424962307291,"votre":0.0064365849817211813,"bonne":0.0081631836579764624,"1+r":0,"Alice":0.0090780533410907954,"ne":0.0035270409653009997,"comprends":0.0054374786499090466,"01":0,"raisonnement":0.0078233681694170228,"formule":0.0063272002827885589,"partir":0.0085063303641802254,"1+7":0,"TAP":0.0086621348635764015,"1+3":0,"1+TAP":0.0054249284470931141,"k":0.0090202379239447458,"^k":0.0091960495213379585,"1+6":0,"suivre":0.0088789846504392991,"d\u00e9veloppement":0.0091072527244687486,"Pourriez":0.0073883596141494125,"indiquer":0.0087963899237392621,"isolez":0.0092562739901016055,"1\u00b0":0,"1=1":0,"1mais":0,"1+TEG":0,"1+TRI":0,"1er":0,"1+2":0,"1\u00e8re":0,"1+TAE":0,"1min45":0,"1+n":0,"1+0":0,"1+5":0,"1=5":0,"1+TAEG":0,"1=9":0,"1+r2":0,"1+2r+r":0,"1+1":0,"1x":0,"1\u00e8res":0,"1+taux":0,"1X4X":0,"1X08":0,"1=r":0,"1+rn":0,"1+4":0,"1+i":0,"1+R":0,"1+":0,"1\u20ac":0,"1+x":0,"1+9":0,"1=":0,"1\u2212":0,"1+F3":0,"1+tri":0,"1+A2":0,"1+12":0,"1+41":0,"1x4":0,"1+11":0,"1USD":0,"1^3":0,"1=16":0,"1+15":0,"1+TMEG":0,"1\u00b2=4":0,"1M":0,"1EUR":0,"1+g":0,"1ere":0,"1+rd":0,"1an":0}