{"'":0.0020606044182457182,"ai":0.011463542129447663,"que":0.0046527472383357032,"le":0.0019803175158641883,"au":0.0078537243948491025,".":0.0013102236604495385,"j":0.020123485134552355,"r\u00e9ponse":0.0088695749201800483,",":0.00074520335550691834,"pu":0.012891689927075831,"la":0.0032731985302426746,"et":0.0039779531448117141,"de":0.004911275885882453,"bien":0.0085394768958416724,"5":0.010181002434946929,"Bonjour":0.001894391530434261,"4":0.012657728614153024,"risque":0.010611028588174951,"quiz":0.010419324275618638,"trouver":0.010207048211052639,"pas":0.0031648938096985268,"mais":0.0088063695041307663,"par":0.0074512187015877713,"compris":0.010694980286793856,"prime":0.012432026505526723,"co\u00efncidence":0.013649788043951361,"avoue":0.013217581048549103,"proc\u00e9d\u00e9":0.013344203586102003,"d\u00e9termination":0.01347338432700684,"04":0,"05":0,"5i\u00e8me":0,"5eme":0,"0005+1":0,"04\u20ac":0,"5e":0,"5=>":0,"4\u00e8me":0,"5^2x18":0,"5x0":0,"5^2":0,"4ans":0,"5\u00e8me":0,"4e":0,"4min25":0,"5+5":0,"5xtaux":0,"5ans":0,"5min08s":0}