{"'":0.0011829462009276101,"que":0.0031551481316816634,"le":0.0026556287617228399,".":0.0030242828069062195,"j":0.0023633062337590342,"sur":0.0023901270680004136,"l":0.0012676499475502835,",":0.00075372162483729069,"la":0.00056740271400992047,"et":0.0013565281691799039,"de":0.0011469705706050441,"d":0.0024888584898750108,"2\u00e8me":0,"\"":0.0059860667741969912,"*":0.0070110702744871052,"un":0.0038896466063870574,"dans":0.0036501171193014988,"dire":0.0037961799204734611,"est":0.0014667826214925708,"non":0.0037253451798357046,"question":0.0020741403454618713,"?":0.00053950673014515021,"(":0.0090341717194397687,")":0.008830363141421483,":":0.0024895091138696303,"-":0.0040828020020738003,"on":0.0019871831348810451,"taux":0.0053999364929162453,"4":0.0085835328554327382,"1":0.004839662531816594,"\/":0.0026537107979620572,"3":0.0036567393215645601,"2":0.006921663147256436,"cours":0.0032932191322190118,"permettant":0.0045945803553794481,"pas":0.0021461962748298953,"ce":0.0039964961700423253,"il":0.0018863578464236685,"Est":0.0034366697170246287,"\u00eatre":0.0037154111930322083,"\u00e0":0.0025016117109680435,"merci":0.0033849556805644974,"tr\u00e8s":0.0040236347430403765,"par":0.0025409520161410412,"suis":0.003618483843281642,"avance":0.0024726276902061355,"6":0.0061814497470315229,"compris":0.0036471123464040527,"c":0.0035256823345575189,"OK":0.0091662480841262755,"1+r":0,"%":0.0077633388867599093,"calcul":0.0027985017706190466,"Donc":0.0044790298078637714,"ne":0.0035270409653009997,"comprends":0.0027343646076804493,"01":0,"Je":0.0038808601959928724,"raisonnement":0.0039341655227769067,"clair":0.0044931431667266939,"Or":0.0044098015701587124,"obtenir":0.0040236347430403765,"r\u00e9soudre":0.0042144016907191134,"Pour":0.0037253451798357046,"faut":0.0038693932454867959,"=":0.010090407507762966,"2e":0,"ann\u00e9e":0.0037253451798357046,"003":0,"02":0,"1+7":0,"\u00e9tape":0.013326536023904854,"TAP":0.012919652161300752,"1+3":0,"TAE":0.0042268974632082108,"1+TAP":0,"k":0.0090202379239447458,"06":0,"trimestriel":0.0091960495213379585,"17":0.021758975187443748,"1+6":0.0027217604897424256,"1\u00b0":0.002728053441677127,"2\u00b0":0.0036664089885505408,"^":0.004303414308252004,"1=1":0.002728053441677127,"51":0.012453426577532038,"TPE":0.013760747402609729,"3\u00b0":0.0038272565462291368,"correspondant":0.0045945803553794481,"multiplier":0.0046395408416846249,"nombre":0.0043427037735922725,"p\u00e9riode":0.004329528468661613,"avais":0.0043427037735922725,"TPP":0.0045651136051686634,"TPE=TPP":0.0046547360692534004,"Emilie":0.0046547360692534004,"1mais":0,"1+TEG":0,"04":0,"1+TRI":0,"3h":0,"1er":0,"1+2":0,"1\u00e8re":0,"1+TAE":0,"6min15":0,"1min45":0,"3ieme":0,"3\u00e8me":0,"1+n":0,"1+0":0,"1+5":0,"1=5":0,"1+TAEG":0,"1=9":0,"1+r2":0,"1+2r+r":0,"3+":0,"3+1":0,"1+1":0,"1x":0,"1\u00e8res":0,"1+taux":0,"1X4X":0,"1X08":0,"2X3":0,"1=r":0,"06^":0,"2min54":0,"1+rn":0,"2i\u00e8meann\u00e9e":0,"3M":0,"1+4":0,"2eme":0,"0051^4":0,"1+i":0,"1+R":0,"1+":0,"3=":0,"1\u20ac":0,"04\u20ac":0,"1+x":0,"06=":0,"1+9":0,"1=":0,"1\u2212":0,"1+F3":0,"1+tri":0,"1+A2":0,"1+12":0,"1+41":0,"2\u20ac":0,"4\u00e8me":0,"2^2x4":0,"3^2x24":0,"2x0":0,"1x4":0,"+2x0":0,"3x0":0,"1+11":0,"02+":0,"1USD":0,"1^3":0,"4ans":0,"4e":0,"2=":0,"1=16":0,"3eme":0,"1+15":0,"1+TMEG":0,"4min25":0,"1\u00b2=4":0,"2x":0,"2M":0,"1M":0,"1EUR":0,"3e":0,"3+2":0,"1+g":0,"1ere":0,"1+rd":0,"1an":0}