{"J":0.0025629157584267158,"'":0.00022630033535114941,"ai":0.0018582821714233548,"que":0.0014837214688273538,"le":0.00063150639028342406,"en":0.0017680069959096038,"les":0.0058135612843516768,".":0.0020453394940924906,"du":0.0030075241088012173,"apr\u00e8s":0.0036084780387091288,"avoir":0.0063447338168488437,"une":0.0019703943301315648,",":0.0009355196416191724,"la":0.0010555199956443729,"Merci":0.0012843054906797795,"de":0.0026403527207744166,"nous":0.0031813793129100622,"exemple":0.0033573421058463973,"\"":0.0055998381198768821,"un":0.0089540562445359385,"dans":0.0017164826840492412,"question":0.0038584528313860954,"?":0.00050451099367429856,"si":0.0031026411430967998,"(":0.0051297116586801741,")":0.0050139866900535809,"Bonjour":0.00060410532532505061,"ma":0.0036687503646791208,"-":0.0019313900674195331,"on":0.0018582821714233548,"taux":0.002539342487407652,"serait":0.00389494705332275,"1":0.0022758713380941573,"\/":0.0049366080576367542,"3":0.0034195406389723247,"quiz":0.0033226337745222625,"cours":0.0030796006128339126,"vid\u00e9os":0.0038835873290527885,"je":0.0028149845560377826,"calculer":0.0029972785428939086,"ce":0.0037386371457487017,"il":0.0017639970334910749,"Est":0.0063931199396440701,"Si":0.0036383915125804728,"oui":0.0041623500689387414,"qui":0.0025276572678488408,"pense":0.0039762880754271738,"fois":0.0039063704178365546,"par":0.0047268467259443878,"suis":0.0033837666471320232,"possible":0.0036789712644387956,"avec":0.0027620069670852444,"peu":0.0037949183491578645,"probl\u00e8me":0.0039881777023073606,"m\u00eame":0.003141630193923297,"1+r":0,"%":0.0024476836752576068,"01":0,"formatif":0.00395271480440811,"concerne":0.0041110501246806961,"flux":0.0035595772483058854,"ces":0.0034744066907209472,"tous":0.0037626369588523649,"formule":0.0059189612599014393,"12":0.0058685136378471324,"perdu":0.0042689921598569429,"video":0.0041110501246806961,"&":0.0042418042206323328,"vrai":0.0042689921598569429,"003":0,"X":0.0042965475147738238,"1+7":0,"compr\u00e9hension":0.004085876160087239,"donne":0.0039762880754271738,"TAP":0.0040734047742208906,"1+3":0,"TAE":0.0078631537738410185,"1+TAP":0.0025510950573069315,"k":0.0084382406816103182,"^k":0.0043244803520322587,"1+6":0,"revu":0.0043528011577516771,"combine":0.0043528011577516771,"Q1":0.0043244803520322587,"Q4":0.00431046610282827,"demander":0.0043244803520322587,"pay\u00e9s":0.00431046610282827,"15":0.0064954949986800363,"mois":0.0039881777023073606,"quelle":0.00389494705332275,"proportionnels=>":0.0043528011577516771,"TAE=":0.004338591586431283,"k=15":0.0043528011577516771,"Etant":0.004338591586431283,"d\u00e9butant":0.0043244803520322587,"\u00e9conomie":0.0041884922889732874,"notions":0.004228344995312187,"Aurelien":0.004338591586431283,"1\u00b0":0,"1=1":0,"3\u00b0":0,"1mais":0,"1+TEG":0,"1+TRI":0,"3h":0,"1er":0,"1+2":0,"1\u00e8re":0,"1+TAE":0,"1min45":0,"3ieme":0,"3\u00e8me":0,"1+n":0,"1+0":0,"1+5":0,"1=5":0,"1+TAEG":0,"1=9":0,"1+r2":0,"1+2r+r":0,"3+":0,"3+1":0,"1+1":0,"1x":0,"1\u00e8res":0,"1+taux":0,"1X4X":0,"1X08":0,"1=r":0,"1+rn":0,"3M":0,"1+4":0,"12^3+2":0,"12^4+189":0,"12^4":0,"1+i":0,"1+R":0,"1+":0,"3=":0,"1\u20ac":0,"1+x":0,"1+9":0,"1=":0,"12\u20ac":0,"1\u2212":0,"1+F3":0,"1+tri":0,"1+A2":0,"1+12":0,"1+41":0,"3^2x24":0,"1x4":0,"3x0":0,"15x4":0,"1+11":0,"1USD":0,"1^3":0,"15ans":0,"12=":0,"1=16":0,"3eme":0,"1+15":0,"1+TMEG":0,"15\u20ac":0,"1\u00b2=4":0,"1M":0,"12^5":0,"1EUR":0,"3e":0,"3+2":0,"1+g":0,"1ere":0,"15h":0,"1+rd":0,"1an":0}