{"'":0.0040522276939073997,"questions":0.0015688610017168944,"que":0.0019842692514110941,"le":0.0014008770214358893,"en":0.0015800997733341922,"les":0.0039217451169864821,"au":0.0022383041978222824,".":0.0032375297707741002,"sur":0.0019975391021145286,"l":0.0046888592235468148,"du":0.0026893998289769911,"avoir":0.0042654056494948701,"une":0.0094813655468001592,",":0.0021338184891698557,"pu":0.0018414972203148307,"la":0.0014090859137916999,"\u00e9tait":0.0053019187727181066,"et":0.005017607290050366,"Merci":0.00057528974821380492,"de":0.0030531091110092864,"bien":0.0048441962901824721,"vouloir":0.0019245886246694983,"pour":0.0020449040359565049,"nous":0.0042546483826725158,"d":0.0061295940889537666,"des":0.0017689175208833085,"2\u00e8me":0,"\"":0.0099205308003359159,"un":0.0088015774297131744,"000":0.0034110775991480712,"euros":0.0017972036633552924,"dans":0.0045583925663059193,"an":0.0017498133196624116,"est":0.0066002025716562331,"fait":0.0014768461079025389,"m":0.0023607269666988295,"question":0.00086882078581348673,"?":0.0017779983764729468,"si":0.0013897921132963447,"(":0.0045896634624009525,")":0.0044861218414417679,"me":0.0011999231705124469,"Bonjour":0.0002706019736137057,":":0.0051642796320396939,"-":0.0046718237127814852,"on":0.0033056677767435236,"projet":0.0062639542202442243,"1":0.0010194501686403299,"\/":0.0022178281462949569,"3":0,"2":0.001458012953662187,"actif":0.0016075509297380731,"prix":0.0016075509297380731,"savoir":0.0015604813500942726,"contenu":0.0019308232947502872,"cours":0.0013794713750063968,"Par":0.0018080773110674257,"ailleurs":0.0018820983765294324,"je":0.001264664301252006,"investir":0.0018940380971405192,"ou":0.0050920079380475745,"pas":0.0017953519915521682,"ce":0.010638231861898028,"il":0.0023590984876043575,"o\u00f9":0.0029465748575472233,"Est":0.0028721829197778785,"Si":0.001629775277272837,"\u00eatre":0.0031051399893666839,"moi":0.0016433741729457406,"qui":0.0056071277172756191,"\u00e9nonc\u00e9":0.0017498133196624116,"qu":0.0047763950673618237,"\u00e0":0.0036361722943173656,"contraire":0.001937100815133464,"n":0.0027194096375057876,"sont":0.002901576289476915,"suis":0.0015157190221249445,"possible":0.0032879630422797076,"elle":0.0016854295838386651,"compris":0.0015277109968405889,"id\u00e9e":0.0019183962238633245,"cette":0.0052928764073799477,"avec":0.0012372089850820583,"c":0.0014768461079025389,"aurait":0.0072240628839504595,"m\u00eame":0.0014072568063898849,"march\u00e9":0.005119037056847328,"constituent":0.001937100815133464,"loi":0.0019122455230421093,"celle":0.0018471880525585539,"1+r":0,"dit":0.0016998896582022908,"aussi":0.001770572750090262,"vu":0.0017864579438790025,"ne":0.0014823257823721203,"01":0,"agit":0.001791815000997371,"clair":0.0018820983765294324,"100":0.0028914944080551948,"hypoth\u00e8se":0.0056548180604187532,"deux":0.0015944713417378542,"ces":0.0015563201783395462,"titre":0.0018529145642343159,"S":0.0018586772055602231,"Au":0.0018246344222153077,"notion":0.0054810673536386237,"video":0.0073130798619917411,"assimil\u00e9":0.0019434217789098503,"th\u00e9orie":0.0019061359643402387,"pouvoir":0.0018135630670193688,"telle":0.0057460293592236766,"quel":0.0017245104378730942,"entre":0.0016388186741239823,"2e":0,"s\u00fbr":0.0019245886246694983,"principe":0.0018529145642343159,"003":0,"02":0,"sujet":0.0018471880525585539,"arriver":0.0019122455230421093,"1+7":0,"La":0.0016342857833298581,"Question":0.0037669983893790725,"r\u00e9alit\u00e9":0.0018880487273486672,"compr\u00e9hension":0.0018302208348616722,"\u00e9t\u00e9":0.0034013062652094813,"1+3":0,"1+TAP":0,"mod\u00e8les":0.0019308232947502872,"1+6":0,"d\u00e9duction":0.0019245886246694983,"notions":0.0018940380971405192,"1\u00b0":0,"2\u00b0":0,"1=1":0,"Le":0.0016854295838386651,"concept":0.0056191709697663217,"AOA":0.010751935843656475,"lien":0.0019061359643402387,"son":0.001791815000997371,"suppos\u00e9e":0.0019497867915695788,"acquis":0.0019434217789098503,"apprentissage":0.0019434217789098503,"Sommes":0.0019497867915695788,"stade":0.0038523413808889163,"suppos\u00e9s":0.001937100815133464,"fut":0.0019497867915695788,"intuitivement":0.001937100815133464,"conna\u00eetre":0.0019308232947502872,"d\u00e9finition":0.0018880487273486672,"d\u00e9faut":0.0019308232947502872,"appr\u00e9hender":0.0019497867915695788,"utilit\u00e9":0.0019245886246694983,"tenants":0.0019497867915695788,"aboutissants":0.0019497867915695788,"Ensuite":0.0018880487273486672,"concurrentiel":0.0056548180604187532,"09":0.0031133955246595794,"39":0.0047053811949504922,"Ce":0.0017972036633552924,"important":0.0019308232947502872,"remarquer":0.0019434217789098503,"analyse":0.0019183962238633245,"situation":0.0075217337898970142,"entreprise":0.00354311607025688,"finalement":0.0019434217789098503,"seul":0.0019183962238633245,"entreprendre":0.001937100815133464,"avait":0.0018940380971405192,"l\u00e0":0.0018414972203148307,"co\u00fbt\u00e9":0.0019497867915695788,"certitude":0.0019497867915695788,"rapport\u00e9":0.0019434217789098503,"110":0.0052165206124239315,"Cela":0.0018820983765294324,"am\u00e8ne":0.0019434217789098503,"sommes":0.0018471880525585539,"supposer":0.0019497867915695788,"implications":0.0019434217789098503,"eut":0.0019497867915695788,"conclusion":0.0019183962238633245,"laquelle":0.0018880487273486672,"aurions":0.0019497867915695788,"annonce":0.0019497867915695788,"d\u00e9veloppements":0.0019497867915695788,"suivants":0.001937100815133464,"Effectivement":0.0019497867915695788,"vraiment":0.0018026243060924251,"r\u00f4le":0.0019434217789098503,"exact":0.0019308232947502872,"travail":0.0019245886246694983,"math\u00e9matiques":0.0019434217789098503,"financi\u00e8res":0.0019245886246694983,"quasi":0.0019434217789098503,"\u00e9conomique":0.0019183962238633245,"suppos\u00e9":0.001937100815133464,"bas\u00e9":0.0019308232947502872,"comportement":0.0019434217789098503,"rationnel":0.0019497867915695788,"sachant":0.0019183962238633245,"march\u00e9s":0.0038399020874467274,"terriblement":0.0019497867915695788,"\u00e9motionnels":0.0019497867915695788,"travers":0.0019308232947502872,"programmes":0.0019434217789098503,"ordinateurs":0.0019497867915695788,"agissant":0.001937100815133464,"boursiers":0.0019497867915695788,"pose":0.0018529145642343159,"poule":0.0019497867915695788,"\u0153uf":0.0019497867915695788,"unique":0.0018880487273486672,"induit":0.001937100815133464,"\u00e9claircir":0.0019122455230421093,"fondamentales":0.0019497867915695788,"fils":0.0019497867915695788,"rouges":0.0019497867915695788,"Sinc\u00e8rement":0.0019497867915695788,"BV":0.0019183962238633245,"9":0,"1mais":0,"1+TEG":0,"1+TRI":0,"1er":0,"1+2":0,"1\u00e8re":0,"1+TAE":0,"1min45":0,"1+n":0,"1+0":0,"1+5":0,"1=5":0,"1+TAEG":0,"1=9":0,"1+r2":0,"1+2r+r":0,"1+1":0,"1x":0,"1\u00e8res":0,"1+taux":0,"1X4X":0,"1X08":0,"2X3":0,"1=r":0,"2min54":0,"1+rn":0,"2i\u00e8meann\u00e9e":0,"1+4":0,"2eme":0,"1+i":0,"1+R":0,"1+":0,"1\u20ac":0,"1+x":0,"1+9":0,"1=":0,"1\u2212":0,"1+F3":0,"1+tri":0,"1+A2":0,"1+12":0,"1+41":0,"2\u20ac":0,"2^2x4":0,"2x0":0,"1x4":0,"+2x0":0,"1+11":0,"02+":0,"1USD":0,"1^3":0,"2=":0,"1=16":0,"1+15":0,"1+TMEG":0,"1\u00b2=4":0,"2x":0,"2M":0,"1M":0,"1EUR":0,"1+g":0,"1ere":0,"1+rd":0,"1an":0}