{"'":0.0024246584142342876,"a":0.0036945436339608515,"que":0.0011986355593357717,"le":0.00051016719191893318,"les":0.0047107451698186189,"au":0.0020232677277900587,".":0.0038680151479627959,"sur":0.0035956330417694733,"l":0.0037814264220302268,"une":0.0031698138159828287,"autre":0.0030396745956071617,",":0.00057097739400877034,"la":0.0012748713691481119,"vraie":0.0034935640108324745,"et":0.0030479214879118974,"Merci":0.0010375358600126091,"de":0.0012959435761330266,"des":0.0047556320309658151,"exemple":0.0027122540971947031,"un":0.010082516579280743,"dans":0.0013866734594813175,"dire":0.0028678427346260247,"est":0.0043754433714176099,"5":0.0026228185033701969,"comme":0.0026362657143731878,"fait":0.00266349400702247,"?":0.00081161719439034165,"(":0.010842276013048924,"+":0.0029393019764088067,")":0.010597677069689643,"me":0.0043093894973483616,":":0.0037451403096759274,"-":0.0023327591232480986,"\/":0.0020047588341874324,"3":0,"actif":0.0057733388797778741,"sans":0.0054151339594645216,"risque":0.0054435348823932131,"prix":0.0028992203347590222,"Par":0.0032608699420286513,"je":0.0022764354117095517,"acheter":0.0034050985023765536,"pas":0.0016236135553685707,"ce":0.0015182622882459549,"il":0.0014250582844071843,"Est":0.0025962489886541345,"qui":0.0040662941458838265,"qu":0.0021691394545585618,"\u00e0":0.0028265307845675674,"Dans":0.0022207823735949091,"cela":0.0029071590209676754,"sont":0.0052229283364786357,"6":0.0046698065207270937,"cette":0.0024036929277065403,"y":0.0025316417197686573,"financier":0.0067170183852384661,"encore":0.0031837904216133789,"march\u00e9":0.0030922516395047099,"demande":0.0033211427947784328,"finance":0.003310942921941474,"dit":0.0061049630674100391,"deuxi\u00e8me":0.0033837050302540617,"ne":0.001339917032038193,"s":0.0074920011459671809,"Je":0.0014743323728666009,"deux":0.0028756312796323624,"se":0.0028913197239303122,"ces":0.0028068256034494555,"donc":0.0027625016504650509,"Il":0.0032027248162871291,"video":0.0033211427947784328,"entre":0.0029556117551916214,"compte":0.0029151361513272351,"003":0,"La":0.0058693541081798568,"Et":0.0032122742586832491,"diff\u00e9rence":0.0061755095736079693,"donne":0.0032122742586832491,"06":0,"quelle":0.0031465623015703441,"AOA":0.0032707635105079964,"d\u00e9finition":0.0034050985023765536,"concurrentiel":0.0034159003391157215,"implications":0.0035049638777833528,"suppos\u00e9":0.0034935640108324745,"march\u00e9s":0.006911944205831827,"BV":0.0034598302544950753,"52":0.0084861615211257579,"alternatives":0.0104585149120884,"premi\u00e8re":0.0031650711951729704,"consiste":0.0069795813671766271,"aujourd":0.0033625858409778212,"hui":0.00335212692203244,"effectuer":0.0034050985023765536,"placement":0.0068238775445303192,"serais":0.0035164431869565247,"tent\u00e9":0.0034709982579505939,"produit":0.0034709982579505939,"traite":0.0034822424941015951,"financiers":0.0068676153405970155,"cotation":0.0035049638777833528,"verrais":0.0035164431869565247,"plut\u00f4t":0.00335212692203244,"p":0.0035164431869565247,"ex":0.0034709982579505939,"terme":0.0033943670364087,"ici":0.0031837904216133789,"Ceci":0.0034935640108324745,"fondamentale":0.0035164431869565247,"uniquement":0.0034267734756233369,"pr\u00e9sent":0.0034822424941015951,"quelles":0.0034598302544950753,"clairement":0.0034377188594150172,"majeures":0.0035164431869565247,"niveau":0.0032510354399817145,"principes":0.0034598302544950753,"6min15":0,"05":0,"06^":0,"5i\u00e8me":0,"5eme":0,"0005+1":0,"06=":0,"5e":0,"5=>":0,"5^2x18":0,"5x0":0,"5^2":0,"5\u00e8me":0,"5+5":0,"5xtaux":0,"52=":0,"5ans":0,"5min08s":0}