{"'":0.0010339176613017806,"que":0.0017263485380988434,"le":0.0014604203710332519,".":0.0014404610086422283,"Quand":0.0048129705014201274,"l":0.0027414052677114144,"avoir":0.0037109766238465265,"r\u00e9ponse":0.0032909541207933996,",":0.0008192772039765881,"la":0.0052951673966691072,"\u00e9tait":0.0046127609526235812,"et":0.0014759739234465397,"Merci":0.001494322858359438,"de":0.0018595079957743096,"pour":0.0026584317832367664,"des":0.0023029428071066984,"exemple":0.0039063549042708083,"*":0.0038361276281560818,"dans":0.0019971722688776369,"est":0.007786202479477292,"question":0.0022567736763777569,"(":0.0059582907702982,")":0.0058238732711597997,"suivante":0.0045854904746953865,":":0.0027087167209181398,"-":0.0033472014690939297,"on":0.0042974595032309482,"1":0.0026480355241641921,"\/":0.0028873767807773808,"appliquer":0.0048430026170930484,"cours":0.0035831954498144101,"je":0.0048785176026276472,"valeur":0.0035217963182035631,"pas":0.0011742975755471108,"ce":0.0021866945806417373,"peut":0.0038262627263823974,"qui":0.0029409950053594018,"qu":0.0031241278444841319,"ann\u00e9es":0.0045719718884989699,"par":0.0027646893015280316,"pourquoi":0.003436751174910155,"votre":0.0035217963182035631,"bonne":0.0044665098391652603,"c":0.0038361276281560818,"aux":0.0088265543619154615,"lorsque":0.0046965051332793556,"1+r":0.0028741594459886929,"r":0.0044924391186578509,"vu":0.0046403485362371977,"ne":0.0019298307908658442,"comprends":0.0029751323635036383,"01":0,"raisonnement":0.0042805787996659326,"flux":0.0041416607550468837,"bonjour":0.0046682606871016876,"formule":0.01025787393176473,"7":0.0068989946450035509,"futurs":0.0048734197703711266,"fonction":0.0047395124521712661,"\u00e9quations":0.0049991448373826099,"rente":0.004545163631981799,"exposant":0.0048430026170930484,"inconnue":0.0050153394767708127,"N":0.014000615286497292,"car":0.0039578212490686019,"CF":0.0040318029146202677,"1+7":0,"1+3":0,"1+TAP":0,"1+6":0,"aide":0.0044028999845176688,"ensuite":0.0046542635641520355,"1\u00b0":0,"1=1":0,"reprendre":0.0049991448373826099,"pendant":0.0098095876606506104,"dur\u00e9e":0.0048129705014201274,"pass\u00e9":0.0050153394767708127,"cible":0.004904231962647475,"\u00e9gale":0.0048734197703711266,"montants":0.0049830599930037215,"^N":0.0050153394767708127,"LN":0.0050480642088189106,"regarde":0.0049512138039978348,"utilis\u00e9e":0.0048279390397689623,"Melissa":0.0050480642088189106,"1mais":0,"1+TEG":0,"1+TRI":0,"1er":0,"1+2":0,"1\u00e8re":0,"1+TAE":0,"1min45":0,"1+n":0,"1+0":0,"1+5":0,"1=5":0,"1+TAEG":0,"1=9":0,"1+r2":0,"1+2r+r":0,"1+1":0,"1x":0,"1\u00e8res":0,"1+taux":0,"1X4X":0,"1X08":0,"1=r":0,"1+rn":0,"1+4":0,"1+i":0,"1+R":0,"1+":0,"1\u20ac":0,"1+x":0,"1+9":0,"1=":0,"007=>":0,"1\u2212":0,"1+F3":0,"1+tri":0,"1+A2":0,"1+12":0,"1+41":0,"1x4":0,"1+11":0,"+7":0,"1USD":0,"1^3":0,"7e":0,"1=16":0,"1+15":0,"1+TMEG":0,"1\u00b2=4":0,"1M":0,"1EUR":0,"1+g":0,"1ere":0,"1+rd":0,"1an":0}