{"'":0.0010737008417484185,"les":0.0070065651315351658,"l":0.0056243353356944404,"la":0.0025174640208379256,"et":0.0060186720557417759,"de":0.0073141972268860106,"dans":0.0081439954556430313,"est":0.0065078512753347882,"5":0.015403930771425513,"question":0.0092025885053791147,"4":0.019151235503748445,"calcul":0.012416450161113439,"d\u00e9tailler":0.019935269929834114,"Quelle":0.019505220672741633,"proc\u00e9dure":0.020517858212170559,"\u00e9l\u00e9ment":0.020385328532838597,"manquant":0.020652228640268906,"tableaux":0.020517858212170559,"lq":0.020652228640268906,"04":0,"05":0,"5i\u00e8me":0,"5eme":0,"0005+1":0,"04\u20ac":0,"5e":0,"5=>":0,"4\u00e8me":0,"5^2x18":0,"5x0":0,"5^2":0,"4ans":0,"5\u00e8me":0,"4e":0,"4min25":0,"5+5":0,"5xtaux":0,"5ans":0,"5min08s":0}