{"'":0.00062489945411415887,"le":0.0017438241880877985,".":0.0011537542301138406,"sur":0.0061719117212137723,"l":0.0032733923122451603,",":0.0019126313367674552,"la":0.0014651771063268542,"pour":0.0031743172979090827,"vous":0.0040682568424326195,"?":0.0013931426307984024,"me":0.0073970761868599778,"Bonjour":0.0016681596491552129,"-":0.0026809804853034813,"1":0.0062845278359941045,"\/":0.0068525514806021771,"3":0.0094426244455149203,"je":0.0039075061990202584,"pas":0.0027869361018468776,"\u00e0":0.0032484596454964748,"op\u00e9ration":0.011676034307580185,"1+r":0,"%":0.0067589656468657446,"ne":0.0045800274253431465,"comprends":0.0070608199865849737,"01":0,"Je":0.0050394782216693227,"raisonnement":0.010159008961617977,"003":0,"1+7":0,"8":0.017399824074495796,"1+3":0,"1+TAP":0,"1+6":0,"Pourriez":0.0095941300353493859,"SVP":0.011493797752777566,"1\u00b0":0,"1=1":0,"3\u00b0":0,"20":0.019481728346726592,"aboutir":0.011902801250627003,"bloque":0.011788276257623662,"puissance":0.011864366848557881,"d\u00e9composer":0.012019704094232957,"1mais":0,"1+TEG":0,"1+TRI":0,"3h":0,"1er":0,"1+2":0,"1\u00e8re":0,"1+TAE":0,"1min45":0,"3ieme":0,"3\u00e8me":0,"1+n":0,"1+0":0,"1+5":0,"1=5":0,"1+TAEG":0,"1=9":0,"1+r2":0,"1+2r+r":0,"3+":0,"3+1":0,"1+1":0,"1x":0,"1\u00e8res":0,"1+taux":0,"1X4X":0,"1X08":0,"1=r":0,"1+rn":0,"20\u00e8me":0,"08":0,"3M":0,"1+4":0,"1+i":0,"1+R":0,"1+":0,"3=":0,"1\u20ac":0,"1+x":0,"1+9":0,"1=":0,"1\u2212":0,"1+F3":0,"1+tri":0,"1+A2":0,"1+12":0,"1+41":0,"3^2x24":0,"1x4":0,"3x0":0,"1+11":0,"1USD":0,"1^3":0,"1=16":0,"3eme":0,"1+15":0,"1+TMEG":0,"1\u00b2=4":0,"08+0":0,"1M":0,"1EUR":0,"3e":0,"3+2":0,"1+g":0,"8min25":0,"1ere":0,"1+rd":0,"8+50":0,"1an":0}