{"a":0.014656218089452149,"le":0.004030133876538282,"une":0.01257462008648594,"pour":0.0073361315690964332,"?":0.0032196773904065285,"-":0.006195986011644658,"t":0.021651150105830769,"calculer":0.01912796763262635,"il":0.011257438265343263,"Y":0.0265631959976095,"formule":0.018988293348124453,"10":0,"directement":0.027070254791152736,"10i\u00e8me":0.038038699928157019,"amortissement":0.026155235860641737}