{"les":0.0063545444557178291,",":0.0010225747800866611,"Merci":0.0055264429887772835,"des":0.0085169560638739625,"?":0.0042453629069410725,"Bonjour":0.0025995011808744644,"-":0.0041777847467879548,"taux":0.021368078276247707,"ou":0.012317395397123145,"il":0.007590584256398962,"peut":0.014150638664960831,"\u00eatre":0.014950578842369167,"sont":0.013970463564131072,"n\u00e9gatif":0.018080122945793517,"directeurs":0.018669217898702843,"banques":0.01860849641695771,"centrales":0.018669217898702843,"nominaux":0.01873036253007521,"r\u00e9els":0.01854819226828093,"Un":0.017690093441886823,"nominal":0.018194820253478856}