{"J":0.0037334220202887348,"'":0.00097378381602756321,"ai":0.0027069760509649994,"a":0.0033454377140867877,"que":0.0042891896769431583,"le":0.0018255789560476321,"en":0.0051110114094474659,"les":0.0042690371948655844,".":0.0012078450667990836,"l":0.0017268152032857648,"du":0.0065055674455933004,"une":0.0056960792155869543,",":0.0016787845171449443,"la":0.0022831925109900002,"\u00e9tait":0.0057750746372722392,"de":0.00078570163155627004,"des":0.0085169560638739625,"dans":0.004962063273839688,"est":0.0019980772575295281,"5":0.0047294018330745046,"question":0.0056070545097320987,"?":0.00073492562019191127,"(":0.0025175685128262021,")":0.0024607728181463432,"Bonjour":0.00088000556269814047,"-":0.0014142997294935206,"1":0.0065791619616580067,"quiz":0.014297490948017374,"ainsi":0.0057579545649043941,"je":0.0040906997025768384,"pas":0.0014701945786493068,"ce":0.0027376932257766775,"cas":0.0049162762995676804,"Est":0.0046814923374534469,"qui":0.0036820606656703574,"\u00e0":0.0017136624541212271,"n":0.0029620962332966997,"trouve":0.010460188431560739,"par":0.0034613298259280824,"1+r":0,"toujours":0.0054810664885664951,"exercice":0.0049421053695652209,"01":0,"Je":0.0026584798825526001,"pond\u00e9ration":0.0062386808415107855,"formatif":0.0057579545649043941,"actifs":0.0058799204982850966,"diff\u00e9rents":0.0060823118789640508,"certificatif":0.0055123333491999557,"10":0.0083379659775790812,"car":0.0049551046215289126,"1+7":0,"somme":0.011811582035653325,"1+3":0,"1+TAP":0,"1+6":0,"1\u00b0":0,"1=1":0,"pose":0.0060257325619446703,"\u00e9gale":0.012108228036909726,"10i\u00e8me":0,"constat\u00e9":0.0062790940408771088,"coefficients":0.012460833855613461,"chapitre":0.0061399898918838456,"r\u00e9solvant":0.0063407638892759525,"1mais":0.003716202700570265,"appliquant":0.0061988101175971455,"trouv\u00e9s":0.0063407638892759525,"solutions":0.0062588187107329388,"propos\u00e9es":0.0061988101175971455,"rejet\u00e9e":0.0063200646812383897,"correcteur":0.0063407638892759525,"1+TEG":0,"1+TRI":0,"1er":0,"1+2":0,"1\u00e8re":0,"10+1":0,"1+TAE":0,"1min45":0,"05":0,"1+n":0,"1+0":0,"1+5":0,"1=5":0,"1+TAEG":0,"1=9":0,"1+r2":0,"1+2r+r":0,"1+1":0,"+10":0,"1x":0,"1\u00e8res":0,"1+taux":0,"1X4X":0,"1X08":0,"1=r":0,"1+rn":0,"5i\u00e8me":0,"1+4":0,"5eme":0,"0005+1":0,"1+i":0,"1+R":0,"1+":0,"1\u20ac":0,"1+x":0,"5e":0,"1+9":0,"1=":0,"1\u2212":0,"1+F3":0,"1+tri":0,"1+A2":0,"1+12":0,"1+41":0,"10^7":0,"5=>":0,"5^2x18":0,"5x0":0,"1x4":0,"5^2":0,"1+11":0,"1USD":0,"1^3":0,"5\u00e8me":0,"1=16":0,"1+15":0,"1+TMEG":0,"10\u00e8me":0,"1\u00b2=4":0,"5+5":0,"1M":0,"1EUR":0,"10H":0,"5xtaux":0,"1+g":0,"10min15":0,"1ere":0,"1+rd":0,"10^1":0,"10^2":0,"5ans":0,"5min08s":0,"1an":0}