{"'":0.0010468469866938225,".":0.0037735214664080313,"sur":0.0052342970133384169,"l":0.0027761102843674845,",":0.0010992987453516266,"la":0.0036372035717700951,"Merci":0.0030076821883318768,"de":0.0060182536507529848,"pour":0.0026920863911135797,"*":0.015251584208011433,"dans":0.0040197869065111804,"!":0.0067846298569892603,"m":0.0061859845937527348,"(":0.0079947806877050127,")":0.0078144205026065769,":":0.0054519403147499611,"4":0,"comment":0.0061143905281196079,"1":0.01052799611935973,"2":0,"savoir":0.0081583792801368012,"je":0.0033138918621977271,"\u00e0":0.0054418997630668866,"vid\u00e9o":0.014904334555051732,"1+r":0,"01":0,"rente":0.0091482289938157775,"N":0.0095103736099454821,"02":0.015490395705128005,"1+7":0,"38":0.02096088639199278,"passer":0.0094815201401146632,"1+3":0,"1+TAP":0,"1+6":0,"1\u00b0":0,"1=1":0,"dur\u00e9e":0.0096872543768624416,"1mais":0,"1+TEG":0,"Salut":0.0099974435790460541,"souhaiterai":0.010160436696450665,"objet":0.010193713728180523,"rappel":0.010127389957442442,"expression":0.010061974760122605,"ln":0.010127389957442442,"=ln":0.010193713728180523,"50":0.017195817422815372,"N=35":0.010193713728180523,"04":0.0095979950541524878,"aider":0.0092293964107918371,"1+TRI":0,"1er":0,"1+2":0,"1\u00e8re":0,"1+TAE":0,"1min45":0,"1+n":0,"1+0":0,"1+5":0,"1=5":0,"1+TAEG":0,"1=9":0,"1+r2":0,"1+2r+r":0,"1+1":0,"1x":0,"1\u00e8res":0,"1+taux":0,"1X4X":0,"1X08":0,"1=r":0,"1+rn":0,"1+4":0,"1+i":0,"1+R":0,"1+":0,"1\u20ac":0,"1+x":0,"1+9":0,"1=":0,"1\u2212":0,"1+F3":0,"1+tri":0,"1+A2":0,"1+12":0,"1+41":0,"1x4":0,"1+11":0,"1USD":0,"1^3":0,"1=16":0,"50\u20ac":0,"1+15":0,"1+TMEG":0,"1\u00b2=4":0,"1M":0,"1EUR":0,"38xCF=60":0,"1+g":0,"1ere":0,"1+rd":0,"1an":0}