{"J":0.0034608994029648294,"'":0.0017700040480108942,"ai":0.012195853220747815,"le":0.00085277094337350668,"mes":0.0052905807972474577,"en":0.0070603361593507136,"les":0.0058972354506602537,".":0.0022090524623564083,"j":0.011684535152720329,"sur":0.0030182096434210473,"l":0.003178497889005713,"du":0.0020415615292218615,"avoir":0.0043069195807027604,",":0.00032090195808999738,"la":0.0014227021680408394,"et":0.0017129994704492321,"de":0.0014462178538491074,"pour":0.0015523156377783183,"d":0.0015804744373582532,"trouv\u00e9":0.0052750680557480303,"un":0.0024700026364539301,"dans":0.0023178966678452967,"est":0.001852226817670815,"?":0.00068127943380722692,"(":0.0023337976032748124,")":0.0022811477327966566,"Bonjour":0.00081576920851615436,"-":0.0013110623612379337,"taux":0.0068087924536609414,"4":0.016119074441816136,"\/":0.0033510584556328111,"savoir":0.0047042991552155812,"je":0.0019108622132545851,"ou":0.0038654153989310758,"il":0.0023820588952126335,"calcul\u00e9":0.0052905807972474577,"\u00e0":0.0031542880109744352,"ann\u00e9es":0.01053601227224185,";":0.0051837833092472667,"De":0.0055174682650180823,"calcul":0.0035338979020389976,"raisonnement":0.0049679937433593432,"flux":0.0048067669539912771,"VA":0.0097556957350845956,"formule":0.004017897501073041,"faudrait":0.0057280297436276065,"VF":0.010505035483871468,"chaque":0.010060287268418313,"ann\u00e9e":0.0093409082000973313,"compte":0.0048728013976731032,"annuel":0.005534412960542791,"mon":0.0047422791274755816,"aimerais":0.0051392512712349859,"prenant":0.0057647436786529456,"passer":0.0054672509886734529,"TAE":0.0053376503935751328,"ensuite":0.0054016882643200493,"son":0.0054016882643200493,"l\u00e0":0.0055514625774512128,"autrement":0.0058019537629355666,"appliquant":0.0057463255207952993,"probleme":0.0058587290595948829,"inter\u00eats":0.0058587290595948829,"capitalis\u00e9s":0.0058587290595948829,"somm\u00e9s":0.005877917320753075,"d\u00e9gag\u00e9":0.005877917320753075,"interet":0.005839673590234992,"\u00e9quivalent":0.0056032541544999443,"04":0,"04\u20ac":0,"4\u00e8me":0,"4ans":0,"4e":0,"4min25":0}