{"'":0.0012690295730114856,",":0.0013326136819971118,"la":0.0029754435939841587,"de":0.0058763160799628475,"d":0.0065632564905684365,"question":0.010876732612563274,"Bonjour":0.0033876552673315322,"je":0.0079352620499753713,"pas":0.0056596374153512052,"ce":0.01053897983122353,"quizz":0.020804343552843167,"6":0.032415345568858819,"ne":0.0093010006805067796,"vois":0.022165729329082604,"06":0,"moyen":0.023196563201731822,"aborder":0.024171899478030789,"6min15":0,"06^":0,"06=":0}