{"'":0.00034037460755368759,"a":0.010198641852915054,"questions":0.010451524554295315,"alors":0.0053106030420539867,"que":0.0044275742605560725,"le":0.00094983836160397706,"en":0.0026592302059611109,".":0.0012468144641042235,"sur":0.0066697296567436544,"du":0.004511503535613884,",":0.00035742891156905789,"la":0.0023562823057728848,"et":0.0037854373021919238,"de":0.00081125401238744195,"nous":0.0047850602317089435,"d":0.0017603733591094221,"des":0.0029770011886406664,"un":0.0027511529040680867,"dans":0.0051221571637654461,"!":0.004357471052206993,"r\u00e9pondre":0.006319692986171686,"-":0.0014602952115518439,"comment":0.0039270056421313766,"pas":0.0015180078582210457,"ce":0.0028267277613998288,"cas":0.0050761621382021151,"\u00e0":0.0017693937315999989,"ann\u00e9es":0.011725757925914819,"trouve":0.0054423766274195014,"quizz":0.011070849446798035,"6":0.0086943289276818353,"y":0.0047134556305522702,"encore":0.0059276376953620764,"moins":0.0061267410376628535,"aux":0.0057406758355463472,"le\u00e7on":0.005858325718607422,"ne":0.0024946813878981397,"mani\u00e8re":0.0061080970627041178,"avons":0.0062605221906441707,"Je":0.0054459556240981852,"ci":0.0058755074130459016,"plusieurs":0.011972710263096252,"certificatif":0.011292138414135816,"7":0.0089182914986953021,"Il":0.0059628900884985906,"manque":0.006420920803349113,"lecon":0.0063597840725589305,"trop":0.0062605221906441707,"\u00e9t\u00e9":0.01135687068389362,"TAEG":0.0060711457188966358,"06":0,"celui":0.0061080970627041178,"niveau":0.0060528356678792089,"manipulation":0.0065043796793875872,"abord\u00e9e":0.0065043796793875872,"superficielle":0.0065469765368663599,"portent":0.0065043796793875872,"comprend":0.0061080970627041178,"manipuler":0.0065256041546549928,"incompl\u00e8tes":0.0065469765368663599,"insuffisamment":0.0065469765368663599,"pr\u00e9par\u00e9":0.0065256041546549928,"6min15":0,"06^":0,"06=":0,"007=>":0,"+7":0,"7e":0}