{"J":0.0023356582889991749,"'":0.0019762380033519307,"ai":0.0016935055874207545,"que":0.0026911234616348537,"le":0.0017097934430693068,"en":0.0016112352430731969,"les":0.003998277795556335,"au":0.002282409420665855,".":0.0039953559435721995,"j":0.0020140430146599474,"sur":0.0040539277052736213,"l":0.0052981561188365708,"une":0.0017956765978893801,"r\u00e9ponse":0.0025776307312741519,",":0.001268509251227381,"la":0.0023714655350126866,"et":0.0023008262621883177,"de":0.0047101956904905774,"bien":0.0049391865595322069,"pour":0.0010476117518509725,"des":0.0088462394964394109,"\"":0.010113210440402053,"un":0.0016669314706868597,"dire":0.0032351582465302677,"est":0.00248783036956158,"non":0.003174791878203213,"question":0.0017676117527762531,"(":0.0015750107363032815,"capital":0.003723575575886318,")":0.0030639382568947715,"Bonjour":0.00055053842713509665,"taux":0.011349400458949667,"serait":0.0035495764308268504,"savoir":0.003174791878203213,"trouver":0.0029663204134558522,"je":0.00128958419412595,"pas":0.00091976533469911186,"peut":0.002996909719019219,"\u00eatre":0.0031663259940771927,"qui":0.0023035262200831186,"mais":0.0025592622948769441,"qu":0.0048700558165946659,"\u00e0":0.0042263687706002697,"par":0.0021654352642040079,"plus":0.0054230820472249974,"pourquoi":0.0026918258714756162,"elle":0.0034289984649487509,"compris":0.0031081207505095944,"cette":0.002711559773939401,"avec":0.0099229231996462164,"c":0.003004636376103919,"m\u00eame":0.0028630572734514833,"lorsque":0.003678524682139638,"ne":0.0030083223657742428,"comprends":0.0023302642116221446,"En":0.0031411573246550519,"effet":0.0035809843619075774,"n\u00e9gatif":0.0038291201874499259,"se":0.0064914629668322921,"faire":0.0031081207505095944,"tous":0.0034289984649487509,"donc":0.0062022463345666233,"\u00e9pargne":0.0038656772684223543,"car":0.0030999525687795296,"pose":0.0037697458602630324,"plut\u00f4t":0.0037814699266079349,"terme":0.0038291201874499259,"inverse":0.0038904544135165602,"argent":0.0038051423276498097,"n\u00e9gatifs":0.015485994279797613,"avaient":0.0039538823576670684,"impact":0.0039029679850573367,"revanche":0.0077929315332850926,"Bruno":0.0076936400110374729,"indique":0.0038780245454217367,"su":0.0039410223869545211,"dette":0.018205776591099395,"sera":0.0037697458602630324,"grandissante":0.0039668319456230838,"pourra":0.0039410223869545211,"mang\u00e9e":0.0039668319456230838,"aurai":0.0039029679850573367,"tendance":0.0039410223869545211,"rapporterait":0.0039668319456230838,"contracteur":0.0039668319456230838,"pr\u00eateurs":0.0039668319456230838,"contracter":0.0078949624748066022,"nouvelle":0.0077429525691274188,"sens":0.0038412261478654257,"justement":0.0039282508016186502,"davantage":0.0039668319456230838,"impossibilit\u00e9":0.0039668319456230838,"nouvelles":0.0039538823576670684,"dettes":0.0076936400110374729,"rembourser":0.0038656772684223543,"anciennes":0.0078949624748066022,"deviennent":0.0039538823576670684,"ch\u00e8res":0.0039538823576670684,"lourdes":0.0039668319456230838,"court":0.0039410223869545211,"prolongeables":0.0039668319456230838}