{"'":0.00085450954947603372,"que":0.0056025288778660289,"le":0.0046755964900805644,".":0.0030934822819789183,"l":0.0022609151351238878,",":0.00045324067047531653,"et":0.0024194337520761699,"premier":0.0077454227076240402,"Merci":0.0024495115412143755,"pour":0.004340673409573414,"vous":0.0028099239538808894,"un":0.0034886220629049953,"an":0.007450485489775783,"est":0.0051793021343708489,"m":0.005037979316749425,"?":0.00096223640764832254,"sauf":0.0081421014243180049,"si":0.0059175603806221654,"Bonjour":0.0011521892394227341,"-":0.0018517393511066737,"taux":0.0048432002939649164,"3":0.0065219718529590546,"calculer":0.0057166059293002041,"par":0.0089722621523436567,"m\u00eame":0.0059919228517581798,"r":0.0073640588496628754,"%":0.0046683826046808041,"Je":0.0068911602281640809,"raisonnement":0.0070167749320054797,"25":0.012547391771140533,"puis":0.0076985662522557645,"ans":0.0072172852516818415,"correct":0.0078167832189425489,"=":0.0060677349746664526,"inconnue":0.0082212032444886549,"mon":0.0066979764913598057,"N":0.0077454227076240402,"003":0,"fais":0.0079387066445097323,"CF":0.0066089785858636611,"second":0.0081421014243180049,"mensuel":0.0080137386583435301,"indiquer":0.0078894776485558954,"3\u00b0":0,"pendant":0.0080902468060859607,"20":0.013455928980072515,"commence":0.008194656801820464,"proportionnel":0.008194656801820464,"constant":0.007988566798618155,"Pouvez":0.0066979764913598057,"3h":0,"3ieme":0,"3\u00e8me":0,"3+":0,"3+1":0,"20\u00e8me":0,"3M":0,"3=":0,"25\u20ac":0,"0025^t":0,"3^2x24":0,"3x0":0,"25=":0,"3eme":0,"025":0,"3e":0,"3+2":0}