{"'":0.0013607186251897751,"ai":0.0025465566023492722,"alors":0.0024282259888699343,"le":0.0017181759891369505,"les":0.0010156037284476194,"au":0.0017224070591578507,".":0.0014158321876057015,"j":0.0074888855055913299,"sur":0.0015371348781695287,"du":0.0030963142584918683,"r\u00e9sultat":0.0025231053293278678,"avoir":0.0065320473162474874,"r\u00e9ponse":0.0057927252611848215,",":0.0024794021679977285,"la":0.0021498234394476392,"et":0.0025980038363882102,"Merci":0.00088325388917613427,"de":0.0014674888081181461,"pour":0.0038953708569369958,"afin":0.0027103595939108709,"d":0.0016038897237507072,"2\u00e8me":0,"mal":0.0025803509882883508,"*":0.0089702974290894154,"un":0.0012579401864744404,"dans":0.0023522371247503959,"an":0.0026865234861609866,"est":0.0018796682114538355,"5":0.0044491304084072784,"comme":0.0022442520156301105,"!":0.0019924148671871074,"(":0.0035395312323543812,")":0.0079565617336748735,"me":0.0036709360380100978,"Bonjour":0.00041546063762675585,":":0.0016010493080819181,"-":0.0013304862126721055,"4":0.0027759773607818807,"1":0.0046610623273115152,"\/":0.0017066504449636498,"3":0.0023517166207624794,"2":0.002238516531521267,"quiz":0.0022850709780127335,"vos":0.0025301345365757746,"je":0.0038500345243647751,"temps":0.0025371991555965083,"pas":0.003419995120976359,"ce":0.0051133076571706383,"il":0.001213151583975149,"o\u00f9":0.0022674314509681932,"\u00eatre":0.0023894495853432505,"qui":0.0034638562447092155,"mais":0.0076406397015896747,"\u00e0":0.0047663962655653007,"n":0.0027865579811859045,"fois":0.0053532200500766968,"avance":0.0015901925526174382,"cette":0.0020462628894158592,"encore":0.0027103595939108709,"probl\u00e8me":0.002742784712711947,"bonne":0.0052605828878505958,"m\u00eame":0.002160589600584204,"aux":0.0026248729470391393,"1+r":0,"%":0.0099172876175229064,"calcul":0.0017997681946828503,"comprendre":0.0024347942627505358,"ne":0.0033968810143624162,"01":0,"Je":0.0012550985970324708,"raisonnement":0.0075346589576092459,"25":0.0090153788364009373,"ci":0.0026865234861609866,"ces":0.0023894495853432505,"7":0.0081255240623540788,"10":0.0039364485957726347,"12":0.0040359459115666555,"donc":0.0023517166207624794,"obtenir":0.0051562502924244824,"VF":0.0026944239234506142,"doit":0.0025586090968073454,"Pour":0.0023958383158000393,"=":0.01498449536886288,"2e":0,"int\u00e9r\u00eats":0.002742784712711947,"mon":0.0048125376658600446,"003":0,"02":0,"obtiens":0.002742784712711947,"1+7":0,"arrive":0.002333224169359582,"passer":0.0027843997519242034,"TAEG":0.0027759773607818807,"TAP":0.0028013978256177211,"1+3":0,"TAE":0.0054167295673182162,"1+TAP":0,"k":0.0029172109768168856,"1+6":0,"avoue":0.002898759080206992,"15":0.0089013099995172429,"mois":0.0054653272873913753,"1\u00b0":0,"2\u00b0":0,"1=1":0,"3\u00b0":0,"stade":0.0029644317314798706,"finalement":0.0029837744369012827,"\u20ac":0.005599211503967659,"lumi\u00e8res":0.0029644317314798706,"erron\u00e9":0.0029935467685025599,"dur\u00e9e":0.0028448168948820305,"37":0.014022089582216566,"10i\u00e8me":0,"1mais":0,"775=55":0,"1+TEG":0,"\u00e9quivalent":0.0028536643936925652,"04":0,"emprunts":0.0029079546797788464,"demain":0.0029548595174543565,"soir":0.0029740697344341014,"Comme":0.0029359089059568682,"souvent":0.0029172109768168856,"aborde":0.0029935467685025599,"donn\u00e9e":0.0028625680674749577,"Mon":0.0029172109768168856,"per\u00e7ois":0.0029935467685025599,"70":0.0084124521740449338,"mensualis\u00e9s":0.0029935467685025599,"85":0.01288909905046118,"ram\u00e8ne":0.0029935467685025599,"pr\u00eat":0.0029079546797788464,"r=5":0.0029935467685025599,"n=1":0.0029837744369012827,"cr\u00e9dit":0.0029548595174543565,"applique":0.0028625680674749577,"800":0.0059799796401521837,"858":0.013692968625735914,"92":0.014825959157491301,"775":0.0062522492614294767,"83":0.0076961091881118443,"tombe":0.0029359089059568682,"loin":0.0029548595174543565,"fauss\u00e9":0.0029935467685025599,"peur":0.0059261904147540631,"d\u00e9courager":0.0029837744369012827,"dommage":0.0029935467685025599,"reste":0.0028536643936925652,"rattraper":0.0029644317314798706,"seulement":0.0028896233872464103,"avant":0.0026944239234506142,"rythme":0.0029837744369012827,"1+TRI":0,"3h":0,"1er":0,"1+2":0,"1\u00e8re":0,"10+1":0,"1+TAE":0,"1min45":0,"05":0,"3ieme":0,"3\u00e8me":0,"1+n":0,"1+0":0,"1+5":0,"1=5":0,"1+TAEG":0,"1=9":0,"1+r2":0,"1+2r+r":0,"3+":0,"3+1":0,"1+1":0,"+10":0,"1x":0,"1\u00e8res":0,"1+taux":0,"1X4X":0,"1X08":0,"2X3":0,"1=r":0,"2min54":0,"1+rn":0,"5i\u00e8me":0,"2i\u00e8meann\u00e9e":0,"3M":0,"1+4":0,"12^3+2":0,"12^4+189":0,"12^4":0,"5eme":0,"2eme":0,"0005+1":0,"1+i":0,"1+R":0,"1+":0,"3=":0,"1\u20ac":0,"25\u20ac":0,"04\u20ac":0,"1+x":0,"5e":0,"0025^t":0,"1+9":0,"1=":0,"12\u20ac":0,"007=>":0,"1\u2212":0,"1+F3":0,"1+tri":0,"1+A2":0,"1+12":0,"1+41":0,"10^7":0,"5=>":0,"2\u20ac":0,"4\u00e8me":0,"2^2x4":0,"5^2x18":0,"3^2x24":0,"2x0":0,"5x0":0,"1x4":0,"+2x0":0,"3x0":0,"15x4":0,"5^2":0,"1+11":0,"02+":0,"+7":0,"1USD":0,"1^3":0,"15ans":0,"7e":0,"4ans":0,"5\u00e8me":0,"4e":0,"2=":0,"25=":0,"12=":0,"1=16":0,"775=":0,"3eme":0,"1+15":0,"1+TMEG":0,"4min25":0,"10\u00e8me":0,"15\u20ac":0,"1\u00b2=4":0,"5+5":0,"025":0,"070":0,"083":0,"2x":0,"2M":0,"1M":0,"12^5":0,"1EUR":0,"3e":0,"10H":0,"3+2":0,"5xtaux":0,"1+g":0,"10min15":0,"1ere":0,"15h":0,"1+rd":0,"10^1":0,"10^2":0,"5ans":0,"5min08s":0,"1an":0}