{"J":0.0060020268797068375,"'":0.0020438247963899285,"ai":0.008596262522381241,"a":0.0053782848483818072,"le":0.0057034313163398598,"les":0.0034583637636790665,".":0.00097848002265719198,"j":0.0051755602982723244,"du":0.0035405557192641499,",":0.00055652070573236894,"pour":0.0026920863911135797,"d":0.0027409204808401585,"mal":0.0087866872733031245,"est":0.0063450862964230404,"?":0.0011815013955041517,"si":0.0072659959570355974,"Bonjour":0.0014147388141234824,"taux":0.0059468212390868394,"int\u00e9r\u00eat":0.0085679359859485923,"je":0.0033138918621977271,"pas":0.0023635547579402682,"il":0.0041310595465049093,"calcul\u00e9":0.0091751317958382057,"moi":0.0085917526673820969,"mais":0.0065766303052205823,"n":0.0047620068440990797,"int\u00e9ressant":0.0098398307658910545,"plus":0.0070021036946348479,"pourquoi":0.0069172837962568241,"moins":0.0095394024818857628,"comprendre":0.0082910332194043642,"compte":0.0084506024483844908,"TAE":0.018284937915951149,"\u00e9lev\u00e9":0.01968491707869453,"choisir":0.0096573155030654709,"Le":0.0088116232815523641,"dois":0.0098089229898429085,"client":0.010160436696450665,"St\u00e9phane":0.010193713728180523}