{"'":0.0023026022250068295,"ai":0.0039516551081097686,"que":0.0031551481316816634,"le":0.0013429044799240712,"en":0.0037596840695127741,"au":0.0053258134563988445,".":0.0017570251280947613,"j":0.0046996026620468416,"l":0.0025208121499239785,"r\u00e9sultat":0.0078016333266865134,",":0.00050534165180475142,"la":0.0011283206835925909,"Merci":0.0027310881149609622,"d":0.0024888584898750108,"un":0.0038896466063870574,"pourrait":0.0086357755602383072,"Bonjour":0.0012846358488326653,"-":0.0020646007372170862,"quiz":0.0070656130319606235,"je":0.0030091379715001328,"pas":0.0021461962748298953,"ce":0.0039964961700423253,"il":0.0037511568454355122,"qui":0.0053750877598933199,"\u00e0":0.0025016117109680435,"n":0.0043240806311702958,"avance":0.0049169961595118081,"quelqu":0.008991616750419297,"m\u00eame":0.0066807071576755559,"correction":0.0087692043046205172,"formatif":0.0084054864691385511,"quelque":0.0087963899237392621,"chose":0.0084054864691385511,"concerne":0.0087421880674055756,"tous":0.0080012840821816027,"puisque":0.0087963899237392621,"A":0.0080012840821816027,"donner":0.0087963899237392621,"manqu\u00e9":0.0092260571985100046,"quelques":0.0087153391144654865,"indications":0.0091960495213379585,"\u00e9vidence":0.0091662480841262755,"aboutis":0.0092260571985100046}