{"J":0.0022260013192363787,"'":0.0022449253374991159,"ai":0.0079225739933380789,"a":0.0019946710349140742,"que":0.0012886751880664543,"les":0.0025533093352793669,".":0.0014315672342380271,"j":0.0075721142693432695,"l":0.0020496017160727869,"du":0.0026139916410808268,"r\u00e9sultat":0.0031864656982474853,"apr\u00e8s":0.0031341166201782913,"avoir":0.0055145297467744823,"une":0.0067511310786476392,",":0.0010131467749102002,"la":0.0031385898543248112,"\u00e9tait":0.0034433084959043427,"et":0.0021933046018147054,"Merci":0.0011154739312659544,"de":0.003190467256744853,"pour":0.0039386625991509935,"d":0.0020236210905536876,"\u2019":0.0032404094073840389,"des":0.005109583884379037,"2\u00e8me":0,"un":0.001588670598906644,"dans":0.0029678079391249469,"question":0.0050071475383263245,"si":0.0026947757666019386,"(":0.0029881673119399126,")":0.0029207550300351182,"Bonjour":0.00052469116345703565,"on":0.0016139970857415565,"4":0.0035058213925612935,"2":0.0056278103329208381,"savoir":0.0030257383721184351,"trouver":0.0028270544474465549,"je":0.0036530297521164094,"calculer":0.0026032638679846444,"temps":0.0032042649924109378,"pas":0.003458003709269505,"ce":0.0032494390383845527,"il":0.0015321064341539772,"obtenu":0.0036841873401513153,"o\u00f9":0.0028635715115240038,"peut":0.0028562076137548663,"\u00eatre":0.0030176699533254196,"mais":0.0048555249535511867,"pense":0.0034535752774793602,"qu":0.0023320818181755392,"\u00e0":0.0030369036232171633,"chacune":0.0036959549240564845,"n":0.0052493422853391739,"fois":0.0033928488187485533,"tr\u00e8s":0.0032680101976330384,"quizz":0.0032222449931570561,"suis":0.0029389452211756417,"surtout":0.0035927598217833107,"compris":0.0029621973914450315,"y":0.0027218146866489282,"eu":0.0034742891377251301,"avec":0.0023989204999254467,"encore":0.0034229517791132601,"votre":0.0026289311993108488,"bonne":0.0033341357668861434,"aurait":0.0035271591791344189,"m\u00eame":0.0027286394151788372,"correction":0.003581656243957987,"actualisation":0.003373060737333003,"vu":0.0034639019240082225,"En":0.0029936829293669121,"effet":0.0034128604990359213,"Je":0.0015850819150811653,"raisonnement":0.0031953429843127852,"plusieurs":0.0034847376332933521,"certificatif":0.0032866526314752967,"rentes":0.0036264944581684286,"VA":0.0062907988044529463,"t=0":0.0034952481381002802,"notion":0.0035596557764185212,"part":0.0035271591791344189,"erreur":0.0032960479578171414,"2e":0.0029544126981992233,"mon":0.0030501665506095224,"02":0,"arrive":0.0029466620737418187,"2\u00b0":0,"p\u00e9riode":0.0035164581504327471,"Le":0.0032680101976330384,"cependant":0.0037078012214824953,"04":0,"sens":0.0036608841768106483,"reponse":0.003719727292556044,"faux":0.0037438231045524174,"enfin":0.0037078012214824953,"demandes":0.0037805928999698445,"\u00e9l\u00e8ves":0.0037805928999698445,"imagine":0.0036841873401513153,"int\u00e9ress\u00e9":0.0037805928999698445,"retour":0.0035927598217833107,"refait":0.0037682512830435051,"p\u00e9riodes":0.0037078012214824953,"double":0.0037682512830435051,"ramener":0.0037805928999698445,"somm\u00e9":0.0037805928999698445,"correspondait":0.0037682512830435051,"propositions":0.0036959549240564845,"subtilit\u00e9":0.0037682512830435051,"COC":0.0034229517791132601,"Aur\u00e9lien":0.003719727292556044,"2X3":0,"2min54":0,"2i\u00e8meann\u00e9e":0,"2eme":0,"04\u20ac":0,"2\u20ac":0,"4\u00e8me":0,"2^2x4":0,"2x0":0,"+2x0":0,"02+":0,"4ans":0,"4e":0,"2=":0,"4min25":0,"2x":0,"2M":0}