{"le":0.0026556287617228399,".":0.0017570251280947613,"la":0.0011283206835925909,"et":0.0026975528198388454,"de":0.0022681643271609542,"\"":0.011837603740848199,"dans":0.0036501171193014988,"est":0.0029168016459915876,"?":0.0010728475340876431,"(":0.0036751571814532501,")":0.0035922465857276989,"Bonjour":0.0012846358488326653,"-":0.0020646007372170862,"ainsi":0.0084054864691385511,"pas":0.0021461962748298953,"ce":0.0039964961700423253,"il":0.0037511568454355122,"qui":0.0053750877598933199,"merci":0.0067312253063322161,"possible":0.0078233681694170228,"vid\u00e9o":0.0068514414984539324,"votre":0.0064365849817211813,"probl\u00e8me":0.0084808986663747806,"ne":0.0035270409653009997,"ci":0.0083069346804253083,"indiqu\u00e9":0.0089349350015125294,"sa":0.0086621348635764015,"solution":0.0083559305920834163,"excel":0.0085835328554327382,"aide":0.0080469275778057049,"Le":0.0080012840821816027,"ici":0.0083806377361156249,"fonctionne":0.0090780533410907954,"telechargement":0.0092562739901016055,"tableur":0.0089349350015125294,"reprend":0.0091662480841262755,"trait\u00e9":0.0092260571985100046,"dessous":0.0089349350015125294,"t\u00e9l\u00e9chargeable":0.0092562739901016055,"fichier":0.0089068695828481374,"Serait":0.0089349350015125294,"corriger":0.0091072527244687486,"bug":0.0092562739901016055}