{"'":0.00064413011889732626,"correctement":0.012229481044492927,"en":0.0050323679579150635,"du":0.01253176582906605,",":0.0019698001433272466,"la":0.0029754435939841587,"Merci":0.0036555838378604221,"bien":0.0077510867568921565,"pour":0.0032720037840623375,"Quiz":0.011884593765741833,"est":0.0039041629220681272,"fait":0.0093843750559051593,"question":0.0055207784120578562,"?":0.0014360152221435211,"si":0.0088312048026690081,"Bonjour":0.0017194956181763182,"je":0.0040277558509551111,"qui":0.0071945990444282166,"c":0.0093843750559051593,"m\u00eame":0.0089421813149468017,"calcul":0.0074488248565932596,"comprends":0.0072781097623438413,"r\u00e9soudre":0.011217552334280999,"Pour":0.0099158214106870937,"8":0.017935286510668107,"BV":0.012190132454717277,"confirmation":0.012349153217464409,"exactement":0.011997294292516485,"logique":0.011959483769468001,"TRI":0.011086385288217076,"pr\u00e9vaut":0.012389598640799216,"Certificatif":0.012349153217464409,"08":0,"08+0":0,"8min25":0,"8+50":0}