{"'":0.0019950876913831968,".":0.0018856372151798352,"du":0.0068230351893462018,"avoir":0.014394013325681966,",":0.0010724758088543561,"la":0.0023946109200802795,"vous":0.0066489520062206252,"est":0.0061902659188702424,"on":0.0083865133484404084,"quiz":0.01499519983053295,"il":0.00796100016212869,"qu":0.012117763700173182,"merci":0.014285535892811752,"correction":0.018610695251458718,"s":0.014072343446990297,"quand":0.017629630288087939,"bonjour":0.018107095071983912,"certificatif":0.017077822760064153,"pourra":0.019516579750430363,"plait":0.017891824538476313}