{"J":0.0063221719637465493,"'":0.0011019690123431779,"ai":0.0045839897024608839,"r\u00e9pondu":0.010530702173008284,"au":0.0061780376509218762,".":0.003013049585928173,"r\u00e9ponse":0.013773043272290142,"la":0.0025837432856388471,"de":0.0026264496908719073,"d":0.0028871197957168688,"question":0.0047845806549807642,"si":0.0076535605136293502,"me":0.006607955613908977,"je":0.0034906531813295779,"pas":0.002489625575645471,"\u00eatre":0.0085706276136884932,"mais":0.0069274244459268958,"\u00e0":0.0029019137573770581,"par":0.0058614113978654502,"plus":0.0073755923711605912,"cette":0.0073396640517001017,"bonne":0.0094694371861213621,"veux":0.010397450848364886,"ne":0.0040914297991028947,"flux":0.0087807253937383142,"donc":0.0084352846501181498,"semble":0.0096361909104712932,"La":0.0089999828172950044,"d\u00e9faut":0.010633009632243817,"s\u00e9quence":0.010667579825633553,"juste":0.010048229394937028,"correcte":0.010203967635358573,"erron\u00e9e":0.010702389261019027,"vue":0.010530702173008284,"Difficile":0.010702389261019027,"explicite":0.010702389261019027,"d\u00e9voiler":0.010702389261019027}