{"'":0.0015986832701417205,"que":0.0021613501674731619,"le":0.00091992093602190188,".":0.0012078450667990836,"sur":0.0032558734110973695,"l":0.0034268569967914626,",":0.0013531282833292775,"la":0.0030212483459100535,"Merci":0.0018708591509168488,"de":0.00078570163155627004,"pour":0.0016745500835867607,"d":0.0033834183678895817,"des":0.0057217637671883566,"dans":0.0025004154853718688,"est":0.0019980772575295281,"?":0.00073492562019191127,"(":0.016843174005511441,")":0.016463196355098714,"Bonjour":0.00088000556269814047,"on":0.0027069760509649994,"serait":0.0056738037717089778,"comment":0.0038033152293116016,"ainsi":0.0057579545649043941,"ou":0.0041697909380346981,"qui":0.0073070328143705846,"\u00e0":0.0017136624541212271,"int\u00e9ressant":0.0061206391763254766,"avec":0.0040234399422620767,"c":0.0048027469010946911,"calcul":0.0038121686615976546,"permet":0.0059702108644247697,"actifs":0.0058799204982850966,"flux":0.010290140237562263,"ces":0.0050611989114065928,"formule":0.0086013591135018861,"Quel":0.006218678581863972,"semble":0.0056904442876843462,"fonction":0.011775529352829106,"pouvoir":0.0058977603376951585,"annuel":0.0059702108644247697,"Ce":0.0058445590766897119,"BV":0.0062386808415107855,"\u00e9ventuellement":0.0062790940408771088,"projets":0.0059519318877677653,"cible":0.0061399898918838456,"r\u00e9els":0.0062790940408771088,"TRI":0.0056738037717089778,"parait":0.0062386808415107855,"XIRR":0.012583217392123055,"PAIEMENTS":0.0063200646812383897,"lever":0.0063407638892759525,"contrainte":0.0062588187107329388,"espacement":0.0063407638892759525,"li\u00e9e":0.0062386808415107855,"IRR":0.0063200646812383897,"condition":0.0062995087214626705,"rarement":0.0063407638892759525,"remplie":0.0063407638892759525,"d\u00e9taill\u00e9":0.0062588187107329388,"solver":0.0062790940408771088,"expliciter":0.0062588187107329388,"fonctionne":0.006218678581863972,"irr\u00e9guliers":0.0063407638892759525}