{"J":0.0016873195693196132,"'":0.0023989441501723898,"a":0.0015119701154175846,"certaines":0.002810530930997274,"que":0.005759288345702755,"le":0.0036394048466357226,"en":0.0023197417923189476,"les":0.0019375937951514629,".":0.0024079140349046284,"sur":0.0014714915409823192,"l":0.0030889507225674729,"du":0.0049073274088900281,"une":0.0038643080140756412,"r\u00e9ponse":0.0018621246078004685,",":0.0026587069524967827,"la":0.001382620672855876,"et":0.0008351521359583697,"Merci":0.00084553453631222206,"de":0.0027724366933011618,"bien":0.0017928221147679921,"pour":0.00075681268029356545,"d":0.002295363217251037,"des":0.0013030769539979518,"vous":0.00096994347952302678,"exemple":0.0065843693352231432,"un":0.004766291964950169,"dans":0.0033663402754263191,"est":0.0044522211550986606,"question":0.001276953018113245,"?":0.00098943944683127548,"si":0.002042652826223628,"(":0.0056097789762513447,"capital":0.0026899747992356056,")":0.0054832238130716965,"Bonjour":0.0003977183932010599,"-":0.00063919256850402772,"on":0.0024381887769364696,"taux":0.0033317848326839213,"rentabilit\u00e9":0.0024912983001045478,"projet":0.006905889379519181,"serait":0.0025642748353810786,"comment":0.0017189077955383329,"1":0.0014983411894806881,"risque":0.0022277344321382361,"je":0.0018566515117445304,"valeur":0.0019927423315785706,"ou":0.0018845364417637955,"pas":0.00066445423790336127,"ce":0.0036857902303077438,"cas":0.0044281181186111886,"il":0.0011613439517256549,"o\u00f9":0.0021706008023382991,"r\u00e9f\u00e9rence":0.0027837704899066071,"peut":0.0021650189328645663,"\u00eatre":0.0022874081529028461,"qui":0.0033164530538924855,"mais":0.0018488549346052121,"pense":0.0026178264583456607,"qu":0.001767729091199248,"\u00e0":0.0053091171756342375,"Dans":0.0018098152236252414,"cela":0.0023691743577421254,"n":0.0026679769810505744,"plus":0.0097051474698195833,"parler":0.0028378356894007742,"probl\u00e8me":0.0026256541054467744,"Car":0.0027575330878090629,"c":0.0021706008023382991,"donn\u00e9es":0.0026574292616489904,"1+r":0,"%":0.0016114554492035237,"toujours":0.0024771672467354599,"01":0,"esp\u00e9r\u00e9e":0.0055303239345460041,"base":0.0026574292616489904,"cadre":0.0028015513813006254,"cet":0.002633527662764007,"Je":0.0023945080012955544,"viens":0.0027575330878090629,"li\u00e9":0.0028015513813006254,"emprunt":0.0079887007757197172,"VAN":0.002126582508846737,"Mais":0.0026023067748084392,"ci":0.0025717955142907306,"se":0.0023562662037282141,"flux":0.0046704001313267593,"10":0.0037683425784268221,"cr\u00e9ation":0.0028195709494975318,"Pour":0.0022935240526578346,"correct":0.0026982359802252961,"certainement":0.0028470621014876577,"suppose":0.0027575330878090629,"1+7":0,"compr\u00e9hension":0.0026899747992356056,"1+3":0,"1+TAP":0,"\u00e9lev\u00e9":0.0028015513813006254,"m\u00eames":0.0027149124390812396,"celui":0.0026736034051859539,"appliqu\u00e9":0.0028015513813006254,"1+6":0,"1\u00b0":0,"1=1":0,"intuitivement":0.0028470621014876577,"entreprise":0.002610044189163808,"BV":0.0028195709494975318,"plut\u00f4t":0.0027317986702126802,"ici":0.0025946137011798771,"clairement":0.0028015513813006254,"autant":0.0027749675883678962,"10i\u00e8me":0,"1mais":0,"d\u00e9finir":0.0028195709494975318,"1+TEG":0,"comparer":0.0027403221126512892,"sera":0.0027233290037940398,"sais":0.00264144767201551,"peux":0.0027489000183503198,"indications":0.0028470621014876577,"lors":0.0025717955142907306,"quels":0.0028286722567267401,"COC":0.01279224889125688,"TRI":0.005110427435731868,"L":0.0027149124390812396,"proprement":0.0028657073689148669,"con\u00e7oit":0.0028657073689148669,"bas":0.0028563523646851288,"avantageux":0.0028470621014876577,"positive":0.002810530930997274,"concevoir":0.0028563523646851288,"r\u00e9mun\u00e9ration":0.0028657073689148669,"propre":0.0028563523646851288,"leverage":0.0028657073689148669,"incluant":0.0028470621014876577,"sp\u00e9cifique":0.0028378356894007742,"\u00e9tudi\u00e9":0.0028563523646851288,"d\u00e8s":0.0027837704899066071,"essentielle":0.0028657073689148669,"pr\u00e9cis\u00e9ment":0.0056556158353663925,"pourraient":0.0028470621014876577,"\u00e9l\u00e9ments":0.0028015513813006254,"\u00e9tablir":0.0028378356894007742,"occurrence":0.0028657073689148669,"d\u00e9pendra":0.0028657073689148669,"d\u00e9finiront":0.0028657073689148669,"approfondi":0.0028563523646851288,"tard":0.0028015513813006254,"aideraient":0.0028657073689148669,"meilleure":0.0028378356894007742,"intuitive":0.0028286722567267401,"math\u00e9matique":0.0028378356894007742,"1+TRI":0,"1er":0,"1+2":0,"1\u00e8re":0,"10+1":0,"1+TAE":0,"1min45":0,"1+n":0,"1+0":0,"1+5":0,"1=5":0,"1+TAEG":0,"1=9":0,"1+r2":0,"1+2r+r":0,"1+1":0,"+10":0,"1x":0,"1\u00e8res":0,"1+taux":0,"1X4X":0,"1X08":0,"1=r":0,"1+rn":0,"1+4":0,"1+i":0,"1+R":0,"1+":0,"1\u20ac":0,"1+x":0,"1+9":0,"1=":0,"1\u2212":0,"1+F3":0,"1+tri":0,"1+A2":0,"1+12":0,"1+41":0,"10^7":0,"1x4":0,"1+11":0,"1USD":0,"1^3":0,"1=16":0,"1+15":0,"1+TMEG":0,"10\u00e8me":0,"1\u00b2=4":0,"1M":0,"1EUR":0,"10H":0,"1+g":0,"10min15":0,"1ere":0,"1+rd":0,"10^1":0,"10^2":0,"1an":0}