{"'":0.00057353114086510588,"que":0.0037603146518637308,"les":0.0037426470551064498,".":0.0030934822819789183,",":0.00060226763948024694,"la":0.0013447358480290204,"et":0.0063441601417201622,"de":0.0013669628372103974,"des":0.0050162463655828021,"dans":0.0043502201202237859,"?":0.0012786227883048475,"comment":0.0066170036663503618,"\/":0.012410775282507638,"qui":0.0064060451094597069,"n":0.0051534517793189833,"sont":0.0082282081243006521,"plus":0.0075776883413780291,"pourquoi":0.007485896105346378,"encore":0.0099880682477754557,"ses":0.010716234800844021,"VAN":0.0081863636283227275,"directement":0.010750345598077466,"quel":0.009757068137464903,"rien":0.010451163005863594,"\u00e9t\u00e9":0.0096453282810898232,"ont":0.010047468522664121,"TRI":0.0098712775817812459,"DRS":0.010854050088543026,"DRA":0.010648681328863679,"m\u00e9thodes":0.021769095335954104,"risqu\u00e9es":0.011031654063130373,"apporte":0.010995641603679334,"introduites":0.011031654063130373,"but":0.010959878367397207,"utilis\u00e9es":0.010959878367397207,"apprendre":0.010995641603679334}