{"'":0.00093048994921038331,"que":0.0020638418868740606,"le":0.0017438241880877985,".":0.0022740615550653665,"l":0.0032733923122451603,"une":0.0027407990230124976,"autre":0.0052337907915542435,"r\u00e9ponse":0.0078103532185934627,",":0.0019126313367674552,"la":0.0021816830888145284,"de":0.0014893948556631725,"pour":0.0031743172979090827,"d":0.0032318989922627329,"\u2019":0.010302289416359956,"des":0.0027531577334993533,"\"":0.015321032773362254,"est":0.0037876031677413296,"r\u00e9solution":0.0052486796423796955,"pourrait":0.0056488236314165404,"(":0.0024039896116974163,")":0.0023497562276588442,"on":0.0025848521192093554,"sans":0.0046822289027661172,"calculer":0.0041691848055162789,"ou":0.0039816728112524831,"pas":0.0027869361018468776,"il":0.0048710523631222248,"peut":0.0045742798227693671,"\u00eatre":0.0048328653396197208,"moi":0.0051031954677406514,"\u00e9nonc\u00e9":0.0054337226112584607,"qu":0.0037348807399556262,"Dans":0.0038238008613699472,"par":0.0033051735838753589,"suis":0.0047067859355555876,"y":0.0043590465701783777,"avec":0.0038419243707605911,"Donc":0.0058261513433947249,"accord":0.0059381258675275791,"1000":0.0097398851083898615,"ne":0.0068197682976550815,"exercice":0.0047191446460424441,"Je":0.0025385438322743314,"flux":0.0049513367427538538,"donc":0.0094426244455149203,"montant":0.010692835433845065,"rente":0.0054337226112584607,"\u00e9crit":0.0059572257347830018,"exacte":0.0059572257347830018,"51":0,"avait":0.0058815860637081805,"autant":0.0058629871802161676,"ca":0.0059003077129962684,"argent":0.0058079112833036815,"50":0,"indique":0.005919153759537471,"Rebonjour":0.0060153093939807221,"gagner":0.006034937981448169,"SUPPLEMENTAIRE":0.006054703354600538,"semaine":0.0059572257347830018,"mot":0.006034937981448169,"rentr\u00e9e":0.006054703354600538,"connaitre":0.0060153093939807221,"250":0.015048914252366801,"aucune":0.0058445094629487994,"convient":0.006034937981448169,"1000x":0,"50\u20ac":0.010300982135483801,"1000+413":0,"1000\u20ac":0,"1000k":0}