{"'":0.0012316833059343383,"que":0.0040971072114805952,"le":0.0034370955628325261,".":0.0033628066924702468,",":0.0012933961983884188,"et":0.0069042489366769374,"Merci":0.0035464454738711672,"de":0.0014893948556631725,"d":0.0063701064371690349,"?":0.0027458985759113322,"(":0.0047723632498456745,")":0.004664699968922552,"Bonjour":0.0016681596491552129,"-":0.0026809804853034813,"taux":0.0070120697423079288,"\/":0.0068525514806021771,"ce":0.0051896369347982935,"Est":0.0088743491475496115,"n":0.0056150206575400347,"plus":0.0082563839529824126,"r":0.010661812666438949,"entre":0.010102702311987902,"annuel":0.011317274893633477,"diff\u00e9rence":0.010600275244734648,"k":0.011713200238166667,"proportionnel":0.011864366848557881,"Taux":0.023234814779666494,"Liaison":0.012019704094232957,"claire":0.011750613120269187,"\u00e9quivalence":0.02369096144614781,"indice":0.011639112089766285,"=TAP":0.012019704094232957,"infiniment":0.011980466179063579}