{"'":0.00076126851716025955,"en":0.0059475301351922328,".":0.0027617386441865766,"l":0.0039877303384096598,"r\u00e9ponse":0.0095147722950807857,",":0.00079941150562315021,"et":0.0042673204425241681,"Merci":0.0043203706921312321,"de":0.0052565438554283634,"Bonjour":0.0020321948021208782,"on":0.012283040352576791,"comment":0.0087829870258279725,"je":0.0047602241133967325,"pas":0.0033951169259395513,"\u00e0":0.0039573567253113279,"pourquoi":0.0099362992201902905,"votre":0.010182180853157028,"co\u00fbts":0.01431489780779524,"ne":0.005579506692939675,"comprends":0.0086016717181210886,"doit":0.012515246057707938,"annuels":0.014453475512553429,"passe":0.014179064397165826,"raisonner":0.014642711323044665,"I0":0.01459491068999755,"250000":0.043930116386732075,"25000":0.043930116386732075}