{"'":0.00090046473180683596,"a":0.0023216723377730321,"que":0.0059038306436026318,"le":0.0012699146264036744,"en":0.0017873298593231168,".":0.0016625314465399891,"l":0.0023838003874896234,"du":0.00152837019709599,"une":0.0019919291207743496,"autre":0.0038037594884570256,"r\u00e9ponse":0.0056877762433993001,",":0.00071297256713417629,"la":0.0026252133245457023,"\u00e9tait":0.0040077957444769087,"et":0.0050475902670258843,"Merci":0.0012983418941753791,"de":0.0010846301620412112,"pour":0.0011621070064788673,"nous":0.0095448817005784718,"d":0.0011831874732921182,"des":0.0020009110545488773,"vous":0.0058622579719411717,"un":0.0018491132215562342,"dans":0.0051498493417168291,"est":0.004115234811808679,"comme":0.0032989454659497716,"question":0.0039003958220285772,"(":0.0051851776732125101,")":0.0050682014056399535,"me":0.0027080449928147577,"Bonjour":0.00061070770004168808,"ma":0.0037088467909709741,"1":0.0023007447413750629,"3":0.0034569134077773625,"sans":0.0034029011332979563,"ainsi":0.0039959147286475804,"vos":0.0037191793967648878,"je":0.0014305250249343877,"temps":0.0037295640562081227,"pas":0.0010202880388480685,"ce":0.0037792776899440912,"Est":0.0032488697110085005,"qui":0.005082939752258351,"pense":0.0040197456361449864,"qu":0.0027143973877952381,"\u00e0":0.0011892502733680513,"trouve":0.0036579466606778497,"dont":0.0040682502396841005,"plus":0.0030226347083389007,"vid\u00e9o":0.0032571316480799915,"pourquoi":0.002986020059373957,"elle":0.0038037594884570256,"cette":0.0030079107133092683,"avec":0.0027921934332562686,"peu":0.0038363936878278255,"probl\u00e8me":0.0040317652068753819,"ses":0.0042745573310091932,"explication":0.0038807255155698835,"1+r":0,"ne":0.0016767328094020554,"01":0,"Je":0.0036699267889834073,"quand":0.0039490638360193319,"se":0.0036181125604552063,"tous":0.0038037594884570256,"expliquer":0.0035217702352550511,"d\u00fb":0.004301860386320599,"003":0,"1+7":0,"1+3":0,"1+TAP":0,"1+6":0,"1\u00b0":0,"1=1":0,"3\u00b0":0,"ici":0.00398410179924259,"m\u00e9thode":0.008092518534287713,"utilisez":0.0043435052479557168,"autres":0.0039723561803419339,"1mais":0,"avez":0.0038363936878278255,"pouvez":0.0039146114929915722,"1+TEG":0,"contradiction":0.0043717433681685434,"svp":0.003960677109214196,"Aur\u00e9lien":0.0043295299365284862,"TRI":0.0039375156235197818,"1+TRI":0,"3h":0,"1er":0,"permets":0.0042078411343289832,"r\u00e9poster":0.0044003736970187769,"associ\u00e9e":0.0043860088267621096,"rest\u00e9e":0.0044003736970187769,"perdre":0.0043860088267621096,"fil":0.0043717433681685434,"discussions":0.0043717433681685434,"r\u00e8gle":0.0043156487356562001,"invers\u00e9e":0.0087246004131933588,"expliqu\u00e9":0.0043156487356562001,"abord":0.0041817477411035852,"g\u00e9n\u00e9ralement":0.0043860088267621096,"applicable":0.0043860088267621096,"limites":0.0044003736970187769,"efforts":0.0043295299365284862,"consacrez":0.0044003736970187769,"1+2":0,"1\u00e8re":0,"1+TAE":0,"1min45":0,"3ieme":0,"3\u00e8me":0,"1+n":0,"1+0":0,"1+5":0,"1=5":0,"1+TAEG":0,"1=9":0,"1+r2":0,"1+2r+r":0,"3+":0,"3+1":0,"1+1":0,"1x":0,"1\u00e8res":0,"1+taux":0,"1X4X":0,"1X08":0,"1=r":0,"1+rn":0,"3M":0,"1+4":0,"1+i":0,"1+R":0,"1+":0,"3=":0,"1\u20ac":0,"1+x":0,"1+9":0,"1=":0,"1\u2212":0,"1+F3":0,"1+tri":0,"1+A2":0,"1+12":0,"1+41":0,"3^2x24":0,"1x4":0,"3x0":0,"1+11":0,"1USD":0,"1^3":0,"1=16":0,"3eme":0,"1+15":0,"1+TMEG":0,"1\u00b2=4":0,"1M":0,"1EUR":0,"3e":0,"3+2":0,"1+g":0,"1ere":0,"1+rd":0,"1an":0}