{"'":0.00068637549578745615,"le":0.0009655388783419847,"en":0.0053624166154687125,".":0.0012672576788114677,"j":0.0033789812684385974,"r\u00e9sultat":0.0056093195041766871,"une":0.0030126256213381893,",":0.0014186466440021884,"la":0.001609317556849405,"de":0.0016359177876515512,"bien":0.0041635732035830387,"\u2019":0.0057042797292165253,"vous":0.0022525551459157333,"*":0.0050409102285427342,"un":0.0027966285596798452,"m":0.0040386595584863986,"\u00e9clairer":0.0059033443356088624,"?":0.00077136983320922161,"(":0.010317276209133119,")":0.010084521125600602,"-":0.0043816581073426088,"1":0.0034796833299626287,"\/":0.0037941926230628752,"je":0.0021635490425519982,"pas":0.0015431000304788386,"D":0.0054720915954457059,"n":0.0031089835687468483,"merci":0.0048397036641881358,"par":0.0036329736467903247,"avance":0.0035352856644988691,"concernant":0.0061343848088876362,"contre":0.0063839275304864449,"cette":0.0045492125131894497,"Bonsoir":0.0058355673251796652,"1+r":0.0037768242233148204,"r":0.0059033443356088624,"ne":0.0025359176534249907,"comprends":0.0039095089152867482,"01":0,"Je":0.0027903111923886638,"utilisant":0.0063245425027595109,"VA":0.0055629024726880222,"formule":0.0045492125131894497,"diff\u00e9rent":0.0064039766008136181,"=":0.0048641557086840509,"obtiens":0.0060977065071125035,"13\u20ac":0,"CF":0.0052980397217771572,"1+7":0,"diff\u00e9rence":0.005869271650108622,"mensualit\u00e9":0.0065062027981252464,"retrouve":0.0064444657373245243,"1+3":0,"1+TAP":0,"1+6":0,"calculant":0.006548050670631262,"Pourriez":0.0053121786108244941,"mois":0.012096258909480174,"1\u00b0":0,"^":0.0061528870572076701,"1=1":0,"remboursement":0.0063245425027595109,"1mais":0,"1+TEG":0,"13":0.013294576346133295,"svp":0.0059901917255107242,"DRA":0.0064241554394894309,"1+TRI":0,"1er":0,"1+2":0,"16":0.016060850259141474,"fixe":0.0065904679193951729,"Alexandre":0.0066334702520852535,"1\u00e8re":0,"1+TAE":0,"1min45":0,"1+n":0,"1+0":0,"1+5":0,"1=5":0,"1+TAEG":0,"1=9":0,"1+r2":0,"1+2r+r":0,"1+1":0,"1x":0,"1\u00e8res":0,"1+taux":0,"1X4X":0,"1X08":0,"1=r":0,"1+rn":0,"1+4":0,"1+i":0,"1+R":0,"1+":0,"1\u20ac":0,"1+x":0,"1+9":0,"1=":0,"1\u2212":0,"1+F3":0,"1+tri":0,"1+A2":0,"1+12":0,"1+41":0,"1x4":0,"1+11":0,"1USD":0,"1^3":0,"1=16":0,"1+15":0,"1+TMEG":0,"1\u00b2=4":0,"1M":0,"1EUR":0,"1+g":0,"1ere":0,"1+rd":0,"1an":0}