{"'":0.0018619001128244419,"le":0.0013429044799240712,"les":0.003140323870931991,"l":0.0049849720127652028,"une":0.0041900627038201511,",":0.00099932634457002055,"de":0.0033647144564031158,"pour":0.002444515306750611,"des":0.0042089563809717756,"vous":0.0031329307028223506,"\"":0.011837603740848199,"est":0.0057680516068974192,"non":0.0074081140539928644,"question":0.0041245757108197296,"?":0.0010728475340876431,"me":0.0056964267484823951,"Bonjour":0.0012846358488326653,"je":0.0030091379715001328,"ou":0.0060870784779054887,"pas":0.0042441593135968542,"ce":0.0039964961700423253,"il":0.0037511568454355122,"existe":0.0088512778977286946,"n":0.0043240806311702958,"trouve":0.0076945638856423977,"par":0.0050528639448455381,"dit":0.0080699307725816422,"ne":0.0035270409653009997,"s":0.0066307708048560527,"solveur":0.0085835328554327382,"car":0.0072334827202858859,"mod\u00e8les":0.0091662480841262755,"solutions":0.0091366500712793345,"outil":0.018185428649752838,"libre":0.018244769616859512,"office":0.018304524113204757,"mod\u00e8le":0.0091366500712793345,"lin\u00e9aire":0.0090780533410907954,"savez":0.0092260571985100046,"lin\u00e9aires":0.0092562739901016055,"calc":0.0092562739901016055,"version":0.0090490492727754081,"logiciel":0.0092260571985100046}