{"J":0.0054500652829729181,"'":0.0014117198129572643,"que":0.0031551481316816634,"les":0.003140323870931991,".":0.0034376332337589157,"l":0.0025208121499239785,"r\u00e9ponse":0.0060146879477224391,",":0.00099932634457002055,"la":0.0043655237680514858,"Merci":0.0027310881149609622,"de":0.0011469705706050441,"pour":0.002444515306750611,"vous":0.0031329307028223506,"\"":0.011837603740848199,"dans":0.0036501171193014988,"est":0.0029168016459915876,"non":0.0074081140539928644,"question":0.0081564564355132776,"Bonjour":0.0012846358488326653,"-":0.0020646007372170862,"3":0.0072716864215695183,"je":0.0030091379715001328,"calculer":0.006373741968036222,"pas":0.0042441593135968542,"qui":0.0053750877598933199,"qu":0.0057097891382431806,"avec":0.0058734346742169916,"ils":0.008455615259195224,"ne":0.0069748158348221564,"comprends":0.0054374786499090466,"003":0,"propos\u00e9e":0.0090202379239447458,"Pourriez":0.0073883596141494125,"avoue":0.008963183258069711,"3\u00b0":0,"principes":0.0091072527244687486,"utilis\u00e9e":0.0088237470620940364,"amortissement":0.0087153391144654865,"tels":0.0091960495213379585,"3h":0,"r\u00e8gle":0.0090780533410907954,"lin\u00e9aire":0.0090780533410907954,"reformuler":0.0092562739901016055,"\u00e9nonc\u00e9s":0.0090490492727754081,"semblent":0.0092562739901016055,"coller":0.0092562739901016055,"3ieme":0,"3\u00e8me":0,"3+":0,"3+1":0,"3M":0,"3=":0,"3^2x24":0,"3x0":0,"3eme":0,"3e":0,"3+2":0}