{"'":0.00046007516043630411,"que":0.0030164488786740386,".":0.0024942780853752402,"du":0.0090253559971806441,",":0.00048312700238301395,"la":0.0031675369434129713,"et":0.0025789693031718036,"Merci":0.0026110303979747268,"de":0.0010965501292421664,"bien":0.0055362765668178623,"Bien":0.0071781986445658471,"vous":0.0029952081205312587,"\"":0.01132275940759165,"un":0.0037186590469275326,"veut":0.0083322157318431282,"dire":0.0072171236150127055,"est":0.0027885800245063177,"question":0.0039432607467710596,"?":0.0010256855165345347,"Bonjour":0.0012281636880390801,"-":0.0019738415816847044,"je":0.0028768572761333844,"ce":0.0038208115396230046,"peut":0.0066856290348059604,"\u00e0":0.0023916416996895363,"cela":0.0073160657554533076,"par":0.014184915200151296,"suis":0.0068792959614603286,"surtout":0.0084097035747417101,"avance":0.0047008466584732766,"votre":0.0061536348660291501,";":0.007804332843919147,"comprends":0.0051984489132654854,"Je":0.0037102588841855751,"total":0.0083322157318431282,"notion":0.016485230063592694,"CF":0.0070447694150071434,"aide":0.0076931873420173994,"cependant":0.008678985162792122,"Cash":0.0087350060003865138,"Flow":0.0087633028945217333,"perturb\u00e9":0.0088493712918828928,"incr\u00e9mental":0.0087350060003865138,"Quiz4":0.0088493712918828928,"Qu":0.0084621786918148562}