{"J":0.0077733980005906629,"'":0.0016755001532082865,"ai":0.0028412122364015126,"au":0.0038292224263342524,".":0.0018856372151798352,"r\u00e9ponse":0.0043245183417284705,",":0.0017594502727427074,"la":0.001609317556849405,"et":0.007572845502079463,"Merci":0.0019636331508266539,"de":0.0024341911774908658,"pour":0.0034865986756663398,"d":0.003549845112753238,"trouv\u00e9":0.0059726276244543323,"\"":0.016804697395631778,"un":0.013542599859005147,"fait":0.0050409102285427342,"?":0.00077136983320922161,"me":0.0040956907773499656,"Bonjour":0.00092364414230707329,"-":0.002944728624231611,"on":0.0028412122364015126,"fonds":0.0061343848088876362,"pas":0.0030611078886998971,"moi":0.0056093195041766871,"mais":0.0042937014217000018,"cela":0.0055020689388292666,"n":0.0031089835687468483,"avance":0.0035352856644988691,"proposition":0.013116274622587201,"y":0.0095048231374962374,"financier":0.0063839275304864449,"votre":0.0046278593425761166,"bonne":0.005869271650108622,"seconde":0.0065270565192999466,"ne":0.0025359176534249907,"mani\u00e8re":0.0062090619047730534,"Je":0.0027903111923886638,"journ\u00e9e":0.0063442120928730297,"investissement":0.0057528669935199041,"semble":0.0059726276244543323,"entre":0.0055937702465500214,"La":0.0055782981567725556,"implique":0.012947977322649115,"premi\u00e8re":0.0059901917255107242,"Quelle":0.0062855717491795979,"point":0.0062090619047730534,"Jos\u00e9":0.0066118949431995576,"logique":0.0064241554394894309,"vue":0.0065270565192999466,"intuitive":0.0065691871562786469,"difference":0.0066118949431995576,"poss\u00e8de":0.0065904679193951729,"terrain":0.013031553515160388,"construit":0.013073768997350054,"hotel":0.013202172449634623,"ach\u00e8te":0.0066551959127682057,"utilisation":0.0065270565192999466,"propres":0.0063442120928730297,"input":0.0066551959127682057}