{"J":0.0027406940934946666,"'":0.0016380201483084135,"ai":0.0019871831348810451,"a":0.004883684148968134,"questions":0.003745349965397,"que":0.0062393880214500859,"le":0.0013429044799240712,"en":0.0018906459625193548,"au":0.0026782111268664707,".":0.0030242828069062195,"j":0.0023633062337590342,"sur":0.0023901270680004136,"l":0.0025208121499239785,"du":0.0016167172093621109,"une":0.0021070720271203851,",":0.00050534165180475142,"la":0.00056740271400992047,"seule":0.0045360397566809856,"et":0.0013565281691799039,"de":0.0017107169358187067,"pour":0.0036460165956309853,"nous":0.023027643356657492,"d":0.0024888584898750108,"des":0.0042089563809717756,"vous":0.0061954524743040532,"mal":0.0040122482611245607,"un":0.0038896466063870574,"est":0.0043504359240791012,"comme":0.0034896400869907397,"?":0.00053950673014515021,"si":0.0033178578839980571,"Bonjour":0.00064600948803069389,"int\u00e9r\u00eat":0.0039123602777461517,"projet":0.0074880442812612202,"savoir":0.0037253451798357046,"d\u00e9terminer":0.0041169326675508031,"vos":0.0039341655227769067,"calculer":0.003205186737823293,"ou":0.0030610312289569282,"pas":0.0010792655038983281,"il":0.0018863578464236685,"C":0.004303414308252004,"qui":0.0027029898745578574,"mais":0.0059718267218391722,"parler":0.0046094644154368973,"encore":0.0042144016907191134,"votre":0.0032367888320150562,"prendre":0.004329528468661613,"permet":0.0043827141866434952,"comprendre":0.003785918695269072,"ne":0.0017736558810248315,"Je":0.0019515822406872762,"VAN":0.0034541839182695563,"faire":0.0036471123464040527,"Quel":0.0045651136051686634,"A":0.0040236347430403765,"examen":0.0043962158169761276,"faut":0.0038693932454867959,"quel":0.0041169326675508031,"moment":0.0043692956437927982,"avoue":0.0045073484699438256,"clairement":0.0045505282241517344,"Vous":0.0044372296844085732,"TRI":0.0041651226141233132,"d\u00e9cision":0.00452164692335564,"efforts":0.0045797972049794146,"poser":0.00452164692335564,"choses":0.0045945803553794481,"aident":0.0046547360692534004,"d\u00e9montrez":0.0046547360692534004,"tres":0.0046094644154368973,"meilleur":0.0046094644154368973,"insistez":0.0046547360692534004,"IP":0.0045651136051686634,"disiez":0.0046547360692534004,"aller":0.0046094644154368973,"espagne":0.0046547360692534004,"espagnol":0.0046547360692534004,"donniez":0.0046547360692534004,"allemand":0.0046547360692534004,"tiens":0.0046395408416846249,"remercier":0.0045797972049794146,"disponibilit\u00e9":0.0046547360692534004,"grands":0.0046547360692534004,"bientot":0.0046547360692534004,"Emmanuel":0.0046547360692534004}