{"'":0.00095164465252096236,"que":0.0031551481316816634,"le":0.0026556287617228399,"les":0.003140323870931991,"sur":0.0047529377999983103,"du":0.0032149572460653921,",":0.00050534165180475142,"la":0.0011283206835925909,"et":0.0026975528198388454,"Merci":0.0027310881149609622,"de":0.0022681643271609542,"bien":0.0057908399475169554,"pour":0.0048340930081979469,"d":0.0024888584898750108,"des":0.0083233214195379719,"Bien":0.0075082591992069302,"vous":0.0091906605948352989,"un":0.0038896466063870574,"!":0.012182941774508264,"?":0.0010728475340876431,"-":0.0040828020020738003,"calculer":0.006373741968036222,"choix":0.008963183258069711,"ou":0.0060870784779054887,"il":0.01100426810377036,"\u00e0":0.0025016117109680435,"encore":0.0083806377361156249,"VAN":0.0068688905845598362,"se":0.007610772059948194,"tous":0.015822748718924522,"S":0.0088237470620940364,"faudrait":0.017837756613757954,"uniquement":0.0090202379239447458,"cash":0.0086095755285873436,"projets":0.0086886553868972573,"flows":0.0091366500712793345,"plait":0.0084304784233154208,"TRI":0.0082826427847019577,"efforts":0.0091072527244687486,"baser":0.0092260571985100046,"crit\u00e8re":0.0091366500712793345,"chacun":0.0091072527244687486,"d\u00e9ployez":0.0092562739901016055}