{"'":0.00144419860480164,"et":0.0080955117549377613,"nous":0.020302857960507108,"vous":0.0094021059182147742,"exemple":0.021425813521581859,"il":0.011257438265343263,"merci":0.020200795770072239,"plusieurs":0.025604760807221932,"S":0.026480574370383328,"doit":0.023742609194865795,"La":0.023283669750973478,"donne":0.025375789575877689,"plait":0.025300352480132873,"professeure":0.027778612653178318}