{"le":0.0033388385637658029,".":0.0022090524623564083,",":0.0012564215997091716,"la":0.0028053228408967258,"de":0.002851691709939872,"pour":0.006077753181936073,"?":0.0026674009755745269,"-":0.0099887490464805814,"on":0.0098249269869179496,"comment":0.013804072785534494,"t":0.01793729368249267,"valeur":0.016003162158742361,"merci":0.016735720946771289,"bonsoir":0.022716284037823626,"trouves":0.022938575324163036,"6601":0.076516867355658491,"liquidation":0.022863967791573132}