{"J":0.0036194199028221062,"'":0.00094448699228906799,"ai":0.0026243170319565899,"questions":0.0049461901786005975,"le":0.002635654826779681,"mes":0.0055329066827662686,"en":0.007378953315829502,"les":0.0061633644773761804,".":0.0028641172378370272,"j":0.003121033332116256,"sur":0.003156453505967092,"du":0.0042380358736651257,",":0.00066615381944092153,"Merci":0.0018137314263983535,"de":0.00076170979532462111,"pour":0.0032224203218912347,"vous":0.0020805974151143049,"un":0.0025831368270183958,"5":0.004584986918181131,"m":0.0037303524635786314,"\u00e9clairer":0.0054526891328133334,"question":0.0027391546051892951,"?":0.00071248425770274021,"Bonjour":0.00085313410348865067,"-":0.0013711133007912354,"utilis\u00e9":0.0054526891328133334,"quiz":0.0046923145147295675,"d\u00e9terminer":0.00543691033263464,"trouver":0.0045967165630252018,"je":0.0019983859456531652,"valeur":0.0042745733453562508,"qui":0.0035696268957279655,"trouve":0.010143163744858498,"sont":0.004584986918181131,"suis":0.0047786480335402998,"utilise":0.005615423040041697,"avec":0.007742506337035735,"peu":0.00535928773989765,"m\u00eame":0.0044366962955399826,"%":0.0034566859955937421,"soit":0.0054685548689688375,"accord":0.0060287877732909745,"ne":0.0023423283217840251,"Je":0.005115845553288683,"formatif":0.0055821322203881496,"7":0.0083736411634192411,"perdu":0.0060287877732909745,"A":0.0053136990754328378,"solveur":0.0057003738561703932,"car":0.0048037977464815305,"48":0,"sous":0.0058417334673831148,"tableaux":0.0061071497196290942,"pr\u00e9c\u00e9dentes":0.0059903922200923486,"Pouvez":0.0049594910051470806,"propositions":0.0060095260036289681,"Aur\u00e9lien":0.006048179252816639,"aucune":0.005933742055518239,"CA":0.011595617982533873,"t=2":0.012122459113609801,"TRI=COC=11":0.0061471451379520696,"plutot":0.0061270779917423262,"48M":0.016446264513811183,"priori":0.0061270779917423262,"excels":0.0061471451379520696,"bons":0.0061270779917423262,"05":0,"5i\u00e8me":0,"5eme":0,"0005+1":0,"5e":0,"007=>":0,"5=>":0,"5^2x18":0,"5x0":0,"5^2":0,"+7":0,"7e":0,"5\u00e8me":0,"5+5":0,"5xtaux":0,"5ans":0,"5min08s":0}