{"'":0.00073455175904179346,"ai":0.0030423701607233873,"questions":0.005734117191404358,"le":0.0010338990642270553,"les":0.0024177281110195157,"au":0.0041003315061767893,".":0.0026664293566657565,"j":0.003618213258774693,"du":0.0024751881745341546,"avoir":0.0052217071404594322,"r\u00e9ponse":0.004630694389462146,",":0.00038906137311078739,"la":0.00086869149396267555,"et":0.0041175586101260689,"Merci":0.0021026584456248325,"de":0.00088304999899291108,"bien":0.0044583543299855167,"pour":0.0018820267010212595,"d":0.001916166415515144,"vous":0.0024120361279302473,"2\u00e8me":0,"mal":0.0061427375126099646,"\"":0.0091371633599214939,"dans":0.0055715576955584255,"est":0.0022456388651686874,"?":0.00082598284400260105,"Bonjour":0.00098903817943605198,":":0.0038114294097706673,"-":0.0015895313494910118,"3":0.0055984546175900721,"2":0.0053289725053623678,"ou":0.0046864276918183847,"pas":0.0016523515658535012,"cas":0.0055254025281621143,"il":0.0028880070103600906,"mais":0.0045976956304328818,"avance":0.0037855840114664886,"6":0.0094637771075415256,"compris":0.0055837157535909539,"votre":0.0049555119436311013,"deux":0.0058277218452463401,"ces":0.0056882810396715255,"Ne":0.0069891723459644325,"Pour":0.0057034899373807884,"faut":0.0059240270026135996,"2e":0,"003":0,"02":0,"solution":0.0064332117057124836,"06":0,"2\u00b0":0,"3\u00b0":0,"Le":0.0061601701750597536,"plut\u00f4t":0.0067933825278407491,"chapitre":0.0069007341337768485,"COC":0.01279224889125688,"TRI":0.01264266888934747,"3h":0,"crit\u00e8re":0.0070342858334941803,"dites":0.0069446603895454793,"<":0.013991408599591576,"pourtant":0.0068789858661545914,"inverser":0.0071263840129093771,"s\u00e9lection":0.0070800173332019514,"6min15":0,"3ieme":0,"3\u00e8me":0,"3+":0,"3+1":0,"2X3":0,"06^":0,"2min54":0,"2i\u00e8meann\u00e9e":0,"3M":0,"2eme":0,"3=":0,"06=":0,"2\u20ac":0,"2^2x4":0,"3^2x24":0,"2x0":0,"+2x0":0,"3x0":0,"02+":0,"2=":0,"3eme":0,"2x":0,"2M":0,"3e":0,"3+2":0}