{"en":0.0079790973079049837,".":0.0018856372151798352,"du":0.0068230351893462018,",":0.0020950505889410168,"la":0.0023946109200802795,"Merci":0.0057961300531723502,"de":0.0047551223234069424,"un":0.0082549140278552011,"-":0.0043816581073426088,"taux":0.011460170040050621,"moi":0.016557240002959418,"\u00e0":0.0053091171756342375,"Bonsoir":0.017225064231852712,"VAN":0.014577699976439221,"fonction":0.018383464060486677,"SVP":0.018784878287509511,"repr\u00e9sentation":0.019266158973911436,"Aidez":0.019580264403638734,"tracer":0.019516579750430363,"grafique":0.019644392855919381}