{"'":0.0018758134248316656,"le":0.00090565802002573318,"en":0.0050323679579150635,".":0.0005992041966036807,"l":0.0066475200465588528,"du":0.0084780187776760142,",":0.0016535156400871104,"la":0.0036919495764718342,"et":0.0036106965703370008,"de":0.0015352295143598019,"d":0.0016784921681040818,"des":0.0028385303343251189,"vous":0.00211285602186415,"2\u00e8me":0,"est":0.0019670980646858071,"question":0.0027816238068685516,"?":0.00072353096444077844,"(":0.0049192280250940192,")":0.0048082515128162247,"Bonjour":0.00086636151468766451,"suivante":0.0056519223013334228,":":0.0033386736985794268,"-":0.0041139792899258067,"on":0.00528932276731435,"projet":0.010022808675344752,"comment":0.0037443467207165008,"2":0.0046679863199084598,"valeur":0.004340848435178778,"ce":0.0053493428964252318,"D":0.0051327230325939289,"\u00e0":0.0049847791802257145,"merci":0.0045395545806985668,"quizz":0.0053205185209773088,"avance":0.0033160340685953931,"6":0.016453281183840443,"compris":0.0048911321508587034,"%":0.0035102801572415064,"interpr\u00e9ter":0.0061817398147363724,"tous":0.0053960852822098893,"certificatif":0.0054268673657399966,"Au":0.0058417646429968252,"doit":0.0053354764611782176,"Pour":0.0049960499846149363,"expliquer":0.0049960499846149363,"2e":0,"ann\u00e9e":0.0099158214106870937,"02":0,"Romain":0.0061617788434890569,"06":0,"2\u00b0":0,"premi\u00e8re":0.0056186915922188949,"cash":0.0058063185007196389,"flows":0.0061617788434890569,"toutes":0.0058776457181123724,"estim\u00e9e":0.0061617788434890569,"200":0.015064787314003861,"croissance":0.0058239878652532684,"CA":0.0059323065793618051,"entend":0.0061419532019006164,"terminale":0.006063968022115309,"BFR":0.0058957527167284316,"pourriez":0.0057887552591354627,"phrase":0.0061817398147363724,"del\u00e0":0.006201837975865882,"horizon":0.0061617788434890569,"\u00e9valuation":0.0061419532019006164,"g\u00e9n\u00e8rera":0.0062424535028471236,"stable":0.0061817398147363724,"r\u00e9cup\u00e9ration":0.0061419532019006164,"6min15":0,"2X3":0,"06^":0,"2min54":0,"2i\u00e8meann\u00e9e":0,"2eme":0,"06=":0,"2\u20ac":0,"2^2x4":0,"2x0":0,"+2x0":0,"02+":0,"2=":0,"2x":0,"2M":0}