{"J":0.0023588990515983838,"'":0.0016109929306812431,"ai":0.0017103566659809426,"a":0.0021137577825531958,"que":0.0040567357156254032,"le":0.0022910298025633612,"en":0.0016272676978000347,"au":0.0023051203350790343,".":0.0033305866851827699,"sur":0.0040940682138424483,"l":0.0010910587453495102,"du":0.0027692881379561616,"une":0.00181354432011273,",":0.0020950505889410168,"la":0.0042295830727184782,"et":0.0011675557003389418,"Merci":0.0011820704578237333,"de":0.0019567614817010918,"pour":0.0010580359205470461,"d":0.0021438438416241891,"des":0.0018217218876830513,"vous":0.0026986324135360299,"2\u00e8me":0,"\"":0.010212384860459355,"est":0.004976139106714743,"question":0.0017852002182240164,"?":0.00092412549299699114,")":0.0030942762522406801,"Bonjour":0.00055601651138528514,":":0.0021427056385430309,"-":0.001778398247189173,"on":0.0034038622534016964,"taux":0.0023372022921683833,"t":0.0031225850187343888,"2":0.0029958365241159672,"sans":0.00616579266004083,"quiz":0.0030581409606457947,"valeur":0.0027858848326734699,"ou":0.0026346113125279313,"ce":0.0051385000240003345,"il":0.0032311577917221012,"peut":0.0030267302058768373,"qu":0.0024713128162166861,"\u00e0":0.0032164504330583835,"ann\u00e9es":0.0036166166321838235,"Dans":0.002530149885181133,"n":0.0037246607910948032,"par":0.0021869822375503892,"plus":0.0027519463167206687,"avance":0.0021281758979331726,"votre":0.0027858848326734699,"calcul":0.0024086537743408729,"t0":0.0038310130162324705,"base":0.0037151275188026887,"se":0.003294096870771829,"faire":0.0031390478329653164,"calcul\u00e9e":0.0078447721101443414,"faut":0.0033303636763785931,"\u00e9crit":0.003941804125087006,"quel":0.0035434193797954745,"2e":0,"02":0,"lorsqu":0.0038310130162324705,"compr\u00e9hension":0.0037606266875095289,"moment":0.0037606266875095289,"passe":0.0038794479311686104,"Q1":0.0039802371839668983,"2\u00b0":0,"nombre":0.0037377392235108517,"amortissement":0.0037721759472680236,"SRD":0.0038794479311686104,"pouvez":0.0070929721037785772,"diviser":0.0038917545246963271,"D\u00e8s":0.0038794479311686104,"lors":0.0035954102055555789,"Aur\u00e9lien":0.003941804125087006,"condition":0.0039802371839668983,"d\u00e8s":0.0038917545246963271,"aucune":0.0076963416989075219,"fixe":0.0039673385160932237,"lin\u00e9aire":0.026716906975959485,"d\u00e9gressif":0.0039932251166881734,"b":0.0039673385160932237,"dotations":0.0040063035583814237,"certif":0.0040063035583814237,"dotation":0.027152485523714208,"appliqu\u00e9e":0.0040063035583814237,"r\u00e9siduelle":0.0039673385160932237,"exc\u00e8de":0.0040063035583814237,"formalit\u00e9":0.0079731355040045058,"repasser":0.0039932251166881734,"r\u00e9gime":0.011901266033188028,"actualiser":0.0038672215114575977,"cad":0.0039802371839668983,"restant":0.0039545278944201276,"conserve":0.0039932251166881734,"=>":0.0039041423504524225,"passage":0.0039802371839668983,"d\u00e9gressive":0.0039932251166881734,"vers":0.0037954898966197563,"importe":0.003929166038352026,"d\u00e9gressive<dotation":0.0040063035583814237,"respect\u00e9e":0.0040063035583814237,"\u00e9clairage":0.0040063035583814237,"2X3":0,"2min54":0,"2i\u00e8meann\u00e9e":0,"2eme":0,"2\u20ac":0,"2^2x4":0,"2x0":0,"+2x0":0,"02+":0,"2=":0,"2x":0,"2M":0}