{"'":0.0023282391873592706,"que":0.0052792239010982312,"le":0.0033388385637658029,"les":0.0052544198068371897,".":0.00075046817248973561,"l":0.0021292028079239935,"du":0.002715512139960314,"apr\u00e8s":0.0064813874877630131,",":0.0012564215997091716,"la":0.0018879169130327522,"Merci":0.0023068123038196618,"de":0.00096878815805933563,"pour":0.0020647587148862122,"d":0.0021022131638516409,"des":0.0070424658994578029,"vous":0.0052420494875493754,"?":0.00090618016980068569,"-":0.0051331786163893584,"t":0.012071380742185356,"1":0.0040878187025793246,"ou":0.0051414480002410874,"il":0.0062764713568730255,"\u00e0":0.0041857205381893633,"ann\u00e9es":0.0070578328813666489,"Dans":0.0049375913652298349,"cela":0.0064636514815469177,"co\u00fbt":0.0071207996722830657,"1+r":0,"%":0.004396420367987511,"comprendre":0.0063590021299780777,"exercice":0.0060937294331854111,"01":0,"quelque":0.0074298666506287638,"concerne":0.0073840850779305122,"tous":0.006758280872016742,"total":0.0073614071223392641,"faudrait":0.0076189397597059552,"Pour":0.0062572600840798444,"part":0.0072942038033319218,"ann\u00e9e":0.012395326984237688,"1+7":0,"1+3":0,"1+TAP":0,"1+6":0,"1\u00b0":0,"1=1":0,"1mais":0,"toutes":0.0073614071223392641,"1+TEG":0,"50":0.013188734953139263,"correspond":0.0072942038033319218,"1+TRI":0,"1er":0,"efforts":0.0076924367704261868,"1+2":0,"CA":0.014718203390353308,"1\u00e8re":0,"dites":0.0076189397597059552,"fabrication":0.0078183075130102524,"biscuits":0.0078183075130102524,"farine":0.0078183075130102524,"insecte":0.0078183075130102524,"mati\u00e8res":0.0077927849140711639,"premi\u00e8res":0.0076432752520718475,"faites":0.0075947648988230042,"1+TAE":0,"1min45":0,"1+n":0,"1+0":0,"1+5":0,"1=5":0,"1+TAEG":0,"1=9":0,"1+r2":0,"1+2r+r":0,"1+1":0,"1x":0,"1\u00e8res":0,"1+taux":0,"1X4X":0,"1X08":0,"1=r":0,"1+rn":0,"1+4":0,"1+i":0,"1+R":0,"1+":0,"1\u20ac":0,"1+x":0,"1+9":0,"1=":0,"1\u2212":0,"1+F3":0,"1+tri":0,"1+A2":0,"1+12":0,"1+41":0,"1x4":0,"1+11":0,"1USD":0,"1^3":0,"1=16":0,"50\u20ac":0,"1+15":0,"1+TMEG":0,"1\u00b2=4":0,"1M":0,"1EUR":0,"1+g":0,"1ere":0,"1+rd":0,"1an":0}