{"'":0.0011964729071457885,"en":0.0047405943670317321,"les":0.0078077291421165471,"l":0.003178497889005713,",":0.00063718646133013217,"la":0.0028053228408967258,"Merci":0.0034436353412346898,"de":0.0014462178538491074,"pour":0.0030822950224130312,"vous":0.0077893476450243138,"dans":0.0090752186640070311,"est":0.0036778019634316041,"5":0.0087052706705868649,"m":0.0070826217111705269,"?":0.0026674009755745269,"(":0.0046340142177455097,")":0.0045294720552135582,"Bonjour":0.0016198003225979488,"comment":0.0070006503328136765,"fin":0.010382854119508475,"vid\u00e9o":0.0086389984831431073,"cette":0.0079779815178875127,"calculez":0.011520423275102457,"VA":0.0097556957350845956,"formule":0.0079779815178875127,"expliquer":0.0093409082000973313,"utilis\u00e9e":0.011125883144776205,"valeurs":0.01085583376122469,"Quelle":0.011023045219128107,"Pouvez":0.0094163216512018564,"Aur\u00e9lien":0.011483356092296854,"colonne":0.011595320179508891,"TRA":0.011195532348091284,"illustration":0.011373638928411343,"05":0,"5i\u00e8me":0,"5eme":0,"0005+1":0,"5e":0,"5=>":0,"5^2x18":0,"5x0":0,"5^2":0,"5\u00e8me":0,"5+5":0,"5xtaux":0,"5ans":0,"5min08s":0}