{"'":0.0012690295730114856,"que":0.0028298507545245128,"le":0.0012044503450118526,"les":0.0028165548825980912,".":0.00079689207777494935,"l":0.004476152077873205,"du":0.0057087306397198652,",":0.0013326136819971118,"et":0.0047899866953824838,"Merci":0.0024495115412143755,"de":0.0010287173214001014,"bien":0.0051938014035738233,"pour":0.0021924845352880203,"d":0.0022322559136783338,"des":0.0037750108373217476,"est":0.0026160779127375783,"comme":0.0062239422673895876,"!":0.0055255269995065845,"question":0.0073239206415630217,"?":0.00096223640764832254,"Bonjour":0.0011521892394227341,":":0.0044401601920576253,"-":0.0018517393511066737,"1":0.0043406908632228373,"ou":0.0054594975908055805,"ce":0.0035844553822012635,"Est":0.0061294670446351285,"\u00e0":0.0022436942711900935,"cela":0.013588319018789898,"avance":0.0044100513545690173,"6":0,"1+r":0,"01":0,"concerne":0.0078408640311785193,"titre":0.0078894776485558954,"ann\u00e9e":0.013154429264751789,"compte":0.0068823256352802484,"1+7":0,"Ma":0.015668138440149509,"1+3":0,"1+TAP":0,"1+6":0,"1\u00b0":0,"1=1":0,"1mais":0,"1+TEG":0,"1+TRI":0,"1er":0,"1+2":0,"1\u00e8re":0,"vers":0.0078650948805955231,"correspondent":0.0081682903364182144,"1+TAE":0,"r\u00e9investissement":0.016382511922172792,"dividendes":0.0160682027442355,"environ":0.0082212032444886549,"6min15":0.01161529475735373,"2012":0.024906966268468146,"2013":0.023330096751068823,"tient":0.008194656801820464,"dividende":0.0078167832189425489,"pr\u00e9c\u00e9dente":0.0081682903364182144,"continuez":0.0083019474337686864,"Eric":0.0082748460087591347,"1min45":0,"1+n":0,"1+0":0,"1+5":0,"1=5":0,"1+TAEG":0,"1=9":0,"1+r2":0,"1+2r+r":0,"1+1":0,"1x":0,"1\u00e8res":0,"1+taux":0,"1X4X":0,"1X08":0,"1=r":0,"1+rn":0,"1+4":0,"1+i":0,"1+R":0,"1+":0,"1\u20ac":0,"1+x":0,"1+9":0,"1=":0,"1\u2212":0,"1+F3":0,"1+tri":0,"1+A2":0,"1+12":0,"1+41":0,"1x4":0,"1+11":0,"1USD":0,"1^3":0,"1=16":0,"1+15":0,"1+TMEG":0,"1\u00b2=4":0,"1M":0,"1EUR":0,"1+g":0,"1ere":0,"1+rd":0,"1an":0}