{"'":0.00062489945411415887,"le":0.0034370955628325261,"en":0.004882125361854059,".":0.0011537542301138406,",":0.0019126313367674552,"Merci":0.0035464454738711672,"pour":0.0031743172979090827,"vous":0.0040682568424326195,"*":0.0091042022063440031,"m":0.0072940742040696034,"(":0.0047723632498456745,")":0.004664699968922552,"Bonjour":0.0016681596491552129,":":0.0064285412627935754,"-":0.0026809804853034813,"1":0,"cette":0.0082161650816940397,"avec":0.0076269292456543685,"raisonnement":0.010159008961617977,"r\u00e9soudre":0.010882649521480561,"expliquer":0.0096197820981253519,"=":0.008784972381427265,"\u00e9quation":0.011352139513017577,"inconnue":0.011902801250627003,"71":0.029006909811069424,"TAE":0.010914916761881133,"beaucoup":0.010569756915061134,"pouvez":0.010692835433845065,"svp":0.010818664537016362,"145":0.030901456456711676,"40":0.02471559028463682,"106":0.036060739581932899,"1+TAE":0.0070282729708724036,"^3":0.011676034307580185,"71^8":0,"40=":0}