{"'":0.0024246584142342876,"ai":0.011657987203028642,"a":0.0036945436339608515,"que":0.0047329827852980455,"le":0.0010159172964470432,"tout":0.0059515710963689555,"en":0.0028442291559042186,"les":0.0023756785271173749,".":0.0038680151479627959,"l":0.0037814264220302268,",":0.00075805421452943814,"la":0.00085358304744465236,"de":0.0033837386787431739,"pour":0.0054541048680751651,"d":0.001882840087342663,"vous":0.002370085540072943,"est":0.0022065822899299601,"comme":0.0052497063309543809,"fait":0.005303927170501278,"ma":0.0059019940402363141,"\/":0.0039921602312279897,"cours":0.0098237418493755373,"je":0.0045139554858572859,"pas":0.0047885073650670816,"ce":0.0030233792835063916,"qui":0.0040662941458838265,"n":0.012756699480071892,"exercices":0.0063588134649251128,"Je":0.011449131380109142,"Mais":0.0063588134649251128,"etre":0.006911944205831827,"video":0.0066135307456658653,"pouvoir":0.0065132083668777534,"Le":0.0060530313320082858,"situation":0.0068022254124064027,"interet":0.0069568803346601489,"peux":0.0067170183852384661,"remercie":0.0060875609782847307,"Mon":0.0068238775445303192,"peur":0.0069568803346601489,"Avec":0.0068238775445303192,"Monsieur":0.0070024405963176137,"Madame":0.0068022254124064027,"eleve":0.0070024405963176137,"document":0.0070024405963176137,"pratiquer":0.0069568803346601489,"materiel":0.0070024405963176137,"echec":0.0069795813671766271,"sentiment":0.0070024405963176137,"suffisamment":0.0069343353242182727,"outille":0.0070024405963176137,"rentrer":0.0069795813671766271,"contact":0.0070024405963176137,"echanger":0.0070024405963176137,"discuter":0.0070024405963176137,"attention":0.0069343353242182727,"portee":0.0070024405963176137}