{"'":0.0010737008417484185,"le":0.0029962348123112213,"une":0.0093487004672608252,",":0.0011274980997411383,"d":0.0055530416062812447,"dans":0.0081439954556430313,"est":0.0065078512753347882,"?":0.0023936945464039234,"Bonjour":0.0028662281710706908,"ou":0.013581246256473905,"il":0.0083694312549831597,"qui":0.011992681018035545,"possible":0.017455186432962195,"deux":0.016888711551593976,"obtenir":0.017852145307892375,"videos":0.020451366436347752,"tableur":0.019935269929834114,"fichier":0.019872651489221651,"apparait":0.020517858212170559}