{"'":0.00095164465252096236,"ai":0.0039516551081097686,"a":0.004883684148968134,"le":0.0013429044799240712,"les":0.0062100726577688703,".":0.00260646364020893,"j":0.009293587283815203,"sur":0.0047529377999983103,"avoir":0.0067823389675053585,"une":0.0082859586783984116,"la":0.0033100037724071146,"et":0.0026975528198388454,"de":0.0044376810245905637,"pour":0.002444515306750611,"\u2019":0.0079337072539835442,"question":0.0041245757108197296,"?":0.0010728475340876431,"si":0.0065977965619500051,"formation":0.008991616750419297,"quiz":0.013972434724426015,"je":0.0059506491076415959,"pas":0.0021461962748298953,"fin":0.0082344634885167765,"n":0.0043240806311702958,"merci":0.0067312253063322161,"plus":0.0063581725005153189,"concernant":0.0085319121023685902,"avec":0.0058734346742169916,"m\u00eame":0.0066807071576755559,"%":0.010293069504326416,"obtient":0.0087692043046205172,"formatif":0.0084054864691385511,"quand":0.0083069346804253083,"bonjour":0.0085319121023685902,"puis":0.0085835328554327382,"50":0.030877976668310093,"certificat":0.0087963899237392621,"atteint":0.0092562739901016055,"note":0.0091072527244687486,"rectificatif":0.0092562739901016055,"attestation":0.0091960495213379585,"suivie":0.0092562739901016055,"succ\u00e8s":0.0092562739901016055,"50\u20ac":0}