{"J":0.0055783138112309423,"'":0.0021305741005890962,"ai":0.006031826845050655,"que":0.00793532553755401,"le":0.003377459240988923,"tout":0.0040498308444406788,"en":0.0038481552939101334,"les":0.0032142205847858264,"au":0.0027416022019058875,".":0.0026664293566657565,"j":0.0024192437665780477,"l":0.0025801307876754786,"du":0.0032906101995278957,",":0.0027050323515858685,"la":0.0028377722887738101,"et":0.0041175586101260689,"Merci":0.001405899258559243,"de":0.0023209311459160774,"pour":0.0025020385608984894,"nous":0.0034825817141438697,"d":0.0012812052040379407,"des":0.0064245728419696875,"vous":0.0063395841467330863,"trouv\u00e9":0.0085024097971048204,"exemple":0.0036752040784633322,"dans":0.001878993549702342,"est":0.0044522211550986606,"5":0.0035540155587285532,"m":0.0028915525674736713,"\u00e9clairer":0.004226607918570973,"?":0.0032196773904065285,"(":0.0018918835786327808,")":0.0018492031742845221,"Bonjour":0.00066130000621319508,"-":0.0010628073952553001,"projet":0.0038546672461479349,"4":0.0044185987303614624,"1":0.0049535473322262534,"ailleurs":0.0045994922042568538,"je":0.0045931638010883787,"pas":0.0021966996173237389,"D":0.0039178445900481355,"Dans":0.0030092418130208765,"n":0.0022259339491869879,"plus":0.0065077902065911134,"avance":0.0025311527728189417,"6":0.0063277596256051828,"y":0.0034304676627920569,"avec":0.0030235045908783677,"m\u00eame":0.0034390692809125067,"prendre":0.0044320048796095924,"1+r":0,"%":0.0053275054423153187,"aussi":0.0043269446818857216,"comprendre":0.0038755283058398891,"comprends":0.0027990847898542123,"exercice":0.0073842749332346247,"01":0,"donc":0.0037432913616212743,"Pour":0.0038135210646543885,"1+7":0,"arrive":0.003713856423338097,"8":0.0068977233530373907,"solution":0.021015504391563175,"1+3":0,"1+TAP":0,"06":0,"1+6":0,"ensuite":0.0043788567225455091,"Pourriez":0.0038033519484779372,"1\u00b0":0,"1=1":0,"Ensuite":0.0046140337354259797,"sup\u00e9rieur":0.0046140337354259797,"projets":0.0044727133113719513,"juste":0.00445906117621412,"1mais":0,"1+TEG":0,"04":0,"svp":0.0042887879041856132,"loin":0.0047033303285091838,"reste":0.0045422552953732227,"donnez":0.0046881972729851951,"COC":0.01279224889125688,"TRI":0.01264266888934747,"d\u00e9voiler":0.0047493549928892664,"1+TRI":0,"1er":0,"1+2":0,"1\u00e8re":0,"probl\u00e8mes":0.0046582355192310776,"dites":0.009232498177394792,"vais":0.004673166124331816,"1+TAE":0,"6min15":0,"Eric":0.0047493549928892664,"1min45":0,"no":0.0047649098791128029,"chiffres":0.0092916740813927638,"L\u00e0":0.0047493549928892664,"dehors":0.0047493549928892664,"identiques":0.0047493549928892664,"affirmations":0.0047649098791128029,"05":0,"1+n":0,"1+0":0,"1+5":0,"1=5":0,"1+TAEG":0,"1=9":0,"1+r2":0,"1+2r+r":0,"1+1":0,"1x":0,"1\u00e8res":0,"1+taux":0,"1X4X":0,"1X08":0,"1=r":0,"06^":0,"1+rn":0,"08":0,"5i\u00e8me":0,"1+4":0,"5eme":0,"0005+1":0,"1+i":0,"1+R":0,"1+":0,"1\u20ac":0,"04\u20ac":0,"1+x":0,"06=":0,"5e":0,"1+9":0,"1=":0,"1\u2212":0,"1+F3":0,"1+tri":0,"1+A2":0,"1+12":0,"1+41":0,"5=>":0,"4\u00e8me":0,"5^2x18":0,"5x0":0,"1x4":0,"5^2":0,"1+11":0,"1USD":0,"1^3":0,"4ans":0,"5\u00e8me":0,"4e":0,"1=16":0,"1+15":0,"1+TMEG":0,"4min25":0,"1\u00b2=4":0,"5+5":0,"08+0":0,"1M":0,"1EUR":0,"5xtaux":0,"1+g":0,"8min25":0,"1ere":0,"1+rd":0,"8+50":0,"5ans":0,"5min08s":0,"1an":0}