{"'":0.0015512708441092458,"ai":0.0018785916683118024,"que":0.0029836587938997091,"le":0.0018946668081842222,"r\u00e9ponses":0.0039959147286475804,"les":0.0044305961400470167,".":0.0012535551803509993,"l":0.003556544178330923,"du":0.0030402171495263444,"avoir":0.0032242807450158966,",":0.0011757558441114085,"la":0.0015919164617810243,"de":0.0016182290718192891,"pour":0.0011621070064788673,"d":0.002353583480129534,"des":0.0020009110545488773,"vous":0.0014893753009066549,"2\u00e8me":0,"\"":0.005660710694487839,"un":0.0018491132215562342,"?":0.0010145358778727474,"(":0.0017471463151339827,")":0.0050682014056399535,"Bonjour":0.00061070770004168808,"-":0.001952385082536942,"on":0.0037368738397351425,"comment":0.0026394309248510411,"1":0.0023007447413750629,"2":0.0032905145726436192,"vos":0.0037191793967648878,"je":0.0014305250249343877,"calculer":0.0060273148769224346,"pas":0.0020295457207006001,"ce":0.0037792776899440912,"il":0.0017832760713109757,"D":0.0036181125604552063,"qui":0.0025552824844095301,"\u00e0":0.005820388203433979,"n":0.0020556403898088649,"merci":0.0031999816360628614,"explications":0.0039375156235197818,"sont":0.003282118021156888,"par":0.0024020993351417399,"plus":0.0030226347083389007,"possible":0.0037191793967648878,"avance":0.0023375086554045061,"vid\u00e9o":0.0032571316480799915,"avec":0.0027921934332562686,"utilis\u00e9s":0.0043717433681685434,"peu":0.0038363936878278255,"calcule":0.0038695528565660131,"1+r":0,"calcul":0.0052625487170837922,"permet":0.0041432167026282983,"vu":0.0040317652068753819,"ne":0.0016767328094020554,"comprends":0.0025849427161239742,"01":0,"Je":0.0018449362180199159,"100":0.0065256652641699419,"titre":0.0041817477411035852,"partir":0.012001346366327654,"A":0.0038037594884570256,"2e":0,"annuel":0.0041432167026282983,"02":0,"sujet":0.0041688238709334481,"explique":0.0043435052479557168,"1+7":0,"arrive":0.0034297303693819371,"ceci":0.0042610402298534468,"calculs":0.0078785352488871946,"mensuels":0.004357575954738486,"1+3":0,"1+TAP":0,"m\u00eames":0.0041688238709334481,"1+6":0,"Pourriez":0.0035123791003794603,"1\u00b0":0,"2\u00b0":0,"1=1":0,"ni":0.0042476111886135494,"1mais":0,"rendement":0.0040805568466246419,"1+TEG":0,"moyen":0.0041817477411035852,"Serait":0.0042476111886135494,"1+TRI":0,"1er":0,"indice":0.0042610402298534468,"1+2":0,"lin\u00e9aire":0.0043156487356562001,"Concernant":0.0042476111886135494,"1\u00e8re":0,"1+TAE":0,"1min45":0,"chiffres":0.0043156487356562001,"effectu\u00e9s":0.004357575954738486,"Euronext":0.0043860088267621096,"estimation":0.0043156487356562001,"Michelin":0.004357575954738486,"illustrer":0.0043860088267621096,"rendements":0.0043435052479557168,"desquels":0.0044003736970187769,"moyenne":0.0042881636546005077,"arithm\u00e9tique":0.0043860088267621096,"annualis\u00e9e":0.0043860088267621096,"b\u00eata":0.0085572132629975015,"r\u00e9gression":0.0044003736970187769,"impression":0.0042476111886135494,"Naglieri":0.0044003736970187769,"1+n":0,"1+0":0,"1+5":0,"1=5":0,"1+TAEG":0,"1=9":0,"1+r2":0,"1+2r+r":0,"1+1":0,"1x":0,"1\u00e8res":0,"1+taux":0,"1X4X":0,"1X08":0,"2X3":0,"1=r":0,"2min54":0,"1+rn":0,"2i\u00e8meann\u00e9e":0,"1+4":0,"2eme":0,"1+i":0,"1+R":0,"1+":0,"1\u20ac":0,"1+x":0,"1+9":0,"1=":0,"1\u2212":0,"1+F3":0,"1+tri":0,"1+A2":0,"1+12":0,"1+41":0,"2\u20ac":0,"2^2x4":0,"2x0":0,"1x4":0,"+2x0":0,"1+11":0,"02+":0,"1USD":0,"1^3":0,"2=":0,"1=16":0,"1+15":0,"1+TMEG":0,"1\u00b2=4":0,"2x":0,"2M":0,"1M":0,"1EUR":0,"1+g":0,"1ere":0,"1+rd":0,"1an":0}