{"'":0.0024655024801572742,"a":0.0029301278957176639,"que":0.0018930355186289576,"le":0.0008057199765347516,"tout":0.0047201674200073682,"en":0.0066759903788959091,"les":0.0037426470551064498,".":0.0035858188317728378,"j":0.0028196821167810328,"sur":0.0056645649911862368,"l":0.004476152077873205,"une":0.0025139667592679357,"r\u00e9ponse":0.0036087110472494527,",":0.0014758154505619776,"pu":0.0052451649911322536,"la":0.0013447358480290204,"et":0.0047899866953824838,"Merci":0.0016386066803687354,"de":0.0020366510463812279,"pour":0.004340673409573414,"d":0.0014932730019441096,"?":0.00064369037628002888,"(":0.0022050321540140081,")":0.0021552871987762013,"-":0.0024605971188643287,"on":0.0023709262338298667,"projet":0.0044926999297299954,"trouver":0.0041528808280572819,"ainsi":0.0050431497265244103,"pas":0.0012876814680763344,"ce":0.0023978301126300443,"D":0.0045663345213499606,"Est":0.0041003218304739237,"qu":0.0068049431784188829,"\u00e0":0.0044420582701568002,"n":0.0051534517793189833,"fois":0.0049840203200203969,"par":0.0030316329120477934,"suis":0.0043172459146496953,"aurait":0.0051813192864975785,"investissement":0.0048006351302869645,"donc":0.0043628888729944013,"t=0":0.0051344426688103174,"erreur":0.004841821983562959,"ann\u00e9e":0.0044447431451620284,"arriver":0.0054466784751350727,"\u00e9t\u00e9":0.004855697119891208,"propos\u00e9e":0.0054119902026312124,"passer":0.0051655997106062109,"m\u00eames":0.0052613742765582078,"avait":0.0053948179825619004,"conclusion":0.005464197611337109,"autant":0.0053777583680240104,"aucun":0.0054466784751350727,"amortissement":0.0052290560734420746,"Cash":0.0054818355222507349,"proc\u00e9der":0.0054119902026312124,"Impossible":0.0055174741877127174,"Flows":0.0055354782865212121,"Luxdrops":0.0055536078504448624,"essais":0.0055354782865212121,"arriv\u00e9":0.0054995938293924762,"comptabilis\u00e9":0.0055536078504448624,"normal":0.0055174741877127174,"initial":0.0054119902026312124,"imaginer":0.0055536078504448624,"charge":0.0055354782865212121,"influ\u00e9":0.0055536078504448624,"EBIT":0.0055354782865212121,"imp\u00f4ts":0.0053608098918288254,"bient\u00f4t":0.0055354782865212121,"David":0.0055536078504448624}