{"que":0.0083202988591788117,"le":0.003541312846805411,".":0.0023430141094891829,"du":0.0084780187776760142,"apr\u00e8s":0.020235344934768827,",":0.0025890352817062837,"2\u00e8me":0,"?":0.0028291578529419247,"Bonjour":0.0033876552673315322,"\/":0.013915983478966476,"2":0.01825280575877199,"calcul":0.014675263195861593,"10":0.032097699787456781,"2e":0,"35":0.050191778499953127,"02":0,"2\u00b0":0,"10i\u00e8me":0,"10+1":0,"imp\u00f4ts":0.023561914178748346,"CMPC":0.022773014306519585,"repr\u00e9sente":0.023786862668827354,"+10":0,"2X3":0,"2min54":0,"2i\u00e8meann\u00e9e":0,"2eme":0,"0035^3+1":0,"10^7":0,"2\u20ac":0,"2^2x4":0,"2x0":0,"+2x0":0,"02+":0,"2=":0,"10\u00e8me":0,"2x":0,"2M":0,"10H":0,"10min15":0,"10^1":0,"10^2":0}