{"'":0.0022449253374991159,"que":0.0025653625262610728,"le":0.0021637204049010537,"en":0.003056893755846619,".":0.0028119959939253104,"sur":0.0076580491426041951,"une":0.0034068225625068314,",":0.000410879135429949,"la":0.0009174059278639771,"de":0.0018480269181762332,"bien":0.0047083696793081293,"pour":0.0019875668910249202,"d":0.0040101094157927496,"2\u00e8me":0,"\"":0.0096448965790646417,"est":0.0046996218516136114,"question":0.0033535769237002431,"?":0.00087230226457644011,"si":0.0053644834884184764,":":0.0079764726278441344,"3":0.0059124044482416266,"2":0.0056278103329208381,"cas":0.0058352557477537904,"moi":0.0063432894256041841,"qu":0.0046424695376487725,"\u00e0":0.0040306577162264254,"Dans":0.0047529975527829107,"face":0.0074048519693713155,"elle":0.0065056198599010451,"cette":0.0051444692369999661,"c":0.011296407183004337,"ne":0.0028677381673830622,"s":0.0053912939212579381,"faire":0.0058968390590364312,"Cordialement":0.0062220053061041638,"2e":0,"int\u00e9r\u00eats":0.0068955810376292309,"d\u00fb":0.0073575283738881577,"003":0,"02":0,"indiqu\u00e9":0.0072647452578531741,"banque":0.0073108315994446426,"mois":0.0068955810376292309,"2\u00b0":0,"3\u00b0":0,"\u00e9gale":0.00724192605244012,"change":0.0073575283738881577,"applique":0.0071967260111662689,"3h":0,"restant":0.0074287541282341968,"Sachant":0.0074770501564716063,"Eladia":0.0075260169842978151,"institution":0.0075260169842978151,"financi\u00e8re":0.0075014485578475433,"devra":0.0074770501564716063,"indemnit\u00e9":0.0075260169842978151,"remploi":0.0075260169842978151,"solde":0.0075014485578475433,"p\u00e9nalit\u00e9":0.0075260169842978151,"changeant":0.0075260169842978151,"3ieme":0,"3\u00e8me":0,"3+":0,"3+1":0,"2X3":0,"2min54":0,"2i\u00e8meann\u00e9e":0,"3M":0,"2eme":0,"3=":0,"2\u20ac":0,"2^2x4":0,"3^2x24":0,"2x0":0,"+2x0":0,"3x0":0,"02+":0,"2=":0,"3eme":0,"2x":0,"2M":0,"3e":0,"3+2":0}