{"a":0.020246827697572731,"le":0.0037699384700548349,".":0.0012672576788114677,"la":0.001609317556849405,"Merci":0.0038953358886545217,"pour":0.0034865986756663398,"des":0.0060032112309987345,"dans":0.0052061418797579228,"est":0.0041602180718654765,"Bonjour":0.001832269013364138,"savoir":0.01056615214415256,"cours":0.018384461347281719,"je":0.0042919168627648177,"ce":0.011219371803511478,"pourcentage":0.012865515512613463,"obtenir":0.01141218727799548,"quel":0.011676807069591356,"Et":0.012060197325514985,"moyen":0.012546242346717669,"voudrais":0.012354755096188831,"Yembe":0.013202172449634623,"Nsuka":0.013202172449634623,"Glody":0.013202172449634623,"r\u00e9ussir":0.013116274622587201,"prochain":0.012906608980263162,"louvain":0.013202172449634623,"prepare":0.013202172449634623,"mettre":0.012906608980263162,"disposition":0.013159074406740303,"apprenants":0.013159074406740303}