{"'":0.00073455175904179346,"ai":0.006031826845050655,"a":0.0074544808052808649,".":0.0026664293566657565,"j":0.0071734978692422451,"r\u00e9ponse":0.0091808508675821077,",":0.0015165594728519275,"la":0.0017222745414073328,"seule":0.013768537934075838,"de":0.0017507418256366709,"comme":0.010592332627428251,"question":0.006295773749563585,"Bonjour":0.0019608748200724969,":":0.007556569719446616,"1":0.0073872859806231499,"choix":0.01368144939627451,"cela":0.01168076312756657,"1+r":0,"consid\u00e9r\u00e9":0.013552928205045363,"01":0,"plusieurs":0.013023154868213236,"donc":0.011099539855185908,"Pour":0.011307783700649303,"correct":0.013303138810486661,"Cordialement":0.01168076312756657,"1+7":0,"\u00e9t\u00e9":0.012353283632904727,"8":0.020453004554239443,"1+3":0,"1+TAP":0,"1+6":0,"1\u00b0":0,"1=1":0,"s\u00e9lectionner":0.014082701541877487,"1mais":0,"1+TEG":0,"1+TRI":0,"1er":0,"1+2":0,"1\u00e8re":0,"1+TAE":0,"1min45":0,"impossible":0.014082701541877487,"valid\u00e9":0.014082701541877487,"1+n":0,"1+0":0,"1+5":0,"1=5":0,"1+TAEG":0,"1=9":0,"1+r2":0,"1+2r+r":0,"1+1":0,"1x":0,"1\u00e8res":0,"1+taux":0,"1X4X":0,"1X08":0,"1=r":0,"1+rn":0,"08":0,"1+4":0,"1+i":0,"1+R":0,"1+":0,"1\u20ac":0,"1+x":0,"1+9":0,"1=":0,"1\u2212":0,"1+F3":0,"1+tri":0,"1+A2":0,"1+12":0,"1+41":0,"1x4":0,"1+11":0,"1USD":0,"1^3":0,"1=16":0,"1+15":0,"1+TMEG":0,"1\u00b2=4":0,"08+0":0,"1M":0,"1EUR":0,"1+g":0,"8min25":0,"1ere":0,"1+rd":0,"8+50":0,"1an":0}