{"'":0.0011317662802134826,"a":0.0058203888673371397,"que":0.0037603146518637308,"le":0.0031582703452608229,"les":0.0037426470551064498,".":0.0010589127187079423,"l":0.003004311197554775,",":0.0023159709784750806,"pour":0.0029133803996011305,"vous":0.0037338358560102106,"2\u00e8me":0,"*":0.008355813793233368,"5":0.016236970999718353,"m":0.0066944828840425656,"?":0.002523144871842845,"(":0.0043800629385838301,")":0.0042812498512454014,"Bonjour":0.0015310327132248432,":":0.0059000989363560226,"-":0.0048555704300912257,"on":0.004709593965788658,"2":0.0082492581208924495,"trouver":0.0082492581208924495,"merci":0.0080222937523082832,"avec":0.0069999764006170541,"donn\u00e9es":0.010229879236710905,"%":0.023854519978359842,"raisonnement":0.0093239127694151984,"2e":0,"02":0,"8":0.015969514594062435,"indiquer":0.010483562905210859,"beaucoup":0.0097008962037825868,"2\u00b0":0,"09":0,"9":0.017487603613562375,"pouvez":0.0098138573575000301,"9+":0,"beta":0.010819250179138143,"77":0.027419083369572557,"=2":0.010889085931338416,"+beta":0.010995641603679334,"05":0,"77\u20ac":0,"2X3":0,"2min54":0,"08":0,"5i\u00e8me":0,"2i\u00e8meann\u00e9e":0,"5eme":0,"2eme":0,"0005+1":0,"5e":0,"9=":0,"9=850":0,"5=>":0,"2\u20ac":0,"2^2x4":0,"5^2x18":0,"2x0":0,"5x0":0,"+2x0":0,"5^2":0,"02+":0,"5\u00e8me":0,"2=":0,"5+5":0,"08+0":0,"2x":0,"2M":0,"5xtaux":0,"8min25":0,"8+50":0,"5ans":0,"5min08s":0}