{"J":0.0022686048594181027,"'":0.0015512708441092458,"ai":0.0032741833134783591,"que":0.0013133392009228408,"le":0.00111267692130803,"en":0.0015649789694484088,"au":0.0022168846904068867,".":0.002517497008574615,"j":0.0038939027306491383,"sur":0.0019784236022410469,"du":0.0065666749322833059,"r\u00e9sultat":0.0032474516097291289,"avoir":0.0056195747012907672,"une":0.0034717183083921273,",":0.0010321799337164198,"la":0.0013957278402795482,"et":0.0022350843351224719,"Merci":0.0011368230374150276,"de":0.0018829035518805365,"bien":0.0047980582840523632,"pour":0.002025427576024925,"d":0.0020621685633531121,"des":0.0052064609688265888,"2\u00e8me":0,"\"":0.0049598154214470945,"un":0.0063853682024839027,"est":0.0012141268121554935,"fait":0.0029183775365250598,"question":0.0017168661318308852,"?":0.00088891854119739413,"(":0.0015297944167784771,")":0.0044435936004339543,"Bonjour":0.00053473325142534172,"-":0.0008593958094120234,"on":0.0032741833134783591,"taux":0.0022477386108844181,"rentabilit\u00e9":0.003349556025214731,"4":0.0071119718895190712,"1":0.0020145230134993595,"\/":0.0021966045849614001,"2":0.0028811615707024507,"quiz":0.002941081111294533,"je":0.0012525620649228204,"valeur":0.0026792464327372368,"pas":0.00089336017929096136,"ce":0.0016635526661174687,"Est":0.0028446974942452764,"pense":0.0035196734113093859,"qu":0.0047309028264003287,"\u00e0":0.0010413028448686085,"fois":0.0034577847061314296,"elle":0.0033305567929858676,"avec":0.0048664929699103405,"peu":0.0033591311691334412,"probl\u00e8me":0.003530197699994402,"m\u00eame":0.0027808629686697601,"parle":0.0036056377720534616,"1+r":0,"%":0.0043126739143514326,"calcul":0.0046109528806206482,"soit":0.0034276183705748333,"comprends":0.0022633656383354451,"01":0,"\u00e7a":0.0035407837150656213,"Je":0.0032155254818632957,"100":0.0057138467456441192,"hypoth\u00e8ses":0.0038278812359797704,"depuis":0.0037427855254789596,"doit":0.0032931479845544286,"final":0.0035946656385947113,"2e":0,"chaque":0.0033211316520089123,"ann\u00e9e":0.0030836481160174873,"02":0,"aimerais":0.0033687573807278416,"1+7":0,"30":0,"1+3":0,"1+TAP":0,"1+6":0,"aide":0.003349556025214731,"ensuite":0.0035407837150656213,"1\u00b0":0,"2\u00b0":0,"1=1":0,"11":0.0068617494821982044,"20":0.0062449226292615265,"diff\u00e9rentes":0.0037075092808485505,"bloque":0.0037787649971820817,"1mais":0,"rendement":0.0035729194671568509,"1+TEG":0,"04":0,"jours":0.0037427855254789596,"quelques":0.0036277841897277168,"propositions":0.0037666919729324919,"Aur\u00e9lien":0.0037909193218706671,"avancer":0.0038278812359797704,"1+TRI":0,"R":0.0037787649971820817,"1er":0,"1+2":0,"propres":0.0036729092999824545,"1\u00e8re":0,"terminale":0.0037427855254789596,"=>":0.0037546991687053876,"d\u00e9gager":0.0038403720152122753,"1+TAE":0,"1min45":0,"comprhension":0.0038529498389045696,"Polym":0.0038529498389045696,"consid\u00e8re":0.0038278812359797704,"devrait":0.0036502057252129809,"conforme":0.0038529498389045696,"capitaux":0.0036843690870238597,"entreprises":0.0038154763047054075,"secteur":0.0038403720152122753,"BPA":0.0074738082363447426,"Sans":0.0038031560493896658,"mention":0.0038529498389045696,"distribution":0.0038154763047054075,"considerer":0.0038529498389045696,"distribu\u00e9":0.0038403720152122753,"ecart":0.0038278812359797704,"30\u20ac":0.0068617494821982044,"tjs":0.0038529498389045696,"1+n":0,"1+0":0,"1+5":0,"1=5":0,"1+TAEG":0,"1=9":0,"1+r2":0,"1+2r+r":0,"1+1":0,"1x":0,"1\u00e8res":0,"1+taux":0,"1X4X":0,"1X08":0,"2X3":0,"1=r":0,"2min54":0,"1+rn":0,"20\u00e8me":0,"2i\u00e8meann\u00e9e":0,"1+4":0,"2eme":0,"1+i":0,"1+R":0,"1+":0,"1\u20ac":0,"04\u20ac":0,"1+x":0,"1+9":0,"1=":0,"1\u2212":0,"1+F3":0,"1+tri":0,"1+A2":0,"1+12":0,"1+41":0,"2\u20ac":0,"4\u00e8me":0,"2^2x4":0,"2x0":0,"1x4":0,"+2x0":0,"1+11":0,"02+":0,"1USD":0,"1^3":0,"4ans":0,"4e":0,"2=":0,"1=16":0,"1+15":0,"1+TMEG":0,"4min25":0,"1\u00b2=4":0,"2x":0,"2M":0,"1M":0,"1EUR":0,"1+g":0,"1ere":0,"1+rd":0,"1an":0}