{"J":0.0066783965216871853,"'":0.0017214553355390887,"ai":0.0095518698576679186,"a":0.0059843648727261854,"tout":0.0096402631922522988,"les":0.0038480874866077567,".":0.0010887451374048775,"j":0.0057587952514222066,"sur":0.0058241510189744978,",":0.00061923513837903489,"la":0.002727356520884907,"de":0.0027724366933011618,"pour":0.0029954581595230197,"des":0.0051575675143623175,"vous":0.0038390280523397068,"mal":0.0097768608670487749,"un":0.0094019840193748008,"m":0.0068830844683165828,"question":0.0050541691980519367,"?":0.0013146450304615909,"Bonjour":0.0015741660216955916,"taux":0.0066169697460856545,"trouver":0.0084816619043712582,"mais":0.0073177521252542205,"merci":0.0082483033392180393,"peu":0.019506491935972911,"pond\u00e9ration":0.011159837866022947,"diff\u00e9rents":0.010880122920887657,"expliquer":0.0090777487170686701,"bon":0.010712495236286278,"m\u00e9thode":0.01048636081488493,"utilis\u00e9e":0.010812435930233821,"coefficients":0.011232129551402096,"Pouvez":0.0091510375605460825,"conceptualiser":0.011342445422150607}