{"a":0.0055179960697503425,"que":0.0035649510613371886,"le":0.0029962348123112213,".":0.0019823779327829646,"sur":0.0053702678756774045,",":0.0011274980997411383,"la":0.0025174640208379256,"de":0.0025590749034790669,"pour":0.0027620184769615898,"d":0.0028121211254410906,"\u2019":0.0089641680564622097,"vous":0.0069900697902845156,"est":0.0096407335020727986,"question":0.0046602916706846792,"?":0.0012121931508997737,"Bonjour":0.0014514893569472105,"ma":0.0088149398530175845,"suivante":0.0094691476105510063,"formation":0.020061735982957078,"cours":0.0073993843884282212,"ce":0.0045155766602402647,"n":0.0048857090672259525,"cette":0.0071490017019891303,"Je":0.0043849214354421068,"A":0.0090405220263400261,"beaucoup":0.0091968953184425935,"travers":0.010356796090765251,"nouvelles":0.0104243734459008,"remercie":0.009092093876971824,"donnez":0.010290138183989581,"disponible":0.010290138183989581,"acc\u00e8s":0.01022437504126922,"gens":0.0104585149120884,"acqu\u00e9rir":0.0104585149120884,"connaissances":0.0104243734459008,"pa":0.0104585149120884,"format":0.010390468254728133,"PDF":0.0104585149120884}