{"J":0.013949164278842047,"'":0.0018213723612599461,"ai":0.010114059816597321,"a":0.018483905509929965,"le":0.0017438241880877985,"les":0.004077857216523947,".":0.0033628066924702468,"du":0.0082285191913072011,",":0.00065620973705828489,"la":0.0028878792743676973,"de":0.0014893948556631725,"d":0.0032318989922627329,"mal":0.020420925580410365,"dans":0.0047398475596352177,"comme":0.0090111320205808684,"1":0.0062845278359941045,"vos":0.010159008961617977,"valeur":0.0083582062221154284,"vient":0.011112502580274953,"1+r":0,"calcul":0.0072264383392683287,"01":0,"tous":0.010390041083978707,"video":0.011352139513017577,"lecon":0.011676034307580185,"1+7":0,"actuelle":0.011458047676866954,"1+3":0,"1+TAP":0,"1+6":0,"1\u00b0":0,"1=1":0,"effectuer":0.011639112089766285,"1mais":0,"1+TEG":0,"Salut":0.011788276257623662,"svp":0.010818664537016362,"1+TRI":0,"1er":0,"1+2":0,"1\u00e8re":0,"1+TAE":0,"1min45":0,"voir":0.011788276257623662,"o\u00fa":0.012019704094232957,"98131":0.036060739581932899,"105000":0.039963586601506104,"troisime":0.012019704094232957,"aides":0.012019704094232957,"1+n":0,"1+0":0,"1+5":0,"1=5":0,"1+TAEG":0,"1=9":0,"1+r2":0,"1+2r+r":0,"1+1":0,"1x":0,"1\u00e8res":0,"1+taux":0,"1X4X":0,"1X08":0,"1=r":0,"1+rn":0,"1+4":0,"1+i":0,"1+R":0,"1+":0,"1\u20ac":0,"1+x":0,"1+9":0,"1=":0,"1\u2212":0,"1+F3":0,"1+tri":0,"1+A2":0,"1+12":0,"1+41":0,"1x4":0,"1+11":0,"1USD":0,"1^3":0,"1=16":0,"1+15":0,"1+TMEG":0,"1\u00b2=4":0,"1M":0,"1EUR":0,"1+g":0,"1ere":0,"1+rd":0,"1an":0}