{"'":0.0005896890553256063,"que":0.0076265674789375284,"en":0.0046070385782205686,".":0.0010887451374048775,"r\u00e9ponse":0.0073702733790359581,",":0.00061923513837903489,"la":0.0053110998065237598,"pour":0.0029954581595230197,"vous":0.0075728639083499465,"trouv\u00e9":0.010179144798312081,"5":0.0084600188727721355,"question":0.0050541691980519367,"(":0.0045034610895307746,")":0.0044018641718141308,"me":0.0069802827320187364,"1":0,"trouver":0.016730920025263774,"je":0.0036873350168717934,"ce":0.0048972231955335,"Dans":0.0071632332808355299,"n":0.0052986383735481087,"dont":0.01048636081488493,"par":0.0061916742720938001,"m\u00eame":0.0081863994516949389,"1+r":0.0064368387021962537,"chose":0.010299908108249819,"car":0.0088637591167514216,"arrive":0.0088405058765264836,"vraiment":0.01048636081488493,"^n":0.010983298141574761,"avez":0.019506491935972911,"parait":0.011159837866022947,"proc\u00e9der":0.011053211741200124,"05":0,"fa\u00e7on":0.010846171642999695,"compliquer":0.011342445422150607,"posant":0.011305418394879512,"5i\u00e8me":0,"5eme":0,"0005+1":0,"5e":0,"5=>":0,"5^2x18":0,"5x0":0,"5^2":0,"5\u00e8me":0,"5+5":0,"5xtaux":0,"5ans":0,"5min08s":0}