{"'":0.0016755001532082865,"le":0.0061545051575720476,".":0.0068670037483869488,",":0.00060226763948024694,"la":0.003928479133667874,"Merci":0.003254918699726763,"pour":0.0057490613198960643,"d":0.0086654696544200775,"vous":0.0037338358560102106,"dans":0.0085844204312063872,"5":0.0082282081243006521,"?":0.002523144871842845,"Bonjour":0.0015310327132248432,"taux":0.006435659901211672,"int\u00e9r\u00eat":0.0092722346685815103,"rentabilit\u00e9":0.0095903515177214113,"3":0.017101701519811233,"calculer":0.014989897306122116,"temps":0.0093499469152466767,"ou":0.014315716220658721,"pas":0.0025578429161475795,"o\u00f9":0.008355813793233368,"vient":0.010199026804666111,"mais":0.0071172403270189375,"Dans":0.0069669554127505607,"vid\u00e9o":0.016113360875882922,"pourquoi":0.007485896105346378,"6":0.014649942381977879,"%":0.023854519978359842,"VAN":0.0081863636283227275,"003":0,"Beaucoup":0.010959878367397207,"06":0,"3\u00b0":0,"avez":0.0096177667916627751,"3h":0,"6min15":0,"05":0,"3ieme":0.0090705401124113651,"sort":0.010995641603679334,"Exemple":0.010995641603679334,"choisi":0.010959878367397207,"3\u00e8me":0,"3+":0,"3+1":0,"06^":0,"5i\u00e8me":0,"3M":0,"5eme":0,"0005+1":0,"3=":0,"06=":0,"5e":0,"5=>":0,"5^2x18":0,"3^2x24":0,"5x0":0,"3x0":0,"5^2":0,"5\u00e8me":0,"3eme":0,"5+5":0,"3e":0,"3+2":0,"5xtaux":0,"5ans":0,"5min08s":0}