{"'":0.0011964729071457885,"ai":0.004982651095038689,"a":0.0061578486752906217,"le":0.0016932713747447228,"du":0.0040537470513900215,",":0.0012564215997091716,"la":0.0054589306054164954,"Merci":0.0034436353412346898,"d":0.0031382074449062937,"des":0.010464650381381769,"vous":0.0077893476450243138,"!":0.0077680385392322054,"?":0.001352755945112926,"Bonjour":0.0016198003225979488,"taux":0.0068087924536609414,"comment":0.013804072785534494,"je":0.003794229050517925,"pas":0.0027061438628596234,"qui":0.0067774606285345759,"Dans":0.0073708919003624106,"n":0.005452243301223284,"quizz":0.0099475536142373307,"compris":0.018031862231284387,"m\u00eame":0.0084237191566922179,"actualisation":0.010413144438103096,"VAN":0.0086610000763020275,"flux":0.018819847225952938,"VA":0.019236546263339906,"futurs":0.022144985060536426,"vraiment":0.010790355271760385,"ni":0.011266080275583921,"q5":0.011671257351914821,"obteniez":0.023013702774065514,"\u00e9galise":0.011557743478178914}