{"'":0.004890160894391561,"mes":0.018588605164417665,"r\u00e9ponses":0.018753985521492805,".":0.0038680151479627959,"j":0.010485565660523668,",":0.0011274980997411383,"et":0.0060186720557417759,"Bonjour":0.0028662281710706908,"pas":0.0093433339414794227,"\u00e0":0.0055814960835573989,"Les":0.019267797339059766,"ne":0.0078693928590365149,"faire":0.016181583001496642,"arrive":0.016096718288025766,"valider":0.020451366436347752,"boutons":0.020652228640268906,"check":0.020652228640268906,"enregistrer":0.020652228640268906,"fonctionnent":0.020584810142351449}