{"'":0.0015905808596886281,"le":0.00076358959449054843,"en":0.0042480064816349423,"les":0.0017856211421005378,".":0.0024624821999924443,"l":0.0028482250513269598,"r\u00e9sultat":0.0044360906656781204,",":0.00057097739400877034,"la":0.0025174640208379256,"et":0.0030479214879118974,"Merci":0.001552925392235574,"de":0.0037910145933713222,"bien":0.0032927324269066065,"vouloir":0.0051951952109986956,"pour":0.0027620184769615898,"d":0.0014151910827905438,"des":0.0023932568132890297,"un":0.0022116939211123659,"dans":0.0020754949384992967,"est":0.0016585240568994233,"m":0.0031939453539619415,"question":0.0023452770778220034,"?":0.0012121931508997737,"+":0.0043993820845459469,"me":0.00323904809012531,"Bonjour":0.00073045743874025886,":":0.0028149438742474634,"-":0.0023327591232480986,"taux":0.0030704606161815516,"int\u00e9r\u00eat":0.0044237936452348175,"rentabilit\u00e9":0.0045755675536795345,"4":0.0048806869515743726,"actif":0.0086227865750762769,"sans":0.0040701540949057502,"risque":0.012117462924897125,"prix":0.00433939013488969,"balanced":0.0051453844767233555,"ainsi":0.0047794479059509844,"je":0.0033999765327949335,"calculer":0.0072015884026115327,"pas":0.0024249526071268169,"ce":0.0022724497054609524,"Est":0.0038859196432959302,"\u00e0":0.0028265307845675674,"n":0.0024587176713316561,"trouve":0.0043752098567364237,"par":0.0028731115193529398,"dit":0.0045886474118775932,"ne":0.0039851467848287256,"comprends":0.0030918074810278545,"Je":0.0043849214354421068,"contexte":0.0051951952109986956,"Pour":0.0042123314733062637,"Cordialement":0.0043512723144552793,"mon":0.0042463395640393387,"suite":0.005048683945934925,"Le":0.0045496141825829466,"AOA":0.0048954950891082509,"Ensuite":0.0050965601587395848,"\u00e9l\u00e9ment":0.0051951952109986956,"d\u00e9finir":0.0051784795707831956,"04":0,"aider":0.0047653186553183171,"commence":0.0051951952109986956,"propositions":0.0051453844767233555,"r\u00e9sultats":0.0049708999717744404,"aucune":0.0050804979033133588,"information":0.0052289703622929937,"normal":0.0052289703622929937,"jusqu":0.0050172752729311836,"d\u00e9termine":0.0051618764946550957,"propos\u00e9s":0.0051951952109986956,"Prime":0.010356796090765251,"Balanced":0.0052632146278897849,"T=0":0.0051951952109986956,"conjoncture":0.0051618764946550957,"communiquer":0.0052632146278897849,"04\u20ac":0,"4\u00e8me":0,"4ans":0,"4e":0,"4min25":0}