{"'":0.0011632201961907166,"a":0.0059843648727261854,"le":0.0048038375342818905,"en":0.0046070385782205686,"l":0.0030889507225674729,",":0.00061923513837903489,"la":0.001382620672855876,"et":0.006520476297743244,"de":0.0014054738560907538,"bien":0.007095974700333991,"des":0.010173813879945159,"est":0.0035741880061326363,"Bonjour":0.0015741660216955916,"obligation":0.010119777064360418,"fonds":0.010454827446895801,"indic\u00e9":0.010646897404197867,"cours":0.0080247639639786511,"cas":0.017347634598047976,"il":0.0045965894953820296,"mais":0.0073177521252542205,"qu":0.006996656726212652,"\u00e0":0.0030654229044441202,"dont":0.01048636081488493,"pr\u00e9sent\u00e9":0.011232129551402096,"ne":0.0043219625621925706,"actifs":0.010518082442902459,"flux":0.0092754778363670562,"tous":0.0098046069191898497,"somme":0.010646897404197867,"donne":0.01036133488385135,"Le":0.0098046069191898497,"ni":0.021597364645011642,"interm\u00e9diaires":0.011268647612064156,"agressif":0.011342445422150607,"d\u00e9fensif":0.011342445422150607}