{"J":0.003564990468831815,"'":0.00062489945411415887,"que":0.0020638418868740606,"le":0.00087841914232436331,"les":0.0020541450583892408,".":0.0028222678601659483,"sur":0.0031089862370789196,"l":0.0016489107600730138,"du":0.0041747721399171683,"avoir":0.0044364558074346579,"r\u00e9ponse":0.0039343208004531775,",":0.0016051942450904895,"la":0.004270499947223577,"Merci":0.0017864562337984861,"de":0.004341086565603041,"pour":0.0062566123203221221,"vous":0.0080185764351172091,"2\u00e8me":0,"\"":0.0039155991511650896,"*":0.017944476983581998,"un":0.0050508877859390859,"dans":0.0023876104348848305,"est":0.0019079349562875008,"?":0.00070176980181893523,"1":0.0031657145194556638,"2":0.013383496070247233,"savoir":0.0048457870912139702,"cours":0.0042836939905121895,"je":0.0077017352495381934,"pratique":0.0058445094629487994,"Dans":0.0038238008613699472,"trouve":0.0099917505832795434,"tr\u00e8s":0.0052337907915542435,"plus":0.0041590005232306675,"co\u00fbt":0.016300890761127052,"votre":0.012445565173570023,"m\u00eame":0.0043699765242405063,"1+r":0,"calcul":0.0072264383392683287,"01":0,"Mais":0.0054981871945629359,"montant":0.0053863178381035473,"\u00e9crit":0.0059572257347830018,"2e":0,"annuel":0.016851687854176279,"02":0,"1+7":0,"ceci":0.0058629871802161676,"compr\u00e9hension":0.0056834133231440133,"71":0.014611693662570577,"donne":0.005530977381374905,"1+3":0,"1+TAP":0,"m\u00eames":0.0057361018890691364,"1+6":0,"d\u00e9termination":0.0059764550936525374,"quelle":0.005417832824214229,"1\u00b0":0,"2\u00b0":0,"1=1":0,"Le":0.0052337907915542435,"m\u00e9thode":0.005597717391651943,"1mais":0,"avez":0.010479182017635086,"1+TEG":0,"\u00e9quivalent":0.011458047676866954,"1+TRI":0,"r\u00e9sultats":0.0057184300588846663,"1er":0,"1+2":0,"1\u00e8re":0,"d\u00e9marche":0.0059381258675275791,"1+TAE":0,"1min45":0,"Pourrai":0.0060153093939807221,"salut":0.0059381258675275791,"reviens":0.0059764550936525374,"m\u00e9thodologie":0.0059958157119602406,"adopt\u00e9e":0.012019704094232957,"machine":0.023160580345273556,"61624":0.020130916698199251,"Apr\u00e8s":0.0059381258675275791,"reprise":0.0060153093939807221,"692":0.020130916698199251,"appr\u00e9cie":0.006054703354600538,"enseignement":0.006054703354600538,"1+n":0,"1+0":0,"1+5":0,"1=5":0,"1+TAEG":0,"1=9":0,"1+r2":0,"1+2r+r":0,"1+1":0,"1x":0,"1\u00e8res":0,"1+taux":0,"1X4X":0,"1X08":0,"2X3":0,"1=r":0,"2min54":0,"1+rn":0,"2i\u00e8meann\u00e9e":0,"1+4":0,"2eme":0,"1+i":0,"1+R":0,"1+":0,"1\u20ac":0,"1+x":0,"1+9":0,"71^8":0,"1=":0,"1\u2212":0,"1+F3":0,"1+tri":0,"1+A2":0,"1+12":0,"1+41":0,"2\u20ac":0,"2^2x4":0,"2x0":0,"1x4":0,"+2x0":0,"1+11":0,"02+":0,"1USD":0,"1^3":0,"2=":0,"1=16":0,"1+15":0,"1+TMEG":0,"1\u00b2=4":0,"2x":0,"2M":0,"1M":0,"1EUR":0,"1+g":0,"1ere":0,"1+rd":0,"1an":0}