{"'":0.0010737008417484185,"a":0.0055179960697503425,"questions":0.0084152566077451366,"les":0.0070065651315351658,".":0.0029366954685619137,"sur":0.0053702678756774045,"l":0.0028482250513269598,",":0.00057097739400877034,"la":0.0025174640208379256,"Merci":0.0030858124777951921,"de":0.0037910145933713222,"pour":0.0027620184769615898,"?":0.0012121931508997737,"me":0.012709639728470336,"je":0.0033999765327949335,"il":0.0042383717084782564,"qu":0.006451398792976004,"\u00e0":0.0028265307845675674,"vid\u00e9o":0.01528666248350153,"6":0.027425983257629391,"cette":0.0071490017019891303,"y":0.0075295437095292891,"Bonsoir":0.0091704840384633484,"selon":0.0099081827185645739,"le\u00e7on":0.027376133680503279,"Mais":0.0094972237938127247,"ces":0.0083479885408626643,"rentes":0.010032221763327912,"12":0.014100331067022707,"mieux":0.010063728499378756,"06":0,"constat\u00e9":0.010356796090765251,"toutes":0.0098473213076900375,"seulement":0.010095439163943074,"6min15":0,"repondre":0.0104243734459008,"comportait":0.0104585149120884,"introduction":0.010390468254728133,"repondent":0.0104585149120884,"situer":0.0104243734459008,"06^":0,"12^3+2":0,"12^4+189":0,"12^4":0,"06=":0,"12\u20ac":0,"12=":0,"12^5":0}