{"J":0.0068719999613597402,"'":0.0023282391873592706,"ai":0.004982651095038689,".":0.0022090524623564083,"l":0.003178497889005713,",":0.00063718646133013217,"la":0.0014227021680408394,"et":0.003401350609801589,"de":0.0014462178538491074,"vous":0.0039503195926845775,"question":0.0052006870842320058,"me":0.0071826377048654754,"-":0.0026032598601534239,"on":0.004982651095038689,"3":0.0091688862818148729,"je":0.003794229050517925,"ou":0.0076752113769438099,"pas":0.0027061438628596234,"ce":0.0050391912940764092,"moi":0.0098370975641392123,"mais":0.007529890170295375,"qu":0.0071994863731202723,"\u00e0":0.0031542880109744352,"n":0.005452243301223284,"expliquer":0.0093409082000973313,"003":0,"arrive":0.0090967878059661205,"mieux":0.011230692524068395,"Pourriez":0.0093159997810615073,"3\u00b0":0,"autrement":0.011520423275102457,"svp":0.010505035483871468,"3h":0,"3ieme":0,"3\u00e8me":0,"lu":0.011671257351914821,"relu":0.011633156929283439,"cerner":0.011595320179508891,"attend":0.011633156929283439,"3+":0,"3+1":0,"3M":0,"3=":0,"3^2x24":0,"3x0":0,"3eme":0,"3e":0,"3+2":0}