{"J":0.0050984201277145648,"'":0.0017453919615255948,"ai":0.0036966892862580472,"a":0.0045685826260263964,"que":0.0029515739546723389,"les":0.0029377061741118482,"au":0.0049821851872837225,".":0.0016448395732610642,"j":0.004396378311154925,"du":0.0030075241088012173,",":0.00047273636464194118,"Merci":0.0025548748304687402,"de":0.0021233426798049652,"d":0.0023282741693857771,"mal":0.0074638491542927199,"un":0.0072007537598313531,"dans":0.0034146069126370026,"on":0.0036966892862580472,"savoir":0.0069301330975396402,"cours":0.0061262636893820027,"je":0.0028149845560377826,"ce":0.007398560263888459,"il":0.0035091274269196168,"existe":0.0082801821715351512,"r\u00e9f\u00e9rence":0.0084114661826631514,"peut":0.0065418408610354662,"qui":0.0050282802499429192,"\u00e0":0.0046311379300659188,"trouve":0.0071981008211236368,"par":0.0047268467259443878,"exercices":0.01556075510728238,"eu":0.0079574910923028517,"peu":0.0075492485583126987,"Bonsoir":0.0075926320933881342,"lequel":0.008384867255463278,"s":0.0062029450251464436,"aimerais":0.0075708823261955377,"\u00e9t\u00e9":0.0075708823261955377,"autres":0.0078167953051060113,"chapitre":0.008384867255463278,"aborder":0.0085748300802448735,"rapport":0.0080540747471715378,"compliqu\u00e9s":0.0086590474000766814,"expos\u00e9":0.0086027086907616256,"livre":0.0086590474000766814,"puiser":0.0086590474000766814}