{"J":0.010089497080082126,"'":0.00089088241204956305,"ai":0.0073155477236809549,"le":0.0048706343079094995,"au":0.0098594744333203345,".":0.0016448395732610642,"du":0.0059517271927193591,"apr\u00e8s":0.014205589284544278,"des":0.0077918797135661366,"un":0.0072007537598313531,"?":0.0074826803702837423,"on":0.0073155477236809549,"pas":0.0039731709482143029,"peut":0.012945948472741184,"sujet":0.016234092002995183,"paiement":0.016914330274888024,"50":0,"avant":0.015423533969244712,"16":0.081018517266442519,"re\u00e7u":0.017024294201338105,"message":0.016752158272383844,"septembre":0.017079846264568117,"payer":0.016488946458967608}