{"'":0.0017453919615255948,".":0.0016448395732610642,"sur":0.0087989316760507513,",":0.0009355196416191724,"la":0.002088816858409049,"Merci":0.0050559588061144609,"de":0.0021233426798049652,"d":0.0046075283804001936,"des":0.01526563330164394,"vous":0.0057998745954439641,"r\u00e9solution":0.01485460855760138,"!":0.0114050644063218,"m":0.010398732752618019,"quiz":0.013080298740214406,"exercices":0.01556075510728238,"avance":0.0091026466323551984,"avec":0.01087326461587633,"trois":0.016645835643841377,"pouvez":0.01524414681471729,"Salut":0.016805852392983253,"aider":0.015514753599729468,"\u00e9claircissements":0.016805852392983253,"derniers":0.017079846264568117}