{"J":0.0038548393846347174,"'":0.0013294992649745224,"ai":0.0082522771630038957,"le":0.00094983836160397706,"les":0.0022211558044996256,".":0.0018554553342996314,"du":0.0022739441031593278,"une":0.002963637662329854,"r\u00e9ponse":0.0042541978459606335,",":0.00070913871455064576,"la":0.004604604628350246,"et":0.0056333239926399225,"Merci":0.0019317027378278509,"pour":0.0017290093588868847,"d":0.0017603733591094221,"*":0.014641281572277901,"est":0.0020630581980850037,"fait":0.0049589405666333793,"question":0.0029173186135309334,"?":0.0015055116049006987,"(":0.0051572955249576113,")":0.0050409482714401793,"Bonjour":0.0009086248710570568,"4":0.0060711457188966358,"1":0,"cours":0.0046319765650763298,"je":0.004222680290441632,"pas":0.0030117265459335056,"moi":0.0055181070043595999,"\u00e0":0.0017693937315999989,"n":0.0060679205235712524,"trouve":0.0054423766274195014,"tr\u00e8s":0.0056593202844755271,"int\u00e9ressant":0.006319692986171686,"quizz":0.005580067181103425,"elle":0.0056593202844755271,"compris":0.01017738918736133,"avec":0.0041542891928260496,"1+r":0.003715409718663808,"r":0.005807350731798098,"Je":0.0027449382627604156,"VA":0.0054724447548855828,"formule":0.0044752382913220345,"VF":0.0058927859062735356,"A":0.0056593202844755271,"entre":0.005502810591424232,"=":0.0094935562063671805,"int\u00e9r\u00eats":0.00599855240236762,"coup":0.006202471414602952,"car":0.0051162532245893587,"diff\u00e9rence":0.011455278909198037,"sert":0.0065043796793875872,"capitalisation":0.0061833627893235158,"quelle":0.005858325718607422,"^n":0.0063396730205878046,"F":0.012538266535002038,"04":0,"lors":0.0058755074130459016,"correspondait":0.0065256041546549928,"quoi":0.0061080970627041178,"Du":0.0064415735711983429,"VFn":0.012989196943151149,"1+n":0.0038282089038340883,"04\u20ac":0,"4\u00e8me":0,"4ans":0,"4e":0,"4min25":0}