{"'":0.00047041478877407801,"le":0.0025965951314613073,"en":0.0036751895936935658,"les":0.0030697487868368714,".":0.00086852860709500819,"du":0.0031427048646777548,",":0.00097711169514828303,"la":0.0011029630038106081,"et":0.0026369284941527649,"de":0.0011211937565559075,"vous":0.0030625217714816957,"question":0.0040318807246935377,"?":0.002074422064605631,"(":0.0035925623479888696,")":0.0035115150703496694,"Bonjour":0.0012557651696322859,"-":0.003992042846541418,"on":0.0038628463090711563,"taux":0.0052785792738015277,"comment":0.0054273188676874622,"1":0.0047308968107594258,"calculer":0.0062304996166473985,"pas":0.0020979630387669536,"D":0.0074397289127328655,"Si":0.0075631932768112356,"oui":0.0086523558413880274,"peut":0.0068358803966890244,"merci":0.0065799489375299733,"plus":0.0062152800545899976,"avance":0.004806492456162912,"1+r":0,"01":0,"Ne":0.008874034773484479,"r\u00e9soudre":0.0081922927636521453,"expliquer":0.007241625407014036,"chaque":0.0077993306779397288,"compte":0.0075010115727017299,"1+7":0,"1+3":0,"TAE":0.016252567155456279,"1+TAP":0,"1+6":0,"choisir":0.008572126755717193,"1\u00b0":0,"1=1":0,"1mais":0,"1+TEG":0,"1+TRI":0,"1er":0,"1+2":0,"1\u00e8re":0,"pourriez":0.0083906280538889391,"n\u00b03":0.0090482501231031309,"1+TAE":0,"1min45":0,"propos\u00e9s":0.0089313146111069264,"1+n":0,"trouvant":0.0090482501231031309,"\u00e9quivalences":0.0090482501231031309,"annuelles":0.0089313146111069264,"rentable":0.0089313146111069264,"1+0":0,"1+5":0,"1=5":0,"1+TAEG":0,"1=9":0,"1+r2":0,"1+2r+r":0,"1+1":0,"1x":0,"1\u00e8res":0,"1+taux":0,"1X4X":0,"1X08":0,"1=r":0,"1+rn":0,"1+4":0,"1+i":0,"1+R":0,"1+":0,"1\u20ac":0,"1+x":0,"1+9":0,"1=":0,"1\u2212":0,"1+F3":0,"1+tri":0,"1+A2":0,"1+12":0,"1+41":0,"1x4":0,"1+11":0,"1USD":0,"1^3":0,"1=16":0,"1+15":0,"1+TMEG":0,"1\u00b2=4":0,"1M":0,"1EUR":0,"1+g":0,"1ere":0,"1+rd":0,"1an":0}