{"'":0.0015512708441092458,"a":0.0080172120070212509,"que":0.0051795920279966391,"le":0.0022045549204906499,".":0.0014585842898666729,"j":0.0077150179538846382,",":0.002400352631931738,"de":0.0018829035518805365,"m":0.0092212203998835451,"me":0.0093514362378860055,"comment":0.0091144977515288245,"cours":0.010750720481422223,"je":0.0097001211951913656,"mais":0.0098035416373713092,"suis":0.011812547784954466,"Bonsoir":0.013323988240298172,"Je":0.0063709441503212007,"viens":0.014621801817316584,"aimerais":0.013285820495734894,"rattraper":0.015047605856107593,"inscrire":0.014714248146639762,"Frantz":0.015195395261055265,"realise":0.015195395261055265,"deja":0.015096528848044015,"commece":0.015195395261055265,"saoir":0.015195395261055265}