{"J":0.004789403270529756,"'":0.0016426131438604078,"ai":0.0034726317789101225,"que":0.0054904481046542958,"le":0.0011801163425053541,"les":0.0054646515870459267,".":0.0022965902042039717,"j":0.004129912430612134,"l":0.0022152369427493042,"du":0.0028252371209248578,"avoir":0.0059601774926065576,",":0.00044408366399757351,"la":0.0019634533467597646,"de":0.001995907048622873,"pour":0.0021481888742853807,"d":0.0021871567352659107,"mal":0.007011462895337061,"5":0.0060670913933337433,"question":0.0036245907843826773,"quiz":0.0062091128099498096,"trouver":0.0060826126649426403,"ainsi":0.0073865655355464174,"je":0.002644367451377853,"ou":0.0053491971300110948,"pas":0.0018860323545082491,"ce":0.0035120371653638905,"cas":0.0063068224433294523,"pense":0.0074306176667741312,"\u00e0":0.0021983639989666933,"sont":0.0060670913933337433,"plus":0.0055874288815765272,"concernant":0.0074976657352380542,"ne":0.0030994897597429343,"Je":0.00341041869227264,"notion":0.007658857553322327,"aimerais":0.0071120087528233717,"trop":0.0077783177101000255,"\u00e9claircissement":0.0078026658243258318,"annuit\u00e9":0.0079267962438666038,"beaucoup":0.007152981910091844,"constante":0.0078026658243258318,"Salut":0.0079776032220566489,"comprend":0.0075889387675747242,"svp":0.0073214277628619066,"r\u00e9sultats":0.0076824518510683181,"amortissements":0.0078026658243258318,"05":0,"propos\u00e9s":0.0080290968017912127,"constants":0.0080812957949422202,"plafond":0.0081076659134136086,"5i\u00e8me":0,"5eme":0,"0005+1":0,"5e":0,"5=>":0,"5^2x18":0,"5x0":0,"5^2":0,"5\u00e8me":0,"5+5":0,"5xtaux":0,"5ans":0,"5min08s":0}