{"'":0.0026758819107359777,"en":0.0072695992132526628,"les":0.0060720250742888103,"j":0.0090869943279684295,"de":0.004341086565603041,"est":0.011039593137305589,"?":0.002074422064605631,"savoir":0.014324081253340946,"pas":0.0041498132456143045,"ce":0.0077274911605197723,"il":0.014197484228910847,"n":0.0083608975044731099,"possible":0.015127002704977332,"s":0.012821036378327136,"aimerais":0.015648463322935117,"trop":0.017114534533202903,"moment":0.016800093092129747,"frais":0.016546777075006586,"tard":0.0174969386410645,"bonsoir":0.017666320611493463,"certificat":0.017008404984774565,"payer":0.017222024753906492}