{"'":0.0011019690123431779,"en":0.004361299907925581,"les":0.0036428311411089067,".":0.0010306716531452024,"sur":0.0055134917738433693,"du":0.0037294071741157593,",":0.00058620523925369023,"la":0.0025837432856388471,"et":0.0061771303914440823,"de":0.0013305061147388872,"vous":0.0036342549355555414,"5":0.0080087628754176472,"m":0.012862619248100752,"\u00e9clairer":0.0095244097916406551,"question":0.0047845806549807642,"?":0.0012445220835379895,"-":0.0023949733112268814,"quiz":0.0081962358793942671,"je":0.0068906297141244936,"pas":0.002489625575645471,"ce":0.0046360061260916829,"\u00e0":0.0029019137573770581,"suis":0.0083470377666611251,"probl\u00e8me":0.0098379922059727322,"explication":0.0094694371861213621,"calcul":0.0064555214230942919,"ne":0.0040914297991028947,"d\u00e9j\u00e0":0.0098379922059727322,"\u00e9conomie":0.010332125990739117,"son":0.0098674934244917783,"pouvez":0.0095521230481844226,"apporte":0.010702389261019027,"d\u00e9marche":0.010530702173008284,"\u00e9clairages":0.010702389261019027,"05":0,"n\u00e9cessaires":0.010702389261019027,"profane":0.010702389261019027,"bute":0.010737441272823662,"5i\u00e8me":0,"5eme":0,"0005+1":0,"5e":0,"5=>":0,"5^2x18":0,"5x0":0,"5^2":0,"5\u00e8me":0,"5+5":0,"5xtaux":0,"5ans":0,"5min08s":0}