{"'":0.00073455175904179346,"questions":0.011368505533710414,".":0.0013562056962162252,"sur":0.0072549089003365128,"une":0.0063957334352079467,",":0.00077135611734501343,"la":0.0033861555148006054,"Merci":0.0041687470584699429,"pour":0.0037313208382319151,"d":0.0037990065028578176,"des":0.012631321102440139,"un":0.0059371767465274238,"r\u00e9solution":0.012247945069159504,"!":0.0094037215330978492,"-":0.006195986011644658,"je":0.0045931638010883787,"avance":0.0075053284308865464,"avec":0.0089652411385516325,"explication":0.012460325858957396,"ci":0.01267974816492508,"d\u00e9termination":0.013946230039326046,"cash":0.013141700724652861,"flows":0.013946230039326046,"indiqu\u00e9es":0.013991408599591576,"salut":0.013856787686561487,"sollicite":0.014082701541877487,"dessus":0.013856787686561487,"accent":0.014128824609227032}