{"'":0.00039127451626684302,"questions":0.0060556747004214609,"le":0.001091877999182611,"mes":0.0067739981296271292,"les":0.0050597663043894184,".":0.0014315672342380271,"du":0.0026139916410808268,"une":0.0034068225625068314,",":0.0012102906410531003,"et":0.0021933046018147054,"Merci":0.0022205712104881722,"de":0.0036300385803002089,"pour":0.0039386625991509935,"d":0.0020236210905536876,"des":0.0034221844819239773,"vous":0.0050478542518683058,"dans":0.0029678079391249469,"!":0.005009090984644431,"me":0.0046316049530007791,"Bonjour":0.0010445014081574687,":":0.0040251665389380992,"-":0.0016786690012315657,"4":0.0069790300205402628,"quiz":0.0057448519501341949,"je":0.0048483963881522946,"ou":0.0049492329266030647,"fois":0.0067541357958060145,"explications":0.0067343847361474272,"suis":0.0058505510208901896,"plus":0.005169651879270736,"avance":0.0039978717838069083,"formatif":0.0068342654934016069,"ci":0.0067541357958060145,"7":0.010251940405185192,"10":0.0098965479014111457,"mon":0.0060719590477481588,"lien":0.0073575283738881577,"09":0,"travail":0.0074287541282341968,"9":0.011930396027392442,"\u00e9ventuellement":0.0074528194430277884,"dernier":0.0069579818688988828,"10i\u00e8me":0,"avez":0.0065614345601161658,"04":0,"fichier":0.00724192605244012,"permets":0.0071967260111662689,"10+1":0,"9+":0,"solliciter":0.0074770501564716063,"erreurs":0.0073341026735607934,"n\u00b0":0.0075260169842978151,"joint":0.0075260169842978151,"d\u00e9celer":0.0075260169842978151,"pi\u00e8ges":0.0075260169842978151,"lesquels":0.0074528194430277884,"tomb\u00e9":0.0075260169842978151,"^^^^^^^^":0.0075260169842978151,"+10":0,"04\u20ac":0,"007=>":0,"9=":0,"9=850":0,"10^7":0,"4\u00e8me":0,"+7":0,"7e":0,"4ans":0,"4e":0,"4min25":0,"10\u00e8me":0,"10H":0,"10min15":0,"10^1":0,"10^2":0}