{"J":0.01102837909420388,"'":0.0019042737652379483,"ai":0.0079962988182793685,"a":0.0098822889955908575,"le":0.0078000723465931161,".":0.0035158678687799367,"l":0.0051009429375994666,"du":0.012721901114732346,"de":0.0066620177115191172,"pour":0.0049465538676491099,"mal":0.01614503236562256,"taux":0.010926941905551128,"actif":0.015442720111625645,"risque":0.028473745051336961,"ou":0.012317395397123145,"prime":0.033360229901210313,"quand":0.016809344477530162,"cherche":0.018311036774931976,"assimile":0.01873036253007521,"Surtout":0.018669217898702843,"marche":0.018488299755225909}