{"'":0.0019950876913831968,"ai":0.0083865133484404084,"le":0.0028500175340329332,"en":0.0040382065114757896,".":0.0018856372151798352,"j":0.009973866488686263,"l":0.0027075572973208591,"avoir":0.0072847837411948975,",":0.0030721622840892975,"la":0.0012119081942187999,"Merci":0.0029334107880715447,"bien":0.0062198331430565008,"d":0.0026732364672485739,"des":0.0045207615187625146,"dans":0.0039205226945366036,"pourrait":0.0092755254043239577,"quiz":0.0075890431285438207,"je":0.0032320589511702319,"ou":0.0065380174213754017,"pas":0.0023051893754057677,"#":0.0098773052124385662,"mais":0.00641422766053352,"cela":0.008219370494473752,"plus":0.0068291944530314294,"explication":0.0087679232596491203,"7":0.013542980491323896,"formules":0.0092755254043239577,"aimerais":0.00869260115056502,"mieux":0.0095667024359799863,"beaucoup":0.0087426802950644998,"probleme":0.0099095358986105893,"Salut":0.0097505677167890673,"aider":0.0090014866277547609,"reponse":0.0097819302296778734,"combien":0.0098452960447599769,"parait":0.0097819302296778734,"tres":0.0098452960447599769,"complexe":0.0098452960447599769,"rate":0.0099419911906790323,"regardant":0.0099419911906790323,"007=>":0,"+7":0,"7e":0}