{"J":0.004603395101941638,"'":0.0015805676678477413,"ai":0.0033377636458901765,"a":0.019867825091359332,"le":0.0011342836432751534,".":0.0029182080745222736,"j":0.0039695171988356924,"avoir":0.0057286994488424028,"une":0.0070108528189190686,",":0.0012564215997091716,"la":0.0028053228408967258,"et":0.0022784867324196971,"Merci":0.0023068123038196618,"de":0.00096878815805933563,"des":0.0035550930461299862,"mal":0.0067391556164094011,"dans":0.0030830697241373459,"fait":0.0059218972407129112,"m":0.0047444857796036183,"question":0.0069012793585837492,"on":0.0098249269869179496,"quiz":0.0059679667554000861,"je":0.0025416669855951044,"ce":0.0033756386279589403,"qu":0.0048227707352838387,"Dans":0.0049375913652298349,"cela":0.0064636514815469177,"trouve":0.006499209800918497,"plus":0.0053704274401290102,"utilise":0.0071420314889970625,"cette":0.0053442667708568318,"celle":0.0074069043301065746,"explication":0.0068950292732788175,"comprends":0.004592763808188665,"formule":0.0053442667708568318,"notion":0.0073614071223392641,"relatif":0.0077422671734735061,"aimerais":0.0068357965300532859,"meme":0.0076677735248607192,"beaucoup":0.0068751783947296977,"concept":0.0075468886860183436,"pose":0.0074298666506287638,"cependant":0.0076677735248607192,"Salut":0.0076677735248607192,"reponse":0.0076924367704261868,"claire":0.0076432752520718475,"perdre":0.0077927849140711639,"tres":0.0077422671734735061,"montrer":0.0077172672257127912,"resultats":0.0077422671734735061,"differents":0.0078183075130102524}