{"J":0.0033156820025873812,"'":0.0014245343693074046,"ai":0.0047750133487726313,"le":0.0024174665882303967,"les":0.0019104936914562977,"au":0.0032400903309706447,".":0.0050926054041498907,"l":0.0030460430721629848,"avoir":0.0041262036475529576,"une":0.0050630950312123739,",":0.00030743709167696575,"la":0.0013634151206146257,"et":0.0048560742103681232,"Merci":0.0016615249983421819,"de":0.0046912004408865594,"bien":0.0035230006975939259,"pour":0.0014871813431234907,"d":0.0015141586152457814,"des":0.0025606227077065238,"vous":0.0019059958747934729,"2\u00e8me":0,"5":0.0042002196525631882,"me":0.0068833218031823587,"Bonjour":0.00078153998946771841,"-":0.0024947764443980299,"4":0.0052220044953023414,"comment":0.0033777547213962437,"t":0.0043891233671704138,"1":0.0058480440627403695,"\/":0.0063766163579127922,"3":0.0087867991464701031,"2":0.0042109649579851714,"cours":0.003984124836548913,"valeur":0.003915855659324439,"ou":0.0037032247339464593,"pas":0.0025933730502864958,"il":0.002282109038244118,"n":0.0026306613924975395,"tr\u00e8s":0.0096684141845604192,"possible":0.0047595395086352599,"compris":0.0044122635930399518,"Car":0.0054187143899922527,"explication":0.0049662746652098183,"1+r":0,"%":0.0062895304075245434,"aussi":0.0051136855728656297,"comprendre":0.0045801910220328607,"exercice":0.0087177051685781437,"01":0,"En":0.00445916205196143,"Je":0.0023610172792998536,"chose":0.0051136855728656297,"clair":0.0054357886815335531,"pourcentage":0.0054876848240550469,"25":0.016904613173861209,"deux":0.0046050777050403065,"semble":0.010037749474899601,"notion":0.0053021920927369291,"derni\u00e8re":0.0052220044953023414,"2e":0,"chaque":0.0048540037287999899,"003":0,"02":0,"1+7":0,"1+3":0,"1+TAP":0,"1+6":0,"1\u00b0":0,"2\u00b0":0,"1=1":0,"3\u00b0":0,"Le":0.0048677790542734425,"admettez":0.0056312832024016119,"1mais":0,"1+TEG":0,"04":0,"sera":0.0053515013570578163,"d\u00e9taill\u00e9":0.0055585070329202775,"1+TRI":0,"3h":0,"semaine":0.0055406224299508044,"1er":0,"1+2":0,"1\u00e8re":0,"1+TAE":0,"1min45":0,"05":0,"3ieme":0,"Prime":0.0055765137160357168,"3\u00e8me":0,"1+n":0,"1+0":0,"limpression":0.0056312832024016119,"louper":0.0056312832024016119,"gros":0.0055765137160357168,"ref\u00e9rences":0.0056312832024016119,"rique":0.0056312832024016119,"abusif":0.0056312832024016119,"exercie":0.0056312832024016119,"cordialement":0.0052378481995874557,"1+5":0,"1=5":0,"1+TAEG":0,"1=9":0,"1+r2":0,"1+2r+r":0,"3+":0,"3+1":0,"1+1":0,"1x":0,"1\u00e8res":0,"1+taux":0,"1X4X":0,"1X08":0,"2X3":0,"1=r":0,"2min54":0,"1+rn":0,"5i\u00e8me":0,"2i\u00e8meann\u00e9e":0,"3M":0,"1+4":0,"5eme":0,"2eme":0,"0005+1":0,"1+i":0,"1+R":0,"1+":0,"3=":0,"1\u20ac":0,"25\u20ac":0,"04\u20ac":0,"1+x":0,"5e":0,"0025^t":0,"1+9":0,"1=":0,"1\u2212":0,"1+F3":0,"1+tri":0,"1+A2":0,"1+12":0,"1+41":0,"5=>":0,"2\u20ac":0,"4\u00e8me":0,"2^2x4":0,"5^2x18":0,"3^2x24":0,"2x0":0,"5x0":0,"1x4":0,"+2x0":0,"3x0":0,"5^2":0,"1+11":0,"02+":0,"1USD":0,"1^3":0,"4ans":0,"5\u00e8me":0,"4e":0,"2=":0,"25=":0,"1=16":0,"3eme":0,"1+15":0,"1+TMEG":0,"4min25":0,"1\u00b2=4":0,"5+5":0,"025":0,"2x":0,"2M":0,"1M":0,"1EUR":0,"3e":0,"3+2":0,"5xtaux":0,"1+g":0,"1ere":0,"1+rd":0,"5ans":0,"5min08s":0,"1an":0}