{"a":0.01036453870198188,"mes":0.017681474907815943,"et":0.011183542072416473,"vous":0.0066489520062206252,"\"":0.036391555115337058,"!":0.013074718188744575,"?":0.0022768814381099235,"-":0.0085594428541305619,"investir":0.019082716441193307,"il":0.00796100016212869,"\u00e0":0.0053091171756342375,"y":0.014142860233898534,"tous":0.016980954542861838,"entre":0.01651134267259682,"diff\u00e9rence":0.017324550559306682,"Quelle":0.018553359267464879,"Mes":0.019390517564541635,"salutations":0.019266158973911436,"Placer":0.019644392855919381,"remerciement":0.019644392855919381}