{"'":0.00087841883493576089,"que":0.005759288345702755,"le":0.004030133876538282,"en":0.0068627854355378026,".":0.0010887451374048775,"l":0.0015553523079724723,"du":0.0058684616463089041,",":0.00061923513837903489,"la":0.002059594000667928,"et":0.0016644020873751062,"de":0.0014054738560907538,"pour":0.0015082768163995322,"\"":0.007335201588920686,"dans":0.0044727775187303406,"est":0.0053242196643022337,"non":0.0045708393193632426,"fait":0.0043258615415311969,"?":0.00066195170008844721,"(":0.0045034610895307746,")":0.0044018641718141308,"Bonjour":0.00079262603222787483,"4":0.0052960779476001292,"temps":0.0048405310095323032,"pas":0.0013242126469119361,"ce":0.0048972231955335,"qui":0.0033164530538924855,"mais":0.0036846436474468561,"\u00e0":0.0060468509634219233,"Dans":0.0036068401268092428,"n":0.0026679769810505744,"plus":0.0077911721983201839,"c":0.0043258615415311969,"%":0.0032115224255380827,"effet":0.0051556463388383262,"base":0.0052960779476001292,"pourcentage":0.021803557339277673,"formule":0.0039039107150987216,"puisque":0.005427411705440352,"67":0.011111180633886266,"ans":0.0098605375083822382,"donc":0.0044866628633876277,"t=0":0.0052801054340248076,"va":0.0053774029956398994,"part":0.0053283119288178565,"chaque":0.0049228571382487953,"ann\u00e9e":0.0045708393193632426,"compte":0.0047345611937197685,"constituer":0.0056740034546697536,"\u00e9pargne":0.0055655269171450885,"La":0.0047870214642867642,"sa":0.0053445757362121076,"30":0.010171054917043608,"solution":0.010239183368311726,"propos\u00e9e":0.0055655269171450885,"Ce":0.0052642277133730288,"utilis\u00e9e":0.005444291181477828,"dernier":0.0052801054340248076,"n\u00e9cessaire":0.0055128946346143385,"04":0,"salaire":0.022156490479897414,"donn\u00e9e":0.0054612778295095215,"prend":0.0055128946346143385,"fixe":0.0056556158353663925,"consacrer":0.011268647612064156,"30\u20ac":0,"gros":0.0056556158353663925,"augmente":0.0056740034546697536,"totalit\u00e9":0.0056740034546697536,"augmenter":0.0056740034546697536,"vite":0.0057111622197490068,"propos\u00e9":0.0055655269171450885,"diminue":0.0056925183249459232,"67=13":0,"04\u20ac":0,"4\u00e8me":0,"4ans":0,"4e":0,"4min25":0,"67\u20ac":0}