{"J":0.0016072427576467963,"'":0.00097378381602756321,"ai":0.0034726317789101225,"a":0.0014402150380814979,"que":0.0027726781233414995,"le":0.0011801163425053541,"tout":0.0023200543943806035,"en":0.0033039316492115096,"les":0.0027596508733488284,"au":0.0031306244298240642,".":0.0032750702268611685,"j":0.0027625246405491508,"l":0.0058106573842811133,"du":0.0046775089823686182,"une":0.00368213938282484,",":0.0011648496698703421,"la":0.00099154459472033051,"et":0.0054585832607850033,"de":0.0054597662239205041,"pour":0.00072089586431311364,"d":0.0014630030237758719,"\u2019":0.022712211907618515,"des":0.0012412355282610606,"*":0.025843373577385694,"un":0.0034181400057786632,"b\u00e9n\u00e9fice":0.0052687464002309729,"000":0.014123634754429869,"euros":0.0050152362037192621,"dans":0.001076431932455638,"est":0.008350070774666981,"euro":0.010567515423397709,"?":0.00063064219713814798,"si":0.0019457126089389948,"(":0.0032296511896021964,"+":0.0045480143075412021,")":0.0031567910938580007,"suivante":0.0024714785248381057,":":0.00435045382127177,"-":0.0024110488821560139,"taux":0.0047453511393020431,"int\u00e9r\u00eat":0.0022943504481722438,"projet":0.002208249684200234,"1":0.0070413269078180834,"\/":0.004637398681219998,"3":0.0021444450167339827,"prix":0.0044859955421485825,"savoir":0.0021846779887756888,"cours":0.0038495218560873623,"valeur":0.0037835591414123976,"actions":0.0052356440452902423,"pas":0.0018860323545082491,"ce":0.00234922395349775,"il":0.0054576370681979677,"qui":0.0015851316315044237,"\u00e0":0.0014704996336063992,"cela":0.002256738081701373,"int\u00e9ressant":0.002634942670520161,"plus":0.0018750466595783431,"co\u00fbt":0.002486176712727392,"cette":0.0018659128474045484,"Bonsoir":0.0023935263548092419,"m\u00eame":0.001970163225141409,"co\u00fbts":0.0026685953565906222,"b\u00e9n\u00e9fices":0.0026857597521248236,"march\u00e9":0.0024004197853445793,"offre":0.0026771487548201511,"finance":0.0025701830977920971,"1+r":0,"On":0.0025544929835498581,"soit":0.0048403896934602559,"ne":0.0041188923472777429,"exercice":0.0021275824215947433,"01":0,"s":0.0019554368251360386,"25":0.012293891687825811,"flux":0.0022322640663522751,"faire":0.0021387994081483704,"tous":0.0023596058441975321,"donc":0.0063902057904771216,"doit":0.0069523847055538053,"Pour":0.0021846779887756888,"faut":0.0022691530167696138,"=":0.0039767459281941529,"rien":0.0025860681252680828,"003":0,"1+7":0,"simple":0.002618442722009234,"La":0.0045606012245030967,"sa":0.0025544929835498581,"solution":0.007343016868270204,"Ma":0.0026021529696469703,"1+3":0,"1+TAP":0,"1+6":0,"mois":0.0025010458136075454,"1\u00b0":0,"1=1":0,"3\u00b0":0,"Le":0.0093439311022236755,"aujourd":0.0026102719065565906,"hui":0.0026021529696469703,"placement":0.010533869416622951,"\u20ac":0.012641307646207736,"11":0.014486297723978905,"opportunit\u00e9":0.0052521414847937634,"20":0.01318407334826137,"correcte":0.0025940852566549775,"dollar":0.013379526054664685,"change":0.0079521150540373831,"Quelle":0.0025781009451797555,"1mais":0,"1+TEG":0,"re\u00e7oit":0.0027207955949202123,"convertir":0.0053881121479228775,"peur":0.0027119462290311003,"dessous":0.002634942670520161,"L":0.00515472151830235,"1+TRI":0,"3h":0,"d\u00e9cision":0.0052854602011373642,"lui":0.0027119462290311003,"1er":0,"devrais":0.0027207955949202123,"1+2":0,"200":0.026086380657434186,"1\u00e8re":0,"d\u00e9duis":0.0027119462290311003,"propose":0.0027031576840065869,"quant":0.002694429129517964,"Que":0.0026102719065565906,"investisseur":0.016054773387768853,"action":0.0051388408095769241,"40":0.016726039361542534,"1+TAE":0,"1min45":0,"3ieme":0,"3\u00e8me":0,"1+n":0,"1+0":0,"propos\u00e9":0.0026600987919915171,"traiter":0.0027297066293616988,"Ci":0.0027207955949202123,"\u00e9noncer":0.0027297066293616988,"Probl\u00e8me":0.0027297066293616988,"fran\u00e7ais":0.0054056300554017186,"\u00e9change":0.0027207955949202123,"comptant":0.0054232691950385405,"Gaz":0.0027297066293616988,"France":0.0027119462290311003,"GDF":0.0081342197972589757,"accepter":0.0053881121479228775,"anticipe":0.0027297066293616988,"d\u00e9pr\u00e9ciation":0.0027297066293616988,"prochains":0.0027297066293616988,"Solution":0.0027297066293616988,"unit\u00e9":0.0027119462290311003,"Puisque":0.002694429129517964,"\u00d7":0.0054232691950385405,"$":0.0027207955949202123,"21":0.0060095798775046229,"750":0.018090555484222687,"nette":0.0054056300554017186,"saisir":0.0027119462290311003,"offerte":0.0027119462290311003,"d\u00e9pend":0.0027119462290311003,"exclusivement":0.0027297066293616988,"anticipation":0.0027297066293616988,"futur":0.0026600987919915171,"modifie":0.0027119462290311003,"influencer":0.0027207955949202123,"1+5":0,"1=5":0,"1+TAEG":0,"1=9":0,"1+r2":0,"1+2r+r":0,"3+":0,"3+1":0,"1+1":0,"1x":0,"1\u00e8res":0,"1+taux":0,"1X4X":0,"1X08":0,"1=r":0,"1+rn":0,"20\u00e8me":0,"3M":0,"1+4":0,"1+i":0,"1+R":0,"1+":0,"3=":0,"1\u20ac":0,"25\u20ac":0,"1+x":0,"0025^t":0,"1+9":0,"1=":0,"1\u2212":0,"1+F3":0,"1+tri":0,"1+A2":0,"1+12":0,"1+41":0,"3^2x24":0,"1x4":0,"3x0":0,"1+11":0,"1USD":0,"1^3":0,"25=":0,"1=16":0,"3eme":0,"1+15":0,"1+TMEG":0,"1\u00b2=4":0,"025":0,"1M":0,"1EUR":0,"3e":0,"3+2":0,"1+g":0,"1ere":0,"40=":0,"1+rd":0,"1an":0}