{"'":0.0026199871454973545,"ai":0.0056362238471478138,"le":0.00191537723994597,".":0.0036835379647505847,"j":0.0067030173107941113,",":0.0007207660058727699,"et":0.007572845502079463,"Merci":0.0038953358886545217,"de":0.0016359177876515512,"bien":0.0082594430217933466,"pour":0.0034865986756663398,"d":0.0069869774863160023,"vous":0.0044684817514743479,"Bonjour":0.001832269013364138,"cours":0.0093405181843027891,"vos":0.021962557328690496,"vid\u00e9os":0.011779033266902984,"pas":0.0030611078886998971,"\u00e0":0.003568034961534571,"n":0.0061674123129763277,"avance":0.0070130844550933043,"march\u00e9":0.011609583101992343,"Je":0.0055352494551491023,"Mais":0.011988698909227023,"arrive":0.010290010555923058,"concept":0.012743848425661172,"AOA":0.012279790007092971,"concurrentiel":0.012824693290950843,"remercie":0.011477288343616263,"cern\u00e9":0.013202172449634623}