{"'":0.0019950876913831968,"ai":0.0056362238471478138,"j":0.0067030173107941113,"l":0.0035954204415318152,"du":0.0090253559971806441,",":0.0007207660058727699,"la":0.0046778034310702788,"et":0.0038475046825099078,"de":0.0016359177876515512,"pour":0.0034865986756663398,"mal":0.011379891935013474,"un":0.0055477814637479557,"5":0.0098471382429913355,"r\u00e9solution":0.011444652151113524,"pourrait":0.012317158967477225,"question":0.0058828595473780524,"?":0.0015301965102088393,"me":0.0081247819976589183,"quiz":0.010077644828802863,"calculer":0.009090832953029742,"\u00e0":0.0070227796297554646,"merci":0.0096007094632866493,"Bonsoir":0.011576243160726061,"quelqu":0.012824693290950843,"aussi":0.011988698909227023,"comprendre":0.010737956084211442,"formule":0.0090244508045115215,"vraiment":0.01220572272508693,"05":0,"rappeler":0.013116274622587201,"infini":0.012906608980263162,"5i\u00e8me":0,"5eme":0,"0005+1":0,"5e":0,"5=>":0,"5^2x18":0,"5x0":0,"5^2":0,"5\u00e8me":0,"5+5":0,"5xtaux":0,"5ans":0,"5min08s":0}