{"'":0.00098524430202104394,"ai":0.0040927987536882428,"que":0.0032678424578468533,"le":0.0013908698080649711,"r\u00e9ponses":0.0043787656100960056,"en":0.0019585749580173376,"les":0.0016359246096091611,"au":0.0027744365414528872,".":0.0013722588206434561,"j":0.0048674612008981445,"l":0.0013131953269006384,"une":0.0021827769920274363,",":0.00026325337080681003,"pu":0.0045541674009107495,"la":0.0023100634605395256,"Merci":0.0014227367755382993,"de":0.0017714649920747079,"pour":0.0012734491451331638,"vous":0.0032448314756994136,"un":0.0020262778196131954,"000":0.0042281198176795818,"dans":0.0019014970012149867,"m":0.0029261827624568926,"?":0.0011111670756387881,"(":0.0093513379433380582,"+":0.0040305623905841619,")":0.010905995726428443,"me":0.0029675043363959009,"Bonjour":0.00066921995496846767,"-":0.0010755359300021045,"taux":0.0055928092770158207,"comment":0.002892316315236601,"1":0.00252118041431581,"\/":0.0081503269654247534,"quiz":0.0036807701103546172,"trouver":0.0036057806606619356,"je":0.0015675844478504322,"valeur":0.0033530833780890785,"pas":0.0022228532598321444,"moi":0.0040641935287030325,"mais":0.0031109715749410602,"\u00e0":0.0063652832674285656,"par":0.0052333401297038548,"Car":0.0046399568146568756,"m\u00eame":0.0034802567181040286,"1+r":0.0081130178061711109,"%":0.0053909340839471001,"ne":0.0036530184117956484,"comprends":0.0028326075599873204,"exercice":0.0037583348027134555,"01":0,"Je":0.002021700614972928,"raisonnement":0.0040755161073828781,"VAN":0.01060881553266055,"3000":0,"formule":0.0032961003635169359,"obtenir":0.0041681998661590941,"solveur":0.0088901160682926025,"car":0.0037682203752399438,"1+7":0,"solution":0.0043529499037684924,"propos\u00e9e":0.0046990150732228826,"\u00e9tant":0.0044715173379310698,"1+3":0,"1+TAP":0,"m\u00eames":0.0045682412764520798,"1+6":0,"proc\u00e9d\u00e9":0.0047140240966629162,"1\u00b0":0,"1=1":0,"09":0,"9":0.0076438950008613869,"cible":0.0046692929375979682,"\u00e9gale":0.0046399568146568756,"Quelle":0.0045541674009107495,"1mais":0,"avez":0.0083581693505057481,"1+TEG":0,"50":0.0081342110971008262,"aider":0.0043658208771510726,"commence":0.0047596589763708669,"r\u00e9el":0.0092250016083468295,"d\u00e9courager":0.0048062348474346697,"1+TRI":0,"1er":0,"1+2":0,"1\u00e8re":0,"inscrite":0.0048062348474346697,"9+":0,"1+TAE":0,"^3":0.0046841051199662852,"1min45":0,"1+n":0,"1+0":0,"97":0.0095033807854933462,"faisant":0.0047140240966629162,"obtenue":0.0048219760241475862,"d\u00e9finie":0.0047906026070732993,"20000":0.022007193900187915,"^2":0.0047291335156547367,"+15000":0.012396817839883206,"1+5":0,"1=5":0,"1+TAEG":0,"1=9":0,"1+r2":0,"1+2r+r":0,"1+1":0,"1x":0,"1\u00e8res":0,"1+taux":0,"1X4X":0,"1X08":0,"1=r":0,"1+rn":0,"1+4":0,"1+i":0,"1+R":0,"1+":0,"1\u20ac":0,"97\u20ac":0,"1+x":0,"1+9":0,"1=":0,"9=":0,"1\u2212":0,"9=850":0,"1+F3":0,"1+tri":0,"1+A2":0,"1+12":0,"1+41":0,"1x4":0,"1+11":0,"1USD":0,"1^3":0,"1=16":0,"50\u20ac":0,"1+15":0,"1+TMEG":0,"1\u00b2=4":0,"1M":0,"1EUR":0,"1+g":0,"1ere":0,"1+rd":0,"1an":0}