{"'":0.0020801219741065427,"a":0.0062484182372823747,"alors":0.0096064246334358634,"que":0.0098778517519658281,"le":0.0042042436095292377,".":0.0011367847912010847,"j":0.0030285548358946405,"l":0.0032252471965608185,",":0.00032565623381566877,"la":0.0007271212714068015,"et":0.0017383781619627339,"Merci":0.0017599892400726876,"bien":0.0037317785328060023,"pour":0.0015753137416203641,"d":0.0031843641611089706,"un":0.0074110610282831571,"dire":0.009658517061281886,"est":0.0055574701748854352,"non":0.0094782941621270114,"comme":0.0044719411348470989,"!":0.022983669834117582,"?":0.0013726522627867013,"Bonjour":0.0008278551171496904,"on":0.0050559358655862677,"taux":0.023341291561246442,"utilis\u00e9":0.0052911219729315116,"inflation":0.011150820201677607,"1":0.0031188133165384515,"quiz":0.0045532778099127008,"aimerai":0.0058689672859261735,"Alors":0.011360196099102229,"ce":0.0025754534314491491,"qui":0.0034638562447092155,"mais":0.0038484114505275592,"n":0.0027865579811859045,"par":0.003256206244596578,"pourquoi":0.0080364062974450784,"y":0.0042944657223296379,"c":0.0045181289380211553,"1+r":0,"%":0.0033542618659013908,"dit":0.0052004881314780199,"actualisation":0.0053219985132958907,"accord":0.0058501503900961057,"01":0,"Je":0.0049653574812180889,"VAN":0.0044265043862324101,"certificatif":0.0051856642321423795,"donc":0.0046860772411687467,"calcul\u00e9e":0.0058689672859261735,"rien":0.005651119469776541,"1+7":0,"\u00e9t\u00e9":0.0052153910919839324,"passer":0.0055482502409569603,"\u00e9tant":0.0055314676171068717,"1+3":0,"1+TAP":0,"1+6":0,"1\u00b0":0,"1=1":0,"sommes":0.005651119469776541,"\u00e9claircir":0.0058501503900961057,"nominal":0.01150430297541755,"1mais":0,"1+TEG":0,"point":0.0055651342710044188,"comprend":0.0055651342710044188,"r\u00e9el":0.016970527333011375,"demain":0.0058879117549053648,"avant":0.0053689626183144471,"dois":0.0057398348089429917,"1+TRI":0,"1er":0,"1+2":0,"1\u00e8re":0,"1+TAE":0,"1min45":0,"1+n":0,"1+0":0,"97":0.011756108518705795,"1+5":0,"1=5":0,"1+TAEG":0,"1=9":0,"Nous":0.0059069855386667848,"int\u00e8gre":0.0058689672859261735,"d\u00e9fini":0.0058501503900961057,"HORS":0.005965000739632441,"r\u00e9ell":0.005965000739632441,"1+r2":0,"1+2r+r":0,"1+1":0,"1x":0,"1\u00e8res":0,"1+taux":0,"1X4X":0,"1X08":0,"1=r":0,"1+rn":0,"1+4":0,"1+i":0,"1+R":0,"1+":0,"1\u20ac":0,"97\u20ac":0,"1+x":0,"1+9":0,"1=":0,"1\u2212":0,"1+F3":0,"1+tri":0,"1+A2":0,"1+12":0,"1+41":0,"1x4":0,"1+11":0,"1USD":0,"1^3":0,"1=16":0,"1+15":0,"1+TMEG":0,"1\u00b2=4":0,"1M":0,"1EUR":0,"1+g":0,"1ere":0,"1+rd":0,"1an":0}