{"J":0.010538063720447126,"'":0.00093048994921038331,"ai":0.0076407879847956032,"le":0.0025965951314613073,"mes":0.016109245334263833,".":0.0049404909117311217,"vous":0.0060577298920129622,"fait":0.013556370697412244,"je":0.0058183684122748479,"mais":0.011546924165994945,"avec":0.011356676597646147,"votre":0.024361368380857774,"Bonsoir":0.015693418510393003,"Je":0.0075039013134924008,"aide":0.015559269690524393,"remercie":0.015559269690524393,"tableur":0.017276291107586765,"voudrais":0.016748813896350585,"Projet":0.017839195238658474,"Monsolini":0.0174969386410645,"corrig\u00e9e":0.017897621414986048,"erreures":0.017897621414986048}