{"mes":0.014793823388057159,"au":0.0094569327468306975,"et":0.0093920816296320393,"vous":0.0055630778658750666,"est":0.0051793021343708489,"non":0.013154429264751789,"!":0.010939419519092492,"?":0.0019050323599449377,"\u00e9gal":0.015571288035328432,"(":0.01279581107590673,")":0.012507140886656342,"-":0.0036660672554087431,"on":0.0070168692354712903,"1":0,"\u00e0":0.012816598350235157,"1+r":0.0093275262441940981,"dit":0.014329603019833746,"tous":0.014207708563762307,"Pourquoi":0.014008743857952427,"Mes":0.016223753603611724,"salutations":0.016119704646374702,"remerciements":0.016276310160318951,"carr\u00e9":0.032017926447758888,"1+r2":0.0096107082993828544,"1+2r+r":0.0096107082993828544}