{"'":0.0018213723612599461,"questions":0.028189003038998624,"les":0.022819265922711975,"j":0.017787188706264539,"avoir":0.02566998781814606,"et":0.010209773996232224,"pour":0.0092520704798451491,"5":0.026130457079784959,"4":0.032487197247332324,"aimerais":0.030630829077488275,"04":0,"05":0,"demarches":0.03503340686829845,"5i\u00e8me":0,"5eme":0,"0005+1":0,"04\u20ac":0,"5e":0,"5=>":0,"4\u00e8me":0,"5^2x18":0,"5x0":0,"5^2":0,"4ans":0,"5\u00e8me":0,"4e":0,"4min25":0,"5+5":0,"5xtaux":0,"5ans":0,"5min08s":0}