{"'":0.00048122986374688322,"que":0.0015866407831143839,"le":0.0013429044799240712,"les":0.003140323870931991,"au":0.0026782111268664707,".":0.0046518031343014236,"du":0.0016167172093621109,"une":0.0021070720271203851,",":0.00025412298906310238,"la":0.0016829004613764039,"lieu":0.0042904735798727969,"Merci":0.001373392184653614,"de":0.0011469705706050441,"pour":0.0012292822773334099,"d":0.0024888584898750108,"des":0.0042089563809717756,"vous":0.0031329307028223506,"2\u00e8me":0,"*":0.01045707445697862,"5":0.003471839936452645,"comme":0.0034896400869907397,"question":0.0020741403454618713,"(":0.0090341717194397687,"+":0.0038907709297755911,")":0.008830363141421483,"me":0.0028645827770845639,"Bonjour":0.00064600948803069389,":":0.0024895091138696303,"-":0.0010382332599929924,"serait":0.0041651226141233132,"1":0.0095705593425760311,"\/":0.0026537107979620572,"3":0.0072716864215695183,"2":0.0034807218482523425,"qui":0.0027029898745578574,"mais":0.0030030741604236979,"\u00e0":0.0025016117109680435,"Dans":0.0029396623994034136,"cela":0.0038482231148075545,"tr\u00e8s":0.0040236347430403765,"sont":0.003471839936452645,"par":0.0025409520161410412,"avance":0.0024726276902061355,"1+r":0,"%":0.012794846725373222,"calcul":0.0027985017706190466,"comprendre":0.003785918695269072,"01":0.0079985400915426538,"En":0.0036858779244238371,"effet":0.0042019771195992506,"Je":0.0019515822406872762,"se":0.0038272565462291368,"tous":0.0040236347430403765,"formule":0.0031817821517795128,"facteurs":0.0046244507722423625,"entre":0.0039123602777461517,"=":0.0034020577786806117,"2e":0,"chaque":0.0040122482611245607,"ann\u00e9e":0.0037253451798357046,"formules":0.0043427037735922725,"003":0,"02":0,"1+7":0,"30":0.016484573097043511,"solution":0.0083559305920834163,"1+3":0,"1+TAP":0,"capitalisation":0.0043962158169761276,"1+6":0,"15":0.013812733279131125,"1\u00b0":0,"2\u00b0":0,"1=1":0,"3\u00b0":0,"math\u00e9matiques":0.0046395408416846249,"puissance":0.0045945803553794481,"1mais":0,"1+TEG":0,"sais":0.0042904735798727969,"donnez":0.0091072527244687486,"1+TRI":0,"3h":0,"1er":0,"1+2":0,"1\u00e8re":0,"coupons":0.0045945803553794481,"replacement":0.0046395408416846249,"1+TAE":0,"1min45":0,"30\u20ac":0,"05":0,"connaissances":0.0046395408416846249,"3ieme":0,"3\u00e8me":0,"1+n":0,"1+0":0,"cheminement":0.0046395408416846249,"1+5":0,"1=5":0,"1+TAEG":0,"1=9":0,"1+r2":0,"1+2r+r":0,"per\u00e7us":0.0046395408416846249,"raccourcie":0.0046547360692534004,"\u00e9vite":0.0046547360692534004,"\u00e9lever":0.0046395408416846249,"lpour":0.0046547360692534004,"\u00e9crire":0.0045360397566809856,"3+":0.0038272565462291368,"3+1":0.0038272565462291368,"^4+":0.0046547360692534004,"^3+":0.0046547360692534004,"abr\u00e9g\u00e9e":0.0046547360692534004,"=3":0.0046395408416846249,"1+1":0.002728053441677127,"^5":0.0046244507722423625,"purement":0.0046547360692534004,"utile":0.0046244507722423625,"1x":0,"1\u00e8res":0,"1+taux":0,"1X4X":0,"1X08":0,"2X3":0,"1=r":0,"2min54":0,"1+rn":0,"5i\u00e8me":0,"2i\u00e8meann\u00e9e":0,"3M":0,"1+4":0,"5eme":0,"2eme":0,"0005+1":0,"1+i":0,"1+R":0,"1+":0,"3=":0,"1\u20ac":0,"1+x":0,"5e":0,"1+9":0,"1=":0,"1\u2212":0,"1+F3":0,"1+tri":0,"1+A2":0,"1+12":0,"1+41":0,"5=>":0,"2\u20ac":0,"2^2x4":0,"5^2x18":0,"3^2x24":0,"2x0":0,"5x0":0,"1x4":0,"+2x0":0,"3x0":0,"15x4":0,"5^2":0,"1+11":0,"02+":0,"1USD":0,"1^3":0,"15ans":0,"5\u00e8me":0,"2=":0,"1=16":0,"3eme":0,"1+15":0,"1+TMEG":0,"15\u20ac":0,"1\u00b2=4":0,"5+5":0,"2x":0,"2M":0,"1M":0,"1EUR":0,"3e":0,"3+2":0,"5xtaux":0,"1+g":0,"1ere":0,"15h":0,"1+rd":0,"5ans":0,"5min08s":0,"1an":0}