{"a":0.011485548714662475,"mes":0.019593871684995445,"et":0.0063441601417201622,"des":0.0098987100879066765,"vous":0.0073680907915657763,"!":0.014488856378971711,"?":0.002523144871842845,"-":0.0094620250922448704,"on":0.0092935836682495714,"t":0.016967224269674085,"tous":0.018817584287298239,"Comment":0.017610536379210194,"Mes":0.021487761346047671,"salutations":0.021349952352146494,"remerciements":0.021557370560739118,"effectue":0.021487761346047671,"resolutions":0.021769095335954104,"graphiques":0.021698030864698431}