{"'":0.0034968725144682365,"au":0.020157288982824446,"un":0.014721644182224373,"est":0.011039593137305589,"?":0.0040605436063729265,"-":0.0078141591016928341,"ce":0.015126051424408229,"qu":0.021610570973393233,"remboursement":0.033292824683031623,"Qu":0.033500566235086439,"pair":0.034805467600307873}