{"'":0.0021305741005890962,"les":0.0047934066381369045,"au":0.0081293492724381286,"l":0.0038477807352257786,"une":0.01257462008648594,"de":0.0017507418256366709,"d":0.0074692080217963969,"un":0.011673054033633848,"dans":0.0055715576955584255,"?":0.0016376000383929474,"-":0.0031514172695638666,"taux":0.0082424910596818526,"obligation":0.012605796184621768,"savoir":0.011307783700649303,"je":0.0045931638010883787,"qui":0.0082045618247631527,"\u00e0":0.003818473085655479,"actuarielle":0.014082701541877487,"d\u00e9j\u00e0":0.012945287695024401,"\u00e9conomie":0.013595491910448418,"peuvent":0.013638331111007708,"variation":0.013812515726308329,"\u00e9mission":0.013856787686561487,"Pourrais":0.014128824609227032,"changements":0.014128824609227032,"conduire":0.014128824609227032,"connu":0.014082701541877487,"d\u00e9but":0.013768537934075838}