{"'":0.0010468469866938225,"ai":0.0043518635001135123,"que":0.0034746893683960029,"le":0.0014789086674914713,"mes":0.0091751317958382057,"j":0.0051755602982723244,",":0.0021462296428686376,"la":0.0012425926516898159,"de":0.001263131327346042,"d":0.0027409204808401585,"dans":0.0040197869065111804,"est":0.0032122040696850218,"non":0.0081583792801368012,"?":0.0023338269148489052,"si":0.014352566143586428,":":0.0054519403147499611,"savoir":0.0081583792801368012,"cours":0.0072120379283700598,"je":0.0097001211951913656,"ou":0.0067035543147374206,"acheter":0.0098709398969487622,"pas":0.0023635547579402682,"ce":0.0086938078621462272,"oui":0.0097477011932127784,"moi":0.016971341461941378,"possible":0.0086156887311761004,"ses":0.0099022530237656697,"veux":0.0098709398969487622,"bonjour":0.0093959912615539983,"final":0.0095103736099454821,"mon":0.016245402570834643,"argent":0.0097782139790023332,"peux":0.0097782139790023332,"certificat":0.0096872543768624416,"prochain":0.009965502090529637,"payer":0.0098089229898429085,"apres":0.010127389957442442,"evaluation":0.010193713728180523,"voulais":0.010094570345582518}