{"'":0.0018213723612599461,"questions":0.0058374401595063319,"que":0.0072889464005041864,"le":0.0010525288753153129,"mes":0.0065298766328307058,"en":0.0029467293499898968,".":0.0020525830320207105,"j":0.003683409786966151,"sur":0.0037252122931027156,"l":0.0019757381233776778,"du":0.0025197885515873381,",":0.00039607186391552642,"la":0.00088434443242296876,"et":0.004191101940490452,"Merci":0.0021405462153119103,"afin":0.006568496376836562,"Bien":0.0058847518409976141,"vous":0.0095671895042152184,"2\u00e8me":0,"m":0.0044025216365959031,"Bonjour":0.0010068596429420112,"1":0.0037931845769153972,"2":0.0054249951776951253,"je":0.0046752018714173458,"pas":0.0016821252629080107,"il":0.0029400459635675735,"\u00e0":0.0038866744773576522,"n":0.0033890867083530237,"par":0.0078504738548702512,"quizz":0.0061833487377712633,"suis":0.0056397087317468101,"avance":0.0038537963906362803,"1+r":0,"01":0,"s":0.0051970023497898794,"Je":0.0060295689406258133,"Il":0.0066075600356653042,"r\u00e9soudre":0.006568496376836562,"examen":0.006851868849898835,"final":0.0067684658691487968,"expliquer":0.0058062610334709249,"2e":0,"mon":0.005853137651158186,"02":0,"1+7":0,"arrive":0.0056545170379668427,"1+3":0,"1+TAP":0,"1+6":0,"1\u00b0":0,"2\u00b0":0,"1=1":0,"avais":0.0067684658691487968,"travail":0.0071610365200486491,"proc\u00e9dure":0.0072075920549353051,"1mais":0,"1+TEG":0,"plait":0.0066075600356653042,"reste":0.0069157923814936861,"avant":0.0065298766328307058,"1+TRI":0,"mail":0.0071151101332917995,"1er":0,"1+2":0,"1\u00e8re":0,"1+TAE":0,"1min45":0,"1+n":0,"1+0":0,"erreurs":0.0070697961166254339,"1+5":0,"1=5":0,"1+TAEG":0,"1=9":0,"1+r2":0,"1+2r+r":0,"1+1":0,"r\u00e9vision":0.0072075920549353051,"retravaille":0.0072547942151201059,"certi":0.0072547942151201059,"imprim\u00e9":0.0072547942151201059,"envoie":0.0072311111861742628,"puissiez":0.0072547942151201059,"identifier":0.0071379957477239126,"1x":0,"1\u00e8res":0,"1+taux":0,"1X4X":0,"1X08":0,"2X3":0,"1=r":0,"2min54":0,"1+rn":0,"2i\u00e8meann\u00e9e":0,"1+4":0,"2eme":0,"1+i":0,"1+R":0,"1+":0,"1\u20ac":0,"1+x":0,"1+9":0,"1=":0,"1\u2212":0,"1+F3":0,"1+tri":0,"1+A2":0,"1+12":0,"1+41":0,"2\u20ac":0,"2^2x4":0,"2x0":0,"1x4":0,"+2x0":0,"1+11":0,"02+":0,"1USD":0,"1^3":0,"2=":0,"1=16":0,"1+15":0,"1+TMEG":0,"1\u00b2=4":0,"2x":0,"2M":0,"1M":0,"1EUR":0,"1+g":0,"1ere":0,"1+rd":0,"1an":0}