{"J":0.0074089591913817244,"'":0.0019042737652379483,"ai":0.0053719817863227418,"certaines":0.006218678581863972,"questions":0.0051019820372112685,"que":0.0021613501674731619,"le":0.00091992093602190188,"en":0.0025754714055078415,"les":0.0042690371948655844,".":0.0023790830775788515,"l":0.0017268152032857648,"une":0.0028702908226999383,"r\u00e9ponse":0.0041202017339768797,",":0.00034617083514783221,"et":0.0018478866904479904,"de":0.0023209311459160774,"pour":0.0065455574239378289,"d":0.0017049261997855055,"des":0.0028832334328632468,"vous":0.0042589867316187528,"dans":0.0025004154853718688,"5":0.0047294018330745046,"m":0.0038478486621858258,"Bonjour":0.00088000556269814047,"serait":0.0056738037717089778,"sans":0.0049034455049602171,"quiz":0.0048401099639620452,"ou":0.0041697909380346981,"pas":0.0014701945786493068,"ce":0.0054329398814476695,"il":0.002569630057837852,"moi":0.010605741388847002,"mais":0.0040908407931035499,"qu":0.0039113389277227956,"par":0.0034613298259280824,"eu":0.011563724701338719,"aurait":0.0059157079713507699,"Je":0.0026584798825526001,"faire":0.004968161013245276,"certificatif":0.0055123333491999557,"titre":0.0060257325619446703,"difficult\u00e9s":0.0060823118789640508,"Cordialement":0.0052421176627878135,"mon":0.010152087200081202,"suite":0.0060823118789640508,"fallu":0.0062995087214626705,"indiquer":0.0060257325619446703,"utilit\u00e9":0.0062588187107329388,"Ce":0.0058445590766897119,"travail":0.012420597554221974,"fichier":0.006101413708994358,"mail":0.006218678581863972,"05":0,"erreurs":0.0061790736706788538,"dessus":0.006218678581863972,"envoie":0.0063200646812383897,"identifier":0.0062386808415107855,"ayant":0.0061988101175971455,"justesse":0.0063407638892759525,"retravaill\u00e9":0.0063407638892759525,"\u00e9voqu\u00e9es":0.0063407638892759525,"restent":0.0063407638892759525,"grande":0.0062386808415107855,"analysiez":0.0063407638892759525,"5i\u00e8me":0,"5eme":0,"0005+1":0,"5e":0,"5=>":0,"5^2x18":0,"5x0":0,"5^2":0,"5\u00e8me":0,"5+5":0,"5xtaux":0,"5ans":0,"5min08s":0}