{"'":0.00068637549578745615,"a":0.013709976416068668,"que":0.0088574537490714728,".":0.0024942780853752402,"sur":0.0067790889233688171,"l":0.0070766810609771491,"une":0.005976263283668069,",":0.0007207660058727699,"Merci":0.0038953358886545217,"d":0.003549845112753238,"?":0.0030118070583018347,"t":0.010290010555923058,"je":0.0042919168627648177,"il":0.0053502542828816396,"n":0.0061674123129763277,"avance":0.0070130844550933043,"utilise":0.012060197325514985,"y":0.0095048231374962374,"mon":0.010651457553542807,"ici":0.01195325729860979,"bonsoir":0.013031553515160388,"chers":0.013159074406740303,"jusqu":0.012585261682000361,"messieurs":0.013202172449634623,"application":0.01298962424182966,"edx":0.013159074406740303,"compatible":0.013202172449634623,"ordinateur":0.013202172449634623,"Parce":0.013116274622587201,"t\u00e9l\u00e9phone":0.013202172449634623}