{"J":0.0047415060284830999,"'":0.0010313700343109638,"a":0.0021350019352219165,"questions":0.0032559989017421995,"que":0.0027449494841583415,"le":0.0023137191686175601,"mes":0.0036422251130719735,"tout":0.0034392923909619703,"en":0.0032708901187808539,"au":0.0023282877616982948,".":0.0011537542301138406,"j":0.0020545269661560884,"sur":0.004135011612081854,"l":0.0021930830889090071,"du":0.001405484001961021,"r\u00e9sultat":0.0034106428143775092,"apr\u00e8s":0.0033546108266319071,",":0.0002209203895340661,"la":0.0014651771063268542,"et":0.0035028983268753388,"lieu":0.0037298990463068725,"Merci":0.0011939507619335352,"de":0.0019761403992033422,"pour":0.0021267055460581046,"d":0.0010880551506385549,"\u2019":0.0069022514079800619,"des":0.0036617528447501452,"vous":0.0040682568424326195,"un":0.0033839563152522167,"dire":0.0033001876369561649,"5":0.0030182244982589453,"question":0.0018031422295051651,"(":0.0016066697712843042,")":0.0015704237166818879,"me":0.0049558382086036887,"r\u00e9pondre":0.0039060887103728546,"Bonjour":0.00056160471063483727,":":0.0085294373409766922,"4":0.0037524661092715921,"comment":0.0024272116442783085,"3":0.0031789657375074355,"quiz":0.0030888765605270423,"je":0.0039075061990202584,"temps":0.0068252618033423857,"pas":0.0018671707671477607,"ce":0.0017471496511399427,"il":0.0016398945714001408,"o\u00f9":0.0030650320838561044,"\u00e0":0.0010936304808366985,"n":0.0018903598664452505,"trouve":0.0033638352287803496,"explications":0.0036209258901042643,"y":0.0029133022546553515,"m\u00eame":0.005812152995967379,"explication":0.0035687019012140856,"ne":0.0015419177524237852,"obtient":0.0038336361627065844,"vois":0.0036746295072919832,"Je":0.0016965970312640204,"viens":0.0038938193413199955,"formatif":0.0036746295072919832,"VA":0.0033824197982355916,"forum":0.0039814209105648547,"final":0.003775305071100171,"mon":0.0032647546258578997,"esp\u00e8re":0.0039433806192919335,"003":0,"car":0.0031622642118384527,"aimerais":0.0070408838995941643,"CF":0.003221374909008339,"passer":0.0037638511939509902,"somme":0.0037984225637158458,"Q4":0.0079745504490083309,"3\u00b0":0,"peuvent":0.0039060887103728546,"proc\u00e9dure":0.0040202402378133875,"aborder":0.0040072119329151723,"04":0,"donn\u00e9e":0.0038695163045772657,"exactement":0.0039184380107322916,"fichier":0.0038938193413199955,"DRA":0.0039060887103728546,"3h":0,"05":0,"3ieme":0,"3\u00e8me":0,"erreurs":0.0039433806192919335,"lesquels":0.0040072119329151723,"3+":0,"3+1":0,"envoyer":0.0040202402378133875,"venir":0.0039814209105648547,"aurez":0.0040333587047083792,"Q3":0.0040202402378133875,"dra":0.0040465685902284932,"actualis\u00e9e=70":0.0040465685902284932,"104":0.013454190970651413,"soit<":0.0040465685902284932,"i0=":0.0040465685902284932,"75000":0.013454190970651413,"apprenant":0.0040465685902284932,"Q7":0.0040465685902284932,"93":0.019433834169584475,"84":0.010826316267904056,"78":0.010057712189053575,"esp\u00e9ranr":0.0040465685902284932,"ayez":0.0040465685902284932,"examiner":0.0040465685902284932,"5i\u00e8me":0,"3M":0,"5eme":0,"0005+1":0,"3=":0,"04\u20ac":0,"5e":0,"5=>":0,"4\u00e8me":0,"5^2x18":0,"3^2x24":0,"5x0":0,"3x0":0,"5^2":0,"4ans":0,"5\u00e8me":0,"4e":0,"3eme":0,"4min25":0,"5+5":0,"3e":0,"3+2":0,"5xtaux":0,"5ans":0,"5min08s":0}