{"a":0.032746368334776503,"?":0.0071937208563566937,"cours":0.043911406164707241,"Le":0.053650684138052462,"commence":0.061263607443427917,"deja":0.061661896155631765}