{"'":0.0019950876913831968,"le":0.0028500175340329332,"en":0.0040382065114757896,"les":0.0066646423692058769,".":0.00095431753577894345,"l":0.0027075572973208591,",":0.00054277803961925292,"et":0.0057249588116314726,"2\u00e8me":0,"\"":0.012704101834047042,"dans":0.0077465657064985285,"?":0.0011523255193447433,"on":0.01243115705860999,"t":0.0077489666711490794,"1":0.010271112562867751,"\/":0.021877825342157459,"3":0.03014703194501327,"2":0.014689698060628847,"actif":0.016196315482397833,"sans":0.0076883499946653758,"risque":0.007728673325035745,"fonds":0.0091639676020939861,"indic\u00e9":0.0093323226395149346,"Si":0.0083102478278609289,"peut":0.0075110946050096434,"\u00eatre":0.0079356992107183586,"qu":0.0061327779810486571,"par":0.0054271868876261094,"1+r":0,"ils":0.0090820185863758479,"01":0,"s":0.0071219872056279701,"flux":0.0081302325474196489,"Comment":0.0080427686517624743,"2e":0,"003":0,"02":0,"1+7":0,"1+3":0,"1+TAP":0,"1+6":0,"1\u00b0":0,"2\u00b0":0,"1=1":0,"3\u00b0":0,"regarde":0.0097194149881648078,"peuvent":0.0095968469785272861,"1mais":0,"1+TEG":0,"1+TRI":0,"3h":0,"1er":0,"1+2":0,"investissant":0.0097819302296778734,"1\u00e8re":0,"g\u00e9n\u00e9r\u00e9s":0.0097819302296778734,"1+TAE":0,"1min45":0,"d\u00e9termine":0.0097505677167890673,"3ieme":0,"3\u00e8me":0.0081302325474196489,"apercevoir":0.0098452960447599769,"r\u00e9pliqu\u00e9s":0.0098452960447599769,"1+n":0,"1+0":0,"1+5":0,"1=5":0,"1+TAEG":0,"1=9":0,"1+r2":0,"1+2r+r":0,"3+":0,"3+1":0,"1+1":0,"proportions":0.0098773052124385662,"1x":0,"1\u00e8res":0,"1+taux":0,"1X4X":0,"1X08":0,"2X3":0,"1=r":0,"2min54":0,"1+rn":0,"2i\u00e8meann\u00e9e":0,"3M":0,"1+4":0,"2eme":0,"1+i":0,"1+R":0,"1+":0,"3=":0,"1\u20ac":0,"1+x":0,"1+9":0,"1=":0,"1\u2212":0,"1+F3":0,"1+tri":0,"1+A2":0,"1+12":0,"1+41":0,"2\u20ac":0,"2^2x4":0,"3^2x24":0,"2x0":0,"1x4":0,"+2x0":0,"3x0":0,"1+11":0,"02+":0,"1USD":0,"1^3":0,"2=":0,"1=16":0,"3eme":0,"1+15":0,"1+TMEG":0,"1\u00b2=4":0,"2x":0,"2M":0,"1M":0,"1EUR":0,"3e":0,"3+2":0,"1+g":0,"1ere":0,"1+rd":0,"1an":0}