{"'":0.0023722614478415048,"l":0.0043005707766096603,"une":0.0071483554285290277,",":0.00086212593826981844,"d":0.0042460570054758395,"dans":0.0062271942853592095,"?":0.00359152646857152,"-":0.0035222622979305812,"comment":0.0094720189504291577,"actif":0.013019653745562899,"valeur":0.010980980583733511,"investir":0.015339930915714331,"D":0.01298417413191125,"\u00e0":0.0042678143307656241,"cette":0.010794367456034936,"%":0.0088799041997757438,"s":0.011312266624318053,"agit":0.014512019779611149,"vente":0.015437912285440402,"d\u00e9couvert":0.015437912285440402,"interpr\u00e9ter":0.015637856491185414,"25":0.023866860606726263,"Il":0.028222357267015847,"faut":0.013127125155417755,"n\u00e9gative":0.015388759378580764,"25\u20ac":0,"0025^t":0,"25=":0,"025":0}