{"J":0.0012643624567642677,"'":0.0016151384059189169,"ai":0.001828628168638595,"a":0.0011329675092041911,"questions":0.0017278396355622063,"que":0.0021842832277939148,"le":0.002146679386010676,"en":0.0008722103571195465,"les":0.0014531846863987292,"au":0.0024645198634108321,".":0.0025974768022419444,"Quand":0.0020406774225956901,"j":0.0021747408551903067,"sur":0.0021994216871374377,"l":0.0028933208772595298,"du":0.0051392206595546122,"apr\u00e8s":0.0017801693805975473,"avoir":0.001573437071727222,"une":0.0029007461156763817,"autre":0.0055392234824196964,",":0.00092082128351086414,"la":0.0010387644490373979,"et":0.00062580617542297597,"lieu":0.0039481418230860339,"Merci":0.00063358603968650734,"de":0.0025990783981912672,"bien":0.001343418884475697,"pour":0.00056710391864427481,"d":0.0017230163621157601,"des":0.003874886208929279,"vous":0.00072680963522916292,"2\u00e8me":0,"*":0.012775401960004006,"un":0.0035809204535443367,"dans":0.0041895069674413987,"non":0.0017186108420681207,"comme":0.0016098731792371305,"!":0.0014292224020559764,"question":0.0028554100064100193,"?":0.00098769427331536655,"(":0.0017006787693560922,"+":0.0035803309695126417,")":0.0033071254473052451,"Bonjour":0.00029802309762269873,":":0.01012228774407343,"-":0.012947337718082196,"on":0.0009167457821806724,"4":0.0019912966405590989,"t":0.0016736957281266874,"1":0.0044555324177719558,"\/":0.019972889700427942,"3":0.0016869609502695364,"2":0.0063722820206479703,"actif":0.007025841479059501,"obligation":0.0019158889636833017,"risque":0.0033297693440743435,"fonds":0.0019793211248954399,"prix":0.0052832725523365006,"cours":0.0015192584398816349,"connaissance":0.0042008686491526717,"valeur":0.001493225489626015,"ou":0.0014121433596192257,"pas":0.00099315219982810021,"ce":0.0018493783674080324,"il":0.00087023212357115404,"D":0.0035218843226847369,"o\u00f9":0.0016265005236711573,"Est":0.0015854363961371727,"peut":0.001622317850554889,"qui":0.0024873215444520566,"Dans":0.0013561523638079365,"n":0.0020009680575096673,"sont":0.0016016614484501961,"exemples":0.0020728185412449054,"quizz":0.0036507426269821535,"utilise":0.0019616209948842603,"x":0.0020095315465580446,"y":0.0015459830478667684,"avec":0.0013625800625798362,"encore":0.0019442269343802165,"votre":0.002978529321361144,"m\u00eame":0.001549859474379303,"doivent":0.0020992919489702336,"aux":0.0037558203692399225,"march\u00e9":0.0056350350527155412,"loi":0.0021060206124205545,"petite":0.0020992919489702336,"1+r":0,"%":0.0024086241504779524,"dit":0.0018721459226215278,"calcul":0.0012910308313348929,"soit":0.0019103159220869958,"01":0,"s":0.0015382747232883449,"100":0.0031845004999020267,"pond\u00e9rations":0.0021264809401759692,"actifs":0.0019912966405590989,"ci":0.0019271285379894836,"flux":0.006968676813106478,"_":0.0042279842825977514,"total":0.0040330226621352805,"forum":0.0021127945870771689,"solveur":0.0019912966405590989,"Pour":0.0034281043423596549,"quel":0.0037884475326540475,"relatif":0.0021264809401759692,"=":0.003130611656385568,"\u00e9quation":0.0020281031159264931,"2e":0,"principe":0.0020406774225956901,"003":0,"02":0,"1+7":0,"ceci":0.0020793718636741856,"Et":0.0019616209948842603,"diff\u00e9rence":0.0018937796905043661,"Ma":0.0040831884335182705,"1+3":0,"1+TAP":0,"implique":0.0021060206124205545,"1+6":0,"aide":0.0018668094038184967,"1\u00b0":0,"2\u00b0":0,"1=1":0,"3\u00b0":0,"Le":0.0018562205540953757,"AOA":0.0039840805689966129,"concurrentiel":0.0020859681590165231,"avait":0.0020859681590165231,"unique":0.0020793718636741856,"induit":0.0021333945855016114,"uniquement":0.0020926079945772402,"souci":0.0021264809401759692,"\u00e9galit\u00e9":0.006284662027387743,"1mais":0,"1+TEG":0,"04":0,"sens":0.0020793718636741856,"ceux":0.0020859681590165231,"solver":0.0042416807613001985,"1+TRI":0,"3h":0,"c\u00f4t\u00e9":0.0021060206124205545,"1er":0,"1+2":0,"1\u00e8re":0,"=>":0.0020926079945772402,"importe":0.0021060206124205545,"1+TAE":0,"[":0.01154693517055594,"]":0.01154693517055594,"1min45":0,"identiques":0.0021403560765042183,"illustrer":0.0021403560765042183,"3ieme":0,"3\u00e8me":0,"463":0.0057451304251998868,"https":0.0019674865009208192,"com":0.0039245353585831274,"1+n":0,"1+0":0,"erreurs":0.0020926079945772402,"lesquels":0.0021264809401759692,"propos\u00e9":0.0020926079945772402,"1+5":0,"1=5":0,"1+TAEG":0,"1=9":0,"1+r2":0,"1+2r+r":0,"\u00e9crire":0.0020926079945772402,"3+":0,"3+1":0,"1+1":0,"pris":0.0020218744184085139,"edx":0.0021403560765042183,"proportions":0.0021333945855016114,"post":0.0042833402439903367,"n\u00b01":0.0021473660800305338,"N\u00e9anmoins":0.0021473660800305338,"g\u00e9n\u00e8rent":0.0021473660800305338,"th\u00e9orique":0.0021060206124205545,"donnait":0.0021333945855016114,"type":0.0040454470135276718,"Flux":0.012715694216751302,"Fonds":0.0042693574254602266,"Indic\u00e9":0.0042833402439903367,"ss":0.0042833402439903367,"devient":0.0021333945855016114,"Obligation":0.0042693574254602266,"Autre":0.0021333945855016114,"relatifs":0.0021403560765042183,"sp\u00e9cifiques":0.0021403560765042183,"pr\u00e9c\u00e9dent":0.0021403560765042183,"http":0.0042833402439903367,"fr":0.0042416807613001985,"numberempire":0.0042833402439903367,"equationsolver":0.0042833402439903367,"php":0.0042833402439903367,"arrondis":0.0021127945870771689,"obtenus":0.0021264809401759692,"33":0.0047275292683027501,"462":0.006442388963319879,"87":0.006442388963319879,"pr\u00e9cision":0.0021333945855016114,"limitation":0.0021473660800305338,"Avez":0.0021333945855016114,"petit":0.0020926079945772402,"S\u00e9bastien":0.0021264809401759692,"courses":0.0042833402439903367,"org":0.0021473660800305338,"course":0.0042833402439903367,"v1":0.0021473660800305338,"LouvainX+Louv9x+1T2017":0.0021473660800305338,"discussion":0.0021403560765042183,"i4x":0.0021473660800305338,"LouvainX":0.0021473660800305338,"Louv9x":0.0021473660800305338,"Spring":0.0021473660800305338,"2015":0.0060345188652120314,"T1":0.0021403560765042183,"threads":0.0021473660800305338,"58999934dad66c082f0002d7":0.0071396475014398721,"1x":0,"1\u00e8res":0,"1+taux":0,"1X4X":0,"1X08":0,"2X3":0,"1=r":0,"2min54":0,"1+rn":0,"2i\u00e8meann\u00e9e":0,"3M":0,"1+4":0,"2eme":0,"1+i":0,"1+R":0,"1+":0,"3=":0,"1\u20ac":0,"04\u20ac":0,"1+x":0,"1+9":0,"1=":0,"1\u2212":0,"1+F3":0,"1+tri":0,"1+A2":0,"1+12":0,"1+41":0,"2\u20ac":0,"4\u00e8me":0,"2^2x4":0,"3^2x24":0,"2x0":0,"1x4":0,"+2x0":0,"3x0":0,"1+11":0,"02+":0,"1USD":0,"1^3":0,"4ans":0,"4e":0,"2=":0,"1=16":0,"3eme":0,"1+15":0,"1+TMEG":0,"4min25":0,"1\u00b2=4":0,"2x":0,"2M":0,"1M":0,"1EUR":0,"3e":0,"3+2":0,"1+g":0,"1ere":0,"1+rd":0,"1an":0}