{"J":0.004603395101941638,"'":0.00080519839087894696,"ai":0.0033377636458901765,"questions":0.0062908610365126046,"que":0.0026649943993626566,"le":0.0011342836432751534,"r\u00e9ponses":0.0070996902298319483,".":0.00075046817248973561,",":0.0012564215997091716,"la":0.00095303553968371501,"Merci":0.0023068123038196618,"de":0.002851691709939872,"pour":0.0020647587148862122,"d":0.0021022131638516409,"des":0.0070424658994578029,"2\u00e8me":0,"est":0.0024636751512761104,"?":0.0026674009755745269,"Bonjour":0.001085067071172607,":":0.0041814933261718375,"-":0.0083992176969895707,"on":0.0033377636458901765,"1":0,"2":0.0058463795523545385,"cours":0.0055314414180193837,"vos":0.0066080042791956039,"ce":0.0066869754512254046,"cas":0.0060618815966246818,"Est":0.011434818204209083,"peut":0.0059066686194948082,"\u00e0":0.0021129851661058265,"fois":0.0070164485074130463,"par":0.0042678991767583635,"avance":0.0041531385151804207,"150":0,"celle":0.0074069043301065746,"En":0.0061909690774763293,"refaire":0.0076924367704261868,"manque":0.0076677735248607192,"2e":0,"essai":0.0076677735248607192,"02":0,"2\u00b0":0,"plut\u00f4t":0.0074529738447937496,"combien":0.0077422671734735061,"certificatifs":0.0076924367704261868,"Bon":0.0077927849140711639,"formatifs":0.0077172672257127912,"organisationnelles":0.0078183075130102524,"structure":0.0077172672257127912,"tests":0.015487685789767726,"similaire":0.0076432752520718475,"r\u00e9ussite":0.0077172672257127912,"1x":0.0045610538427765237,"dimanche":0.0078183075130102524,"Tommy":0.0077172672257127912,"2X3":0,"2min54":0,"2i\u00e8meann\u00e9e":0,"2eme":0,"2\u20ac":0,"2^2x4":0,"2x0":0,"+2x0":0,"02+":0,"2=":0,"2x":0,"2M":0}