{"'":0.0016755001532082865,"le":0.0046755964900805644,"sur":0.016548324640707008,"d":0.0086654696544200775,"des":0.01465434211887246,"explications":0.028837714157400982,"plus":0.022137277424539571,"financiers":0.031607098623103971,"donner":0.030626429852360589,"Pouvez":0.026001101251987159,"fonctionnement":0.032227610248042431,"marches":0.032227610248042431}