{"'":0.002285822603151039,"que":0.0051795920279966391,".":0.0014585842898666729,"une":0.0068785408708989873,",":0.00082958500896357639,"et":0.0086957093794613558,"Merci":0.0044834415493730023,"pour":0.0040129944670498621,"d":0.0080229717673706551,"un":0.024211543077926445,"est":0.0047883148182881578,"non":0.012161396833086228,"?":0.0017612208057738415,"Bonjour":0.0021088992731209456,"ce":0.0065607758616510071,"quelqu":0.014760925476563897,"aurait":0.014176765204218162,"essai":0.014902822546775517,"ensuite":0.013964263832624065,"mois":0.013922514344576642,"lien":0.014855208541107334,"libre":0.015145790410091875,"version":0.014855208541107334,"payant":0.015145790410091875,"gratuite":0.015145790410091875,"exel":0.015195395261055265}