{"'":0.0015512708441092458,"que":0.0051795920279966391,".":0.0014585842898666729,"l":0.0041382458036492162,",":0.001628996514586725,"de":0.0018829035518805365,"est":0.0094024699885552638,"Bonjour":0.0021088992731209456,"on":0.0064871633410277735,"je":0.0049398970817946426,"pas":0.0035232644084130737,"ce":0.0065607758616510071,"qui":0.0088239158825442841,"\u00e0":0.0041067257493127528,"n":0.0070985489843505296,"trouve":0.012631642033156155,"sont":0.011333828456137743,"par":0.0082949429678042721,"donn\u00e9es":0.014091001910059391,"lorsque":0.014091001910059391,"comprendre":0.012359139196061769,"lecon":0.014760925476563897,"beaucoup":0.013362361741890748,"d\u00e9butant":0.015096528848044015,"notions":0.014760925476563897,"ais\u00e9":0.015145790410091875}