{"'":0.00099697780969610576,"a":0.0025749515808531458,"le":0.0041250384825843728,"en":0.0019823158384118253,"les":0.0049082431915396865,".":0.0013886965737102373,"sur":0.0025060147889351511,"l":0.0026423085603705133,"du":0.0050248931838385458,",":0.0020462572420870302,"la":0.0017635353997653561,"et":0.0042162037439352493,"Merci":0.0014399824895624828,"de":0.0029529933132352803,"pour":0.0025623344132083316,"Bien":0.0039587744220800983,"vous":0.0016518563895333534,"2\u00e8me":0,"\"":0.0062745791989645937,"dans":0.0038260430119619071,"fait":0.0036966285976085286,"?":0.00056566525795839339,"Bonjour":0.00067733190945020686,"-":0.0010885730464880634,"on":0.01408068721919116,"1":0.0050729213350979244,"\/":0.010932705607248778,"3":0.015064962812005547,"2":0.0072552688174516876,"actif":0.0079993899256511052,"obligation":0.0043543360914565258,"sans":0.007503070397117984,"risque":0.014907358644191623,"fonds":0.013335153063316823,"prix":0.011927940134015056,"trouver":0.0036494881567897272,"je":0.0015865859339729495,"pas":0.0022496372010065721,"Si":0.0040794188814964353,"peut":0.0036871224284859097,"\u00eatre":0.0038955566510961324,"mais":0.0031486812391890362,"qu":0.0030105203611424901,"\u00e0":0.0013189896875699725,"Dans":0.0030821948949955455,"par":0.0052963984865970785,"pourquoi":0.0065838876403017466,"march\u00e9":0.0042916957242842158,"selon":0.0046236152458339818,"1+r":0,"ils":0.0044582735522220593,"calcul":0.0029341899507877227,"deuxi\u00e8me":0.0046962000844492499,"ne":0.0018596533748511416,"comprends":0.0028669430328324636,"01":0,"\u00e7a":0.004485013393655468,"s":0.0034961134351504902,"prime":0.0088368049585198297,"Mais":0.0044318428488298346,"flux":0.0039910511517726567,"faire":0.0038239462660212657,"ces":0.0038955566510961324,"video":0.0046093707737093828,"2e":0,"003":0,"02":0,"1+7":0,"Et":0.0044582735522220593,"1+3":0,"1+TAP":0,"1+6":0,"ensuite":0.004485013393655468,"1\u00b0":0,"2\u00b0":0,"1=1":0,"3\u00b0":0,"avait":0.0047408835337579636,"plut\u00f4t":0.0046523732398599058,"ici":0.0044187412062117104,"regarde":0.0047711651735451105,"diff\u00e9rentes":0.0046962000844492499,"peuvent":0.0047109977437475997,"1mais":0,"calculait":0.0096392745379917499,"1+TEG":0,"1+TRI":0,"3h":0,"1er":0,"indice":0.0047258918054148818,"1+2":0,"investissant":0.0048018532904210848,"1\u00e8re":0,"g\u00e9n\u00e9r\u00e9s":0.0048018532904210848,"1+TAE":0,"1min45":0,"3ieme":0,"3\u00e8me":0.0039910511517726567,"apercevoir":0.0048329589454920094,"r\u00e9pliqu\u00e9s":0.0048329589454920094,"habitude":0.0048486719309184185,"1+n":0,"1+0":0,"1+5":0,"1=5":0,"1+TAEG":0,"1=9":0,"1+r2":0,"1+2r+r":0,"3+":0,"3+1":0,"1+1":0,"1x":0,"troisi\u00e8me":0.0048329589454920094,"rentabilis\u00e9s":0.0048804256410926849,"conjonctures":0.0048804256410926849,"finir":0.0048329589454920094,"soustrait":0.0047864577414675575,"1\u00e8res":0,"1+taux":0,"1X4X":0,"1X08":0,"2X3":0,"1=r":0,"2min54":0,"1+rn":0,"2i\u00e8meann\u00e9e":0,"3M":0,"1+4":0,"2eme":0,"1+i":0,"1+R":0,"1+":0,"3=":0,"1\u20ac":0,"1+x":0,"1+9":0,"1=":0,"1\u2212":0,"1+F3":0,"1+tri":0,"1+A2":0,"1+12":0,"1+41":0,"2\u20ac":0,"2^2x4":0,"3^2x24":0,"2x0":0,"1x4":0,"+2x0":0,"3x0":0,"1+11":0,"02+":0,"1USD":0,"1^3":0,"2=":0,"1=16":0,"3eme":0,"1+15":0,"1+TMEG":0,"1\u00b2=4":0,"2x":0,"2M":0,"1M":0,"1EUR":0,"3e":0,"3+2":0,"1+g":0,"1ere":0,"1+rd":0,"1an":0}