{"'":0.0010923823040720133,"que":0.0024291412752065998,"le":0.004030133876538282,"en":0.002894572100525278,"les":0.0024177281110195157,".":0.0026664293566657565,"l":0.0019407674647462293,",":0.00077135611734501343,"la":0.0025612657088199394,"et":0.0020768396991959763,"Merci":0.0021026584456248325,"de":0.0017507418256366709,"d":0.001916166415515144,"vous":0.0024120361279302473,"\"":0.030668633827622305,"*":0.010701734017070315,"est":0.0022456388651686874,"question":0.0093627055545218128,"?":0.00082598284400260105,"(":0.0028294950442094716,")":0.0027656623676366736,"me":0.0043856658256340867,"Bonjour":0.00098903817943605198,"-":0.0015895313494910118,"1":0,"3":0.0055984546175900721,"je":0.0023167283893788136,"pas":0.0016523515658535012,"\u00e0":0.003818473085655479,"par":0.0038901883062731363,"avance":0.0037855840114664886,"vid\u00e9o":0.0052749090197825926,"cette":0.0048712969160115719,"avec":0.0045219438197235248,"c":0.0053978068465690065,"parle":0.0066689576686545576,"ne":0.0027154607107434591,"partie":0.0062848162853493903,"Il":0.006490605909174582,"semble":0.0063954898662432064,"bon":0.0067305904457914982,"003":0,"Pourriez":0.0056882810396715255,"3\u00b0":0,"\u00e9ventuellement":0.0070570732753732646,"Bruno":0.013768537934075838,"svp":0.0064142975062601217,"correspond":0.0066486637017623817,"fichier":0.0068573783650046245,"3h":0,"remplacer":0.0071031201747008199,"P":0.0070116528839340286,"1\u00e8re":0.004157398661167099,"3ieme":0,"3\u00e8me":0,"3+":0,"3+1":0,"text":0.0071031201747008199,"file":0.0071031201747008199,"RDV":0.0071263840129093771,"contr\u00f4ler":0.0071263840129093771,"r\u00e9pond":0.0071263840129093771,"avenir":0.0071031201747008199,"Antoine":0.0071263840129093771,"3M":0,"3=":0,"3^2x24":0,"3x0":0,"3eme":0,"3e":0,"3+2":0}