{"'":0.0022054671219619024,",":0.001188472878733941,"et":0.0063441601417201622,"de":0.0026974689519492934,"risque":0.016922789731586698,"il":0.017191478989927775,"qu":0.013428399400399192,"plus":0.01495328071253867,"moins":0.020371786731867972,"deux":0.017802048305392552,"S":0.0207518696205925,"faut":0.03526403688975057,"entre":0.018297180035068351,"consid\u00e9r\u00e9e":0.021557370560739118,"primes":0.02162745819303083,"choisir":0.020623594843009581,"laquelle":0.021079798530942735,"\u00e9lev\u00e9e":0.041873089878886292}