{"'":0.0013509575724858691,"que":0.0022685293210422297,"le":0.0009655388783419847,"les":0.0022578707818010049,".":0.0024942780853752402,"j":0.0033789812684385974,"sur":0.0067790889233688171,"l":0.0018124462105346929,"avoir":0.0048764540271624699,"une":0.0030126256213381893,"autre":0.0057528669935199041,",":0.0010724758088543561,"et":0.0019395215094395416,"Merci":0.0019636331508266539,"de":0.00082466377526410237,"d":0.003549845112753238,"un":0.0027966285596798452,"est":0.002097159873780455,"me":0.0040956907773499656,"Bonjour":0.00092364414230707329,"1":0,"vid\u00e9os":0.0059377935224912927,"je":0.006386229332993639,"ou":0.0043765666239111876,"pas":0.0015431000304788386,"ce":0.0028734526446280695,"peut":0.0050279471342260726,"\u00eatre":0.0053121786108244941,"qui":0.0038646503040711917,"\u00e0":0.001798641229934557,"explications":0.005955161922239347,"suis":0.0051735949205146611,"avance":0.0035352856644988691,"cette":0.0045492125131894497,"comprendre":0.005412988030246966,"ne":0.0025359176534249907,"Je":0.0055352494551491023,"notion":0.0062662675408058982,"car":0.0052008232131639442,"aimerais":0.0058188508256577266,"concept":0.0064241554394894309,"AOA":0.0061902242662433011,"ex":0.0065691871562786469,"permette":0.0066334702520852535,"autres":0.006007855340418455,"bloque":0.0065270565192999466,"sais":0.0061343848088876362,"Comme":0.0065270565192999466,"enfin":0.0065270565192999466,"internet":0.0066118949431995576,"parviens":0.0062662675408058982,"visionne":0.0066334702520852535,"revisionne":0.0066551959127682057,"1\u00e8res":0.0038914879420377455,"constamment":0.0066551959127682057,"all\u00e9e":0.0066551959127682057,"chercher":0.006548050670631262,"importante":0.0066118949431995576,"r\u00e9f":0.0066551959127682057,"litt\u00e9raire":0.0066551959127682057,"assimiler":0.0066334702520852535}