{"'":0.0016109929306812431,".":0.0015157980627180465,"avoir":0.011570845832996366,",":0.0016917109472333936,"la":0.0037772315929361618,"Merci":0.004659307015757317,"pour":0.00417040638728424,"d":0.0083318466593826496,"\"":0.020039303422967759,"?":0.0018303056627976808,"-":0.0035222622979305812,"il":0.0063995706734616261,"Est":0.011659087260214831,"mais":0.010188090962546624,"possible":0.013346868597514381,"avance":0.0083885227199242598,"vid\u00e9o":0.011688736539448319,"m\u00eame":0.011397459334783408,"Cordialement":0.013055304345964724,"quelques":0.014868594117591715,"svp":0.014213521665517757,"version":0.015437912285440402,"Bonjours":0.015791443017014795,"suppl\u00e9ments":0.015791443017014795,"Mac":0.015791443017014795}