{"'":0.0018213723612599461,".":0.0033628066924702468,"l":0.0095408409238183622,",":0.0019126313367674552,"est":0.011039593137305589,"?":0.0040605436063729265,"Bonjour":0.0048621259934487618,"inflation":0.032986061294077329,"merci":0.025476531391691749,"Comment":0.028340961193865886,"calcul\u00e9e":0.034469386979029015}