{"a":0.0086718532167259655,"le":0.0023845666875172136,",":0.00089732433447289276,"la":0.0075656827054379778,"et":0.0047899866953824838,"pour":0.004340673409573414,"vous":0.0055630778658750666,"dans":0.006481434694979033,"!":0.021449729955022884,"question":0.0073239206415630217,"?":0.0019050323599449377,"bonne":0.014495190168697769,"titre":0.015619560956224306,"expliquer":0.013154429264751789,"entre":0.013814791394473174,"mon":0.013260631026605624,"ici":0.014881318712125318,"Pouvez":0.013260631026605624,"phrase":0.016276310160318951,"Desol\u00e9e":0.016436167231027709,"francais":0.016436167231027709,"relation":0.016276310160318951,"response":0.016436167231027709,"Mercie":0.016436167231027709}