{"a":0.012142213548016851,"le":0.0033388385637658029,"de":0.002851691709939872,"des":0.010464650381381769,"?":0.0051905458474173711,"on":0.0098249269869179496,"sans":0.017796978312161673,"calculer":0.015846916736457026,"utiliser":0.01955999288627765,"peut":0.017386667864847792,"Comment":0.018617385962458433,"partir":0.021149131811417272,"formules":0.021470969007550082,"TAEG":0.021341078937118466,"TEG":0.022498483793179178,"propositions":0.022498483793179178,"Excell":0.022938575324163036}