{"les":0.0078077291421165471,"au":0.013241471465381301,"de":0.0055491606618891642,"euros":0.021212735213795009,"?":0.0026674009755745269,"pas":0.0053360480919817351,"sont":0.017165289543359066,"pourquoi":0.015616714137343973,"ils":0.021023039784157874,"ne":0.0087692166993102727,"25":0.034782434737688959,"frais":0.021276716086645393,"dossier":0.022643193958319884,"\u20ac":0.021602443142258558,"800":0.045972715536449417,"ajout\u00e9s":0.022863967791573132,"emprunt\u00e9s":0.022938575324163036,"25\u20ac":0,"0025^t":0,"25=":0,"025":0}