{"les":0.0043368109855029821,".":0.003570034516052957,"sur":0.0065638430020683201,",":0.0013742845830682462,"la":0.0015582193865635702,"Merci":0.0037716533154346869,"de":0.0015839750213955889,"*":0.0096823410056445011,"5":0.009534477298837097,"?":0.0014816105480929993,"(":0.014767011102018349,")":0.014433871149873491,"1":0.0066836105117655635,"pas":0.0029639132663617676,"qui":0.0074230367959562593,"\u00e0":0.0034547446682209027,"1+r":0,"%":0.020914108067665357,"ne":0.0048708702138091286,"01":0,"Je":0.005359497243890371,"partie":0.011273418290478433,"=":0.009342839316868053,"1+7":0,"solution":0.011539603262351724,"1+3":0,"1+TAP":0,"1+6":0,"1\u00b0":0,"1=1":0,"nominal":0.012417490648529208,"1mais":0,"1+TEG":0,"1+TRI":0,"1er":0,"1+2":0,"1\u00e8re":0,"1+TAE":0,"1min45":0,"05":0,"1+n":0,"1+0":0,"97":0.049611329421931367,"1+5":0,"1=5":0,"1+TAEG":0,"1=9":0,"parviens":0.012035949146474616,"1+r2":0,"1+2r+r":0,"1+1":0.014753178374398011,"1x":0,"1\u00e8res":0,"Hello":0.012782984295560743,"retomber":0.012741254678136853,"font":0.012658657839417926,"Help":0.012782984295560743,"1+taux":0.0074918671614398477,"1X4X":0,"1X08":0,"1=r":0,"1+rn":0,"5i\u00e8me":0,"1+4":0,"5eme":0,"0005+1":0,"1+i":0,"1+R":0,"1+":0,"1\u20ac":0,"97\u20ac":0,"1+x":0,"5e":0,"1+9":0,"1=":0,"1\u2212":0,"1+F3":0,"1+tri":0,"1+A2":0,"1+12":0,"1+41":0,"5=>":0,"5^2x18":0,"5x0":0,"1x4":0,"5^2":0,"1+11":0,"1USD":0,"1^3":0,"5\u00e8me":0,"1=16":0,"1+15":0,"1+TMEG":0,"1\u00b2=4":0,"5+5":0,"1M":0,"1EUR":0,"5xtaux":0,"1+g":0,"1ere":0,"1+rd":0,"5ans":0,"5min08s":0,"1an":0}