{"J":0.0057127438679680179,"'":0.0014782076734429885,"ai":0.0081867580363422995,"le":0.0041250384825843728,"les":0.0032916790911015348,".":0.0027292204289716374,"j":0.0049261109538213353,"une":0.0043920125310119166,"r\u00e9ponse":0.0063045798365830782,",":0.00052969776923510084,"et":0.0028275676583543736,"Merci":0.0028627192651007921,"bien":0.0060699429608513404,"pour":0.0025623344132083316,"d":0.0026088148192819111,"question":0.004323369239918942,"?":0.001124555918765175,"Bonjour":0.0013465518644186791,"-":0.0021641089764901753,"ce":0.0041891166074827391,"Est":0.0071634458945142518,"Si":0.0081099812720806241,"avance":0.0051539822370257945,"compris":0.0076020956669933977,"encore":0.0087845620833628124,"votre":0.006746811180383696,"25":0.014664009352739583,"certificatif":0.0084347679870389377,"correct":0.0091353951738841841,"entre":0.0081549824327446317,"8":0.014045277716634975,"plut\u00f4t":0.0092490280949408966,"dernier":0.008970101318182851,"Tommy":0.0095770121931454937,"organisationnelle":0.0097024016652403032,"participants":0.0097024016652403032,"pourront":0.0096707285050280974,"compl\u00e9ter":0.0096392745379917499,"test":0.0093655749959641633,"avril":0.0096392745379917499,"mai":0.009546197972763331,"08":0,"25\u20ac":0,"0025^t":0,"25=":0,"025":0,"08+0":0,"8min25":0,"8+50":0}