{"'":0.0016565480675820928,"ai":0.0020104255697370186,"a":0.0024846003051874066,"que":0.0016051984059092124,"en":0.0056724433515587787,"les":0.0031768425376987302,".":0.00045202733426164801,"j":0.0023909478689051319,"sur":0.0071710202042233641,"l":0.0025501265463582865,"du":0.0032523438205601849,",":0.0022122849667341278,"la":0.0022569396148699309,"et":0.0027289225245451746,"de":0.0017304979533839674,"d":0.0025178012988198539,"vous":0.0015938951707202636,"2\u00e8me":0,"mal":0.0040591762051063133,"*":0.027431345108943867,"un":0.0058685250208198288,"est":0.0014839383626668516,"non":0.0037689174561591596,"5":0.003512447171959501,"!":0.0031342879539619384,"m":0.0028577324635654065,"\u00e9clairer":0.0041771727740767973,"question":0.0041725401922325682,"?":0.00054581689341578836,"me":0.0028980874286776929,":":0.002518626839552186,"-":0.0010503766143155604,"on":0.0020104255697370186,"taux":0.0081471829259451324,"inflation":0.0088166893502887225,"1":0.0048959427215444235,"\/":0.002684749054711312,"2":0.0035214329681233412,"sans":0.0036417064788843707,"quiz":0.0071477786869764293,"je":0.0015309149597481531,"pas":0.0010918887783848831,"ce":0.0020332386986708579,"il":0.0019084210114088027,"calcul\u00e9":0.0042386254917184613,"o\u00f9":0.003566919319989521,"mais":0.0030381986309951951,"\u00e0":0.0050038846700296352,"derni\u00e8res":0.0046483193554373537,"Dans":0.0029740451951394383,"avec":0.0029881411530557718,"votre":0.0032746468694803128,"Bonsoir":0.0041292141481559935,"prendre":0.0043801673763815977,"1+r":0,"%":0.0052655520872088918,"actualisation":0.0042015488221867417,"ne":0.0017944008644881204,"01":0,"VAN":0.0034945846459587719,"ces":0.0037588672797417883,"3000":0.00864644484926449,"semble":0.0042261972340118361,"pouvoir":0.0043801673763815977,"Cordialement":0.0038932325925387151,"2e":0,"compte":0.0077626979582533584,"02":0,"1+7":0,"\u00e9t\u00e9":0.0041173856484596925,"gains":0.0046785391418203053,"1+3":0,"1+TAP":0,"1+6":0,"1\u00b0":0,"2\u00b0":0,"1=1":0,"ici":0.0042636940558937542,"pr\u00e9sent":0.004663377502014664,"nominal":0.0045745328814805301,"1mais":0,"1+TEG":0,"particulier":0.0046483193554373537,"Pouvez":0.0037993456614480291,"r\u00e9el":0.0045314173088947061,"logique":0.0090388389067507721,"pr\u00e9cis\u00e9ment":0.004663377502014664,"achat":0.0046037519829254551,"1+TRI":0,"prend":0.0045456957400241008,"1er":0,"1+2":0,"1\u00e8re":0,"=>":0.0045890940558536058,"1+TAE":0,"1min45":0,"05":0,"1+n":0,"1+0":0,"97":0.01845485064163006,"1+5":0,"1=5":0,"1+TAEG":0,"1=9":0,"perte":0.0046333632987741249,"1+r2":0,"1+2r+r":0,"1+1":0,"1x":0,"1\u00e8res":0,"1+taux":0,"Jusqu":0.0046785391418203053,"trouvais":0.0047091786608607659,"assez":0.0045890940558536058,"clairs":0.0047091786608607659,"adh\u00e9rer":0.0047091786608607659,"mesure":0.0046483193554373537,"dus":0.0047091786608607659,"1X4X":0,"1X08":0,"2X3":0,"1=r":0,"2min54":0,"1+rn":0,"5i\u00e8me":0,"2i\u00e8meann\u00e9e":0,"1+4":0,"5eme":0,"2eme":0,"0005+1":0,"1+i":0,"1+R":0,"1+":0,"1\u20ac":0,"97\u20ac":0,"1+x":0,"5e":0,"1+9":0,"1=":0,"1\u2212":0,"1+F3":0,"1+tri":0,"1+A2":0,"1+12":0,"1+41":0,"5=>":0,"2\u20ac":0,"2^2x4":0,"5^2x18":0,"2x0":0,"5x0":0,"1x4":0,"+2x0":0,"5^2":0,"1+11":0,"02+":0,"1USD":0,"1^3":0,"5\u00e8me":0,"2=":0,"1=16":0,"1+15":0,"1+TMEG":0,"1\u00b2=4":0,"5+5":0,"2x":0,"2M":0,"1M":0,"1EUR":0,"5xtaux":0,"1+g":0,"1ere":0,"1+rd":0,"5ans":0,"5min08s":0,"1an":0}