{"J":0.005853813433989284,"'":0.0017558556343974232,"ai":0.0021352998409142239,"les":0.0050287177595967122,".":0.0041202420067334294,"sur":0.0025682776078771287,"l":0.0027075572973208591,"du":0.0034531255938374606,"une":0.0022641247730669271,"r\u00e9ponse":0.0064602641035567962,",":0.0013326136819971118,"la":0.0023946109200802795,"et":0.0028973911532770859,"Merci":0.0014757593610410999,"de":0.0024341911774908658,"d":0.0013448691730666344,"des":0.0045207615187625146,"2\u00e8me":0,"dans":0.0019723620333584723,"est":0.0031328822267379908,"5":0.0037306170396976309,"?":0.00057971941026967958,"(":0.0019858925767045721,")":0.0019410913536677878,":":0.0026750671951121133,"-":0.0022175491308524232,"4":0.0046381619446173626,"1":0.002615139821554347,"3":0.0039292980876012729,"2":0.0037401609737820174,"je":0.0032320589511702319,"pas":0.0034367841555190759,"o\u00f9":0.0037884726354349913,"qui":0.0086073285395064959,"mais":0.0032269113321506705,"n":0.0046444143279307801,"fois":0.0044887005106277337,"suis":0.0038881911985291181,"avance":0.0026569274974514723,"bonne":0.0087679232596491203,"m\u00eame":0.0036099590021667627,"calcule":0.0043983244141925903,"1+r":0,"toujours":0.0043235404306233545,"ne":0.0019058571170973691,"comprends":0.002938173240953486,"exercice":0.0038984005069612618,"01":0,"Je":0.0062145662015139266,"raisonnement":0.0042274025314826477,"ci":0.0089223235507776937,"plusieurs":0.0046102683702060904,"VA":0.0041807734785756579,"3000":0,"ans":0.0086430547730251776,"18":0,"erreur":0.004360634069384914,"=":0.021282142459293833,"2e":0,"003":0,"fais":0.0095069924442140168,"02":0,"CF":0.011799765803558597,"1+7":0,"diff\u00e9rence":0.0044110238088486903,"30":0.008907535032452063,"1+3":0,"1+TAP":0,"1+6":0,"1\u00b0":0,"2\u00b0":0,"1=1":0,"51":0.013381655330641153,"3\u00b0":0,"20":0.0081068053037225245,"SRD":0.0048433082496909157,"1mais":0,"1+TEG":0,"04":0,"bloqu\u00e9":0.0048433082496909157,"Mon":0.0048741380705212695,"pr\u00eat":0.0096577277874689837,"tombe":0.004905378967729376,"ceux":0.0096577277874689837,"refait":0.0049853537136411224,"1+TRI":0,"3h":0,"1er":0,"1+2":0,"1\u00e8re":0,"1+TAE":0,"1min45":0,"77":0,"30\u20ac":0,"05":0,"3ieme":0,"3\u00e8me":0,"1+n":0,"1+0":0,"1+5":0,"1=5":0,"Calcul":0.0049370420519881473,"1+TAEG":0,"1=9":0,"1+r2":0,"1+2r+r":0,"3+":0,"3+1":0,"1+1":0,"1x":0,"1\u00e8res":0,"1+taux":0,"visiblement":0.005001681532874655,"1X4X":0.0029313916658050615,"42\u20ac":0.012431637373065518,"PV":0.0099419911906790323,"18X3XX":0.0082334865645655037,"77\u20ac":0.012431637373065518,"ajoute":0.0049691388906014855,"1X08":0.0029313916658050615,"2X3":0.003939688493001978,"73\u20ac":0.016629788181565533,"figure":0.0049691388906014855,"possibilit\u00e9s":0.005001681532874655,"1=r":0,"2min54":0,"1+rn":0,"20\u00e8me":0,"5i\u00e8me":0,"2i\u00e8meann\u00e9e":0,"3M":0,"1+4":0,"5eme":0,"2eme":0,"0005+1":0,"0051^4":0,"1+i":0,"1+R":0,"1+":0,"3=":0,"1\u20ac":0,"04\u20ac":0,"1+x":0,"5e":0,"1+9":0,"42":0,"1=":0,"1\u2212":0,"1+F3":0,"1+tri":0,"1+A2":0,"1+12":0,"1+41":0,"5=>":0,"2\u20ac":0,"4\u00e8me":0,"2^2x4":0,"5^2x18":0,"3^2x24":0,"2x0":0,"5x0":0,"1x4":0,"+2x0":0,"3x0":0,"5^2":0,"1+11":0,"02+":0,"1USD":0,"1^3":0,"4ans":0,"5\u00e8me":0,"4e":0,"2=":0,"1=16":0,"3eme":0,"1+15":0,"1+TMEG":0,"4min25":0,"1\u00b2=4":0,"5+5":0,"2x":0,"2M":0,"1M":0,"1EUR":0,"3e":0,"3+2":0,"5xtaux":0,"1+g":0,"1ere":0,"1+rd":0,"5ans":0,"5min08s":0,"1an":0}