{"le":0.0055674271287724517,"en":0.0053624166154687125,".":0.0012672576788114677,"la":0.001609317556849405,"Merci":0.0038953358886545217,"pour":0.006862492778397824,"des":0.0060032112309987345,"?":0.0015301965102088393,"(":0.0052418563820544736,")":0.005123601457465897,"-":0.0057959578368361291,"on":0.0056362238471478138,"taux":0.015159252668253043,"1":0.0069027839291927245,"calculer":0.009090832953029742,"chacune":0.012906608980263162,"plus":0.0090686263075285649,"proposition":0.013116274622587201,"1+r":0,"r":0.011710695067407011,"01":0,"utilisant":0.012546242346717669,"formule":0.0090244508045115215,"=":0.0096492159403930352,"1+7":0,"Peut":0.012743848425661172,"1+3":0,"1+TAP":0,"1+6":0,"ensuite":0.012132531999545735,"1\u00b0":0,"1=1":0,"^n":0.012784138757912383,"\u00e9galement":0.012585261682000361,"s\u00e9lectionner":0.013159074406740303,"1mais":0,"1+TEG":0,"\u00e9quivalent":0.024770923022985569,"avantageux":0.013116274622587201,"1+TRI":0,"1er":0,"1+2":0,"1\u00e8re":0,"1+TAE":0,"1min45":0,"1+n":0,"1+0":0,"1+5":0,"1=5":0,"1+TAEG":0,"1=9":0,"1+r2":0,"1+2r+r":0,"1+1":0,"1x":0,"1\u00e8res":0,"1+taux":0,"1X4X":0,"1X08":0,"1=r":0.0077375454704604815,"1+rn":0,"1+4":0,"1+i":0,"1+R":0,"1+":0,"1\u20ac":0,"1+x":0,"1+9":0,"1=":0,"1\u2212":0,"1+F3":0,"1+tri":0,"1+A2":0,"1+12":0,"1+41":0,"1x4":0,"1+11":0,"1USD":0,"1^3":0,"1=16":0,"1+15":0,"1+TMEG":0,"1\u00b2=4":0,"1M":0,"1EUR":0,"1+g":0,"1ere":0,"1+rd":0,"1an":0}