{"J":0.0037931593013666759,"'":0.0013087121955957402,"ai":0.0027502895012926016,"le":0.00093464029408696554,".":0.0029974626139472188,"sur":0.0033079695909709419,"l":0.0017544454161595739,",":0.0010386842668699402,"la":0.0015582193865635702,"et":0.00187745412912157,"Merci":0.0019007941645178333,"de":0.0038694596134353255,"nous":0.0047084959746582266,"d":0.0017322061737772634,"des":0.0029293671206853775,"exemple":0.0049689239276747722,"un":0.013122246411266641,"?":0.0014816105480929993,"Bonjour":0.00089408624775420202,"on":0.0027502895012926016,"je":0.0020943124702288264,"calculer":0.008802185800516598,"pas":0.0014937186877124571,"ce":0.002781498171706886,"D":0.0052969770692410188,"o\u00f9":0.0048795941045497978,"vient":0.0059559861312965222,"\u00e0":0.0034547446682209027,"trouve":0.0053552948556358799,"par":0.0035167134476004418,"Cependant":0.0061032276030850803,"suis":0.0050080327022150048,"plus":0.0044251875725913837,"vid\u00e9o":0.0047684949992844537,"peu":0.0056165442764578586,"demande":0.0060844247289617284,"ne":0.0024547647687139214,"Je":0.002701017361337764,"absolument":0.0063181816512623392,"diff\u00e9rents":0.0061796329887509579,"Comment":0.0052115604749266419,"formule":0.0044036313985541201,"partir":0.0059202714951310676,"essay\u00e9":0.0063181816512623392,"Pour":0.0051559303000055208,"d\u00fb":0.0062979952781097651,"moment":0.0060471668293854411,"chiffre":0.012536860233126328,"\u00e9claircir":0.0063181816512623392,"SRD":0.0062382338889444338,"point":0.0060103633057702818,"bloqu\u00e9":0.0062382338889444338,"emprunts":0.0062580231502424822,"restant":0.0063589640493812646,"solde":0.0064211899968984465,"compl\u00e8tement":0.0063181816512623392,"compliqu\u00e9":0.0063589640493812646,"recalculer":0.012741254678136853,"rachat":0.0064422204062847752,"montre":0.0064003051278431781,"127":0.015546880758719595,"moyens":0.0064211899968984465}