{"'":0.0013509575724858691,"a":0.0046689990327336613,"alors":0.0071781986445658471,"que":0.0030164488786740386,"le":0.0037699384700548349,"tout":0.0075213294104206855,"au":0.0050916924841873873,"l":0.0024099980937925957,",":0.00095586336702495605,"la":0.0010787200850039178,"et":0.0025789693031718036,"d":0.0023794491059157992,"des":0.0040239320709811984,"un":0.0037186590469275326,"an":0.0079417646196636837,"question":0.0039432607467710596,"?":0.0010256855165345347,"-":0.0039052316491042412,"on":0.0074746309619824914,"4":0.0082062036317235541,"t":0.0068973590789050462,"temps":0.0075003395990223881,"ou":0.0058194925508275449,"il":0.0035862572493905441,"qu":0.0054587887239192804,"Dans":0.0055887516838910075,"par":0.0048307417415606804,"plus":0.006078669371182034,"pourquoi":0.0060050354833074051,"utilise":0.0080839092500877632,"y":0.006371050622786807,"ne":0.0033719934281339248,"emprunt":0.0082813503219678931,"puis":0.0082062036317235541,"int\u00e9r\u00eats":0.0081080812071727664,"passe":0.0085691647300704856,"TAP":0.0082813503219678931,"TAE":0.0080359841048188649,"capitalisation":0.008357884413822422,"TPE":0.0088204828203089676,"TPP":0.008678985162792122,"quasi":0.0088204828203089676,"jamais":0.008678985162792122,"04":0,"dure":0.0088493712918828928,"normalement":0.0088204828203089676,"04\u20ac":0,"4\u00e8me":0,"4ans":0,"4e":0,"4min25":0}