{"'":0.0017700040480108942,"le":0.0016932713747447228,"au":0.0067153305449247601,".":0.0011203073249515226,"j":0.0059257399012980798,"l":0.003178497889005713,",":0.0012564215997091716,"Merci":0.0034436353412346898,"de":0.0014462178538491074,"vous":0.0039503195926845775,"!":0.0077680385392322054,"m":0.0070826217111705269,"?":0.001352755945112926,"-":0.0026032598601534239,"pas":0.0027061438628596234,"il":0.0047298423704065671,"o\u00f9":0.0088402747772379706,"trouve":0.01913085183407465,"quizz":0.019614856849127754,"Bonsoir":0.010233869737167155,"ne":0.0044472541371176691,"formatif":0.01059849739260765,"se":0.0095964401500439195,"certificatif":0.010146389654543928,"aimerais":0.010204553910781127,"passer":0.01085583376122469,"indiquer":0.011091388465546533,"Avant":0.011557743478178914,"Pouvez":0.0094163216512018564,"S\u00e9bastien":0.011557743478178914,"mai":0.011483356092296854,"acc\u00e9der":0.011595320179508891,"sje":0.011671257351914821,"adresse":0.011671257351914821}