{"'":0.0020950047171040508,"ai":0.0044649114665136075,"le":0.0015173261448197524,".":0.0010038979101257739,"du":0.003632528416472736,"une":0.0047342843694288123,",":0.00057097739400877034,"la":0.0025174640208379256,"Merci":0.0030858124777951921,"bien":0.0065429767970771237,"d":0.0028121211254410906,"un":0.0043948490590441716,"dans":0.0041242085491318562,"Quelqu":0.010290138183989581,"m":0.0063466773586999398,"?":0.0012121931508997737,"Bonjour":0.0014514893569472105,"on":0.0044649114665136075,"comment":0.0062732235004685551,"trouver":0.0078206757189173848,"pas":0.0024249526071268169,"\u00e0":0.0082684305476344432,"fin":0.0093039876822784973,"n":0.0048857090672259525,"avance":0.0055556347739843821,"vid\u00e9o":0.0077413334088325949,"y":0.0075295437095292891,"aurait":0.0097574237291142996,"Je":0.0043849214354421068,"raisonnement":0.0088394977017861084,"arrive":0.0081515545456798469,"TAEG":0.0096983955383065108,"m\u00e9thode":0.0096691460151825861,"aider":0.0094691476105510063,"propos\u00e9":0.010191821562222998,"saisi":0.01032335377271601,"pouvant":0.0104243734459008,"parvenir":0.010390468254728133}