{"'":0.001419701729982186,"ai":0.0059278090344842367,"questions":0.0056343883423060235,"r\u00e9ponses":0.0063588134649251128,"en":0.0028442291559042186,"les":0.0070065651315351658,".":0.0019823779327829646,"j":0.0070497921393482066,"du":0.0048227013965859511,"une":0.0062854401184422887,",":0.0018482641056139081,"et":0.0020407189109300813,"premier":0.0065330288870410176,"Merci":0.0020660886128450982,"pour":0.001849294137210645,"d":0.001882840087342663,"des":0.0031841070242480266,"vous":0.002370085540072943,"mal":0.011968620844958795,"un":0.0029425467883751346,"dans":0.0027613409374920798,"?":0.00081161719439034165,"(":0.0027802839320418566,")":0.0027175614454350073,"Bonjour":0.0009718366406364392,"-":0.0046064546621536395,"savoir":0.005604293763268482,"vid\u00e9os":0.00624760667596187,"je":0.0022764354117095517,"calculer":0.0048217835335425552,"temps":0.0059349620173059824,"ou":0.0046049204563561909,"il":0.0028377782470270217,"mais":0.0045177316397396238,"\u00e0":0.0018924879946119555,"eu":0.0064351026267720664,"avec":0.0044432973188280826,"li\u00e9es":0.0069343353242182727,"aussi":0.0063588134649251128,"s":0.0050162277735570759,"VA":0.0058531551315224176,"formule":0.0047865744000890964,"7":0.0095387246446661574,"VF":0.0063027388326716994,"faut":0.0058209952062136701,"expliquer":0.005604293763268482,"8":0.010136791514401193,"choisir":0.0066339687314510704,"quelle":0.0062658812976383723,"vraiment":0.0064739230337739302,"Pouvez":0.0056495398062268347,"\u00e9nonc\u00e9s":0.0068456735456969061,"vais":0.0068676153405970155,"r\u00e9":0.01388517547282408,"lesquelles":0.0069795813671766271,"parrall\u00e8le":0.0070024405963176137,"\u00e9couter":0.0070024405963176137,"08":0,"007=>":0,"+7":0,"7e":0,"08+0":0,"8min25":0,"8+50":0}