{"'":0.0013763457831714211,"que":0.0013260286650500588,"le":0.0016770655840534329,"en":0.0015800997733341922,"les":0.0013197984045767526,".":0.0042591195541787918,"j":0.0039313464000297034,"l":0.0021087284358713289,"apr\u00e8s":0.0032249619737009395,"une":0.001760976988000023,",":0.00124456220167025,"la":0.0014090859137916999,"et":0.0011337129717223142,"Merci":0.0011478070049552765,"de":0.0019008402849452998,"d":0.0010460040426274501,"des":0.0017689175208833085,"2\u00e8me":0,"un":0.0016347197284315373,"dans":0.0015340515655611943,"est":0.0012258576876352741,"5":0.005775385872842465,"!":0.0051535927757836207,"question":0.0017334544672554237,"?":0.00045089058391380144,"Bonjour":0.00053989983627015907,":":0.0041412841691215278,"on":0.0016607803275950055,"taux":0.0045171948393120786,"comment":0.0069336492155157529,"t":0.0030320738788027378,"1":0.0060439380401809528,"\/":0.0065902161064035521,"2":0.0029089993116078144,"sans":0.0030083553303580303,"risque":0.003024133345919452,"trouver":0.0057901608823102751,"calculer":0.0026787219491795772,"valeur":0.0080382300551191267,"arbitrage":0.0037551263642413659,"pas":0.0017953519915521682,"il":0.0015765159975215087,"r\u00e9f\u00e9rence":0.003778948264418042,"qui":0.0022590129367331319,"mais":0.002509807173982039,"qu":0.0023996794295253823,"\u00e0":0.0031240992697907587,"Dans":0.0048901115844031742,"n":0.0018173013207666651,"dont":0.0035965612324219058,"sont":0.002901576289476915,"quizz":0.0033156448314576752,"Les":0.0036293972453557361,"demande":0.0036741197207941344,"1+r":0,"ne":0.0014823257823721203,"comprends":0.0022852342439890752,"exercice":0.0090097251878026325,"01":0,"cet":0.0071157784305361698,"Je":0.0016310270231893994,"actifs":0.0071803604298847495,"VAN":0.0057460151876001474,"diff\u00e9rents":0.0037316118520073003,"donc":0.0030561052083209568,"A":0.003362736583948141,"&":0.0075456761857962641,"faut":0.003233829871557431,"2e":0,"chaque":0.0033532203773970846,"annuel":0.0036628357874448117,"02":0,"1+7":0,"excel":0.0036074409627278865,"1+3":0,"1+TAP":0,"suivant":0.003685473959477601,"1+6":0,"1\u00b0":0,"2\u00b0":0,"1=1":0,"avais":0.0036293972453557361,"opportunit\u00e9":0.0037551263642413659,"=0":0.0038648661684275985,"1mais":0,"B":0.0037316118520073003,"1+TEG":0,"ont":0.00354311607025688,"constant":0.0037433311812285872,"resolution":0.0038523413808889163,"imagine":0.0037909770170908639,"incluant":0.0038648661684275985,"1+TRI":0,"1er":0,"1+2":0,"1\u00e8re":0,"actualiser":0.0037551263642413659,"1+TAE":0,"[":0.010497062363971041,"]":0.010497062363971041,"1min45":0,"feuille":0.0038648661684275985,"05":0,"https":0.003564306418476717,"edxuploads":0.0036074409627278865,"s3":0.0036074409627278865,"amazonaws":0.0036074409627278865,"com":0.003564306418476717,"png":0.0036628357874448117,"1+n":0,"1+0":0,"Ci":0.0038774776333861368,"1+5":0,"1=5":0,"1+TAEG":0,"1=9":0,"1+r2":0,"1+2r+r":0,"1+1":0,"d\u00e9but":0.0037909770170908639,"S\u00e9bastien":0.0038523413808889163,"1x":0,"1\u00e8res":0,"1+taux":0,"1X4X":0,"1X08":0,"2X3":0,"1=r":0,"r\u00e9capitulatif":0.0038648661684275985,"exploiter":0.0038648661684275985,"option":0.0076430581368364062,"maximale":0.0038901769838267609,"commenc\u00e9":0.0038648661684275985,"remettre":0.0038901769838267609,"jour":0.0038523413808889163,"Seulement":0.0038774776333861368,"dits":0.0038901769838267609,"varie":0.0038901769838267609,"correspondantes":0.0038901769838267609,"1488288405895182":0.012934213984763463,"2min54":0,"1+rn":0,"5i\u00e8me":0,"2i\u00e8meann\u00e9e":0,"1+4":0,"5eme":0,"2eme":0,"0005+1":0,"1+i":0,"1+R":0,"1+":0,"1\u20ac":0,"1+x":0,"5e":0,"1+9":0,"1=":0,"1\u2212":0,"1+F3":0,"1+tri":0,"1+A2":0,"1+12":0,"1+41":0,"5=>":0,"2\u20ac":0,"2^2x4":0,"5^2x18":0,"2x0":0,"5x0":0,"1x4":0,"+2x0":0,"5^2":0,"1+11":0,"02+":0,"1USD":0,"1^3":0,"5\u00e8me":0,"2=":0,"1=16":0,"1+15":0,"1+TMEG":0,"1\u00b2=4":0,"5+5":0,"2x":0,"2M":0,"1M":0,"1EUR":0,"5xtaux":0,"1+g":0,"1ere":0,"1+rd":0,"5ans":0,"5min08s":0,"1an":0}