{"en":0.01309010871735245,"Merci":0.0095088416155512546,"pour":0.008511079796857635,"vous":0.010907938737839377,"!":0.021449729955022884,"?":0.0037353380227426103,"-":0.0071883295533393086,"Comment":0.026071157020052801,"CF":0.025655617275594424,"\u00e9vidence":0.031914166651504296,"faites":0.031306151961595301,"mettre":0.031506115029675832}