{"a":0.0053782848483818072,".":0.00097848002265719198,"une":0.00911488427048124,"r\u00e9ponse":0.0066238323507909844,",":0.001628996514586725,"la":0.0024545008459086262,"Merci":0.0030076821883318768,"2\u00e8me":0,"dans":0.0079403096010478187,"est":0.0032122040696850218,"5":0.007603211416440046,"question":0.0045422968346944424,"?":0.0011815013955041517,"(":0.0040473629296046794,"+":0.0085206560479422974,")":0.0039560554684423405,":":0.0054519403147499611,"-":0.0066553536462481524,"t":0.0079451637423459311,"1":0.01560091745445763,"3":0,"2":0.0076226625012916927,"vos":0.0086156887311761004,"ou":0.0067035543147374206,"il":0.0041310595465049093,"\u00e0":0.0027549652989898358,"6":0.026740044166875917,"Y":0.0097477011932127784,"1+r":0,"%":0.0057321678106712747,"calcul":0.00612862372711768,"01":0,"formule":0.0069679947301237392,"erreur":0.017554984319402726,"2e":0,"mon":0.0082242456310049478,"003":0,"02":0,"13\u20ac":0,"1+7":0,"La":0.0085442375019316747,"1+3":0,"1+TAP":0,"06":0,"1+6":0,"1\u00b0":0,"2\u00b0":0,"1=1":0,"hors":0.009965502090529637,"1mais":0,"1+TEG":0,"13":0.020363203005026712,"1+TRI":0,"1er":0,"1+2":0,"1\u00e8re":0,"1+TAE":0,"6min15":0,"1min45":0,"05":0,"1+n":0,"1+0":0,"1+5":0,"1=5":0,"1+TAEG":0,"1=9":0,"1+r2":0,"1+2r+r":0,"1+1":0,"arrondis":0.010029600163381454,"1x":0,"1\u00e8res":0,"1+taux":0,"1X4X":0,"1X08":0,"2X3":0,"1=r":0,"d\u00e9montre":0.010193713728180523,"==>":0.010193713728180523,"^4":0.010094570345582518,"06^":0,"2min54":0,"1+rn":0,"5i\u00e8me":0,"2i\u00e8meann\u00e9e":0,"1+4":0,"5eme":0,"2eme":0,"0005+1":0,"1+i":0,"1+R":0,"1+":0,"1\u20ac":0,"1+x":0,"06=":0,"5e":0,"1+9":0,"1=":0,"1\u2212":0,"1+F3":0,"1+tri":0,"1+A2":0,"1+12":0,"1+41":0,"5=>":0,"2\u20ac":0,"2^2x4":0,"5^2x18":0,"2x0":0,"5x0":0,"1x4":0,"+2x0":0,"5^2":0,"1+11":0,"02+":0,"1USD":0,"1^3":0,"5\u00e8me":0,"2=":0,"1=16":0,"1+15":0,"1+TMEG":0,"1\u00b2=4":0,"5+5":0,"2x":0,"2M":0,"1M":0,"1EUR":0,"5xtaux":0,"1+g":0,"1ere":0,"1+rd":0,"5ans":0,"5min08s":0,"1an":0}