{"'":0.002074227963890432,"le":0.0012044503450118526,"en":0.00337205872968438,".":0.00079689207777494935,"Quand":0.0078894776485558954,"une":0.0037580651078942132,",":0.0017594502727427074,"la":0.0020035348419447292,"Merci":0.0024495115412143755,"de":0.0030246243700229754,"d":0.0086654696544200775,"dire":0.0067706709209731514,"est":0.0026160779127375783,"!":0.0055255269995065845,"?":0.0028291578529419247,"-":0.0018517393511066737,"on":0.0035442374565611474,"ou":0.0054594975908055805,"pas":0.0038109547017984987,"il":0.0066608487699612341,"r\u00e9f\u00e9rence":0.015966221045881041,"\u00e0":0.0022436942711900935,"Dans":0.0052430303995276602,"n":0.0038782657187699634,"avance":0.0044100513545690173,"vid\u00e9o":0.0061450543951629012,"cette":0.0056748627154737446,"avec":0.0052678805719415106,"financier":0.0079635568169235827,"m\u00eame":0.0059919228517581798,"march\u00e9":0.028339966076084962,"parle":0.015381167124882649,"Je":0.0034807415358914205,"chose":0.0075388765389469876,"ces":0.006626615980041297,"notion":0.0078167832189425489,"trois":0.0080645764901083727,"principe":0.0078894776485558954,"arrive":0.0064706870823038193,"notions":0.0080645764901083727,"AOA":0.015287838640834361,"lien":0.0081160876901980698,"concurrentiel":0.0080645764901083727,"Cela":0.0080137386583435301,"premi\u00e8re":0.0074723956251952087,"assimiler":0.0082748460087591347,"existence":0.0083019474337686864,"veulent":0.0083019474337686864}