{"J":0.0038548393846347174,"'":0.0010049566842521035,"a":0.0034542371553555923,"le":0.0037100576117385844,"tout":0.0055644593894748698,"en":0.0052759108983973946,"les":0.0022211558044996256,"au":0.0074736378743354122,".":0.0030447152136749739,"l":0.001782974230997107,",":0.0010553095496984796,"la":0.0015833562824401895,"et":0.0019079831730703497,"de":0.0016095274022267605,"pour":0.0017290093588868847,"toute":0.0063396730205878046,"Bien":0.0053106030420539867,"(":0.0025994442107051558,")":0.0025408014214518058,"Bonjour":0.0009086248710570568,"quiz":0.0049975187411577049,"savoir":0.0052397702299852543,"cours":0.00918983831712873,"je":0.0021283678202128013,"temps":0.005548930624977899,"pas":0.0015180078582210457,"il":0.0026531988875258383,"n":0.0030584287442294539,"plus":0.0044971449875767754,"6":0.017249542608602252,"y":0.0047134556305522702,"votre":0.0045526062536543812,"finance":0.0061643724844636814,"Je":0.0054459556240981852,"viens":0.006299842273272566,"quand":0.0058755074130459016,"deux":0.0053539015179501675,"plusieurs":0.006034634282492771,"certificatif":0.0056916039976878975,"total":0.0061643724844636814,"aimerais":0.0057242311611020221,"arrive":0.0051028312143884995,"06":0,"jours":0.0063597840725589305,"ont":0.0059628900884985906,"sera":0.0062216998439581046,"Comme":0.006420920803349113,"\u00e9quipe":0.0064415735711983429,"voudrais":0.0061267410376628535,"6min15":0,"prochaine":0.0064623663588816854,"cordialement":0.0060895657408496177,"programme":0.012904684807230778,"finir":0.01286286487649564,"commenc\u00e9":0.0065043796793875872,"d\u00e9couvrir":0.0065256041546549928,"f\u00e9vrier":0.0064415735711983429,"terminera":0.0065469765368663599,"mars":0.0064415735711983429,"s\u00e9ance":0.0065469765368663599,"Cours":0.0065469765368663599,"Louv9X":0.0065469765368663599,"Sophie":0.0062801192185738828,"06^":0,"06=":0}