{"'":0.00076126851716025955,"que":0.0074203421972043049,"le":0.0021243712810337582,"les":0.0025064569691100637,".":0.00070915561216587035,"l":0.0020119922150319863,",":0.00040333964170762466,"la":0.0017849162705570875,"et":0.002153058201229718,"premier":0.0068926648098260532,"de":0.0018144189529563748,"nous":0.010702078316876288,"un":0.0031045306932181976,"dans":0.0057742036731400328,"5":0.0055104446913589152,"(":0.0058138151196023211,")":0.0056826569537864477,"Bonjour":0.0010253351591788691,"-":0.0016478659905520333,"on":0.0062512135075261585,"1":0.0076559727413133723,"\/":0.0083479536908818743,"vid\u00e9os":0.0065915304257197199,"je":0.002401750631358229,"temps":0.0062616750287885804,"pas":0.0050474684917930666,"mais":0.0047664277063337512,"n":0.006840361952066676,"par":0.0040329553794603958,"pourquoi":0.0099362992201902905,"utilise":0.0067488694369072762,"m\u00eame":0.0053322223127800494,"1+r":0,"vu":0.0067690494485024627,"ne":0.005579506692939675,"comprends":0.004339936521390364,"mani\u00e8re":0.0068926648098260532,"01":0,"formule":0.0050500699595178791,"7":0.010063820752320233,"12":0.0099605037611076967,"1+7":0,"divise":0.0072456698728902182,"TAEG":0.0068509671706885279,"1+3":0,"1+TAP":0,"1+6":0,"1\u00b0":0,"^":0.0068303052455392782,"1=1":0,"ici":0.0066890259484731684,"ni":0.0071314396296456124,"r=":0.0072924389925047954,"1mais":0,"TEG":0.0072225202067571935,"1+TEG":0,"1+TRI":0,"1er":0,"1+2":0,"1\u00e8re":0,"1+TAE":0,"[":0.0067088590238560536,"]":0.0067088590238560536,"1min45":0,"05":0,"1+n":0,"1+0":0,"1+5":0,"1=5":0,"1+TAEG":0,"1=9":0,"1+r2":0,"1+2r+r":0,"1+1":0,"type":0.0069775982056005199,"1x":0,"1\u00e8res":0,"1+taux":0,"1X4X":0,"1X08":0,"1=r":0,"1+rn":0.0043299195471531169,"faisons":0.0073398488048935272,"passons":0.0073879171079245754,"B\u00e0V":0.0073879171079245754,"Romane":0.0073879171079245754,"5i\u00e8me":0,"1+4":0,"12^3+2":0,"12^4+189":0,"12^4":0,"5eme":0,"0005+1":0,"1+i":0,"1+R":0,"1+":0,"1\u20ac":0,"1+x":0,"5e":0,"1+9":0,"1=":0,"12\u20ac":0,"007=>":0,"1\u2212":0,"1+F3":0,"1+tri":0,"1+A2":0,"1+12":0,"1+41":0,"5=>":0,"5^2x18":0,"5x0":0,"1x4":0,"5^2":0,"1+11":0,"+7":0,"1USD":0,"1^3":0,"7e":0,"5\u00e8me":0,"12=":0,"1=16":0,"1+15":0,"1+TMEG":0,"1\u00b2=4":0,"5+5":0,"1M":0,"12^5":0,"1EUR":0,"5xtaux":0,"1+g":0,"1ere":0,"1+rd":0,"5ans":0,"5min08s":0,"1an":0}