{"'":0.002525054660136809,"alors":0.0082686667395044603,"que":0.0068635751083828819,".":0.00097848002265719198,"j":0.015149426786958586,"une":0.00911488427048124,",":0.0010992987453516266,"la":0.0036372035717700951,"Merci":0.0030076821883318768,"de":0.0024950710172383004,"d":0.0027409204808401585,"vous":0.0068152442581892424,"!":0.0067846298569892603,"m":0.0061859845937527348,"?":0.0011815013955041517,"Bonjour":0.0014147388141234824,"-":0.0022736955389055439,"o\u00f9":0.0077211244376197514,"trouve":0.0084738396462023906,"avance":0.0054149705709042257,"peu":0.0088872222440585895,"m\u00eame":0.0073573034181979363,"lorsque":0.0094528399654419479,"r":0.0090421082992645316,"toujours":0.0088116232815523641,"VAN":0.014942292555139885,"se":0.0083815617074981426,"formule":0.01376392250196963,"erreur":0.0088872222440585895,"n\u00e9gative":0.0099337728393842431,"mon":0.0082242456310049478,"obtiens":0.009339811381467493,"indiquer":0.0096872543768624416,"l\u00e0":0.0096275631655183911,"\u00e9ventuellement":0.010094570345582518,"Pouvez":0.0082242456310049478,"applique":0.019254693637426878,"importe":0.0099974435790460541,"piste":0.010094570345582518}