{"'":0.0016981667251515095,"ai":0.0024040871149427589,"le":0.0032015558397736304,"les":0.0019104936914562977,"au":0.006435488333783752,".":0.0015994515510122428,"Quand":0.0053515013570578163,"j":0.0028591195071631386,"sur":0.0028915672573880192,"l":0.0015335984145950041,"du":0.0019558987510058198,"une":0.0025491282719444321,",":0.00090970473115721399,"la":0.00068644179280258268,"de":0.0013859508574138228,"bien":0.0035230006975939259,"pour":0.0029538491851321125,"d":0.0015141586152457814,"toute":0.0054529742070287684,"vous":0.0019059958747934729,"\"":0.007233310593015691,"un":0.0047000848908574436,"est":0.0035245400760680274,"fait":0.0042653579949984942,"m":0.0034173052198644234,"\u00e9clairer":0.0049951052126547251,"?":0.00065269333037314495,"\u00e9gal":0.010596336589886995,"suivante":0.0050985682315874224,":":0.0059820552227715061,"-":0.0012560509189323318,"on":0.0047750133487726313,"taux":0.0065250554845443986,"projet":0.0090482368579797804,"ou":0.007355368875025292,"pas":0.0013056915822101584,"ce":0.0024313672839512265,"il":0.002282109038244118,"utiliser":0.0047861858850335734,"Si":0.0047070408837921636,"\u00eatre":0.004494891295671914,"\u00e0":0.0030228420716179906,"fois":0.0050537291548791935,"utilise":0.0051441826620512712,"c":0.0042653579949984942,"actualisation":0.0050242543361321045,"soit":0.0050096395129683169,"ne":0.0042619275291552981,"comprends":0.003308024613078042,"Je":0.0023610172792998536,"hypoth\u00e8se":0.0054702724252994319,"flux":0.0046050777050403065,"tous":0.0048677790542734425,"futurs":0.0054187143899922527,"diff\u00e9rent":0.0054187143899922527,"rien":0.0053349623133287748,"remarque":0.0055228582629314833,"capitalisation":0.0053185263172699617,"change":0.0055052129206608893,"sens":0.0054529742070287684,"Pouvez":0.0045432957516033197,"COC":0.0050985682315874224,"TRI":0.014910228161124811,"Qu":0.0053848938134901858,"crit\u00e8re":0.0055585070329202775,"d\u00e9fini":0.0055228582629314833,"relatifs":0.0056129000699336002,"pourront":0.0056129000699336002,"saisi":0.0055585070329202775,"implicitement":0.0055946441573944145,"r\u00e9investis":0.0056312832024016119}