{"J":0.0043499825725166795,"'":0.0011317662802134826,"ai":0.0031540229264001326,"alors":0.0059927349436578268,"que":0.0025182889880976124,"le":0.0021243712810337582,"au":0.0042508106815139805,"avoir":0.0054133399836002816,"une":0.0033443085161408235,",":0.00079941150562315021,"la":0.003507190811964414,"et":0.002153058201229718,"Merci":0.0021798244768193266,"de":0.0035651607785930389,"bien":0.0046219726818008712,"pour":0.0057490613198960643,"d":0.0019864883252390716,"des":0.0066582442701850061,"2\u00e8me":0,"un":0.0031045306932181976,"est":0.0023280521734650238,"?":0.0008562958118738433,"me":0.0090113076320012947,"Bonjour":0.0010253351591788691,"-":0.0016478659905520333,"taux":0.0043099721594654569,"comment":0.0044314183811486824,"1":0.0038627881643979838,"2":0.0055245419091516715,"appliquer":0.0070646685132217746,"je":0.002401750631358229,"il":0.0029939947610169216,"mais":0.0047664277063337512,"qu":0.0045572817855411892,"compris":0.0057886340487707253,"co\u00fbts":0.0072225202067571935,"celle":0.0069991612796112363,"demande":0.0069775982056005199,"1+r":0,"r":0.0065532884655342171,"calcul":0.0044417339243532803,"01":0,"raisonnement":0.0062442399179450121,"ci":0.0066301996792180566,"VA":0.0061753647655720294,"formule":0.0050500699595178791,"2e":0,"02":0,"1+7":0,"1+3":0,"1+TAP":0,"celui":0.0068926648098260532,"1+6":0,"1\u00b0":0,"2\u00b0":0,"1=1":0,"effectuer":0.0071539860428255836,"g":0.0070646685132217746,"1mais":0,">":0.0071995243601394232,"1+TEG":0,"inf\u00e9rieur":0.0072456698728902182,"semblait":0.0073637995038233033,"COC":0.0066890259484731684,"d\u00e9taill\u00e9":0.0072924389925047954,"1+TRI":0,"1er":0,"1+2":0,"croissance":0.0068926648098260532,"1\u00e8re":0,"1+TAE":0,"1min45":0,"conditions":0.0072689754302051298,"machine":0.01431489780779524,"1+n":0,"1+0":0,"1+5":0,"1=5":0,"1+TAEG":0,"1=9":0,"1+r2":0,"1+2r+r":0,"1+1":0,"1x":0,"1\u00e8res":0,"1+taux":0,"1X4X":0,"1X08":0,"2X3":0,"1=r":0,"2min54":0,"1+rn":0,"2i\u00e8meann\u00e9e":0,"1+4":0,"2eme":0,"1+i":0,"1+R":0,"1+":0,"1\u20ac":0,"1+x":0,"1+9":0,"1=":0,"1\u2212":0,"1+F3":0,"1+tri":0,"1+A2":0,"1+12":0,"1+41":0,"2\u20ac":0,"2^2x4":0,"2x0":0,"1x4":0,"+2x0":0,"1+11":0,"02+":0,"1USD":0,"1^3":0,"2=":0,"1=16":0,"1+15":0,"1+TMEG":0,"1\u00b2=4":0,"2x":0,"2M":0,"1M":0,"1EUR":0,"1+g":0,"1ere":0,"1+rd":0,"1an":0}