{"J":0.0022905240863491118,"'":0.0015657821633345752,"a":0.0040853356078332723,"que":0.0026393678659729042,"le":0.00056438866274539944,"mes":0.0035014605557417114,"tout":0.0033063707686257909,"en":0.0031450787427826062,"les":0.0026269669656580797,"au":0.0044551888882291765,".":0.0039215811946568908,"j":0.0039313464000297034,"sur":0.0019975391021145286,"l":0.0010594333547896059,"du":0.0040149498584473586,"r\u00e9sultat":0.0032788284396277397,"une":0.0052326952963921616,",":0.0002123822679538316,"la":0.0018699323807222226,"Merci":0.0011478070049552765,"de":0.0023649461663997036,"d":0.0020819983236821061,"vous":0.0039125122728198578,"2\u00e8me":0,"un":0.0048575252783956682,"dans":0.0015340515655611943,"!":0.0076936929803771469,"?":0.00045089058391380144,"si":0.0027728864072861679,"(":0.0015445752680315944,")":0.0015097300493667389,"Bonjour":0.00053989983627015907,":":0.0041412841691215278,"taux":0.0022694562284276535,"1":0.0060439380401809528,"\/":0.0065902161064035521,"2":0.0029089993116078144,"je":0.0025172263661748305,"pas":0.00090199181226120382,"il":0.0031379454861885712,"o\u00f9":0.0058649523940722927,"mais":0.002509807173982039,"qu":0.0023996794295253823,"\u00e0":0.0020926667425758515,"n":0.0018173013207666651,"avance":0.0020664886659310577,"co\u00fbt":0.00354311607025688,"id\u00e9e":0.0038275471288456305,"y":0.0055746166975194624,"avec":0.0024684554940878714,"m\u00eame":0.0028077316259510232,"1+r":0,"r":0.0034506954510430694,"calcul":0.0046552916859617204,"01":0,"Je":0.0032464458929151656,"investissement":0.003362736583948141,"VAN":0.0057460151876001474,"flux":0.0031812584544214386,"formule":0.0026591616603492568,"total":0.0036628357874448117,"Au":0.0036404753914072922,"fonction":0.0036404753914072922,"rente":0.0034911937713274326,"n\u00e9gative":0.0037909770170908639,"2e":0,"chaque":0.0033532203773970846,"ann\u00e9e":0.0061970903949760377,"mon":0.00313857853145576,"02":0,"1+7":0,"arrive":0.0090097251878026325,"moment":0.0036516212941249686,"1+3":0,"1+TAP":0,"1+6":0,"1\u00b0":0,"2\u00b0":0,"1=1":0,"20":0,"tableau":0.003564306418476717,"1mais":0,"rapporte":0.0038275471288456305,"1+TEG":0,"perp\u00e9tuelle":0.003778948264418042,"1+TRI":0,"r\u00e9sultats":0.0036741197207941344,"1er":0,"1+2":0,"positif":0.0037316118520073003,"1\u00e8re":0,"premi\u00e8res":0.0038030856956167919,"1+TAE":0,"[":0.010497062363971041,"]":0.010497062363971041,"1min45":0,"repr\u00e9sente":0.0037909770170908639,"Apr\u00e8s":0.003815275369249888,"https":0.003564306418476717,"edxuploads":0.0036074409627278865,"s3":0.0036074409627278865,"amazonaws":0.0036074409627278865,"com":0.003564306418476717,"1+n":0,"1+0":0,"Puisque":0.0038399020874467274,"1+5":0,"1=5":0,"1+TAEG":0,"1=9":0,"int\u00e8gre":0.0038275471288456305,"1+r2":0,"1+2r+r":0,"1+1":0,"1x":0,"1\u00e8res":0,"1+taux":0,"1X4X":0,"1X08":0,"2X3":0,"1=r":0,"2min54":0,"1+rn":0,"joins":0.0038901769838267609,"copie":0.0038774776333861368,"\u00e9cran":0.0038774776333861368,"trouverez":0.0038901769838267609,"colonnes":0.0038774776333861368,"million":0.0038774776333861368,"100000":0.010001255749074746,"900000":0.012934213984763463,"20\u00e8me":0.0063052609802568991,"milieu":0.0038774776333861368,"LibreOffice":0.0038901769838267609,"magnifique":0.0038901769838267609,"droit":0.0038774776333861368,"graphiquement":0.0038774776333861368,"Une":0.0037909770170908639,"sors":0.0038901769838267609,"route":0.0038774776333861368,"14890964221378811":0.012934213984763463,"jpg":0.0038399020874467274,"2i\u00e8meann\u00e9e":0,"1+4":0,"2eme":0,"1+i":0,"1+R":0,"1+":0,"1\u20ac":0,"1+x":0,"1+9":0,"1=":0,"1\u2212":0,"1+F3":0,"1+tri":0,"1+A2":0,"1+12":0,"1+41":0,"2\u20ac":0,"2^2x4":0,"2x0":0,"1x4":0,"+2x0":0,"1+11":0,"02+":0,"1USD":0,"1^3":0,"2=":0,"1=16":0,"1+15":0,"1+TMEG":0,"1\u00b2=4":0,"2x":0,"2M":0,"1M":0,"1EUR":0,"1+g":0,"1ere":0,"1+rd":0,"1an":0}