{"'":0.0014782076734429885,"correctement":0.0095770121931454937,"le":0.0027821340026603033,".":0.0018407239079718876,"l":0.0026423085603705133,"du":0.0033699095955087256,"une":0.0043920125310119166,"la":0.0023375745532588843,"et":0.0055885980993005333,"pour":0.0075088882808574398,"d":0.0026088148192819111,"est":0.0030573836921322368,"Bonjour":0.0013465518644186791,"taux":0.0056601990041661842,"je":0.0062341180585532927,"calculer":0.0066809393013449285,"pas":0.0022496372010065721,"ce":0.0041891166074827391,"\u00e0":0.0076842729549985358,"suis":0.0075424219857716029,"calcul":0.0058332390570508263,"ne":0.0036970349161770596,"Je":0.0080400901719034964,"VAN":0.0071999527582323909,"formule":0.0066321544312197677,"ensuite":0.0089163127602708767,"indiquer":0.0092203524156110259,"l\u00e0":0.0091635381746201644,"niveau":0.008970101318182851,"\u00e9quilibre":0.0096080367511308176,"bloque":0.0095155912571223272,"dois":0.0093361568991061576,"solver":0.0096080367511308176,"jusqu":0.0092490280949408966,"parviens":0.0091353951738841841,"compl\u00e9ter":0.0096392745379917499,"bloqu\u00e9e":0.0096080367511308176,"tri":0.0096080367511308176,"Tout":0.0094549892913427646,"ok":0.0096707285050280974,"objectif":0.0096392745379917499}