{"'":0.0015138578276363121,".":0.00095431753577894345,"l":0.0027075572973208591,"r\u00e9ponse":0.0064602641035567962,",":0.00054277803961925292,"la":0.003549482747477684,"et":0.0028973911532770859,"de":0.0036081517528018942,"d":0.0026732364672485739,"vous":0.0066489520062206252,"un":0.0041777968475120979,"5":0.007415458481450748,"?":0.0011523255193447433,"(":0.0039474177581002995,")":0.0038583650341642039,"-":0.0022175491308524232,"serait":0.0088962320788155726,"comment":0.0059634023858139802,"1":0.0051981912277698026,"je":0.0032320589511702319,"pas":0.0023051893754057677,"il":0.0040290475791939949,"\u00e0":0.0026869344640770274,"n":0.0046444143279307801,"possible":0.0084029337836108078,"Bonsoir":0.0087175734118123942,"1+r":0,"%":0.0055906182375556794,"actualisation":0.0088702859639972157,"comprendre":0.0080862952822649287,"exercice":0.0077489666711490794,"01":0,"VAN":0.014577699976439221,"3000":0,"entre":0.0083563602398521522,"car":0.0077693488286880181,"1+7":0,"arrive":0.0077489666711490794,"1+3":0,"1+TAP":0,"1+6":0,"obtenez":0.0097194149881648078,"d\u00e9tailler":0.0095968469785272861,"1\u00b0":0,"1=1":0,"1mais":0,"tx":0.0099095358986105893,"1+TEG":0,"1+TRI":0,"1er":0,"1+2":0,"1\u00e8re":0,"1+TAE":0,"1min45":0,"05":0,"1+n":0,"1+0":0,"futur":0.0096884692559433602,"97":0.019594151355770282,"1+5":0,"1=5":0,"1+TAEG":0,"1=9":0,"1+r2":0,"1+2r+r":0,"1+1":0,"1x":0,"1\u00e8res":0,"1+taux":0,"1X4X":0,"1X08":0,"1=r":0,"1+rn":0,"5i\u00e8me":0,"1+4":0,"5eme":0,"0005+1":0,"1+i":0,"1+R":0,"1+":0,"1\u20ac":0,"97\u20ac":0,"1+x":0,"5e":0,"1+9":0,"1=":0,"1\u2212":0,"1+F3":0,"1+tri":0,"1+A2":0,"1+12":0,"1+41":0,"5=>":0,"5^2x18":0,"5x0":0,"1x4":0,"5^2":0,"1+11":0,"1USD":0,"1^3":0,"5\u00e8me":0,"1=16":0,"1+15":0,"1+TMEG":0,"1\u00b2=4":0,"5+5":0,"1M":0,"1EUR":0,"5xtaux":0,"1+g":0,"1ere":0,"1+rd":0,"5ans":0,"5min08s":0,"1an":0}