{"'":0.0013509575724858691,"tout":0.011220897468497431,"l":0.0035954204415318152,",":0.0007207660058727699,"Merci":0.0038953358886545217,"de":0.0016359177876515512,"vous":0.0044684817514743479,"exemple":0.010182916206698049,"un":0.010919412806758901,"dans":0.0052061418797579228,"comme":0.0098976245978645294,"m":0.0080116469380275192,"?":0.0044478222804453594,"Bonjour":0.001832269013364138,"-":0.0057959578368361291,"comment":0.0079189234001626092,"il":0.0053502542828816396,"peut":0.0099741353979297589,"\u00eatre":0.010537976495750397,"\u00e0":0.003568034961534571,"100":0.0195785549360342,"flux":0.021249804296513269,"Il":0.012024344795384804,"expliquer":0.01056615214415256,"suite":0.012664046749060381,"Pourriez":0.010537976495750397,"rapporte":0.01298962424182966,"positif":0.012664046749060381,"T0":0.013116274622587201,"An\u00e9mone":0.013073768997350054}