{"a":0.0059843648727261854,"alors":0.0092004644928871653,"que":0.0038662528270737686,"le":0.0032460446249950501,".":0.0010887451374048775,",":0.0012215027778592865,"la":0.001382620672855876,"Merci":0.0033466185119579487,"de":0.0014054738560907538,"nous":0.0082899769403847346,"est":0.0035741880061326363,"?":0.0038377899023044355,"Bonjour":0.0015741660216955916,"int\u00e9r\u00eat":0.0095334584521874714,"comment":0.0068034224527207662,"1":0.005930421699644868,"utiliser":0.019016376072352254,"moi":0.0095599590403440196,"selon":0.010745600370863112,"1+r":0,"%":0.0063781269787289117,"ne":0.0043219625621925706,"01":0,"25":0.017142737591377102,"formule":0.0077532194875918267,"Pourquoi":0.0096673032348903506,"obtenir":0.0098046069191898497,"13\u20ac":0,"1+7":0,"sa":0.010614399707105565,"1+3":0,"1+TAP":0,"1+6":0,"mois":0.010392316644582159,"1\u00b0":0,"1=1":0,"aucun":0.011124057549593348,"Quelle":0.010712495236286278,"1mais":0,"1+TEG":0,"13":0.022657936534569951,"DRA":0.010948683316147879,"1+TRI":0,"1er":0,"1+2":0,"1\u00e8re":0,"1+TAE":0,"1min45":0,"1+n":0,"1+0":0,"1+5":0,"1=5":0,"1+TAEG":0,"1=9":0,"1+r2":0,"1+2r+r":0,"1+1":0,"1x":0,"1\u00e8res":0,"1+taux":0,"1X4X":0,"1X08":0,"1=r":0,"1+rn":0,"devons":0.010983298141574761,"TMP":0.011342445422150607,"soeur":0.011342445422150607,"r\u00e9clame":0.011342445422150607,"1+4":0,"1+i":0,"1+R":0,"1+":0,"1\u20ac":0,"25\u20ac":0,"1+x":0,"0025^t":0,"1+9":0,"1=":0,"1\u2212":0,"1+F3":0,"1+tri":0,"1+A2":0,"1+12":0,"1+41":0,"1x4":0,"1+11":0,"1USD":0,"1^3":0,"25=":0,"1=16":0,"1+15":0,"1+TMEG":0,"1\u00b2=4":0,"025":0,"1M":0,"1EUR":0,"1+g":0,"1ere":0,"1+rd":0,"1an":0}