{"'":0.0014695560605303205,"alors":0.0058847518409976141,"que":0.0049020532091067007,"le":0.0031023452359894132,"en":0.0029467293499898968,"les":0.0024612931160857858,".":0.0020525830320207105,"l":0.003916505588123927,"du":0.004994976726121517,"une":0.0032840474144533471,",":0.0011674279812605383,"la":0.0017530359263856531,"de":0.00089896166313105667,"dans":0.0028608540099328565,"est":0.0067383241519007467,"comme":0.0054388949962553557,"question":0.0032327206431744153,"?":0.00084086621596639538,"+":0.012020847015395611,"Bonjour":0.0010068596429420112,":":0.0038801074967687831,"-":0.0047695903596120309,"4":0.0067275195798523722,"cours":0.005132756563226034,"je":0.0023584734820385088,"pas":0.0033344768287615289,"il":0.0086658312209546909,"D":0.0059650983940357418,"Si":0.0060640908557938675,"\u00e0":0.0019606893863141203,"Dans":0.0090823213748482939,"n":0.0033890867083530237,"merci":0.0052757356216194913,"avance":0.0038537963906362803,"pourquoi":0.0049229821248261904,"dit":0.012537994537808935,"calcul":0.0086461943568766145,"ne":0.002764390554873414,"investissement":0.018484371692287092,"se":0.0059650983940357418,"Pourquoi":0.0061833487377712633,"partie":0.006398062291822949,"=":0.0053023906672833594,"compte":0.0060142342027258771,"CF":0.01144850647475013,"ici":0.006568496376836562,"amortissement":0.013540744932234837,"04":0,"comprend":0.0067684658691487968,"correspond":0.0067684658691487968,"suit":0.0070923776010380626,"pris":0.0068308254334355717,"RN":0.020971897819853258,"BSR":0.021383618824347108,"CF=":0.0072547942151201059,"pr\u00e9sence":0.0072311111861742628,"04\u20ac":0,"4\u00e8me":0,"4ans":0,"4e":0,"4min25":0}