{"'":0.00068637549578745615,"en":0.0053624166154687125,"les":0.0088158375718036218,",":0.0020950505889410168,"Merci":0.0038953358886545217,"de":0.0016359177876515512,"pour":0.0034865986756663398,"des":0.011815811784547351,"est":0.0041602180718654765,"?":0.0015301965102088393,"Bonjour":0.001832269013364138,"-":0.002944728624231611,"sans":0.010209516437500196,"calculer":0.009090832953029742,"il":0.0053502542828816396,"qui":0.0076664579736854688,"mais":0.0085175834580272104,"qu":0.0081438407003453089,"sont":0.0098471382429913355,"Il":0.012024344795384804,"faut":0.010974713956351512,"cash":0.012279790007092971,"flow":0.012624528760753645,"\u00e9galement":0.012585261682000361,"amortissements":0.012664046749060381,"retraiter":0.013202172449634623,"provisions":0.013202172449634623,"charges":0.012947977322649115,"sortie":0.013202172449634623,"ressources":0.013073768997350054}