{"'":0.0013509575724858691,"le":0.0037699384700548349,",":0.0014186466440021884,"d":0.0069869774863160023,"?":0.0030118070583018347,"Bonjour":0.003606360823816478,"on":0.011093489399405408,"comment":0.015586409478548776,"je":0.0084475591302685463,"pas":0.0060250211550616573,"trouve":0.021600964801620159,"actualisation":0.023184065116178303,"ne":0.009901469255132269,"comprends":0.015264644841718725,"facteur":0.025162362538740646}