{"'":0.0010737008417484185,"a":0.0027769141101840274,"alors":0.0042692750548992964,"que":0.0053132918916343605,"le":0.0022614606942771369,"en":0.0063313347101081833,"les":0.0035482013678561045,"au":0.0030283134789555813,".":0.0010038979101257739,"l":0.0028482250513269598,"du":0.0071730841357368806,"r\u00e9sultat":0.0044360906656781204,",":0.00057097739400877034,"la":0.00064157499369462149,"et":0.0015338568711410088,"de":0.0025590749034790669,"pour":0.0013899770830410642,"d":0.0014151910827905438,"exemple":0.0040595495732334876,"un":0.0022116939211123659,"000":0.0091704840384633484,"euros":0.009640070080755023,"dans":0.0081439954556430313,"non":0.0042123314733062637,"comme":0.0039458144304336867,"question":0.0023452770778220034,"(":0.0020897329808845263,")":0.0020425891451795308,"Bonjour":0.00073045743874025886,"projet":0.01260991982098116,"ainsi":0.0047794479059509844,"ou":0.0034611767672699995,"pas":0.0024249526071268169,"il":0.0021329471882009805,"D":0.0085992887814895173,"\u00e0":0.001422442698276574,"merci":0.0038274454206730681,"sont":0.0039256874003944153,"quizz":0.0044859013999534606,"avance":0.0027958556693216869,"pourquoi":0.003571529496759982,"votre":0.0036599098369039049,"calcul":0.0062878264339957688,"soit":0.0046822024425737761,"ne":0.0039851467848287256,"comprends":0.0030918074810278545,"Je":0.0022066978758610292,"formatif":0.0047794479059509844,"t=0":0.0096691460151825861,"&":0.0051290020411151466,"faut":0.0043752098567364237,"CF":0.0041899172508657384,"frais":0.0048659672213584981,"analyse":0.0051784795707831956,"premi\u00e8re":0.004737300768725014,"20":0.0085307023207221392,"net":0.0050172752729311836,"50":0.0088785383042572635,"retour":0.0050017197166760397,"R":0.0051618764946550957,"nul":0.0051784795707831956,"Monsolini":0.0051453844767233555,"endettement":0.0051951952109986956,"20\u00e8me":0,"d\u00e9pens\u00e9s":0.0052632146278897849,"consid\u00e9r\u00e9s":0.0052460330427635373,"irr\u00e9cup\u00e9rables":0.0052289703622929937,"entrepris":0.0052632146278897849,"comptabilis\u00e9s":0.0052632146278897849,"relative":0.0052120249520304614,"commer\u00e7ant":0.0052632146278897849,"d\u00e9co":0.0052460330427635373,"design":0.0052632146278897849,"comptabiliser":0.0052632146278897849,"investis":0.0052460330427635373,"pr\u00e9alablement":0.0052632146278897849,"faisabilit\u00e9":0.0052632146278897849,"50\u20ac":0}