{"'":0.00091690177791582282,"que":0.0040368468815684165,"les":0.0020237121581347137,".":0.00057257190210574017,"du":0.0020718079835551875,"avoir":0.0043707281138037381,"r\u00e9ponse":0.0038760324181402986,",":0.00096284269514580029,"la":0.0014436272538944789,"Merci":0.0017599892400726876,"de":0.0014674888081181461,"bien":0.0037317785328060023,"pour":0.0046576087640333918,"afin":0.0054007163517393363,"d":0.0031843641611089706,"\"":0.0076588591032009049,"un":0.0025065965969480694,"est":0.0037318950291246626,"?":0.00069137282897946981,"(":0.0023683736381482669,")":0.0023149437412637161,"Bonjour":0.0008278551171496904,"-":0.0039337460728255261,"quiz":0.0045532778099127008,"je":0.0057334013616280981,"temps":0.0050556734235685727,"ou":0.0039226828918131869,"pas":0.0013830686494854057,"ce":0.0025754534314491491,"il":0.0024173499381530852,"qui":0.0034638562447092155,"\u00e0":0.0032006812399435298,"n":0.0027865579811859045,"plus":0.0081349489025414109,"avance":0.0031686492599098028,"peu":0.0052004881314780199,"votre":0.004147914616370648,"bonne":0.0052605828878505958,"aux":0.0052303739615071464,"toujours":0.0051562502924244824,"ne":0.0022729234235322631,"investissement":0.0051562502924244824,"mon":0.0048125376658600446,"compr\u00e9hension":0.005599211503967659,"sous":0.0056686386398361235,"travail":0.0058879117549053648,"particulier":0.0058879117549053648,"c\u00f4t\u00e9":0.0058501503900961057,"certificatifs":0.0058689672859261735,"efforts":0.0058689672859261735,"vais":0.0058501503900961057,"n\u00e9cessaires":0.0059455281976154304,"prochaine":0.0058879117549053648,"Tommy":0.0058879117549053648,"Ayant":0.0059261904147540631,"session":0.0059455281976154304,"estim\u00e9":0.005965000739632441,"opter":0.005965000739632441,"self":0.0059455281976154304,"paced":0.0059455281976154304,"g\u00e9rer":0.0059455281976154304,"\u00e9vident":0.0058879117549053648,"Faut":0.0058879117549053648,"fasse":0.0059261904147540631,"qqch":0.005965000739632441,"participe":0.005965000739632441,"simplement":0.0058128925251704202}