{"'":0.0017453919615255948,"que":0.0029515739546723389,"le":0.0012562585720639645,".":0.00083116959354998736,"sur":0.0044462721980585819,"l":0.0069275981023084483,",":0.0013887603120944923,"et":0.0025235032753107467,"de":0.0010729665681874501,"pour":0.004525437544157746,"des":0.0039373891532017789,"Bien":0.0070238167504029269,"vous":0.0057998745954439641,"2\u00e8me":0,"000":0.015025407364911885,"dans":0.0034146069126370026,"euro":0.0084651930855097323,"?":0.001003626044416422,"Bonjour":0.0012017495072828637,"on":0.0036966892862580472,"3":0.0068025079497644903,"2":0.0064750686230280359,"investir":0.0084114661826631514,"il":0.0035091274269196168,"qui":0.0050282802499429192,"\u00e9nonc\u00e9":0.0077709606720872378,"qu":0.0053413862689632823,"\u00e0":0.0046311379300659188,"ann\u00e9es":0.0078167953051060113,"Dans":0.0054685541087488828,"aura":0.0084114661826631514,"y":0.0062340281033977296,"ne":0.0032994717888875204,"exercice":0.0067490172159880473,"Pourquoi":0.0073802106888126639,"ans":0.007527729558969006,"2e":0,"003":0,"02":0,"2\u00b0":0,"3\u00b0":0,"tableau":0.0079337002800389488,"50":0.02890642663792857,"3h":0,"activit\u00e9":0.0085748300802448735,"dites":0.0084382406816103182,"T4":0.0085748300802448735,"3ieme":0,"3\u00e8me":0,"3+":0,"3+1":0,"font":0.0085748300802448735,"2X3":0,"2min54":0,"d\u00e9velopper":0.0085471417688936964,"pralines":0.0086590474000766814,"prends":0.0084651930855097323,"T3":0.0086307802343737541,"Killian":0.0086590474000766814,"2i\u00e8meann\u00e9e":0,"3M":0,"2eme":0,"3=":0,"2\u20ac":0,"2^2x4":0,"3^2x24":0,"2x0":0,"+2x0":0,"3x0":0,"02+":0,"2=":0,"3eme":0,"50\u20ac":0,"2x":0,"2M":0,"3e":0,"3+2":0}