{"'":0.0011317662802134826,"ai":0.004709593965788658,"en":0.0044808023277919254,"les":0.0037426470551064498,"au":0.006347319852306123,"une":0.0049937288266097687,"r\u00e9ponse":0.014145466684542973,",":0.00060226763948024694,"pu":0.010418964976358263,"pour":0.0029133803996011305,"d":0.0029662287332621194,"vous":0.0037338358560102106,"\"":0.01407815482063654,"dans":0.0043502201202237859,"?":0.0012786227883048475,"si":0.007863272989561151,"Bonjour":0.0015310327132248432,"-":0.0024605971188643287,"1":0.005767923776930927,"cours":0.015401603911553796,"je":0.007076952502775566,"temps":0.0093499469152466767,"pas":0.0025578429161475795,"ce":0.0047630356728505224,"n":0.0051534517793189833,"quizz":0.0094024120056528902,"avance":0.0058600902176707782,"encore":0.0099880682477754557,"votre":0.0076711405628463875,"m\u00eame":0.0079620860768995789,"1+r":0,"01":0,"Je":0.0046252203851515159,"1+7":0,"1+3":0,"1+TAP":0,"1+6":0,"1\u00b0":0,"1=1":0,"1mais":0,"1+TEG":0,"remercie":0.0095903515177214113,"1+TRI":0,"1er":0,"1+2":0,"1\u00e8re":0,"1+TAE":0,"1min45":0,"1+n":0,"1+0":0,"1+5":0,"1=5":0,"1+TAEG":0,"1=9":0,"1+r2":0,"1+2r+r":0,"1+1":0,"1x":0,"1\u00e8res":0,"1+taux":0,"1X4X":0,"1X08":0,"1=r":0,"Puis":0.010682347682577781,"1+rn":0,"upgrader":0.011031654063130373,"certifi\u00e9":0.011031654063130373,"introduire":0.010995641603679334,"1+4":0,"1+i":0,"1+R":0,"1+":0,"1\u20ac":0,"1+x":0,"1+9":0,"1=":0,"1\u2212":0,"1+F3":0,"1+tri":0,"1+A2":0,"1+12":0,"1+41":0,"1x4":0,"1+11":0,"1USD":0,"1^3":0,"1=16":0,"1+15":0,"1+TMEG":0,"1\u00b2=4":0,"1M":0,"1EUR":0,"1+g":0,"1ere":0,"1+rd":0,"1an":0}