{"en":0.0079790973079049837,".":0.0018856372151798352,"du":0.0068230351893462018,",":0.0020950505889410168,"la":0.0046778034310702788,"de":0.0024341911774908658,"vous":0.0066489520062206252,"5":0,"on":0.0083865133484404084,"pas":0.0045548265764123507,"pourquoi":0.013330356728961108,"calcul":0.011810523168684034,"ne":0.007485363810037067,"comprends":0.01153984495907461,"Je":0.016089309895939534,"ann\u00e9e":0.015722082444158066,"remercie":0.017077822760064153,"lors":0.017629630288087939,"van":0.019328128202441248,"prends":0.01920460425837291,"5i\u00e8me":0.015034110652402453}