{"'":0.0018414131259733289,"ai":0.0019644719732287365,"que":0.0031192910709498972,"le":0.0013276428803148214,"en":0.0018690381069934314,"les":0.0015611378175809437,"au":0.0026476023295323907,".":0.0029908317661136961,"l":0.0049289421192570794,"du":0.0031784204774539114,"autre":0.0039776493391412513,"r\u00e9ponse":0.0059463333025447642,",":0.0014659693613796828,"la":0.002206204592260546,"et":0.0013410246506589502,"de":0.0022426707024456459,"bien":0.0028787792626447065,"pour":0.0059418659651046118,"nous":0.0033631762670544908,"d":0.001237277195233416,"trouv\u00e9":0.0041295963126051303,"un":0.0076054231124777407,"euros":0.0042414385224958211,"dans":0.0036086349239298687,"est":0.0014500190244990262,"non":0.0073239236501019735,"comme":0.0034497576127824597,"fait":0.0034853879399296089,"question":0.0020504353653578713,"?":0.00053334080394249644,"me":0.0028318439713978494,"Bonjour":0.00063862636080197553,"-":0.0010263674772241005,"on":0.0039067460479678085,"4":0.0042671005602640888,"3":0.003614947100004982,"Par":0.0042671005602640888,"je":0.0014959218471416705,"calculer":0.0031685552302129498,"pas":0.0021218055689241639,"cas":0.0070952393528590464,"D":0.0037835155137190815,"Si":0.0038463040027032027,"peut":0.0034764249926548026,"\u00eatre":0.0036729484211172276,"qui":0.0026720978853354794,"mais":0.0088063695041307663,"cela":0.0038042424591244153,"n":0.0042749390963421714,"merci":0.0033462696257677399,"avance":0.0024443684693056886,"contre":0.0044139774396606164,"avec":0.0029198392795995566,"peu":0.0040117754193927987,"calcul":0.0027665181929702734,"exercice":0.0035865213819653604,"cet":0.0042287211657623391,"Je":0.0019292779553056088,"investissement":0.015644904806570166,"VAN":0.0034147066662903016,"Pourquoi":0.003921946350371081,"partie":0.004058133888127805,"va":0.0043326249278220208,"tenir":0.0045129397359221606,"compte":0.011315692723964044,"pensais":0.0044699698270636865,"003":0,"CF":0.01086626452452745,"celui":0.0042930717866460624,"3\u00b0":0,"avait":0.0044699698270636865,"04":0,"pr\u00e9c\u00e9dentes":0.0044841981672637896,"Mon":0.0044841981672637896,"3h":0,"discussions":0.0045715987490956254,"incr\u00e9mental":0.0045420697158999167,"tient":0.0045420697158999167,"initial":0.013301716857076972,"3ieme":0,"3\u00e8me":0,"message":0.0044985210486237033,"faisant":0.0044985210486237033,"3+":0,"3+1":0,"apparemment":0.0045715987490956254,"sembler":0.0045567836686894077,"r\u00e9p\u00e9titif":0.0046015379208482346,"lisant":0.0046015379208482346,"rassure":0.0046015379208482346,"regardons":0.0046015379208482346,"3M":0.0037629859707923232,"tenu":0.00458651635682541,"trait":0.0046015379208482346,"parlait":0.0046015379208482346,"3=":0,"04\u20ac":0,"4\u00e8me":0,"3^2x24":0,"3x0":0,"4ans":0,"4e":0,"3eme":0,"4min25":0,"3e":0,"3+2":0}