{"'":0.0013844765182296455,"ai":0.0043518635001135123,"a":0.0018079335035084986,"que":0.0023262065226350181,"le":0.0024444475458334685,"en":0.0054976287391777746,".":0.0022457377014686599,"j":0.003464891634238256,"sur":0.0086516258709345446,"du":0.0011901729801132078,"r\u00e9sultat":0.0057519360658582087,"une":0.0030892214200672493,"proche":0.003382375941980069,",":0.0026515712946733861,"la":0.0024545008459086262,"et":0.00099863053623173536,"de":0.0024950710172383004,"pour":0.0026920863911135797,"d":0.0018349689496121983,"\u00e9chec":0.0033933330877394981,"des":0.0031031512240550082,"Bien":0.0027795477645990315,"vous":0.001159806860769184,"exemple":0.0026430042094877986,"un":0.004283575016437397,"dans":0.0013512685977264596,"est":0.0032122040696850218,"comme":0.0025689559793174903,"question":0.0045422968346944424,"?":0.00039716675810071568,"Bonjour":0.00047557051604235704,"ma":0.0028881544840251802,":":0.0018326931042209069,"-":0.0015221750298587938,"projet":0.0055207352307625824,"serait":0.0030662235581348013,"comment":0.0020553785827555154,"1":0.0035681540387340338,"\/":0.001953572876245477,"sans":0.0026499083733399157,"quiz":0.0077811910752565785,"cours":0.002424357460947301,"je":0.0022185571278016195,"valeur":0.0070884574895834036,"pas":0.0015823332423708831,"Alors":0.0032869885391868833,"il":0.0013886733725830813,"o\u00f9":0.0025954890730138561,"pratique":0.0033077012861936136,"mais":0.0022107624650217353,"\u00e0":0.0027549652989898358,"n":0.0031880292616457591,"fois":0.006124481270047083,"tr\u00e8s":0.0058991332402216672,"suis":0.0026638064309027912,"plus":0.0023537871684836224,"cette":0.0046648759277099702,"eu":0.0031490324083637672,"encore":0.0031025011613604091,"bonne":0.0030219999451985462,"c":0.0051690750235779733,"m\u00eame":0.0024731890779715292,"demande":0.0032363466225337752,"prendre":0.0031872536335931494,"1+r":0,"comprendre":0.0027870663526817644,"ne":0.0013057059660096871,"01":0,"Aussi":0.0034154743438918568,"hypoth\u00e8se":0.0033286847957245598,"ci":0.0030752163862543796,"certificatif":0.0029789620959200067,"notion":0.0032264071751670234,"essay\u00e9":0.0033606835088757919,"faut":0.002848517516571729,"pouvoir":0.0031872536335931494,"tenir":0.0033606835088757919,"compte":0.0084506024483844908,"mon":0.0027646154185847782,"1+7":0,"\u00e9t\u00e9":0.0029960390189012172,"1+3":0,"1+TAP":0,"prise":0.0033392803168409944,"1+6":0,"suivre":0.0032869885391868833,"1\u00b0":0,"1=1":0,"approche":0.0034043655409334854,"diff\u00e9rentes":0.0032973115048020251,"1mais":0,"propos\u00e9es":0.0033499462406074263,"jamais":0.0033606835088757919,"pouvez":0.0030483876455139874,"1+TEG":0,"abord\u00e9e":0.0034043655409334854,"emprunts":0.0033286847957245598,"rester":0.0034154743438918568,"Comme":0.0033606835088757919,"inclure":0.0034043655409334854,"pr\u00eats":0.0034154743438918568,"expliciter":0.003382375941980069,"malgr\u00e9":0.003382375941980069,"1+TRI":0,"Voil\u00e0":0.0034266605607356573,"1er":0,"1+2":0,"1\u00e8re":0,"terminale":0.0099022530237656697,"d\u00e9marche":0.0033606835088757919,"1+TAE":0,"1min45":0,"suffisamment":0.0033933330877394981,"arriv\u00e9":0.0033933330877394981,"1+n":0,"1+0":0,"cordialement":0.0031872536335931494,"1+5":0,"1=5":0,"1+TAEG":0,"1=9":0,"1+r2":0,"1+2r+r":0,"1+1":0,"1x":0,"1\u00e8res":0,"1+taux":0,"1X4X":0,"1X08":0,"1=r":0,"multiples":0.003382375941980069,"1+rn":0,"\u00e9chou\u00e9":0.0033933330877394981,"Cette":0.0033286847957245598,"certifcatif":0.0034266605607356573,"n\u00b06":0.0034266605607356573,"Manifestement":0.0034266605607356573,"options":0.0067800019162996689,"tenter":0.0034266605607356573,"voil\u00e0":0.0034154743438918568,"sommairement":0.0034266605607356573,"D\u00e9j\u00e0":0.0034266605607356573,"certiificatif":0.0034266605607356573,"pistes":0.0034266605607356573,"Sachez":0.0034266605607356573,"frustrant":0.0034266605607356573,"d\u00e9courageant":0.0034266605607356573,"progresser":0.0034266605607356573,"bienvenu":0.0034266605607356573,"1+4":0,"1+i":0,"1+R":0,"1+":0,"1\u20ac":0,"1+x":0,"1+9":0,"1=":0,"1\u2212":0,"1+F3":0,"1+tri":0,"1+A2":0,"1+12":0,"1+41":0,"1x4":0,"1+11":0,"1USD":0,"1^3":0,"1=16":0,"1+15":0,"1+TMEG":0,"1\u00b2=4":0,"1M":0,"1EUR":0,"1+g":0,"1ere":0,"1+rd":0,"1an":0}