{".":0.0015776842192608788,",":0.00089732433447289276,"Merci":0.0048495345997939575,"2\u00e8me":0,"?":0.0019050323599449377,"(":0.0065258977963783245,")":0.0063786752294981135,"Bonjour":0.0022811003288111557,"-":0.013843683199587476,"on":0.0070168692354712903,"t":0.012810644229304285,"\/":0.0093704205370948798,"2":0.012290648821200199,"\u00e0":0.0044420582701568002,"avec":0.010429332000022998,"%":0.026667084530051493,"VAN":0.012196941713284124,"Comment":0.013296359655274112,"=":0.023554545413833866,"2e":0,"02":0,"arrive":0.012810644229304285,"8":0.023793133011992439,"2\u00b0":0,"TRI":0.014707311178321341,"2X3":0,"2min54":0,"150000+31500":0,"31500":0,"08":0,"23":0.038636945636986511,"2i\u00e8meann\u00e9e":0,"23=2":0,"2eme":0,"150000=190000":0,"2\u20ac":0,"2^2x4":0,"2x0":0,"+2x0":0,"02+":0,"2=":0,"08+0":0,"2x":0,"2M":0,"150000":0.036918850600234275,"8min25":0,"8+50":0}