{"'":0.0017309507211154835,"ai":0.0058273182822998915,"que":0.0023460895939005221,"les":0.0023350666427012271,".":0.0025774813392609969,"j":0.0069302810500561701,"l":0.0037173220652149202,"du":0.0070524765551133514,"r\u00e9ponse":0.0044723722043406812,",":0.00037575947029521161,"la":0.0024751356110333678,"et":0.0039779531448117141,"de":0.0041255742543261833,"2\u00e8me":0,"mal":0.011765723669236301,"est":0.0043012689854048493,"non":0.0055084891634667715,"5":0.010181002434946929,"question":0.0030669318049582257,"(":0.0080619920810070765,"+":0.0057530962822472153,")":0.0078801156242546445,"Bonjour":0.00095522323235312464,":":0.0036811176720830509,"comment":0.0041284001158605069,"1":0.0035986525608334733,"\/":0.0077818783671524177,"3":0.0054070449727693596,"2":0.0051467763808629545,"obligation":0.01217839776515928,"pas":0.0031648938096985268,"calcul\u00e9":0.0061949944143693562,"D":0.0056591806109199897,"\u00e0":0.0036890080889454618,"Dans":0.004346737735609933,"merci":0.0050051715438694331,"quizz":0.0058662380694909384,"avance":0.0036561559209364485,"avec":0.0043673397870833382,"1+r":0,"%":0.018722110226551337,"comprendre":0.0055980563142274181,"ne":0.0026226198455991875,"01":0,"Je":0.0028857110161572114,"100":0.010206956726547594,"ces":0.0054938002538448463,"sp\u00e9cifiquement":0.0068602664226160024,"2e":0,"003":0,"02":0,"1+7":0,"La":0.005769018339717079,"Romain":0.0067937855088642234,"1+3":0,"1+TAP":0,"1+6":0,"1\u00b0":0,"2\u00b0":0,"1=1":0,"3\u00b0":0,"\u00e9gale":0.006622926458737001,"puissance":0.0067937855088642234,"1mais":0,"1+TEG":0,"comprend":0.0064213476932181313,"1+TRI":0,"3h":0,"1er":0,"1+2":0,"revente":0.013301716857076972,"1\u00e8re":0,"Plus":0.0068379534610014427,"1+TAE":0,"1min45":0,"05":0,"3ieme":0,"3\u00e8me":0,"1+n":0,"1+0":0,"^2":0.0067502144392362949,"1+5":0,"1=5":0,"1+TAEG":0,"1=9":0,"1+r2":0,"1+2r+r":0,"3+":0,"3+1":0,"1+1":0,"1x":0,"1\u00e8res":0,"1+taux":0,"1X4X":0,"1X08":0,"2X3":0,"1=r":0,"2min54":0,"1+rn":0,"5i\u00e8me":0,"2i\u00e8meann\u00e9e":0,"3M":0,"exposants":0.0068827348765064158,"affiche":0.0067937855088642234,"1+4":0.0079814307919169082,"^1":0.0068379534610014427,"5eme":0,"2eme":0,"0005+1":0,"1+i":0,"1+R":0,"1+":0,"3=":0,"1\u20ac":0,"1+x":0,"5e":0,"1+9":0,"1=":0,"1\u2212":0,"1+F3":0,"1+tri":0,"1+A2":0,"1+12":0,"1+41":0,"5=>":0,"2\u20ac":0,"2^2x4":0,"5^2x18":0,"3^2x24":0,"2x0":0,"5x0":0,"1x4":0,"+2x0":0,"3x0":0,"5^2":0,"1+11":0,"02+":0,"1USD":0,"1^3":0,"5\u00e8me":0,"2=":0,"1=16":0,"3eme":0,"1+15":0,"1+TMEG":0,"1\u00b2=4":0,"5+5":0,"2x":0,"2M":0,"1M":0,"1EUR":0,"3e":0,"3+2":0,"5xtaux":0,"1+g":0,"1ere":0,"1+rd":0,"5ans":0,"5min08s":0,"1an":0}