{"?":0.0032196773904065285,"OU":0.053413964017265572,"EST":0.027778612653178318,"CE":0.027778612653178318,"QUE":0.027778612653178318,"JE":0.053763769398373649,"PEUT":0.027778612653178318,"FAIRE":0.027778612653178318,"LES":0.027778612653178318,"EXERCICE":0.027778612653178318,"AU":0.027687930317052304,"TEMP":0.053763769398373649,"VAIS":0.027778612653178318,"AVOTRE":0.027778612653178318}