{"'":0.0022054671219619024,"correctement":0.0072924389925047954,"que":0.0049912009219976834,"le":0.0031582703452608229,".":0.0014055329479703569,"l":0.005928497803155906,"r\u00e9ponse":0.0048006374957488256,",":0.0023159709784750806,"la":0.00090057183813412067,"de":0.0026974689519492934,"d":0.0019864883252390716,"vous":0.00250055609439337,"\"":0.0094694958067110518,"b\u00e9n\u00e9fice":0.0071539860428255836,"dans":0.0029133496632071823,"m":0.0044833063423393741,"?":0.0008562958118738433,"-":0.0016478659905520333,"taux":0.0043099721594654569,"comment":0.0044314183811486824,"pas":0.0017129916630315442,"ce":0.0031898129266684158,"qui":0.0042901390840825726,"\u00e9nonc\u00e9":0.013140929777460153,"par":0.0040329553794603958,"cette":0.0050500699595178791,"bonne":0.0065154644586350044,"explication":0.0065154644586350044,"ne":0.0028151161380662666,"interpr\u00e9ter":0.0073160627168788054,"total":0.0069561686499317868,"Or":0.0069991612796112363,"puisque":0.0070208595461914687,"expliquer":0.0059128038577377501,"compte":0.0061245932606577768,"Pourriez":0.0058970368045765127,"d\u00e9duction":0.0072924389925047954,"nombre":0.0068926648098260532,"son":0.0067893478186135166,"analyse":0.0072689754302051298,"entreprise":0.0067288064115437144,"indique":0.0072225202067571935,"constant":0.0071090391489647842,"reste":0.0070426947112580199,"L":0.0069991612796112363,"modifier":0.0073398488048935272,"action":0.0069775982056005199,"distribution":0.0073160627168788054,"futur":0.0071995243601394232,"KoKaKoola":0.0073879171079245754,"laisse":0.0073398488048935272,"penser":0.0073398488048935272,"chute":0.0073879171079245754,"contredit":0.0073879171079245754}