{"'":0.00046007516043630411,"le":0.0037699384700548349,"les":0.0030022762874519315,".":0.00084943851211417257,"sur":0.0045440002493863504,"du":0.003073628804461272,"une":0.0040058689535364808,",":0.0027512603259993002,"la":0.0021342400806482927,"et":0.007572845502079463,"de":0.0032198928090471359,"pour":0.0046238472991683693,"d":0.0023794491059157992,"Bien":0.0071781986445658471,"vous":0.0059259981431585545,"?":0.0010256855165345347,"me":0.0054460137403279886,"Bonjour":0.0012281636880390801,"-":0.0019738415816847044,"calculer":0.0060935544101357979,"valeur":0.0061536348660291501,"C":0.01618694989207646,"qui":0.0051388007058365982,"\u00e0":0.0047318462360962507,"Dans":0.0055887516838910075,"calcul":0.0053203835535989546,"permet":0.0083322157318431282,"cadre":0.0086512561035861756,"partie":0.007804332843919147,"A":0.0076495503191430711,"trois":0.0085963482956386058,"arriver":0.008678985162792122,"56":0.021356009510373475,"Pourriez":0.0070635698050294082,"donner":0.0084097035747417101,"B":0.016794768714238035,"propose":0.0087633028945217333,"TRA":0.0084886674649746301,"illustration":0.0086237112919810809,"obligations":0.017007814478301773,"84":0.023675884948394045,"Virginie":0.0087633028945217333,"d\u00e9tail":0.008515326585112901,"115":0.029422738964241739,"44":0.024868464908123049,"044":0,"56=mensualit\u00e9":0}