{"'":0.00091025546030348338,"le":0.0025401294217265052,"les":0.0030022762874519315,".":0.0098080833014074081,"sur":0.0045440002493863504,"l":0.0047681642323730905,"du":0.003073628804461272,",":0.00048312700238301395,"la":0.0031675369434129713,"et":0.0051024725784825547,"de":0.0010965501292421664,"exemple":0.0068255741008516127,"dans":0.0034896591957086615,"5":0.013059049177976092,"(":0.0035135985051316138,")":0.0034343326313695357,"me":0.0054460137403279886,"Bonjour":0.0012281636880390801,"1":0.0091543139307940918,"\/":0.0050451135796001755,"prix":0.0072960875052456246,"cours":0.0062609175714688405,"je":0.0028768572761333844,"temps":0.0075003395990223881,"pas":0.0020518502068473453,"1+r":0,"%":0.0049762120672250526,"ne":0.0033719934281339248,"comprends":0.010285094513516418,"01":0,"En":0.007007422505700296,"Je":0.0037102588841855751,"formule":0.0060490586817523303,"ans":0.0076931873420173994,"entre":0.0074380003957867768,"1+7":0,"diff\u00e9rence":0.007804332843919147,"1+3":0,"1+TAP":0,"1+6":0,"chiffre":0.008678985162792122,"1\u00b0":0,"1=1":0,"Le":0.015134581358973942,"09":0,"9":0.014028204337815587,"utilis\u00e9e":0.0084358581024754058,"1mais":0,"1+TEG":0,"impact":0.008706900951076034,"revanche":0.0087350060003865138,"logique":0.0085421582573915016,"1+TRI":0,"1er":0,"1+2":0,"1\u00e8re":0,"9+":0,"1+TAE":0,"1min45":0,"05":0,"1+n":0,"1+0":0,"1+5":0.0051625570968950188,"1=5":0,"1+TAEG":0,"1=9":0,"1+r2":0,"1+2r+r":0,"1+1":0,"1x":0,"1\u00e8res":0,"1+taux":0,"1X4X":0,"1X08":0,"1=r":0,"1+rn":0,"5i\u00e8me":0,"1+4":0,"parfaitement":0.0088493712918828928,"^0":0.0087917942705548913,"perturbe":0.0088204828203089676,"5eme":0,"0005+1":0,"1+i":0,"1+R":0,"1+":0,"1\u20ac":0,"1+x":0,"5e":0,"1+9":0,"1=":0,"9=":0,"1\u2212":0,"9=850":0,"1+F3":0,"1+tri":0,"1+A2":0,"1+12":0,"1+41":0,"5=>":0,"5^2x18":0,"5x0":0,"1x4":0,"5^2":0,"1+11":0,"1USD":0,"1^3":0,"5\u00e8me":0,"1=16":0,"1+15":0,"1+TMEG":0,"1\u00b2=4":0,"5+5":0,"1M":0,"1EUR":0,"5xtaux":0,"1+g":0,"1ere":0,"1+rd":0,"5ans":0,"5min08s":0,"1an":0}