{"J":0.0022686048594181027,"'":0.0015512708441092458,"ai":0.0048881803992198913,"a":0.0020328471342950191,"le":0.00055898773146956932,"en":0.0015649789694484088,"au":0.0022168846904068867,".":0.0014585842898666729,"j":0.0038939027306491383,"une":0.0051830895713247619,"autre":0.0033305567929858676,"r\u00e9ponse":0.0025036306168141039,",":0.0014318526484438231,"la":0.00046966662835712435,"et":0.0011228638773818922,"de":0.0014187976704261235,"pour":0.0010175363075268188,"d":0.0010359942810546526,"des":0.0017519898208894261,"vous":0.0013040911342562854,"000":0.0067248468509279961,"est":0.002416745140139539,"fait":0.0029183775365250598,"m":0.0023381359315669081,"?":0.00088891854119739413,"si":0.0027463512021872801,"(":0.0030450881943693488,"+":0.0032205789982627155,")":0.0029763917920750194,"me":0.0047198312848851873,"Bonjour":0.00053473325142534172,":":0.002060686921132772,"-":0.0033893145656479586,"1":0.0040099507348251486,"\/":0.0021966045849614001,"3":0.0060250284225180717,"savoir":0.0030836481160174873,"je":0.0024932513250005449,"pas":0.00089336017929096136,"ce":0.0016635526661174687,"il":0.0015614294886670572,"o\u00f9":0.0029183775365250598,"Si":0.0032205789982627155,"oui":0.0036843690870238597,"qu":0.0023767156378364331,"\u00e0":0.0020727353720835129,"ann\u00e9es":0.0034781793908752008,"n":0.0017999106108023796,"merci":0.0028018912888055497,"dont":0.0070905227966853602,"x":0.0071770983685333243,"cette":0.0026337147470306818,"y":0.002773907621351066,"bonne":0.0033979479425072182,"veux":0.0037309500050649157,"1+r":0,"%":0.0043126739143514326,"actualisation":0.0034376178997284229,"calcul":0.0023164550655200246,"01":0,"s":0.0027600768226722309,"En":0.0030509791626936633,"effet":0.0034781793908752008,"Je":0.001615418869725761,"faire":0.0030188910216338571,"plusieurs":0.0035514321848642864,"formule":0.0052424649976225597,"12":0.0051946063824407571,"18+1":0,"18":0.012624898763588466,"montant":0.0034276183705748333,"r\u00e9soudre":0.0034884638084195052,"entre":0.0032384495442072396,"=":0.0056054022474944683,"employer":0.0038403720152122753,"formules":0.0035946656385947113,"003":0,"1+7":0,"arrive":0.0030030583727807098,"grand":0.0036729092999824545,"1+3":0,"1+TAP":0,"capitalisation":0.0036389601411975945,"1+6":0,"indiquer":0.0036615218149177692,"1\u00b0":0,"^":0.0035621438506992886,"1=1":0,"3\u00b0":0,"Ensuite":0.0037309500050649157,"tent\u00e9":0.0038031560493896658,"niveau":0.0035621438506992886,"F":0.0037191915895655775,"\u20ac":0.0071990722130481598,"cependant":0.0037787649971820817,"juste":0.0036056377720534616,"diff\u00e9rentes":0.0037075092808485505,"37":0.0090572340482619682,"75":0.012937505614763414,"Un":0.0036389601411975945,"1mais":0,"pouvez":0.0034276183705748333,"1+TEG":0,"Pouvez":0.0031085438265243542,"intuitive":0.0038031560493896658,"1+TRI":0,"3h":0,"disant":0.0038278812359797704,"1er":0,"1+2":0,"1\u00e8re":0,"1+TAE":0,"1min45":0,"3ieme":0,"fa\u00e7on":0.0073338147188573106,"3\u00e8me":0,"1+n":0,"1+0":0,"1+5":0,"1=5":0,"1+TAEG":0,"1=9":0,"1+r2":0,"1+2r+r":0,"3+":0,"3+1":0,"1+1":0,"ayant":0.0037666919729324919,"1x":0,"1\u00e8res":0,"1+taux":0,"1X4X":0,"18X3XX":0,"1X08":0,"1=r":0,"possibilit\u00e9":0.0037546991687053876,"1+rn":0,"3M":0,"1+4":0,"voudrai":0.0037909193218706671,"raisonn\u00e9":0.0038529498389045696,"t67":0.0038529498389045696,"T85":0.0038529498389045696,"disposer":0.0038529498389045696,"216":0.023009173156448699,"000\u20ac":0.0037787649971820817,"guider":0.0038529498389045696,"75+0":0,"12^3+2":0,"12^4+189":0,"12^4":0,"1+i":0,"1+R":0,"1+":0,"3=":0,"0075":0,"1\u20ac":0,"1+x":0,"1+9":0,"1=":0,"12\u20ac":0,"1\u2212":0,"1+F3":0,"1+tri":0,"1+A2":0,"1+12":0,"1+41":0,"3^2x24":0,"1x4":0,"3x0":0,"1+11":0,"1USD":0,"1^3":0,"12=":0,"1=16":0,"3eme":0,"1+15":0,"1+TMEG":0,"1\u00b2=4":0,"1M":0,"12^5":0,"1EUR":0,"3e":0,"3+2":0,"1+g":0,"1ere":0,"1+rd":0,"1an":0}