{"'":0.0016426131438604078,"ai":0.0034726317789101225,"en":0.0033039316492115096,".":0.0030327628719984821,"j":0.008178039018000292,"sur":0.0041767822332431179,"l":0.0022152369427493042,"du":0.0028252371209248578,"r\u00e9ponse":0.0052855818476222286,",":0.00087937301152179483,"la":0.003851370259792515,"Merci":0.0024000230585795677,"de":0.001995907048622873,"afin":0.0073647289891879122,"d":0.0021871567352659107,"des":0.003698742750756052,"vous":0.0027531539119941611,"dans":0.0032076465072108607,"dire":0.0066338802895918184,"est":0.0025632242216332558,"!":0.0054138925195858743,"?":0.0018669214452936009,"me":0.0050059005687052311,"Bonjour":0.0011289110893884149,"-":0.003592726151491232,"calculer":0.0056011110036784375,"pas":0.0018860323545082491,"ce":0.0035120371653638905,"utiliser":0.0069135020527467013,"trouve":0.0067618216527295444,"avance":0.0043209532849306101,"ne":0.0030994897597429343,"Je":0.00341041869227264,"formule":0.0055602111450588484,"aimerais":0.0071120087528233717,"Pourriez":0.0064927357494981774,"quelle":0.0072786130774643732,"\u00e9quivalent":0.0077541241881176389,"Serait":0.007851833821497279,"version":0.015746752087405905,"TRA":0.015450813214045822,"Seulement":0.0081076659134136086,"EXCEL":0.0081076659134136086,"n\u00e9erlandais":0.0081342197972589757,"n\u00e9erlandaise":0.0081342197972589757,"REND":0.0081342197972589757,"VERVAL":0.0081342197972589757,"Google":0.0081342197972589757,"An":0.0081342197972589757}