{"'":0.0023026022250068295,"le":0.0013429044799240712,".":0.00088849652099975095,"l":0.0025208121499239785,"du":0.0032149572460653921,"r\u00e9ponse":0.0060146879477224391,",":0.0024179729885722072,"la":0.0022312836874032018,"pour":0.0048340930081979469,"d":0.0049217828135802019,"vous":0.0091906605948352989,"5":0.013652842371399571,"m":0.0056171057796168735,"\u00e9clairer":0.0082105731137795158,"question":0.0041245757108197296,"?":0.0010728475340876431,"(":0.0036751571814532501,")":0.0035922465857276989,"Bonjour":0.0012846358488326653,"-":0.0020646007372170862,"1":0.004839662531816594,"\/":0.0052770928084796527,"je":0.0030091379715001328,"pas":0.0021461962748298953,"il":0.0037511568454355122,"o\u00f9":0.0070110702744871052,"vient":0.0085576456618502213,"\u00e0":0.0025016117109680435,"Dans":0.005845727921506387,"avance":0.0049169961595118081,"votre":0.0064365849817211813,"1+r":0,"calcul":0.0055650199635893021,"ne":0.0035270409653009997,"comprends":0.0054374786499090466,"01":0,"s":0.0066307708048560527,"Je":0.0038808601959928724,"derni\u00e8re":0.0085835328554327382,"exposant":0.0088512778977286946,"1+7":0,"\u00e9tape":0.0089349350015125294,"1+3":0,"1+TAP":0,"1+6":0,"1\u00b0":0,"1=1":0,"1mais":0,"1+TEG":0,"remercie":0.0080469275778057049,"plait":0.0084304784233154208,"1+TRI":0,"1er":0,"1+2":0,"1\u00e8re":0,"pourriez":0.0085835328554327382,"TRA":0.0088789846504392991,"1+TAE":0,"1min45":0,"05":0,"1+n":0,"1+0":0,"1+5":0,"1=5":0,"1+TAEG":0,"1=9":0,"1+r2":0,"1+2r+r":0,"1+1":0,"1x":0,"1\u00e8res":0,"1+taux":0,"1X4X":0,"1X08":0,"1=r":0,"1+rn":0,"5i\u00e8me":0,"1+4":0,"5eme":0,"0005+1":0,"1+i":0,"1+R":0,"1+":0,"1\u20ac":0,"1+x":0,"5e":0,"1+9":0,"1=":0,"1\u2212":0,"1+F3":0,"1+tri":0,"1+A2":0,"1+12":0,"1+41":0,"5=>":0,"5^2x18":0,"5x0":0,"1x4":0,"5^2":0,"1+11":0,"1USD":0,"1^3":0,"5\u00e8me":0,"1=16":0,"1+15":0,"1+TMEG":0,"1\u00b2=4":0,"5+5":0,"1M":0,"1EUR":0,"5xtaux":0,"1+g":0,"1ere":0,"1+rd":0,"5ans":0,"5min08s":0,"1an":0}