{"'":0.0050481433585774817,"a":0.009442928126594979,"le":0.0025965951314613073,"bien":0.011196974200014845,"d":0.01383931445896543,"un":0.0075208904223930222,"pourrait":0.016697846430131186,"m":0.010861047630938732,"?":0.002074422064605631,"-":0.003992042846541418,"arbitrage":0.017276291107586765,"pas":0.0041498132456143045,"il":0.0072531112583348644,"n":0.0083608975044731099,"quelqu":0.017385889039125687,"Je":0.0075039013134924008,"arrive":0.013949727894307115,"concept":0.017276291107586765,"aider":0.016204520477412609,"opportunite":0.017839195238658474,"cerner":0.017781173398969771,"abstence":0.017897621414986048}