{"'":0.0020438247963899285,"le":0.0014789086674914713,"les":0.0034583637636790665,".":0.0019327975584361437,"l":0.0027761102843674845,",":0.0010992987453516266,"la":0.0012425926516898159,"et":0.0029707505678298828,"Merci":0.0030076821883318768,"de":0.001263131327346042,"d":0.0054141569480887558,"question":0.008972426650007817,"?":0.0023338269148489052,"r\u00e9pondre":0.0098398307658910545,"Bonjour":0.0014147388141234824,"actif":0.0084044645558547914,"sans":0.0078830123045325572,"risque":0.0079243565864252786,"je":0.0033138918621977271,"arbitrage":0.0098398307658910545,"pas":0.0023635547579402682,"il":0.0041310595465049093,"\u00e0":0.0027549652989898358,"avance":0.0054149705709042257,"cette":0.0069679947301237392,"avec":0.0064682734904090745,"ne":0.0038842460742077949,"comprends":0.0059881655209795617,"s":0.0073023097041164629,"agit":0.0093678187035635668,"raisonnement":0.0086156887311761004,"deux":0.0083360829377551807,"Comment":0.0082464045326167221,"A":0.0088116232815523641,"opportunit\u00e9":0.0098398307658910545,"B":0.0097782139790023332,"Nous":0.010094570345582518,"exploiter":0.010127389957442442,"devons":0.0098709398969487622}