{"les":0.0030022762874519315,".":0.00084943851211417257,",":0.0014186466440021884,"la":0.0010787200850039178,"de":0.0021695166974296182,"\"":0.022173597640758078,"5":0.0066005032737730491,"?":0.0010256855165345347,"rentabilit\u00e9":0.0076931873420173994,"4":0.0082062036317235541,"par":0.0048307417415606804,"%":0.0098454004809216383,"video":0.008357884413822422,"Le":0.0076495503191430711,"cout":0.008678985162792122,"04":0,"dette":0.0082813503219678931,"illustration":0.0086237112919810809,"05":0,"the":0.042145316405201416,"this":0.0088204828203089676,"Kind":0.0088204828203089676,"regards":0.0088204828203089676,"Matteo":0.0088204828203089676,"5i\u00e8me":0,"In":0.0088493712918828928,"Miss":0.0088493712918828928,"Platten":0.0087350060003865138,"in":0.0087917942705548913,"of":0.017508418691959592,"exig\u00e9e":0.0087633028945217333,"cr\u00e9anciers":0.0088493712918828928,"Numericable":0.0088493712918828928,"Group":0.0088493712918828928,"highlights":0.0088493712918828928,"fact":0.0088493712918828928,"that":0.0088493712918828928,"324":0.029422738964241739,"is":0.0088493712918828928,"substantially":0.0088493712918828928,"lower":0.0088493712918828928,"than":0.0088493712918828928,"YTM":0.0088493712918828928,"308":0.029422738964241739,"What":0.0088493712918828928,"does":0.0088493712918828928,"imply":0.0088493712918828928,"Falsetta":0.0088493712918828928,"5eme":0,"0005+1":0,"04\u20ac":0,"5e":0,"5=>":0,"4\u00e8me":0,"5^2x18":0,"5x0":0,"5^2":0,"4ans":0,"5\u00e8me":0,"4e":0,"4min25":0,"5+5":0,"5xtaux":0,"5ans":0,"5min08s":0}