{"'":0.00066458207669841448,"au":0.014483633595780166,".":0.002416280285939116,"du":0.0044398802402889981,"r\u00e9ponse":0.008306329486427665,",":0.00069788063812942019,"la":0.0015582193865635702,"et":0.0037253408195695652,"Merci":0.0037716533154346869,"de":0.0015839750213955889,"pour":0.003375894102731493,"des":0.0058126005535486316,"question":0.0056960702107178166,"?":0.0014816105480929993,"Bonjour":0.0017740918104523448,"1":0.0066836105117655635,"pas":0.0029639132663617676,"quizz":0.010895091916483373,"co\u00fbt":0.011642554380363775,"votre":0.0088889724770864122,"1+r":0,"14":0.024562399037709362,"%":0.0071881762679643583,"01":0,"s":0.0091571445655755906,"10":0.016809345058341852,"1+7":0,"1+3":0,"1+TAP":0,"1+6":0,"1\u00b0":0,"1=1":0,"agissant":0.012699813849305864,"75":0.021563668543830423,"10i\u00e8me":0,"1mais":0,"1+TEG":0,"1+TRI":0,"1er":0,"1+2":0,"propres":0.012185661340985239,"1\u00e8re":0,"10+1":0,"correspondent":0.012577184802122405,"1+TAE":0,"1min45":0,"CMPC":0.011926071277121067,"capitaux":0.012223681632944815,"1+n":0,"1+0":0,"num\u00e9ro":0.025008801544800851,"1+5":0,"1=5":0,"1+TAEG":0,"1=9":0,"1+r2":0,"1+2r+r":0,"1+1":0,"+10":0,"1x":0,"1\u00e8res":0,"1+taux":0,"1X4X":0,"1X08":0,"1=r":0,"1+rn":0,"1+4":0,"75+0":0,"0014^2+1":0,"1+i":0,"1+R":0,"1+":0,"0075":0,"1\u20ac":0,"1+x":0,"1+9":0,"1=":0,"1\u2212":0,"1+F3":0,"1+tri":0,"1+A2":0,"1+12":0,"1+41":0,"10^7":0,"1x4":0,"1+11":0,"1USD":0,"1^3":0,"1=16":0,"1+15":0,"1+TMEG":0,"10\u00e8me":0,"1\u00b2=4":0,"14=12":0,"1M":0,"1EUR":0,"10H":0,"1+g":0,"10min15":0,"1ere":0,"1+rd":0,"10^1":0,"10^2":0,"14\u00e8me":0,"1an":0}