{"J":0.004603395101941638,"'":0.0015805676678477413,"ai":0.0033377636458901765,"le":0.0022469605645831963,"en":0.0031756153975833232,"au":0.0089112017941375445,".":0.00075046817248973561,"l":0.0021292028079239935,",":0.0020558331053323249,"la":0.0018879169130327522,"de":0.0037671489997651852,"bien":0.0048912302635733384,"pour":0.0020647587148862122,"des":0.0035550930461299862,"un":0.0065081937437655541,"5":0.011551839942832744,"m":0.0047444857796036183,"\u00e9clairer":0.0069350567550429355,"Bonjour":0.001085067071172607,":":0.0041814933261718375,"taux":0.0045610538427765237,"comment":0.0092898193750189841,"trouver":0.017209203027428312,"valeur":0.0054366585058452091,"pas":0.0035910360457437722,"Si":0.0065351167368218801,"peut":0.0059066686194948082,"mais":0.0050441006581783427,"merci":0.0056855263187476392,"compris":0.0061258566403007289,"avec":0.0049609938609975791,"quelqu":0.0075947648988230042,"%":0.008709094282338993,"ne":0.0029791135080050762,"comprends":0.004592763808188665,"mani\u00e8re":0.0072942038033319218,"Je":0.0032779667563557565,"100":0,"donc":0.0061420265479185041,"int\u00e9r\u00eats":0.0071633871070911053,"13\u20ac":0,"TAE":0.014064140007455964,"capitalisation":0.0073840850779305122,"placement":0.0076189397597059552,"continu":0.0077172672257127912,"13":0.015618035515655975,"illustration":0.0076189397597059552,"05":0,"5i\u00e8me":0,"rapporter":0.0077674389435291209,"max":0.015487685789767726,"1051":0.023455981028135613,"27\u20ac":0.019432337551686527,"pouvait":0.0077927849140711639,"5eme":0,"27":0,"0005+1":0,"5e":0,"5=>":0,"5^2x18":0,"5x0":0,"5^2":0,"5\u00e8me":0,"5+5":0,"5xtaux":0,"5ans":0,"5min08s":0}