{"'":0.00089088241204956305,"le":0.0024860676203922911,"au":0.0098594744333203345,"avoir":0.012555884316204909,"r\u00e9ponse":0.02181491379878565,",":0.0009355196416191724,"Merci":0.0050559588061144609,"de":0.0041599937261861883,"pour":0.004525437544157746,"d":0.0046075283804001936,"?":0.0019861215417672959,"Bonjour":0.0023781971357773927,"vos":0.01448310179849505,"il":0.0069443729705759832,"quizz":0.014605036919259365,"avance":0.0091026466323551984,"%":0.0096358599432219555,"100":0.025412023524890224,"obtenir":0.014812470712285232,"correcte":0.016284419698257061,"certificat":0.016284419698257061,"Faut":0.016914330274888024,"evaluatif":0.017079846264568117}