{"le":0.0023845666875172136,".":0.0059575995198159525,",":0.0033884467873294363,"Merci":0.0048495345997939575,"pour":0.004340673409573414,"vous":0.0055630778658750666,"2\u00e8me":0,"dans":0.006481434694979033,"?":0.0019050323599449377,"(":0.0065258977963783245,")":0.0063786752294981135,"Bonjour":0.0022811003288111557,":":0.0087906140133294213,"2":0.035462008786200303,";":0.028421792785497155,"VA":0.013738558042383268,"82":0.037730074487078637,"obtenir":0.014207708563762307,"2e":0,"02":0,"calculs":0.014793823388057159,"2\u00b0":0,"utilisez":0.016223753603611724,"tableau":0.015059349895973172,"quels":0.016223753603611724,"TRA":0.01576622264124946,"2X3":0,"2min54":0,"2i\u00e8meann\u00e9e":0,"91":0.046188846023872271,"74":0.046188846023872271,"2eme":0,"2\u20ac":0,"2^2x4":0,"2x0":0,"+2x0":0,"02+":0,"2=":0,"2x":0,"2M":0}