{"le":0.0028500175340329332,"de":0.0024341911774908658,"vous":0.012988536152953709,"(":0.007799707696306917,")":0.0076237483074542587,"-":0.0043816581073426088,"projet":0.015891716660604297,"comment":0.011783094249237173,"je":0.006386229332993639,"ce":0.0084816785777348021,";":0.017324550559306682,"trouvez":0.01914345854728617,"montant":0.0174758262232871,"avez":0.017126641949686564,"remercie":0.017077822760064153,"retour":0.018668390711054136,"van":0.019328128202441248,"\u00e9valution":0.019644392855919381,"coc":0.019644392855919381,"227559":0.065314452749981863}