{"J":0.004789403270529756,"'":0.00083741475298146155,"ai":0.0034726317789101225,"le":0.0011801163425053541,".":0.00078079214148592485,"sur":0.0041767822332431179,"r\u00e9ponse":0.0052855818476222286,",":0.0017249154758010182,"pu":0.0076824518510683181,"la":0.0029164888864434838,"de":0.0029646952066822128,"pour":0.0021481888742853807,"d":0.0021871567352659107,"vous":0.0080980147839584959,"un":0.0034181400057786632,"?":0.00094279595229660948,"me":0.0050059005687052311,"Bonjour":0.0011289110893884149,"suivante":0.0073647289891879122,":":0.00435045382127177,"-":0.0018143279043020585,"projet":0.0065803365480021046,"cours":0.0057549489086938816,"Dans":0.0051371033138556494,"MOOC":0.00790164455577262,"par":0.0087927685519686646,"avance":0.0043209532849306101,"avec":0.0051614514280814566,"votre":0.011200658206339628,"Les":0.0075889387675747242,"finance":0.007658857553322327,"En":0.0064411259278847012,"cadre":0.0079521150540373831,"Je":0.00341041869227264,"Cordialement":0.0067248265377499606,"suite":0.0078026658243258318,"conseiller":0.0080290968017912127,"remerciant":0.0078271705191401576,"suivre":0.0078026658243258318,"quelle":0.0072786130774643732,"principes":0.0080032630288638697,"raison":0.00790164455577262,"pourriez":0.0075430289723216609,"Maxime":0.0080812957949422202,"\u00e9cris":0.0081342197972589757,"passion":0.0081342197972589757,"re":0.0081342197972589757,"orientation":0.0081342197972589757,"professionnelle":0.0080551069158302496}