{"'":0.001368629652171393,"a":0.002851464349388808,"que":0.0018422142260022866,"en":0.004361299907925581,".":0.0044358322090355508,"l":0.0029241866056011119,"du":0.00187713531267202,"r\u00e9ponse":0.003511829948964412,",":0.0011571826332624575,"la":0.0019504469101853704,"et":0.0015750354571945329,"de":0.0013305061147388872,"d":0.0028871197957168688,"\"":0.0069439431581082255,"un":0.0022710700142590705,"dans":0.0063096952494818932,"est":0.0017030495122295993,"non":0.0043254175488867562,"5":0.0080087628754176472,"?":0.00062640957164008637,"(":0.002145834857794481,")":0.0020974253782526991,"Bonjour":0.00075006761558630783,":":0.0028905150769733814,"-":0.001205470136544407,"utilis\u00e9":0.0047939538692196677,"4":0.005011715987866535,"1":0.0083659769503347664,"\/":0.012084023017454043,"je":0.00175696244605371,"valeur":0.0074665522339417371,"pas":0.0012531117856509114,"il":0.0021902092124416253,"\u00eatre":0.0043138834121085505,"\u00e0":0.001460630211179011,"merci":0.0039301986785458907,"avance":0.0028709144218288575,"pourquoi":0.0036674123248726384,"avec":0.0034293555994059227,"Les":0.0050422192320823183,"1+r":0,"%":0.0060379187481890218,"ligne":0.0051842231023166247,"ne":0.0020593534030071674,"comprends":0.0031748114840830593,"01":0,"s":0.0038715457392980838,"quelque":0.005135998051013415,"chose":0.0049077590349659974,"12":0.007286447986544836,"titre":0.005135998051013415,"67":0.010514588753769094,"t=0":0.0049966010853964666,"Il":0.004922351228929229,"derni\u00e8re":0.005011715987866535,"exposant":0.0051680458035434614,"ann\u00e9e":0.0043254175488867562,"13\u20ac":0,"1+7":0,"La":0.0089999828172950044,"1+3":0,"1+TAP":0,"1+6":0,"1\u00b0":0,"1=1":0,"hors":0.0052835196974467891,"1mais":0,"1+TEG":0,"04":0,"13":0.010796182992366241,"\u00e9tablir":0.0053519492318236904,"1+TRI":0,"1er":0,"1+2":0,"1\u00e8re":0,"proviennent":0.0054045131678973042,"28":0.026687819954344945,"action":0.0051043509058885895,"1+TAE":0,"1min45":0,"devrait":0.010172431837145919,"distribu\u00e9":0.0053868703184934245,"05":0,"1+n":0,"1+0":0,"1+5":0,"1=5":0,"1+TAEG":0,"1=9":0,"1+r2":0,"1+2r+r":0,"1+1":0,"1x":0,"1\u00e8res":0,"1+taux":0,"1X4X":0,"1X08":0,"1=r":0,"1+rn":0,"23":0,"5i\u00e8me":0,"1+4":0,"t=4":0.0053519492318236904,"189":0.015187739515983869,"67=13":0.01065147282722553,"123":0.015187739515983869,"23=2":0.0127045361930994,"12^3+2":0.0073620278869848052,"12^4+189":0.0073620278869848052,"12^4":0.0073620278869848052,"dividente":0.0054045131678973042,"5eme":0.0041361445774614905,"0005+1":0,"1+i":0,"1+R":0,"1+":0,"1\u20ac":0,"04\u20ac":0,"1+x":0,"5e":0,"1+9":0,"1=":0,"12\u20ac":0,"1\u2212":0,"1+F3":0,"1+tri":0,"1+A2":0,"1+12":0,"1+41":0,"5=>":0,"4\u00e8me":0,"5^2x18":0,"5x0":0,"1x4":0,"5^2":0,"1+11":0,"1USD":0,"1^3":0,"4ans":0,"5\u00e8me":0,"4e":0,"12=":0,"1=16":0,"1+15":0,"1+TMEG":0,"4min25":0,"1\u00b2=4":0,"5+5":0,"1M":0,"12^5":0,"1EUR":0,"5xtaux":0,"1+g":0,"1ere":0,"67\u20ac":0,"1+rd":0,"5ans":0,"5min08s":0,"1an":0}