{"J":0.0026195559208519897,"'":0.0019950876913831968,"ai":0.0018993500074126345,"questions":0.0035798061888068201,"que":0.0015165115536016716,"le":0.0012838708496625384,"au":0.0050916924841873873,".":0.0052143478344170869,"sur":0.0022844838931241609,"l":0.0024099980937925957,"du":0.0015452586073652823,"avoir":0.0032599088776166713,"r\u00e9ponse":0.0028909399442897847,",":0.001188472878733941,"la":0.001609317556849405,"de":0.0021695166974296182,"bien":0.0027833481405473369,"pour":0.0011749482277612013,"d":0.003549845112753238,"des":0.0020230210164323211,"vous":0.0015058328196246038,"2\u00e8me":0,"un":0.0018695458253712987,"fait":0.0033698478266711331,"!":0.0029611192466924593,"m":0.0026998433851825165,"\u00e9clairer":0.0039463849141375806,"question":0.0019824637253494375,"?":0.0015301965102088393,"Bonjour":0.00061745598799739217,":":0.0047329408489303112,"-":0.0009923435416946502,"on":0.0018993500074126345,"1":0.0069027839291927245,"\/":0.0075266883159224975,"2":0.0033268745855550724,"cours":0.0031476594549329443,"je":0.0028768572761333844,"valeur":0.0030937233635736066,"pas":0.0020518502068473453,"ce":0.0019209027160837946,"il":0.0018029811780795684,"Si":0.0037187995734235648,"\u00eatre":0.0035511907046499478,"Dans":0.0028097298643950841,"suis":0.0034585475258529191,"compris":0.0034859106544258768,"cette":0.0030411479684430624,"bonne":0.0039236073283492644,"1+r":0,"dit":0.003878785636242985,"actualisation":0.0039694141910505132,"calcul":0.0053203835535989546,"soit":0.0039578677440386982,"ne":0.0033719934281339248,"01":0,"s":0.0063392843455473682,"agit":0.0081323949360775066,"VAN":0.0033015096271751601,"se":0.00365809251389682,"faire":0.0034859106544258768,"10":0.01163672990244558,"donc":0.010371566165812413,"Il":0.0040520816766004587,"doit":0.0038025949143889563,"Pour":0.0035606856110718399,"2e":0,"s\u00fbr":0.0043915007524307969,"02":0,"1+7":0,"Question":0.0043081245002170396,"1+3":0,"1+TAP":0,"1+6":0,"1\u00b0":0,"2\u00b0":0,"1=1":0,"Le":0.0038457908306860451,"entreprise":0.0040520816766004587,"10i\u00e8me":0,"1mais":0,"1+TEG":0,"quelques":0.0041889990292148307,"Pouvez":0.0035894326648354506,"avant":0.0079651194921112334,"COC":0.0040281259145178551,"logique":0.0042945470687779522,"1+TRI":0,"1er":0,"1+2":0,"Cash":0.0043915007524307969,"1\u00e8re":0,"10+1":0,"1+TAE":0,"[":0.011988698909227023,"]":0.011988698909227023,"1min45":0,"Flows":0.004434473993546858,"imp\u00f4ts":0.0085421582573915016,"CMPC":0.012317158967477225,"https":0.0040763160002973853,"edxuploads":0.0041256467850989123,"s3":0.0041256467850989123,"amazonaws":0.0041256467850989123,"com":0.0040763160002973853,"png":0.0041889990292148307,"1+n":0,"1+0":0,"modifie":0.004420050902386348,"1+5":0,"1=5":0,"1+TAEG":0,"1=9":0,"1+r2":0,"1+2r+r":0,"1+1":0,"+10":0,"1x":0,"1\u00e8res":0,"1+taux":0,"1X4X":0,"1X08":0,"2X3":0,"1=r":0,"2min54":0,"1+rn":0,"2i\u00e8meann\u00e9e":0,"1+4":0,"ajust\u00e9e":0.004434473993546858,"emprunter":0.0043915007524307969,"VANA":0.004448997594864116,"retombe":0.0044057269397832473,"14924597798350127":0.014792202809514401,"2eme":0,"1+i":0,"1+R":0,"1+":0,"1\u20ac":0,"1+x":0,"1+9":0,"1=":0,"1\u2212":0,"1+F3":0,"1+tri":0,"1+A2":0,"1+12":0,"1+41":0,"10^7":0,"2\u20ac":0,"2^2x4":0,"2x0":0,"1x4":0,"+2x0":0,"1+11":0,"02+":0,"1USD":0,"1^3":0,"2=":0,"1=16":0,"1+15":0,"1+TMEG":0,"10\u00e8me":0,"1\u00b2=4":0,"2x":0,"2M":0,"1M":0,"1EUR":0,"10H":0,"1+g":0,"10min15":0,"1ere":0,"1+rd":0,"10^1":0,"10^2":0,"1an":0}