{"J":0.0025355043692878352,"'":0.00088150191574908206,"questions":0.0034649438710860694,"que":0.0014678524858449773,"le":0.0018545612301088699,"en":0.0017490974677264021,"les":0.0057523477174623956,".":0.0012270204065637756,"sur":0.00221118352407613,"l":0.0023330773616240964,"avoir":0.0031553108436749772,",":0.00046770687286117215,"la":0.0020668227786655616,"et":0.001254967895972651,"premier":0.0040175751166836322,"Merci":0.0012705693397889537,"de":0.0026126923427956931,"pour":0.0044777872038133147,"vous":0.0057388051417765042,"2\u00e8me":0,"exemple":0.0033214340153704938,"un":0.0018095592352428327,"m":0.0026132157153173877,"?":0.0014816105480929993,"(":0.0017097734811556725,")":0.0016712014335181586,"me":0.0052721914599765142,"Bonjour":0.00059764418195780997,"suivante":0.0038988787278798676,":":0.0045818779595663628,"-":0.0028512292126045254,"taux":0.0025121832236470855,"1":0.0044792338418482205,"\/":0.0072877050278706661,"3":0.0033829673107921478,"2":0.0032201278776305057,"vos":0.0072407311938209509,"je":0.0013999249694063589,"calculer":0.0029652214734304481,"pas":0.0029639132663617676,"\u00e0":0.0011638112745616829,"n":0.0020116686249131788,"par":0.0023507165408823034,"concernant":0.0039692552824128835,"utilise":0.0039337601150736369,"6":0.0057186582330853294,"avec":0.0027324662193918634,"votre":0.0059572272005576511,";":0.022199906557962105,"1+r":0,"14":0.0082744166865130978,"%":0.0024215047384389581,"calcul":0.005150571054819736,"ne":0.0032643683623600137,"comprends":0.0025296487581215302,"exercice":0.0033563657389700588,"01":0,"En":0.0034099243706989814,"Je":0.0035918372843339722,"VAN":0.00319557678395576,"3000":0.0079066273172166395,"formule":0.0029435691371422672,"10":0.0056626197232023841,"expliquer":0.003446436799713994,"=":0.0031473532135122047,"2e":0,"ann\u00e9e":0.0068564026844369569,"003":0,"02":0,"lecon":0.0041831211873509418,"CF":0.013497746171408635,"1+7":0,"arrive":0.0033563657389700588,"1+3":0,"1+TAP":0,"06":0,"1+6":0,"Pourriez":0.010203380433490221,"SVP":0.0081920884446932372,"15":0.006426023132321163,"1\u00b0":0,"2\u00b0":0,"1=1":0,"3\u00b0":0,"donner":0.0081412881938518495,"valeurs":0.0079683866009395889,"10i\u00e8me":0,"1mais":0,"1+TEG":0,"retrouver":0.0041567514441368577,"1+TRI":0,"3h":0,"1er":0,"1+2":0,"Flow":0.0084836015633890823,"1\u00e8re":0,"BFR":0.0040670808313605583,"10+1":0,"1+TAE":0,"6min15":0,"1min45":0,"3ieme":0,"3\u00e8me":0,"1+n":0,"1+0":0,"1+5":0,"1=5":0,"1+TAEG":0,"1=9":0,"1+r2":0,"1+2r+r":0,"3+":0,"3+1":0,"1+1":0,"+10":0,"830":0.010122810240705032,"36":0.0096726724322988983,"1x":0,"1\u00e8res":0,"1+taux":0,"1X4X":0,"1X08":0,"2X3":0,"1=r":0,"06^":0,"2min54":0,"1+rn":0,"RN":0.0042233336145302315,"Delta":0.0043062462423249818,"2i\u00e8meann\u00e9e":0,"3M":0,"1+4":0,"retombe":0.0042643639774165819,"Plusieurs":0.0043062462423249818,"annoncez":0.0043062462423249818,"+Amo":0.0043062462423249818,"Inves":0.0043062462423249818,"facon":0.0043062462423249818,"Casf":0.0085669228863195033,"actualisant":0.0042782283387293443,"600":0.011521065986490834,"681":0.012101394554574048,"119":0.012101394554574048,"16244":0.012919321732276634,"sommants":0.0043062462423249818,"8521":0.012919321732276634,"actualises":0.0043062462423249818,"2eme":0,"0014^2+1":0,"1+i":0,"1+R":0,"1+":0,"3=":0,"1\u20ac":0,"1+x":0,"06=":0,"1+9":0,"1=":0,"1\u2212":0,"1+F3":0,"1+tri":0,"1+A2":0,"1+12":0,"1+41":0,"10^7":0,"2\u20ac":0,"2^2x4":0,"3^2x24":0,"2x0":0,"1x4":0,"+2x0":0,"3x0":0,"15x4":0,"1+11":0,"02+":0,"1USD":0,"1^3":0,"15ans":0,"2=":0,"1=16":0,"3eme":0,"1+15":0,"1+TMEG":0,"10\u00e8me":0,"15\u20ac":0,"1\u00b2=4":0,"14=12":0,"2x":0,"2M":0,"1M":0,"1EUR":0,"3e":0,"10H":0,"3+2":0,"1+g":0,"10min15":0,"1ere":0,"15h":0,"1+rd":0,"10^1":0,"10^2":0,"14\u00e8me":0,"1an":0}