{"'":0.0013509575724858691,"le":0.0073112513168602459,"vous":0.01705679299538632,"*":0.072091042487697446,"m":0.015768912447251888,"\u00e9clairer":0.023049558554295264,"je":0.016382821180243916,"pas":0.0060250211550616573,"ne":0.009901469255132269,"comprends":0.015264644841718725,"raisonnement":0.021962557328690496,"remercie":0.022590156109264112,"graphique":0.024848210393698431,"pourriez":0.024096569193443402,"invers\u00e9":0.025732426836767949}