{"J":0.0024566789658339904,"'":0.0012690295730114856,"ai":0.0017812535227152715,"que":0.001422218936240818,"le":0.0017974886587176116,"les":0.0014155367319594241,"au":0.0047767193802131375,".":0.0011892598793753414,"du":0.0028834935187949905,"une":0.0037580651078942132,"autre":0.0036066698807753613,"r\u00e9ponse":0.0053945705611038895,",":0.00089732433447289276,"la":0.0015102664876573036,"et":0.0024194337520761699,"Merci":0.001231069056516683,"de":0.0020366510463812279,"pour":0.0021924845352880203,"nous":0.0060677349746664526,"d":0.0033313574983057019,"des":0.0037750108373217476,"*":0.0062882253631961933,"un":0.0017533024847045911,"dans":0.006481434694979033,"est":0.0026160779127375783,"question":0.0055207784120578562,"?":0.000483598238497114,"(":0.011251235807875157,"+":0.0034875745989842088,")":0.010997410837289624,"me":0.0025677292008100799,"Bonjour":0.00057906423221080984,"ma":0.0035166750300586183,":":0.0022315240105827004,"-":0.0018517393511066737,"\/":0.0047330218558748541,"trouver":0.0031200184547473214,"je":0.0013564031944667391,"pas":0.0038109547017984987,"ce":0.0070964925475651749,"cas":0.0032350247332719228,"qui":0.0048209134779552904,"mais":0.0026918688737513513,"\u00e0":0.0011276299552263017,"n":0.0038782657187699634,"exercices":0.0037888687078388352,"avance":0.0022163919903671358,"pourquoi":0.0028313011493541437,"co\u00fbt":0.0075612918099367404,"cette":0.0028520575516604815,"votre":0.0029013639498593068,"m\u00eame":0.0030114047995780085,"%":0.0023462234294083372,"le\u00e7on":0.0037334955187169052,"calcul":0.0025084960966813455,"permet":0.0039285383148545292,"ne":0.001589853864349176,"comprends":0.0024510053977034787,"Je":0.0017493419102013797,"ci":0.0037444453672352764,"depuis":0.0040530736042020789,"formule":0.0028520575516604815,"Pourquoi":0.0035561620871673119,"10":0.0054865765304972971,"d\u00e9j\u00e0":0.0038228616141800439,"\u00e9t\u00e9":0.0036480374111315622,"Ensuite":0.0040402568838595427,"avait":0.0040530736042020789,"75":0.0070383894990179666,"10i\u00e8me":0,"avant":0.0037554569053664965,"correspond":0.0038926741370936559,"semaine":0.0041051978358197325,"propres":0.007914014252031823,"10+1":0,"pr\u00e9c\u00e9dente":0.0041051978358197325,"CMPC":0.0077454227076240402,"Vd":0.0041317906657451376,"Vd+Vcp":0.0082748460087591347,"Vcp":0.0041452240028059424,"beta":0.0040920358813778188,"capitaux":0.0079387066445097323,"habitude":0.0041452240028059424,"Nous":0.0041317906657451376,"droite":0.004078961967423681,"MEDAF":0.0041051978358197325,"+10":0,"rcp":0.0081682903364182144,"imp\u00f4t":0.004078961967423681,"ayant":0.004078961967423681,"type":0.0039406407860210031,"nouveau":0.0040275236606590204,"75+0":0,"utilisons":0.0041317906657451376,"appliquons":0.0082748460087591347,"rd":0.0041317906657451376,"pos\u00e9":0.0041452240028059424,"commentaire":0.0041587503048765651,"pos\u00e9e":0.0041723708676522052,"r\u00e9\u00e9crire":0.0041723708676522052,"0075":0,"10^7":0,"10\u00e8me":0,"10H":0,"10min15":0,"10^1":0,"10^2":0}