{"'":0.0010556477339936157,"a":0.0036313859392979745,"que":0.0023460895939005221,"le":0.00099855033566142917,"syst\u00e8me":0.0067937855088642234,"en":0.0027956074655474945,".":0.0025774813392609969,"l":0.0037173220652149202,"du":0.0023905621622300746,",":0.001108540449810627,"\u00e9tait":0.0062686938536864701,"et":0.0020058331132135434,"de":0.0041255742543261833,"nous":0.0099763696375839185,"d":0.0018506532055198803,"un":0.0028922443721624488,"est":0.0021688610814876337,"?":0.0015820773520135898,"Bonjour":0.00095522323235312464,"utilis\u00e9":0.0061051777407137697,"je":0.0022375200741477177,"ou":0.0045262000002067584,"pas":0.0015958581140096222,"ce":0.0058934432686280425,"Est":0.0050816386081784428,"qui":0.0079263868721517593,"contre":0.0066021919172763021,"avec":0.0043673397870833382,"march\u00e9":0.0060524646850824678,"parle":0.0064409478148869078,"ne":0.0026226198455991875,"comprends":0.0040431737418327226,"chose":0.0062501104588097477,"rentes":0.0066021919172763021,"vrai":0.0067502144392362949,"Ce":0.0063441174119366018,"\u00e9conomique":0.0067719263737104516,"mot":0.0068602664226160024,"grande":0.0067719263737104516,"Defois":0.0068827348765064158,"nos":0.0067937855088642234,"politiques":0.0068827348765064158,"\u00e9conomiques":0.0068602664226160024,"europe":0.0068827348765064158,"niche":0.0068827348765064158,"fiscal":0.0068379534610014427,"Derni\u00e8rement":0.0068827348765064158,"MACRON":0.0068827348765064158,"RENTE":0.013649788043951361,"discutant":0.0068827348765064158,"interlocuteur":0.0068827348765064158,"UBERISATION":0.013649788043951361,"TAXIMAN":0.0068827348765064158,"pourrons":0.0068827348765064158,"r\u00e9ellement":0.0067937855088642234,"appeler":0.0068827348765064158,"TAXI":0.0068827348765064158,"PRIVEE":0.0068827348765064158}