{"'":0.00070964684575985048,".":0.0013102236604495385,"du":0.0047409449013810449,"une":0.012155149934946052,",":0.00074520335550691834,"la":0.0032731985302426746,"et":0.0039779531448117141,"de":0.004911275885882453,"d":0.0036702015189385997,"vous":0.0046199842502115951,"trouv\u00e9":0.012249842410024603,"?":0.0015820773520135898,"-":0.0059892973663123981,"4":0.012657728614153024,"prix":0.011253912251153238,"o\u00f9":0.010338892659220689,"%":0.015099496385624217,"ces":0.010895263346080222,"A":0.011799113975884148,"viennent":0.013430033454566359,"20":0.022123794444344584,"variation":0.026250812566365068,"avez":0.01190034399293867,"04":0,"croissance":0.012734768452018813,"chiffres":0.013386974509406636,"33":0.030050662103683522,"20\u00e8me":0,"27\u20ac":0,"i\u00e8mes":0.013649788043951361,"minutes":0.01360522877517489,"27":0.032940758576667596,"04\u20ac":0,"27+":0,"4\u00e8me":0,"4ans":0,"4e":0,"4min25":0}