{"'":0.0016755001532082865,"le":0.0023845666875172136,"en":0.0066759903788959091,"au":0.0094569327468306975,"une":0.0074402044907190754,"autre":0.014207708563762307,",":0.00089732433447289276,"de":0.0020366510463812279,"d":0.0086654696544200775,"?":0.0019050323599449377,"Bonjour":0.0022811003288111557,"cas":0.012743691584273693,"il":0.0066608487699612341,"Est":0.012135097961823974,"quizz":0.014008743857952427,"possible":0.013891787092726912,"mani\u00e8re":0.01533436147519881,"se":0.013514284740092124,"final":0.01533436147519881,"repasser":0.016382511922172792,"module":0.016276310160318951,"echec":0.016382511922172792,"prochain":0.0160682027442355,"r\u00e9inscrire":0.016436167231027709}