{"'":0.0022054671219619024,"ai":0.0092935836682495714,"le":0.0061545051575720476,",":0.001188472878733941,"la":0.0026536077645197705,"de":0.0026974689519492934,"vous":0.0073680907915657763,"m":0.013210424773443452,"je":0.007076952502775566,"pas":0.0050474684917930666,"n":0.010169461664700084,"merci":0.015830633965462856,"compris":0.017056678442896035,"calcul":0.01308792828122988,"expliquer":0.017422554828589499,"pourriez":0.020186928914272397,"variance":0.021349952352146494,"d\u00e9tail":0.020947358872617221}