{"'":0.0018619001128244419,"le":0.0013429044799240712,".":0.0017570251280947613,"l":0.0025208121499239785,"apr\u00e8s":0.0076734636394023984,"r\u00e9ponse":0.011894202860699775,",":0.00099932634457002055,"la":0.0022312836874032018,"et":0.0026975528198388454,"de":0.0022681643271609542,"pour":0.0048340930081979469,"d":0.0024888584898750108,"vous":0.0091906605948352989,"m":0.0056171057796168735,"\u00e9clairer":0.0082105731137795158,"question":0.0041245757108197296,"?":0.0010728475340876431,"Bonjour":0.0012846358488326653,"-":0.0020646007372170862,"1":0.004839662531816594,"je":0.0030091379715001328,"calculer":0.006373741968036222,"pas":0.0021461962748298953,"il":0.0037511568454355122,"Dans":0.005845727921506387,"sont":0.0069040008334429904,"avance":0.0049169961595118081,"votre":0.0064365849817211813,"donn\u00e9es":0.0085835328554327382,"explication":0.0081631836579764624,"1+r":0,"ne":0.0035270409653009997,"comprends":0.0054374786499090466,"01":0,"s":0.0066307708048560527,"Je":0.0038808601959928724,"formule":0.0063272002827885589,"1+7":0,"1+3":0,"1+TAP":0,"1+6":0,"Pourriez":0.0073883596141494125,"quelle":0.0082826427847019577,"1\u00b0":0,"1=1":0,"quelles":0.0091072527244687486,"1mais":0,"1+TEG":0,"remercie":0.0080469275778057049,"plait":0.0084304784233154208,"utilis\u00e9es":0.0091960495213379585,"1+TRI":0,"1er":0,"1+2":0,"1\u00e8re":0,"1+TAE":0,"1min45":0,"imp\u00f4ts":0.0089349350015125294,"CMPC":0.0086357755602383072,"1+n":0,"1+0":0,"1+5":0,"1=5":0,"1+TAEG":0,"1=9":0,"1+r2":0,"1+2r+r":0,"1+1":0,"1x":0,"1\u00e8res":0,"1+taux":0,"1X4X":0,"1X08":0,"1=r":0,"1+rn":0,"1+4":0,"1+i":0,"1+R":0,"1+":0,"1\u20ac":0,"1+x":0,"1+9":0,"1=":0,"1\u2212":0,"1+F3":0,"1+tri":0,"1+A2":0,"1+12":0,"1+41":0,"1x4":0,"1+11":0,"1USD":0,"1^3":0,"1=16":0,"1+15":0,"1+TMEG":0,"1\u00b2=4":0,"1M":0,"1EUR":0,"1+g":0,"1ere":0,"1+rd":0,"1an":0}