{"'":0.0012952116616584191,"le":0.0012298090483283293,"l":0.0045694319637279686,",":0.00046278327697723214,"la":0.003036831704709407,"et":0.002470372923596907,"Merci":0.002501083975645726,"de":0.0030870271579987447,"pour":0.0022386454792294539,"d":0.0022792542110144209,"*":0.0064206187341913816,"est":0.0026711572640090056,"!":0.0056418623888632047,"?":0.0019447319049992081,"(":0.0066618929526991192,"+":0.014024860005253898,")":0.0065116023702566769,"Bonjour":0.0011764476284945313,":":0.0045336440832402973,"-":0.00374246553883858,"on":0.0036188584374229143,"1":0.004432080510164178,"\/":0.0048326717065562035,"appliquer":0.0081058495303484041,"valeur":0.0058945148885812832,"actions":0.0081567594486588839,"pas":0.0019654499912187301,"ce":0.0036599231181397639,"D":0.0069698154142861573,"peut":0.0064041076117057295,"pertinent":0.0084490660301943799,"1+r":0,"r":0.022098441611802778,"exercice":0.0066069220335024815,"01":0,"En":0.0067123508608634254,"actifs":0.0078606531812534658,"formule":0.0057943422445049042,"directement":0.0082605802443736047,"Ne":0.0083135266185960718,"=":0.0061954861033558309,"1+7":0,"1+3":0,"1+TAP":0,"1+6":0,"1\u00b0":0,"1=1":0,"nombre":0.0079084961604374126,"1mais":0,"1+TEG":0,"resolution":0.0083942938620013199,"1+TRI":0,"1er":0,"1+2":0,"consid\u00e9rer":0.0081824612810189497,"1\u00e8re":0,"action":0.0080059469219219588,"1+TAE":0,"1min45":0,"levier":0.016508557252943711,"quoi":0.0079084961604374126,"1+n":0,"1+0":0,"1+5":0,"1=5":0,"1+TAEG":0,"1=9":0,"1+r2":0,"1+2r+r":0,"1+1":0,"1x":0,"1\u00e8res":0,"1+taux":0,"1X4X":0,"1X08":0,"1=r":0,"1+rn":0,"1+4":0,"Danone":0.008476738053235738,"CP":0.0083402669165254135,"1+i":0,"1+R":0,"1+":0,"1\u20ac":0,"1+x":0,"1+9":0,"1=":0,"1\u2212":0,"1+F3":0,"1+tri":0,"1+A2":0,"1+12":0,"1+41":0,"1x4":0,"1+11":0,"1USD":0,"1^3":0,"1=16":0,"1+15":0,"1+TMEG":0,"1\u00b2=4":0,"1M":0,"1EUR":0,"1+g":0,"1ere":0,"1+rd":0,"1an":0}