{"'":0.00070964684575985048,"a":0.0036313859392979745,"que":0.0023460895939005221,"le":0.00099855033566142917,"en":0.0027956074655474945,".":0.0019490464115251471,"l":0.0018744131515506745,",":0.0018176791643612733,"la":0.0032731985302426746,"seule":0.0067072243345336459,"et":0.0039779531448117141,"de":0.0033273008644868593,"pour":0.0018176807186043036,"vous":0.0023295692669698569,"5":0.010181002434946929,"comme":0.0051599633525598529,"question":0.0030669318049582257,"(":0.0027327553761352778,")":0.0026711051214601878,"Bonjour":0.00095522323235312464,":":0.0036811176720830509,"-":0.0015351857038048756,"on":0.0029383523501569646,"respectivement":0.0067502144392362949,"vos":0.0058172617847071359,"valeur":0.0047860843344378458,"actions":0.006622926458737001,"pas":0.0015958581140096222,"r\u00e9f\u00e9rence":0.0066859423425095548,"\u00e0":0.0018601361831952039,"n":0.0032152786964612075,"6":0.0091402131352400617,"y":0.0049551827892750332,"votre":0.0047860843344378458,"soit":0.0061229420285463035,"obtient":0.0065205619854344123,"En":0.0054501308266541714,"25":0.010402423243628644,"ces":0.0054938002538448463,"12":0.0092794092871743093,"Il":0.0062686938536864701,"texte":0.0068157938542864494,"06":0,"suivant":0.0065205619854344123,"09":0,"9":0.010910652075272835,"appliquant":0.0067286477361797126,"dette":0.0064409478148869078,"Pouvez":0.0055529617317963235,"expliciter":0.0067937855088642234,"millions":0.0067719263737104516,"9+":0,"6min15":0,"05":0,"06^":0,"multiples":0.0067937855088642234,"5i\u00e8me":0,"soci\u00e9t\u00e9":0.0066859423425095548,"12^3+2":0,"12^4+189":0,"12^4":0,"5eme":0,"0005+1":0,"sch\u00e9matiquement":0.0068827348765064158,"issu":0.0068827348765064158,"EBITDA":0.0068157938542864494,"retranchant":0.0068379534610014427,"valorisation":0.0068602664226160024,"raision":0.0068827348765064158,"BIOSMILE":0.0068827348765064158,"25\u20ac":0,"06=":0,"5e":0,"0025^t":0,"12\u20ac":0,"9=":0,"9=850":0,"5=>":0,"5^2x18":0,"5x0":0,"5^2":0,"5\u00e8me":0,"25=":0,"12=":0,"5+5":0,"025":0,"12^5":0,"5xtaux":0,"5ans":0,"5min08s":0}