{"'":0.0010556477339936157,"que":0.0023460895939005221,"le":0.0029458563942061718,"en":0.01352332500859197,"les":0.0091099131907184296,"au":0.0039601422841763932,".":0.0013102236604495385,"sur":0.0035341662095241147,"du":0.0047409449013810449,"une":0.0031156263024594375,",":0.0014659693613796828,"la":0.0016638809733932817,"et":0.0020058331132135434,"Merci":0.0020307691237052118,"de":0.0041255742543261833,"nous":0.0050304595957404588,"d":0.0054596732725823984,"un":0.0028922443721624488,"dans":0.0053826545181509776,"fait":0.0052132572946147326,"!":0.0045809417240934864,"?":0.00079774271461014444,"taux":0.0040152583286167838,"int\u00e9r\u00eat":0.011472806996632839,"cours":0.0096572055790662709,"vos":0.0058172617847071359,"\u00e0":0.0018601361831952039,"Dans":0.004346737735609933,"sont":0.0051336431240672281,"suis":0.0053504784326524014,"exercices":0.0062501104588097477,"Bonsoir":0.0060350834565453069,"doivent":0.0067286477361797126,"calcul":0.012207681103686138,"avons":0.0065815898658028978,"Je":0.0028857110161572114,"emprunt":0.0064409478148869078,"VAN":0.01012922701689665,"Mais":0.0062501104588097477,"A":0.0059495556276918764,"compte":0.011315692723964044,"elles":0.013344203586102003,"m\u00eames":0.0065205619854344123,"financi\u00e8res":0.0067937855088642234,"lumi\u00e8res":0.0068157938542864494,"dette":0.0064409478148869078,"Cash":0.0067937855088642234,"Flow":0.0068157938542864494,"dehors":0.0068602664226160024,"application":0.0067719263737104516,"charges":0.013386974509406636,"ajust\u00e9e":0.0068602664226160024,"actualis\u00e9es":0.0068827348765064158,"train":0.0068602664226160024,"pr\u00e9parer":0.0068602664226160024,"\u00e9conomies":0.0067719263737104516,"fiscales":0.0068157938542864494,"prises":0.01360522877517489}