{"'":0.0010049566842521035,"ai":0.0027950116107462769,"que":0.0022316410264591612,"en":0.0052759108983973946,"les":0.0022211558044996256,".":0.0024546595309033123,"j":0.0033240360423554853,"l":0.0035374196471566846,"du":0.0022739441031593278,"r\u00e9ponse":0.0084403255984114162,",":0.0010553095496984796,"la":0.0038665487934301892,"de":0.0023952290337830341,"vous":0.0043963968603048832,"5":0.0048832101896932826,"?":0.0022404372250926135,"(":0.0051572955249576113,")":0.0050409482714401793,"Bonjour":0.0009086248710570568,"\/":0.0037324956928595898,"je":0.004222680290441632,"pas":0.0044819211245828196,"Si":0.0054724447548855828,"\u00e0":0.0035104759456996734,"trouve":0.0054423766274195014,"suis":0.0050894676880776863,"6":0.0086943289276818353,"avec":0.0041542891928260496,"m\u00eame":0.0093749408329273955,"co\u00fbts":0.0064004061821378603,"explication":0.0057738320983210393,"ne":0.0073655516017072792,"exercice":0.0051028312143884995,"En":0.0051842587699772857,"effet":0.0059101622951692094,"Je":0.0027449382627604156,"VAN":0.0096390159452080949,"formule":0.0044752382913220345,"fonction":0.012155450001960728,"Cordialement":0.005412600428129727,"mon":0.005282073306685421,"La":0.0054875900915205373,"donne":0.0059806694103825492,"06":0,"peux":0.0062801192185738828,"donn\u00e9e":0.0062605221906441707,"convaincu":0.0065256041546549928,"int\u00e9gr\u00e9":0.0064833010779548252,"fichier":0.006299842273272566,"Excel":0.012267787518285257,"voulez":0.0064833010779548252,"6min15":0,"05":0,"infini":0.0064004061821378603,"faisant":0.0064004061821378603,"envoyer":0.0065043796793875872,"Excell":0.0065256041546549928,"06^":0,"5i\u00e8me":0,"5eme":0,"0005+1":0,"chap":0.0065469765368663599,"d\u00e9chets":0.0065256041546549928,"VA=100000":0.0065469765368663599,"r=2000000":0.0065469765368663599,"EN":0.0065469765368663599,"tra\u00e7ant":0.0065469765368663599,"courbe":0.0065043796793875872,"06=":0,"5e":0,"5=>":0,"5^2x18":0,"5x0":0,"5^2":0,"5\u00e8me":0,"5+5":0,"5xtaux":0,"5ans":0,"5min08s":0}