{"'":0.0019486224622170675,"alors":0.007870137231821667,"que":0.0033072178416114462,"le":0.0027821340026603033,".":0.0018407239079718876,"l":0.0052224393480460032,"une":0.0043920125310119166,"la":0.0011827027258614741,"de":0.0012022514875986126,"pour":0.0025623344132083316,"dans":0.0075620530745979441,"est":0.0060428222257383202,"m":0.011637120301285621,"(":0.0076139292946735913,")":0.0074421610185249265,"-":0.0042772929860610456,"quiz":0.01463803461804585,"je":0.0031541703818233923,"qui":0.0056341526286031278,"pourquoi":0.0065838876403017466,"calcule":0.0085319926588774114,"n\u00e9gatif":0.0093655749959641633,"ci":0.0087073067373102074,"VA":0.0081099812720806241,"67":0.018876217018003339,"expliquer":0.0077651653581790187,"rente":0.0087073067373102074,"exposant":0.0092778858432954504,"celui":0.0090519968689234901,"croissante":0.00942498865372428,">":0.0094549892913427646,"instant":0.009546197972763331,"\u00e9tablir":0.0096080367511308176,"positif":0.0093069279874589909,"pourriez":0.008997236205329882,"voudrais":0.0090796266202549224,"\u00e9chappe":0.009546197972763331,"67=13":0,"n\u00b09":0.0097024016652403032,"pr\u00e9c\u00e8dent":0.0097024016652403032,"n\u00b08":0.0097024016652403032,"coh\u00e9rence":0.0097024016652403032,"67\u20ac":0}