{"'":0.0014958202762020503,"que":0.0033475537417313717,"le":0.00071674239318891223,"en":0.0078829261470563915,"les":0.0049677500851958434,".":0.0040719623046361186,"l":0.0039877303384096598,"du":0.0017159047311207348,"une":0.0022363433995822714,",":0.00053615813481634224,"la":0.0029397880979545018,"et":0.0028620535894638105,"Merci":0.0014576514270304563,"de":0.0041353500988724496,"pour":0.0013047002056664708,"d":0.0026406327699043178,"\u2019":0.0042344220375241529,"vous":0.0016721250715932339,"un":0.0041268430221955274,"est":0.0015567714781348952,"m":0.0029979927086887835,"question":0.002201391320124973,"?":0.0011382713670334635,"(":0.001961525181395743,")":0.0019172736804964313,"me":0.0030403283341220622,"Bonjour":0.00068564293770220666,":":0.0078314135856748287,"-":0.0064174563501640551,"on":0.0021090991813534844,"t":0.0038505661641878484,"3":0.007715124638616574,"je":0.0016060537315733577,"valeur":0.0068290974750679773,"pas":0.0011454797249329917,"ce":0.0021330320004952375,"\u00e9nonc\u00e9":0.0044336230401499947,"\u00e0":0.0039573567253113279,"ann\u00e9es":0.0044597734086261574,"avance":0.0026243263369472459,"concernant":0.0045536992318879329,"probl\u00e8me":0.0089980764385651085,"explication":0.0043568994508004638,"%":0.002778053685864053,"comprends":0.0029021211253013172,"s":0.0035390116023951384,"cet":0.0045400456053454868,"ci":0.0044336230401499947,"flux":0.0040400223258968502,"VA":0.0041294743492853048,"Pourquoi":0.0083703313166155549,"10":0.0064963992611594126,"compl\u00e9ment":0.0048764633194079898,"partir":0.0045400456053454868,"Au":0.0046232024429584866,"Q9":0.0097886758425629189,"ann\u00e9e":0.0039538995330296875,"003":0,"compr\u00e9hension":0.0046373571230848704,"Pourriez":0.0039433560843323513,"3\u00b0":0,"09":0,"entreprise":0.0044995614886892245,"arr\u00eate":0.0049403096578044163,"9":0.0078314798968072575,"tableau":0.0045264720591845853,"10i\u00e8me":0,"dessous":0.0047688028387049214,"3h":0,"croissance":0.0046091338100513963,"terminale":0.0095399388684288596,"del\u00e0":0.0049081663218371206,"horizon":0.0048764633194079898,"10+1":0,"9+":0,"T4":0.0097252194797270534,"3ieme":0,"3\u00e8me":0,"prochaines":0.0048764633194079898,"3+":0,"3+1":0,"+10":0,"Sophie":0.0047389407084287198,"T3":0.0049241821849695068,"3M":0,"actualis\u00e9":0.0048297085375872345,"direction":0.0049403096578044163,"estime":0.0049241821849695068,"conna\u00eetront":0.0049403096578044163,"annuelle":0.0048297085375872345,"posent":0.0049403096578044163,"T2":0.0049403096578044163,"Q10":0.0049241821849695068,"apporter":0.0048764633194079898,"3=":0,"9=":0,"9=850":0,"10^7":0,"3^2x24":0,"3x0":0,"3eme":0,"10\u00e8me":0,"3e":0,"10H":0,"3+2":0,"10min15":0,"10^1":0,"10^2":0}