{"'":0.0013087121955957402,"le":0.0036520498888264795,"les":0.0043368109855029821,"une":0.0057865082426930021,",":0.00069788063812942019,"Merci":0.0037716533154346869,"d":0.0067684898718684723,"comme":0.0095833606386015319,"!":0.008507970620494,"?":0.0029176257702365192,"Bonjour":0.0017740918104523448,"-":0.0056147142298989478,"projet":0.010341045711717843,"pas":0.0058366145798660904,"il":0.010201330135646005,"peut":0.0096574421096174388,"\u00eatre":0.010203380433490221,"pourquoi":0.0086743195358764021,"c":0.0096823410056445011,"consid\u00e9r\u00e9":0.012261944867715025,"permet":0.012035949146474616,"ne":0.0095918434689727539,"uniquement":0.012457016705351593,"projets":0.011999098717153222,"DRA":0.012339212725155832,"s\u00e9lection":0.012699813849305864,"permettre":0.012658657839417926,"pouvant":0.012741254678136853,"op\u00e9rer":0.012782984295560743,"parmi":0.012699813849305864,"ecarter":0.012782984295560743}