{"'":0.0011740970876509399,"correctement":0.0075702626838765807,"que":0.0051795920279966391,"les":0.012540734243904486,"au":0.0044127559396196217,".":0.00073617266779450697,"avoir":0.0056195747012907672,",":0.0012329246506711977,"la":0.0018522873012130113,"et":0.0022350843351224719,"Merci":0.0022628703388848119,"de":0.0018829035518805365,"afin":0.0069438611116602062,"d":0.0040857896539068161,"des":0.0034873728533277777,"dans":0.0030243410007447153,"non":0.0061380669001577732,"question":0.0034174584061825897,"?":0.00088891854119739413,"me":0.0047198312848851873,"Bonjour":0.0010643978649634682,"suivante":0.0069438611116602062,":":0.0041018409709239886,"-":0.0017106455644163791,"serait":0.0068626664157806798,"vid\u00e9os":0.0068426512532707064,"je":0.0024932513250005449,"il":0.0031080584751334798,"qu":0.0047309028264003287,"sont":0.0057203788556113551,"quizz":0.025431378646103207,"plus":0.005268127338006026,"possible":0.0064821298455258356,"avance":0.0040740262845488026,"ils":0.0070059844873691223,"vu":0.0070269333069473529,"certificatif":0.0066673622265135193,"r\u00e9soudre":0.0069438611116602062,"final":0.0071552581044456547,"pouvoir":0.0071335498065053472,"donn\u00e9":0.0071552581044456547,"\u00e9tant":0.0071119718895190712,"solutions":0.0075702626838765807,"souvent":0.0074738082363447426,"certificatifs":0.014950757187893701,"formatifs":0.0075702626838765807,"posais":0.0076443418522442689,"Suite":0.0076443418522442689,"nettement":0.0076443418522442689,"difficiles":0.007669378276757388,"reprennent":0.007669378276757388,"mati\u00e8re":0.0075702626838765807}