{"'":0.0021488159990370017,"ai":0.0045839897024608839,"le":0.003075119054106588,"en":0.004361299907925581,".":0.0020345695632709715,"j":0.005451622072044973,"l":0.0029241866056011119,"avoir":0.0078676329626639376,",":0.0017137033389948322,"de":0.0051215207081102112,"d":0.0056992409211579446,"vous":0.0036342549355555414,"?":0.0012445220835379895,"Bonjour":0.0014902002683320856,"ma":0.0090500324176856824,"-":0.0023949733112268814,"acheter":0.020524807262462749,"il":0.0043514081774249803,"avec":0.0068132879333100693,"encore":0.0097216877564968874,"Je":0.0045018663543315201,"part":0.010017652137620748,"Aurait":0.010667579825633553,"effectu\u00e9":0.010530702173008284,"fruit":0.010702389261019027,"dernier":0.0099270200758979788,"moyen":0.010203967635358573,"jours":0.01043043420155986,"quelques":0.0101099472654319,"remercie":0.0093345780803108513,"raison":0.01043043420155986,"certificat":0.010203967635358573,"Apr\u00e8s":0.010530702173008284,"r\u00e9ussite":0.010598675414709186,"test":0.010364682371959935,"absence":0.010667579825633553,"oubli\u00e9":0.010702389261019027}