{"'":0.0023282391873592706,"le":0.0016932713747447228,"les":0.0078077291421165471,".":0.0011203073249515226,",":0.0012564215997091716,"de":0.0014462178538491074,"pour":0.0030822950224130312,"d":0.0031382074449062937,"vous":0.011523183501034524,"m":0.0070826217111705269,"?":0.001352755945112926,"Bonjour":0.0016198003225979488,"-":0.0026032598601534239,"taux":0.0068087924536609414,"pas":0.0027061438628596234,"il":0.0047298423704065671,"utiliser":0.0099197296940252803,"\u00e0":0.0062197109154185784,"n":0.005452243301223284,"par":0.0063711678724687869,"avance":0.0061998518666806666,"s":0.0083607542935522881,"Je":0.0096489109066769559,"obtenir":0.01008883766500261,"formules":0.010888869441926633,"arrive":0.0090967878059661205,"rendement":0.010822996494215928,"pouvez":0.010382854119508475,"aider":0.010567165567481284,"remercie":0.010146389654543928,"plait":0.010630009805619347,"retrouver":0.011266080275583921,"actionnaires":0.011301698567822715,"exig\u00e9":0.011446538522042801}