{"'":0.0010737008417484185,"le":0.0015173261448197524,".":0.0010038979101257739,"l":0.0056243353356944404,"du":0.0071730841357368806,"r\u00e9ponse":0.0067958990475089649,",":0.00057097739400877034,"la":0.0025174640208379256,"de":0.0012959435761330266,"pour":0.0027620184769615898,"Quiz":0.010032221763327912,"un":0.0043948490590441716,"dans":0.0041242085491318562,"5":0.0078007193549854787,"question":0.0046602916706846792,"?":0.0012121931508997737,"Bonjour":0.0014514893569472105,"actif":0.0086227865750762769,"prix":0.0086227865750762769,"ce":0.0045155766602402647,"D":0.0085992887814895173,"\u00e0":0.0082684305476344432,"Dans":0.0066049938349345451,"avec":0.0066362992486138795,"t0":0.010000916349648578,"portefeuille":0.020061735982957078,"n\u00e9gatif":0.019935269929834114,"A":0.0090405220263400261,"constituer":0.010390468254728133,"La":0.0087661903903914363,"consiste":0.0104243734459008,"cash":0.0097278207352949932,"flow":0.010000916349648578,"correspond":0.0097574237291142996,"05":0,"quoi":0.0097574237291142996,"5i\u00e8me":0,"5eme":0,"0005+1":0,"signe":0.010356796090765251,"constitution":0.0104243734459008,"attente":0.010390468254728133,"5e":0,"5=>":0,"5^2x18":0,"5x0":0,"5^2":0,"5\u00e8me":0,"5+5":0,"5xtaux":0,"5ans":0,"5min08s":0}