{"'":0.0003245425807224187,"que":0.0062870335345722754,"le":0.0026759078010419753,".":0.0050851494580473012,"r\u00e9ponse":0.0040563200579351233,",":0.0010069574481814442,"la":0.0029754435939841587,"et":0.0018192361275525825,"premier":0.0058239878652532684,"de":0.0051785281671586055,"vous":0.00211285602186415,"*":0.035920071576016885,"un":0.0026231870522462554,"dans":0.0024616477884678279,"an":0.0056022167828217026,"est":0.0095439929074802813,"question":0.0027816238068685516,"?":0.00072353096444077844,"Bonjour":0.00086636151468766451,":":0.0033386736985794268,"valeur":0.004340848435178778,"ce":0.0026952466556710011,"il":0.0025297892234562992,"Si":0.0052179019944409181,"\u00e0":0.0081854604201692348,"par":0.0034076636307051157,"votre":0.004340848435178778,"cet":0.0057366897128407939,"hypoth\u00e8ses":0.006201837975865882,"se":0.010187080813532803,"ces":0.0049827275427415203,"Pourquoi":0.0053205185209773088,"total":0.0058776457181123724,"souhaitez":0.006201837975865882,"compl\u00e9ment":0.0061617788434890569,"revenus":0.0061419532019006164,"12000\u20ac":0.015515565666376237,"partir":0.0057366897128407939,"67":0.024104212624750453,"ans":0.021220189845674892,"\u00e2ge":0.0061817398147363724,"donc":0.0049040428602777596,"12000":0,"18+1":0,"18":0.010275975530988432,"rente":0.0056022167828217026,"Cordialement":0.0051608412389793712,"versements":0.0061817398147363724,"versement":0.012229481044492927,"La":0.0052323428679030863,"nombre":0.011559056404098638,"Cela":0.011959483769468001,"dernier":0.0057712968733496847,"19":0.015064787314003861,"85":0.026771289903739445,"fera":0.012349153217464409,"estim\u00e9e":0.0061617788434890569,"Avec":0.0060832702105683076,"jusqu":0.00595075629944715,"esp\u00e9rance":0.0061617788434890569,"18X3XX":0,"vers\u00e9e":0.006201837975865882,"laisse":0.012308987695494997,"penser":0.012308987695494997,"67=13":0,"formul\u00e9e":0.0062424535028471236,"sorte":0.0061419532019006164,"vie":0.006201837975865882,"67\u20ac":0}