{"'":0.0005896890553256063,"a":0.0059843648727261854,"que":0.0038662528270737686,"le":0.0032460446249950501,"les":0.0038480874866077567,".":0.0010887451374048775,"la":0.001382620672855876,"de":0.0014054738560907538,"2\u00e8me":0,"un":0.0094019840193748008,"dans":0.0044727775187303406,"Quelqu":0.011159837866022947,"?":0.0013146450304615909,"me":0.0069802827320187364,"2":0.0084816619043712582,"pas":0.0026299042291220917,"ce":0.0048972231955335,"cas":0.0087943024818144516,"il":0.00906722905290166,"o\u00f9":0.0085912195365296824,"peut":0.0085691265445702984,"qui":0.006586520626016011,"y":0.0081659240625378288,"termes":0.011124057549593348,"calcul":0.0068192595938376434,"ne":0.0043219625621925706,"Je":0.0047555252805954028,"emprunt":0.010614399707105565,"VAN":0.0084169955048228762,"2e":0,"02":0,"d\u00e9tailler":0.010948683316147879,"2\u00b0":0,"comprend":0.010582099565623369,"reste":0.010812435930233821,"repr\u00e9sente":0.011053211741200124,"identique":0.011232129551402096,"gros":0.011232129551402096,"2X3":0,"2min54":0,"2i\u00e8meann\u00e9e":0,"2eme":0,"totale":0.011232129551402096,"2\u20ac":0,"2^2x4":0,"2x0":0,"+2x0":0,"02+":0,"2=":0,"2x":0,"2M":0}