{"'":0.0011964729071457885,"ai":0.004982651095038689,"le":0.0016932713747447228,".":0.0022090524623564083,"l":0.003178497889005713,",":0.0012564215997091716,"la":0.0014227021680408394,"Merci":0.0034436353412346898,"de":0.002851691709939872,"des":0.0053070828670194123,"dans":0.0046024411452766575,"(":0.009137475307276318,")":0.0089313362270277228,"Bonjour":0.0016198003225979488,"1":0.006102341716078684,"\/":0.0066538985669144946,"je":0.003794229050517925,"pas":0.0027061438628596234,"\u00eatre":0.0093159997810615073,"qui":0.0067774606285345759,"n":0.005452243301223284,"i":0.011520423275102457,"compris":0.0091447476619345852,"votre":0.0081159049385824463,"1+r":0,"correction":0.011057110055319555,"calcul":0.0070169465848840366,"exercice":0.0090967878059661205,"01":0,"1+7":0,"1+3":0,"1+TAP":0,"1+6":0,"1\u00b0":0,"1=1":0,"valeurs":0.01085583376122469,"1mais":0,"futures":0.011557743478178914,"1+TEG":0,"retour":0.011091388465546533,"1+TRI":0,"1er":0,"1+2":0,"1\u00e8re":0,"1+TAE":0,"1min45":0,"devrait":0.011057110055319555,"1+n":0,"1+0":0,"1+5":0,"1=5":0,"1+TAEG":0,"1=9":0,"1+r2":0,"1+2r+r":0,"1+1":0,"1x":0,"1\u00e8res":0,"1+taux":0,"1X4X":0,"1X08":0,"1=r":0,"1+rn":0,"1+4":0,"FV=a":0.011671257351914821,"1+i":0.0068403048666726375,"^n\u22121":0.011671257351914821,"1+R":0,"1+":0,"1\u20ac":0,"1+x":0,"1+9":0,"1=":0,"1\u2212":0,"1+F3":0,"1+tri":0,"1+A2":0,"1+12":0,"1+41":0,"1x4":0,"1+11":0,"1USD":0,"1^3":0,"1=16":0,"1+15":0,"1+TMEG":0,"1\u00b2=4":0,"1M":0,"1EUR":0,"1+g":0,"1ere":0,"1+rd":0,"1an":0}