{"'":0.00052996696875361171,"ai":0.0043518635001135123,"le":0.0014789086674914713,"en":0.0041404503749562505,".":0.0037735214664080313,"sur":0.0052342970133384169,"du":0.0035405557192641499,",":0.0010992987453516266,"la":0.0036372035717700951,"\u00e9tait":0.00928428477060852,"pour":0.0026920863911135797,"un":0.004283575016437397,"dans":0.0040197869065111804,"?":0.0011815013955041517,"(":0.0040473629296046794,")":0.0039560554684423405,"Bonjour":0.0014147388141234824,"on":0.0043518635001135123,"je":0.0065459508133679867,"pas":0.0046687441333460563,"n":0.0047620068440990797,"vid\u00e9o":0.0075453290746689463,"utilise":0.0093119673683000944,"compris":0.007987052034879134,"%":0.0057321678106712747,"calcul":0.00612862372711768,"vu":0.009339811381467493,"utilisant":0.0096872543768624416,"Pourquoi":0.008688225336975065,"derni\u00e8re":0.0094528399654419479,"diff\u00e9rent":0.0098089229898429085,"car":0.0079660619583199511,"TAEG":0.018672252455270408,"quelle":0.0091214769085616616,"09":0,"m\u00e9thode":0.018615938554913489,"76":0.027272580781715131,"9":0.016159283459072277,"utilis\u00e9e":0.0097173821407022971,"tombe":0.0099974435790460541,"9+":0,"9=":0,"9=850":0}