{"'":0.0016755001532082865,"ai":0.004709593965788658,"que":0.0037603146518637308,"le":0.0031582703452608229,"j":0.0056010000198036779,"l":0.003004311197554775,"du":0.0038315953270478334,"une":0.0049937288266097687,",":0.00060226763948024694,"la":0.0013447358480290204,"et":0.0032149512381879418,"pour":0.0029133803996011305,"d":0.0029662287332621194,"des":0.0050162463655828021,"dans":0.0043502201202237859,"est":0.0034762526221412391,"question":0.0049156812392989521,"?":0.0012786227883048475,":":0.0059000989363560226,"-":0.0024605971188643287,"taux":0.006435659901211672,"int\u00e9r\u00eat":0.0092722346685815103,"inflation":0.010386966316734633,"cours":0.0078048795206018332,"je":0.0035862993214459656,"calculer":0.0075962440777165834,"temps":0.0093499469152466767,"ce":0.0047630356728505224,"\u00e0":0.0029814280589777796,"m\u00eame":0.0079620860768995789,"chose":0.010017683039527422,"flux":0.009021322911654181,"bonjour":0.010168357474186275,"d\u00e9bute":0.010995641603679334,"propos":0.010784683046788679,"mon\u00e9taires":0.01092436092849523}