{"'":0.0013867703735981379,"que":0.0018672791332347868,"le":0.0031161399632166184,"r\u00e9ponses":0.0049745333130030477,"en":0.0022250554704747426,"les":0.0018585058422169922,"au":0.0031519218494930465,".":0.0015565014856514382,"l":0.0029637074203052267,"du":0.0037798106639621702,"une":0.0024797620673418508,"et":0.0015964651677381047,"Merci":0.0016163120193580392,"de":0.0020093060073397059,"bien":0.0068082642821177715,"pour":0.0014467125575925231,"d":0.0043600755270348833,"\u2019":0.0046953250326985368,"un":0.0090257225395792284,"dans":0.0042914261547744572,"est":0.0067682864341656723,"!":0.0036460231161687903,"question":0.0024410055683045757,"?":0.0024894868737037291,"\u00e9gal":0.0051897887293054241,"(":0.002175030784569838,"+":0.0045789541317007177,")":0.0021259626524692157,"me":0.0033712581335356637,"Bonjour":0.00076027292989634394,":":0.002929843017902218,"-":0.0012218715933986421,"on":0.0023386677319588082,"taux":0.012530271628373384,"inflation":0.0051579102432925969,"actif":0.0045165134569722697,"sans":0.004236287858468829,"risque":0.0084598492172958395,"savoir":0.0043842685707030102,"risqu\u00e9":0.0052547589115064892,"vos":0.0046300241778440675,"ou":0.0036024535615376547,"ce":0.0046986624349351289,"cas":0.0084377323766753106,"il":0.0022200088904349644,"pratique":0.0052878714370348922,"utiliser":0.0046559454600925481,"\u00eatre":0.004372577502084701,"qu":0.0033791662603585926,"\u00e0":0.0058048597957160563,"utilise":0.0050042005234605304,"utilis\u00e9s":0.0054424041796845299,"peu":0.0047759448080998508,"Ou":0.005238361506685235,"actualisation":0.0097094648219414863,"seconde":0.0053725717040031089,"calcul":0.0032934889965076778,"prime":0.0049893240463016325,"Je":0.0022967699012966985,"VA":0.0045789541317007177,"donc":0.0043035279966986573,"semble":0.0049162084132116975,"VF":0.0049306658324270499,"quel":0.0048451184066759471,"Et":0.0050042005234605304,"Peut":0.0052878714370348922,"\u00e9l\u00e9ment":0.00540725040908772,"COC":0.0049598273408190093,"quoi":0.0051108229566189205,"voulais":0.0054247670991027942,"th\u00e9orique":0.0053725717040031089,"excessif":0.0054780462126855509,"constitue":0.0054780462126855509}