{"'":0.0019577414243060511,"que":0.0026649943993626566,"le":0.0011342836432751534,".":0.0029182080745222736,"j":0.0039695171988356924,"l":0.0062674486115732097,"du":0.002715512139960314,",":0.0012564215997091716,"la":0.0018879169130327522,"et":0.0022784867324196971,"bien":0.0048912302635733384,"pour":0.0020647587148862122,"d":0.0021022131638516409,"exemple":0.0060303083137945648,"*":0.0059218972407129112,"un":0.003285388193801397,"dans":0.0030830697241373459,"(":0.0061493079953364154,")":0.006010581196992615,":":0.0041814933261718375,"-":0.003454509615157799,"on":0.0033377636458901765,"taux":0.0045610538427765237,"1":0.0040878187025793246,"\/":0.0044572939819530945,"trouver":0.0058463795523545385,"valeur":0.01076975528842802,"\u00e0":0.0021129851661058265,"merci":0.0056855263187476392,"trouve":0.006499209800918497,"surtout":0.0074298666506287638,"1+r":0,"%":0.004396420367987511,"01":0,"bonjour":0.0072064755820348434,"solveur":0.0072500770270590778,"88":0.01660054649861294,"aimerais":0.0068357965300532859,"1+7":0,"38":0.016076442788934612,"1+3":0,"1+TAP":0,"suivant":0.0074069043301065746,"1+6":0,"aide":0.0067968336293291968,"15":0.011666918728520933,"1\u00b0":0,"^":0.0072282114210610957,"1=1":0,"m\u00e9thode":0.0072282114210610957,"cible":0.0075707485627578,"utilis\u00e9e":0.0074529738447937496,"1mais":0,"outil":0.0077674389435291209,"TEG":0.0076432752520718475,"775=55":0.01660054649861294,"1+TEG":0.0045715933554490058,"775":0,"apprendre":0.0077927849140711639,"1+TRI":0,"1er":0,"1+2":0,"1\u00e8re":0,"1+TAE":0,"Avec":0.0076189397597059552,"1min45":0,"1+n":0,"1+0":0,"1+5":0,"1=5":0,"1+TAEG":0,"1=9":0,"1+r2":0,"1+2r+r":0,"1+1":0,"1x":0,"1\u00e8res":0,"1+taux":0,"1X4X":0,"1X08":0,"1=r":0,"1+rn":0,"1+4":0,"1+i":0,"TEG=0":0.0078183075130102524,"1+R":0,"1+":0,"1\u20ac":0,"1+x":0,"1+9":0,"1=":0,"1\u2212":0,"1+F3":0,"1+tri":0,"1+A2":0,"1+12":0,"1+41":0,"1x4":0,"15x4":0,"1+11":0,"1USD":0,"1^3":0,"15ans":0,"1=16":0,"1+15":0,"1+TMEG":0,"15\u20ac":0,"1\u00b2=4":0,"1M":0,"1EUR":0,"38xCF=60":0,"1+g":0,"1ere":0,"15h":0,"1+rd":0,"1an":0}