{".":0.0055305465945027828,",":0.001628996514586725,"Merci":0.0044834415493730023,"veut":0.014307379278104618,"dire":0.012392636986381898,"5":0,"?":0.0017612208057738415,"(":0.0060332555063092866,")":0.0058971468221101619,":":0.0081270075098621216,"on":0.0064871633410277735,"1":0.022988203435080779,"peut":0.011479999245352984,"x":0.01422003747915911,"1+r":0,"157":0.042702034003390628,"01":0,"Comment":0.012292612849157863,"expliquer":0.012161396833086228,"=":0.011106024461724491,"1+7":0,"1+3":0,"1+TAP":0,"1+6":0,"1\u00b0":0,"^":0.014048504665584301,"1=1":0,"Le":0.013135163712175794,"1mais":0,"ca":0.029077231386670409,"1+TEG":0,"1+TRI":0,"1er":0,"1+2":0,"1\u00e8re":0,"1+TAE":0,"^3":0.014760925476563897,"1min45":0,"05":0.011509597073054809,"quoi":0.014176765204218162,"625":0,"1+n":0,"1+0":0,"1+5":0,"1=5":0,"1+TAEG":0,"1=9":0,"1+r2":0,"1+2r+r":0,"1+1":0,"1x":0,"1\u00e8res":0,"1+taux":0,"1X4X":0,"1X08":0,"1=r":0,"1+rn":0,"1+4":0,"000\u20ac":0.014902822546775517,"signe":0.015047605856107593,"1+i":0,"1+R":0,"1+":0,"1\u20ac":0,"1+x":0,"1+9":0,"1=":0,"1\u2212":0,"1+F3":0,"1+tri":0,"1+A2":0,"1+12":0,"1+41":0,"1x4":0,"1+11":0,"1USD":0,"1^3":0,"1=16":0,"1+15":0,"1+TMEG":0,"1\u00b2=4":0,"1M":0,"1EUR":0,"1+g":0,"1ere":0,"1+rd":0,"1an":0}