{"ai":0.0027502895012926016,"a":0.0067444046975594467,"que":0.0021959332340969065,"le":0.00093464029408696554,"tout":0.0054754242094742457,"les":0.0021856157829052334,"au":0.0037066819938097002,".":0.0046903418410044828,"du":0.002237559432454551,"r\u00e9sultat":0.0054298134944230983,"une":0.0086122966355800246,",":0.00035170980298158716,"la":0.00078529336323087675,"de":0.0031192045357553893,"dans":0.0025404238267406122,"(":0.0050754198270786593,")":0.004960919668134718,"me":0.003964622987740328,":":0.0034455157449078057,"-":0.0014369294831110011,"3":0.0050609788240100319,"cours":0.0090439431629789502,"valeur":0.0044797614202402346,"temps":0.0054601439158969822,"pas":0.0029639132663617676,"qui":0.0074230367959562593,"suis":0.0050080327022150048,"y":0.0092030311952226752,"avec":0.0040878177065290103,"calcule":0.0056650898519496218,"Je":0.005359497243890371,"faire":0.0050476549545344926,"formule":0.0044036313985541201,"Il":0.011642554380363775,"003":0,"lecon":0.0062580231502424822,"La":0.0053997848731928899,"3\u00b0":0,"ici":0.0058327914125078399,"calculatrice":0.0063795637985408016,"comprend":0.0060103633057702818,"bloqu\u00e9":0.0062382338889444338,"parce":0.0061411885002653809,"3h":0,"expliqu\u00e9":0.0063181816512623392,"voulu":0.0063589640493812646,"98131":0.019327533405078746,"3ieme":0,"3\u00e8me":0,"3+":0,"3+1":0,"micromaster":0.0064003051278431781,"3M":0,"3=":0,"n``":0.0064422204062847752,"apr\u00e9s":0.0064422204062847752,"journ\u00e9es":0.0064422204062847752,"pass\u00e9es":0.0064422204062847752,"mains":0.0064422204062847752,"actuale":0.0064422204062847752,"veleur":0.0064422204062847752,"folrmule":0.0064422204062847752,"m`":0.0064422204062847752,"echape":0.0064422204062847752,"n`a":0.0064422204062847752,"\u00e9t":0.0064422204062847752,"debut":0.0064422204062847752,"domage":0.0064422204062847752,"j`ai":0.012782984295560743,"d\u00e9ja":0.0064003051278431781,"accompli":0.0064422204062847752,"3^2x24":0,"3x0":0,"3eme":0,"3e":0,"3+2":0}