{"'":0.0016426131438604078,"ai":0.0034726317789101225,"que":0.0027726781233414995,"les":0.0054646515870459267,".":0.00078079214148592485,"j":0.004129912430612134,"avoir":0.0059601774926065576,",":0.00087937301152179483,"la":0.00099154459472033051,"de":0.001995907048622873,"bien":0.00508886891142399,"pour":0.0021481888742853807,"afin":0.0073647289891879122,"d":0.0043310005768901006,"exemple":0.0062739733872090812,"5":0.0060670913933337433,"question":0.0036245907843826773,"?":0.00094279595229660948,"(":0.0032296511896021964,")":0.0031567910938580007,"Bonjour":0.0011289110893884149,"-":0.0018143279043020585,"serait":0.0072786130774643732,"je":0.002644367451377853,"ou":0.0053491971300110948,"pas":0.0018860323545082491,"il":0.0032964381032145888,"\u00e0":0.0021983639989666933,"n":0.0037999115316403259,"merci":0.0059152598772605151,"par":0.0044403510502142663,"plus":0.0055874288815765272,"possible":0.0068750121607213917,"comprendre":0.0066159486475051675,"se":0.0066881871505379362,"erreur":0.0070916862144572773,"mon":0.0065626545352457802,"arrive":0.0063399571470004277,"m\u00eames":0.0077061931547328637,"amortissement":0.007658857553322327,"tableaux":0.0080812957949422202,"retrouver":0.007851833821497279,"interm\u00e9diaires":0.0080812957949422202,"r\u00e9sultats":0.015212765899405043,"\u00e9nonc\u00e9s":0.0079521150540373831,"05":0,"5i\u00e8me":0,"5eme":0,"0005+1":0,"d\u00e9tails":0.0080551069158302496,"complets":0.0081342197972589757,"situe":0.0080812957949422202,"Julien":0.0081342197972589757,"5e":0,"5=>":0,"5^2x18":0,"5x0":0,"5^2":0,"5\u00e8me":0,"5+5":0,"5xtaux":0,"5ans":0,"5min08s":0}