{"'":0.0012197184144143996,"ai":0.0034038622534016964,"le":0.0011567461592882026,".":0.00076532989022830755,"j":0.0040481265873881563,"l":0.0021713679686856569,",":0.00086212593826981844,"la":0.00097190875203943372,"et":0.0023236082018298679,"de":0.00098797332364175192,"pour":0.00417040638728424,"vous":0.005344860871964334,"dans":0.0031441245612218497,"5":0.0059469430381669987,"fait":0.011961067363200868,"m":0.0048384420738955018,"(":0.0093150014738977941,")":0.0091048574492332869,":":0.0084457938596541916,"taux":0.0092124314291661923,"comment":0.0047824439164234657,"1":0.0041687708467890387,"\/":0.013375244883933331,"trouver":0.0059621569375718185,"je":0.002592000282475697,"valeur":0.010980980583733511,"pas":0.0018486827135527147,"ce":0.0034424872836583695,"moi":0.0067201424388201609,"merci":0.0057981182852585239,"trouve":0.0066279153544992284,"cette":0.0054501006851780812,"1+r":0.013314017997754644,"%":0.0044834838317882129,"calcul":0.0047935765837999649,"exercice":0.0062144051528642075,"01":0,"bonjour":0.0073491873050847345,"expliquer":0.0063811742440606925,"=":0.0058274126090727702,"meme":0.0078196204518685853,"1+7":0,"1+3":0,"1+TAP":0,"1+6":0,"1\u00b0":0,"1=1":0,"1mais":0,"avez":0.0069512475134741476,"pouvez":0.0070929721037785772,"1+TEG":0,"r\u00e9el":0.007672166811017741,"1+TRI":0,"1er":0,"1+2":0,"1\u00e8re":0,"1+TAE":0,"^3":0.0077451660168912926,"2000":0.023920485962655294,"1min45":0,"05":0,"1+n":0,"1+0":0,"97":0.015713836478953858,"^2":0.0078196204518685853,"+15000":0.020498133537136805,"1+5":0,"1=5":0,"1+TAEG":0,"1=9":0,"1+r2":0,"1+2r+r":0,"1+1":0,"1x":0,"1\u00e8res":0,"1+taux":0,"1X4X":0,"1X08":0,"1=r":0,"1+rn":0,"5i\u00e8me":0,"1+4":0,"5eme":0,"0005+1":0,"1+i":0,"1+R":0,"1+":0,"53000":0.026509395630854832,"1\u20ac":0,"97\u20ac":0,"1+x":0,"5e":0,"1+9":0,"1=":0,"1\u2212":0,"1+F3":0,"1+tri":0,"1+A2":0,"1+12":0,"1+41":0,"5=>":0,"5^2x18":0,"5x0":0,"1x4":0,"5^2":0,"1+11":0,"1USD":0,"1^3":0,"5\u00e8me":0,"1=16":0,"1+15":0,"1+TMEG":0,"1\u00b2=4":0,"5+5":0,"1M":0,"1EUR":0,"5xtaux":0,"1+g":0,"1ere":0,"1+rd":0,"5ans":0,"5min08s":0,"1an":0}