{"'":0.00099697780969610576,"a":0.0051190646765779209,".":0.0018407239079718876,"r\u00e9ponse":0.0063045798365830782,",":0.00052969776923510084,"la":0.0023375745532588843,"et":0.0055885980993005333,"de":0.0012022514875986126,"d":0.0026088148192819111,"\"":0.029962032480254662,"un":0.0040771171803430841,"5":0.0072367552273031217,"question":0.004323369239918942,"-":0.0021641089764901753,"actif":0.0079993899256511052,"fonds":0.017675808758230306,"balanced":0.0094851892702080588,"je":0.0031541703818233923,"pas":0.0022496372010065721,"il":0.0039319525829346778,"D":0.0079775909385537934,"\u00e0":0.0026221827115571975,"Dans":0.0061274763885357641,"merci":0.0070556523814123261,"y":0.0069851846117651864,"aurait":0.0090519968689234901,"Les":0.0090519968689234901,"%":0.0054558913458540598,"ne":0.0036970349161770596,"comprends":0.0056995505928198031,"s":0.0069503562413622943,"25":0.014664009352739583,"entre":0.0081549824327446317,"r\u00e9alit\u00e9":0.009395184743012883,"\u00e9t\u00e9":0.0084831203589863097,"quelle":0.0086818440371167916,"05":0,"utile":0.0096392745379917499,"5i\u00e8me":0,"5eme":0,"0005+1":0,"recouvre":0.0097024016652403032,"d\u00e9finitions":0.0096707285050280974,"diff\u00e9rences":0.0096707285050280974,"risqu\u00e9s":0.0096707285050280974,"25\u20ac":0,"5e":0,"0025^t":0,"5=>":0,"5^2x18":0,"5x0":0,"5^2":0,"5\u00e8me":0,"25=":0,"5+5":0,"025":0,"5xtaux":0,"5ans":0,"5min08s":0}