{"'":0.0013509575724858691,"le":0.00191537723994597,".":0.0024942780853752402,",":0.0007207660058727699,"la":0.0046778034310702788,"et":0.0038475046825099078,"pour":0.0034865986756663398,"vous":0.0044684817514743479,"2\u00e8me":0,"m":0.0080116469380275192,"?":0.0015301965102088393,"Bonjour":0.001832269013364138,":":0.013897734174404163,"-":0.002944728624231611,"2":0.0098723299035962438,"cours":0.0093405181843027891,"pas":0.0030611078886998971,"\u00e0":0.003568034961534571,"n":0.0061674123129763277,"Je":0.0055352494551491023,"Comment":0.010680156185677667,"12":0.017799372464307375,"titres":0.025242183939480019,"video":0.012468934538503167,"2e":0,"N":0.012317158967477225,"02":0,"arrive":0.010290010555923058,"2\u00b0":0,"pouvez":0.011744769776896487,"aider":0.01195325729860979,"diversification":0.025816088471893033,"2X3":0,"2min54":0,"2i\u00e8meann\u00e9e":0,"12^3+2":0,"12^4+189":0,"12^4":0,"2eme":0,"visionner":0.013159074406740303,"principalement":0.013202172449634623,"12\u20ac":0,"2\u20ac":0,"2^2x4":0,"2x0":0,"+2x0":0,"02+":0,"2=":0,"12=":0,"2x":0,"2M":0,"12^5":0}