{"'":0.00054373387299480765,"les":0.01367120750074103,".":0.0029366954685619137,"Quand":0.0099388993117911564,"j":0.0053100053622513518,"du":0.003632528416472736,"une":0.0047342843694288123,",":0.0011274980997411383,"la":0.0012748713691481119,"et":0.0030479214879118974,"de":0.0049932660809699275,"nous":0.007643928996348975,"sauf":0.010257146270957546,"cours":0.014611422316798269,"vid\u00e9os":0.018426004441121087,"je":0.0033999765327949335,"pas":0.0047885073650670816,"ce":0.0045155766602402647,"\u00e0":0.0028265307845675674,"avec":0.0066362992486138795,"celle":0.0099081827185645739,"14":0.02009595026270667,"On":0.009787206681447877,"ne":0.0078693928590365149,"arrive":0.0081515545456798469,"reprendre":0.01032335377271601,"Bruno":0.010191821562222998,"peux":0.010032221763327912,"meilleure":0.010356796090765251,"devrait":0.0099081827185645739,"fonctionnent":0.0104243734459008,"regarder":0.01032335377271601,"option":0.01032335377271601,"possibilit\u00e9":0.010191821562222998,"0014^2+1":0,"visionner":0.0104243734459008,"Toutes":0.0104243734459008,"t\u00e9l\u00e9charger":0.020584810142351449,"accorder":0.0104585149120884,"14=12":0,"14\u00e8me":0}