{"J":0.0083190079047256449,"'":0.0031196987580099297,"ai":0.0089701791952076209,"le":0.0020498163606741046,"les":0.0024177281110195157,"au":0.0041003315061767893,".":0.0020168695874622188,"j":0.003618213258774693,"l":0.0019407674647462293,"avoir":0.0052217071404594322,",":0.00038906137311078739,"la":0.00086869149396267555,"et":0.0041175586101260689,"de":0.00088304999899291108,"bien":0.0044583543299855167,"pour":0.0018820267010212595,"d":0.0037990065028578176,"des":0.0032404658177216427,"dans":0.0028102167580663306,"m":0.0043245967945081476,"?":0.00082598284400260105,"Bonjour":0.00098903817943605198,"-":0.006195986011644658,"comment":0.00427454567296874,"1":0.0037260450297275293,"quiz":0.0054397991898482712,"cours":0.0099961232659828043,"je":0.0045931638010883787,"pas":0.003275965121222081,"D":0.0058595158691188238,"mais":0.0045976956304328818,"\u00e0":0.0019259850910435124,"merci":0.0051823548505191093,"suis":0.0055398856193084323,"exercices":0.0064713646612504314,"avance":0.0037855840114664886,"1+r":0,"toujours":0.0061601701750597536,"01":0,"ci":0.0063954898662432064,"faire":0.0055837157535909539,"certificatif":0.0061953109971504506,"puis":0.0066084421637314546,"th\u00e9orie":0.0069668421806113826,"r\u00e9soudre":0.0064522336789626343,"1+7":0,"1+3":0,"1+TAP":0,"celui":0.0066486637017623817,"1+6":0,"beaucoup":0.0062667222178930714,"1\u00b0":0,"1=1":0,"pendant":0.0069446603895454793,"1mais":0,"1+TEG":0,"1+TRI":0,"1er":0,"1+2":0,"1\u00e8re":0,"Que":0.006814578454748128,"1+TAE":0,"1min45":0,"impression":0.0068789858661545914,"jusqu":0.0067933825278407491,"voir":0.0069891723459644325,"1+n":0,"1+0":0,"erreurs":0.0069446603895454793,"1+5":0,"1=5":0,"1+TAEG":0,"1=9":0,"1+r2":0,"1+2r+r":0,"1+1":0,"suivi":0.013856787686561487,"1x":0,"1\u00e8res":0,"1+taux":0,"1X4X":0,"1X08":0,"1=r":0,"1+rn":0,"1+4":0,"1+i":0,"1+R":0,"1+":0,"1\u20ac":0,"retourn\u00e9":0.0070800173332019514,"r\u00e9solutions":0.0070342858334941803,"incomprises":0.0071263840129093771,"am\u00e9liorer":0.0071263840129093771,"1+x":0,"1+9":0,"1=":0,"1\u2212":0,"1+F3":0,"1+tri":0,"1+A2":0,"1+12":0,"1+41":0,"1x4":0,"1+11":0,"1USD":0,"1^3":0,"1=16":0,"1+15":0,"1+TMEG":0,"1\u00b2=4":0,"1M":0,"1EUR":0,"1+g":0,"1ere":0,"1+rd":0,"1an":0}