{"'":0.0011317662802134826,"a":0.0038979241228646578,"que":0.0074203421972043049,"l":0.0020119922150319863,",":0.00040333964170762466,"la":0.0017849162705570875,"et":0.0042673204425241681,"de":0.00091545728982532005,"pour":0.0019510957081260824,"d":0.0019864883252390716,"vous":0.0049560546636355082,"2\u00e8me":0,"dans":0.0057742036731400328,"est":0.0046141551702671146,"5":0.0055104446913589152,"si":0.0052660470235390399,"(":0.016843174005511441,")":0.013836985888318332,"suivante":0.0066890259484731684,":":0.0039513060889060543,"-":0.0048555704300912257,"on":0.0031540229264001326,"1":0.0038627881643979838,"\/":0.0083479536908818743,"2":0.0055245419091516715,"je":0.002401750631358229,"pas":0.0017129916630315442,"mais":0.0047664277063337512,"cela":0.0061078336047434879,"n":0.0034512752437136592,"trouve":0.0061414344723963888,"cette":0.0050500699595178791,"1+r":0.0083097398701337741,"r":0.019309794531560301,"soit":0.0065723566249712524,"exercice":0.0057582754139022304,"01":0,"VAN":0.010866054964108205,"deux":0.0060415949860024368,"fonction":0.0069137035504999722,"2e":0,"02":0,"1+7":0,"8":0,"solution":0.0066693058826800961,"donn\u00e9":0.0068926648098260532,"1+3":0,"1+TAP":0,"1+6":0,"1\u00b0":0,"2\u00b0":0,"^":0.0068303052455392782,"1=1":0,"valeurs":0.0068717531922281617,"1mais":0,"avez":0.012766007880301598,"1+TEG":0,"1+TRI":0,"1er":0,"1+2":0,"1\u00e8re":0,"1+TAE":0,"1min45":0,"05":0,"1+n":0,"1+0":0,"d\u00e9finie":0.0073398488048935272,"1+5":0,"1=5":0,"1+TAEG":0,"1=9":0,"1+r2":0,"1+2r+r":0,"1+1":0,"1x":0,"1\u00e8res":0,"relation":0.0073160627168788054,"1+taux":0,"1X4X":0,"1X08":0,"2X3":0,"1=r":0,"2min54":0,"1+rn":0,"08":0.010823005269723121,"5i\u00e8me":0,"2i\u00e8meann\u00e9e":0,"1+4":0,"annule":0.0073637995038233033,"5eme":0,"2eme":0,"0005+1":0,"pr\u00e9sent\u00e9e":0.0073637995038233033,"1+i":0,"1+R":0,"1+":0,"1\u20ac":0,"=600":0.0073637995038233033,"r+900":0.0073637995038233033,"^6":0.0073637995038233033,"r=0":0.014642711323044665,"r=19":0.0073879171079245754,"contradictoire":0.0073637995038233033,"1+x":0,"5e":0,"1+9":0,"1=":0,"1\u2212":0,"1+F3":0,"1+tri":0,"1+A2":0,"1+12":0,"1+41":0,"5=>":0,"2\u20ac":0,"2^2x4":0,"5^2x18":0,"2x0":0,"5x0":0,"1x4":0,"+2x0":0,"5^2":0,"1+11":0,"02+":0,"1USD":0,"1^3":0,"5\u00e8me":0,"2=":0,"1=16":0,"1+15":0,"1+TMEG":0,"1\u00b2=4":0,"5+5":0,"2x":0,"2M":0,"1M":0,"1EUR":0,"5xtaux":0,"1+g":0,"1ere":0,"1+rd":0,"5ans":0,"5min08s":0,"1an":0}