{"'":0.0010923823040720133,"alors":0.0057805914538859374,"en":0.002894572100525278,"sur":0.0036592758585670192,"du":0.0049073274088900281,"une":0.0032259196192250994,",":0.00077135611734501343,"la":0.0033861555148006054,"et":0.0041175586101260689,"de":0.0017507418256366709,"pour":0.0018820267010212595,"d":0.001916166415515144,"des":0.0032404658177216427,"vous":0.011654661064130508,"un":0.0029946299581522723,"si":0.0050796283677200064,"taux":0.004157398661167099,"comment":0.008474747640332311,"savoir":0.0057034899373807884,"je":0.0023167283893788136,"valeur":0.0049555119436311013,"ou":0.0046864276918183847,"pas":0.0016523515658535012,"il":0.0028880070103600906,"calcul\u00e9":0.0064142975062601217,"qui":0.0082045618247631527,"mais":0.0045976956304328818,"\u00e0":0.0019259850910435124,"n":0.0033290997126333797,"merci":0.0051823548505191093,"avance":0.0037855840114664886,"vid\u00e9o":0.0052749090197825926,"r":0.012532661369993914,"s":0.005105015161340716,"VAN":0.015592246218382431,"faire":0.0055837157535909539,"bonjour":0.0065686994649128937,"fonction":0.0066689576686545576,"chaque":0.0061427375126099646,"explique":0.0070342858334941803,"excel":0.0066084421637314546,"valeurs":0.0066284923577750706,"avez":0.024218328164143807,"ca":0.0069446603895454793,"plait":0.006490605909174582,"correspond":0.0066486637017623817,"COC":0.0064522336789626343,"expliqu\u00e9":0.0069891723459644325,"repr\u00e9sentation":0.0069891723459644325,"graphique":0.006814578454748128,"voudrais":0.0066689576686545576,"graphiquement":0.0071031201747008199,"repr\u00e9senter":0.0071031201747008199,"pr\u00e9senter":0.0070800173332019514,"afficher":0.0071263840129093771,"tutoriel":0.0071263840129093771}