{"'":0.0020606044182457182,"le":0.0019803175158641883,"en":0.0055442277006869959,"les":0.0023350666427012271,".":0.0019490464115251471,"l":0.0018744131515506745,",":0.00037575947029521161,"la":0.0024751356110333678,"\u00e9tait":0.0062686938536864701,"et":0.0039779531448117141,"de":0.00085285875905053527,"vous":0.0023295692669698569,"2\u00e8me":0,"\"":0.025632066029285576,"dans":0.0053826545181509776,"est":0.0021688610814876337,"question":0.0030669318049582257,":":0.0036811176720830509,"on":0.008668530518701402,"4":0.0063825013186625769,"comment":0.0041284001158605069,"1":0.0035986525608334733,"\/":0.0077818783671524177,"3":0.010723210925113674,"2":0.0051467763808629545,"actif":0.011253912251153238,"sans":0.0053225630194364626,"risque":0.0053504784326524014,"fonds":0.0063441174119366018,"indic\u00e9":0.0064606678157208119,"pas":0.004707993840177364,"ce":0.0029716950473581095,"Si":0.0057530962822472153,"peut":0.010312305389343824,"\u00eatre":0.0054938002538448463,"moi":0.0058011002968064275,"qu":0.0042456570409766439,"Dans":0.004346737735609933,"n":0.0063765165296043782,"par":0.003757183823277084,"1+r":0,"ils":0.0062873849789902309,"ne":0.0026226198455991875,"comprends":0.0040431737418327226,"01":0,"s":0.0097780830765266044,"Je":0.0028857110161572114,"flux":0.0056284736160997252,"Pour":0.0055084891634667715,"2e":0,"003":0,"02":0,"1+7":0,"solution":0.006213261942472831,"1+3":0,"1+TAP":0,"1+6":0,"1\u00b0":0,"2\u00b0":0,"1=1":0,"3\u00b0":0,"regarde":0.0067286477361797126,"peuvent":0.0066437952052835836,"1mais":0,"1+TEG":0,"04":0,"1+TRI":0,"3h":0,"1er":0,"1+2":0,"investissant":0.0067719263737104516,"1\u00e8re":0,"expliqu\u00e9e":0.0068602664226160024,"g\u00e9n\u00e9r\u00e9s":0.0067719263737104516,"1+TAE":0,"1min45":0,"3ieme":0,"3\u00e8me":0.0056284736160997252,"apercevoir":0.013517031112129547,"r\u00e9pliqu\u00e9s":0.0068157938542864494,"1+n":0,"1+0":0,"1+5":0,"1=5":0,"1+TAEG":0,"1=9":0,"1+r2":0,"1+2r+r":0,"3+":0,"3+1":0,"1+1":0,"1x":0,"1\u00e8res":0,"1+taux":0,"1X4X":0,"1X08":0,"2X3":0,"1=r":0,"2min54":0,"1+rn":0,"\u00e9vident":0.0067937855088642234,"2i\u00e8meann\u00e9e":0,"3M":0,"1+4":0,"2eme":0,"1+i":0,"1+R":0,"1+":0,"3=":0,"1\u20ac":0,"\u00e9crivez":0.0068602664226160024,"t\u00e9chnique":0.0068827348765064158,"04\u20ac":0,"1+x":0,"1+9":0,"1=":0,"1\u2212":0,"1+F3":0,"1+tri":0,"1+A2":0,"1+12":0,"1+41":0,"2\u20ac":0,"4\u00e8me":0,"2^2x4":0,"3^2x24":0,"2x0":0,"1x4":0,"+2x0":0,"3x0":0,"1+11":0,"02+":0,"1USD":0,"1^3":0,"4ans":0,"4e":0,"2=":0,"1=16":0,"3eme":0,"1+15":0,"1+TMEG":0,"4min25":0,"1\u00b2=4":0,"2x":0,"2M":0,"1M":0,"1EUR":0,"3e":0,"3+2":0,"1+g":0,"1ere":0,"1+rd":0,"1an":0}