{"'":0.00097378381602756321,"le":0.0027174095947395198,"en":0.0038481552939101334,".":0.0017979007495707506,"l":0.0025801307876754786,"du":0.0032906101995278957,",":0.0024724228398768835,"la":0.0033861555148006054,"Merci":0.0027953548738163109,"pour":0.0025020385608984894,"un":0.0039811760517813061,"est":0.0029854385336060703,"fait":0.0071760516825127496,"?":0.0021709408423354372,"+":0.0079191403613484927,"Bonjour":0.0013148653320417944,"-":0.0041777847467879548,"on":0.0079962988182793685,"3":0,"pas":0.004342895892153642,"ce":0.0040905399521595871,"Dans":0.011829014929666724,"sont":0.0070664627306880551,"pourquoi":0.0064289581686692108,"ils":0.008654589061563394,"ne":0.0036100377349578346,"investissement":0.016190850846209279,"ces":0.0075622192282197263,"Or":0.0089755573458538233,"obtenir":0.0081895667640276455,"compte":0.0078540321954285765,"N":0.0088389888152111077,"CF":0.0075420916334130363,"Q4":0.0093819441841546201,"amortissement":0.0089204246238431088,"pris":0.0089204246238431088,"Q3":0.0094124468956197169,"soustrait":0.0092916740813927638,"RN":0.0092916740813927638,"3M":0.015317072822369514,"creation":0.0094740885399735696,"magasin":0.0094124468956197169,"co\u00fbte":0.0094740885399735696}