{"que":0.0076265674789375284,"le":0.001645567189021068,".":0.0010887451374048775,"apr\u00e8s":0.0094029025741732049,"avoir":0.0083109369553796449,",":0.00061923513837903489,"la":0.002727356520884907,"et":0.0033055250595552775,"de":0.0014054738560907538,"vous":0.0075728639083499465,"est":0.0035741880061326363,"comme":0.0085033934557733129,"?":0.0013146450304615909,"si":0.0080848025339782959,"Bonjour":0.0015741660216955916,"-":0.0025299187562359154,"\/":0.0064664396529112364,"savoir":0.0090777487170686701,"ce":0.0048972231955335,"obtenu":0.011053211741200124,"par":0.0061916742720938001,"150":0,"Je":0.0047555252805954028,"100":0.016820617338072354,"suite":0.010880122920887657,"49":0.031874491040033766,"finale":0.011124057549593348,"somme":0.010646897404197867,"avez":0.0098887251443100614,"pay\u00e9":0.011159837866022947,"voudrais":0.010614399707105565,"certificat":0.010778913062498157,"note":0.011159837866022947,"perdez":0.011342445422150607,"automatiquement":0.011342445422150607}