{"'":0.00144419860480164,"le":0.0013745051148154434,".":0.0017979007495707506,",":0.0010225747800866611,"Merci":0.0027953548738163109,"d":0.0025474252082161985,"vous":0.003206653443910724,"dans":0.0037360100626360206,"dire":0.0077266130979589745,"est":0.0029854385336060703,"?":0.00109809330824779,"(":0.0074367965379202386,")":0.0072690243309625844,"Bonjour":0.0013148653320417944,":":0.0050670606055769531,"-":0.0021131840095708608,"on":0.0040446437101695843,"comment":0.011234840833869464,"1":0.0097932098640428657,"\/":0.010678363833371323,"je":0.0090305967843714793,"pas":0.004342895892153642,"il":0.0038394274109634354,"mais":0.0061123531097487943,"\u00e0":0.0025604785324732865,"trouve":0.015570192848982884,"avance":0.0050327007406803792,"c":0.0071760516825127496,"1+r":0.0053765460191716775,"r":0.024640403950032353,"%":0.010532528579872549,"ne":0.0071370787002588473,"comprends":0.011002909644987981,"01":0,"s":0.0067868031737885574,"45":0.037948147738761366,"18+1":0,"18":0.030832868351812384,"=":0.013689664589977694,"1+7":0,"1+3":0,"1+TAP":0,"1+6":0,"1\u00b0":0,"1=1":0,"1mais":0,"1+TEG":0,"plait":0.0086288607167677774,"1+TRI":0,"1er":0,"1+2":0,"1\u00e8re":0,"1+TAE":0,"1min45":0,"1+n":0,"1+0":0,"\u00d7":0.0094431607001928021,"+15000":0,"1+5":0,"1=5":0,"1+TAEG":0,"1=9":0,"1+r2":0,"1+2r+r":0,"1+1":0,"1x":0,"1\u00e8res":0,"1+taux":0,"1X4X":0,"18X3XX":0,"1X08":0,"1=r":0,"^4":0.0093819441841546201,"1+rn":0,"1+4":0,"1+i":0,"1+R":0,"1+":0,"1\u20ac":0,"40000":0.028423548278537207,"1+x":0,"1+9":0,"1=":0,"1\u2212":0,"1+F3":0,"1+tri":0,"1+A2":0,"1+12":0,"1+41":0,"1x4":0,"1+11":0,"045":0,"1USD":0,"1^3":0,"1=16":0,"1+15":0,"1+TMEG":0,"1\u00b2=4":0,"45=4":0,"40000+20000":0,"1M":0,"1EUR":0,"1+g":0,"45=2788":0,"1ere":0,"1+rd":0,"1an":0}