{"'":0.0016755001532082865,"ai":0.0070168692354712903,"que":0.0056025288778660289,"le":0.0023845666875172136,".":0.0015776842192608788,"j":0.0083449836678761713,",":0.00089732433447289276,"non":0.013154429264751789,"?":0.0019050323599449377,"-":0.0036660672554087431,"cours":0.01162856488107037,"je":0.0053432617674996864,"ou":0.010808694720816707,"pas":0.0038109547017984987,"\u00e0":0.0044420582701568002,"n":0.0076781772504103118,"Je":0.0068911602281640809,"Comment":0.013296359655274112,"mon":0.013260631026605624,"arrive":0.012810644229304285,"r\u00e9ussi":0.016017043049952613,"voir":0.016119704646374702,"score":0.016329227933308387,"saurai":0.016436167231027709}