{"'":0.0014958202762020503,"le":0.0021243712810337582,"en":0.0059475301351922328,"sur":0.0075187809064625908,"la":0.0017849162705570875,"de":0.0018144189529563748,"d":0.003937182113463846,"des":0.0066582442701850061,"est":0.0046141551702671146,"!":0.0097457491036817383,"?":0.0016971620278402367,"1":0.0076559727413133723,"pas":0.0033951169259395513,"o\u00f9":0.011090972264290904,"vient":0.013537535207512027,"\u00eatre":0.011687814891447912,"n":0.006840361952066676,"1+r":0,"01":0,"ans":0.012729618600881822,"doit":0.012515246057707938,"principe":0.013915210210500592,"48":0.039175568205048028,"1+7":0,"1+3":0,"1+TAP":0,"1+6":0,"1\u00b0":0,"1=1":0,"nombre":0.013661130678974835,"p\u00e9riode":0.013619684250257412,"52":0.035336960328405373,"1mais":0,"ca":0.014269320476764841,"1+TEG":0,"1+TRI":0,"1er":0,"semaines":0.041873089878886292,"1+2":0,"1\u00e8re":0,"48M":0,"1+TAE":0,"1min45":0,"1+n":0,"1+0":0,"1+5":0,"1=5":0,"1+TAEG":0,"1=9":0,"1+r2":0,"1+2r+r":0,"1+1":0,"1x":0,"1\u00e8res":0,"1+taux":0,"1X4X":0,"1X08":0,"1=r":0,"1+rn":0,"1+4":0,"1+i":0,"totale":0.014500297285365791,"1+R":0,"1+":0,"1\u20ac":0,"1+x":0,"1+9":0,"1=":0,"1\u2212":0,"1+F3":0,"1+tri":0,"1+A2":0,"1+12":0,"1+41":0,"1x4":0,"1+11":0,"1USD":0,"1^3":0,"1=16":0,"1+15":0,"1+TMEG":0,"1\u00b2=4":0,"1M":0,"1EUR":0,"1+g":0,"1ere":0,"52=":0,"1+rd":0,"1an":0}