{"'":0.0010737008417484185,".":0.0010038979101257739,"sur":0.0053702678756774045,"l":0.0028482250513269598,"du":0.0071730841357368806,",":0.0011274980997411383,"la":0.0037293722150567336,"Merci":0.0030858124777951921,"de":0.0012959435761330266,"Quiz":0.010032221763327912,"vous":0.0035398479462736255,"\"":0.013355872979649793,"question":0.0046602916706846792,"(":0.0041525009120949403,")":0.0040588215652332246,"4":0.0096983955383065108,"pas":0.0024249526071268169,"\u00e0":0.0028265307845675674,"ne":0.0039851467848287256,"s":0.0074920011459671809,"Elle":0.010290138183989581,"solution":0.018643418428890952,"SVP":0.010000916349648578,"09":0,"9":0.016579051710875939,"chapitre":0.010127356414097913,"04":0,"Pouvez":0.0084378861194384022,"9+":0,"mettre":0.01022437504126922,"disposition":0.0104243734459008,"the":0.010390468254728133,"affiche":0.01032335377271601,"II":0.0104243734459008,"interface":0.0104585149120884,"web":0.0104585149120884,"Answers":0.0104585149120884,"are":0.010390468254728133,"displayed":0.0104585149120884,"within":0.0104585149120884,"problem":0.0104585149120884,"04\u20ac":0,"9=":0,"9=850":0,"4\u00e8me":0,"4ans":0,"4e":0,"4min25":0}