{"'":0.00076126851716025955,"que":0.0049912009219976834,"le":0.0021243712810337582,",":0.00079941150562315021,"d":0.003937182113463846,"vous":0.0049560546636355082,"\"":0.018606659166632511,"*":0.011090972264290904,"dans":0.0057742036731400328,"?":0.0016971620278402367,"Bonjour":0.0020321948021208782,":":0.0078314135856748287,"pas":0.0033951169259395513,"e":0.014406971177929027,"avance":0.0077783085739730109,"%":0.0082339450317180825,"ne":0.005579506692939675,"comprends":0.0086016717181210886,"En":0.011594910133750729,"Je":0.0061392214184440314,"VF":0.013179574178735267,"=":0.021028566639799493,"21666":0.043930116386732075,"remerciant":0.014089980507612537,"repr\u00e9sente":0.014269320476764841,"20000":0.033613103416733764,"e^8":0.014642711323044665}