{"'":0.0016109929306812431,"a":0.0028136954979365359,"alors":0.0043258233869634651,"que":0.0018178133193382927,"le":0.00077370365774361623,".":0.0048372921948644232,"l":0.0014523457252827142,"r\u00e9sultat":0.004494848540212734,",":0.00057849111608908571,"la":0.0019249442917231531,"pour":0.0027983649933637205,"d":0.0028491269628253,"des":0.0024249564998288786,"vous":0.001805012925690726,"2\u00e8me":0,"*":0.0040393719710987317,"est":0.0033390159579644034,"5":0.01177840412538835,"fait":0.0080259401804348238,"?":0.0024247953888725457,"(":0.0083064031969352168,")":0.012025612479268409,"me":0.0032819506355497435,"Bonjour":0.00074013265274579004,"suivante":0.0048284372921471343,":":0.0056671728563635832,"on":0.0022767144327783028,"taux":0.012204661605866396,"comment":0.0031987954499606334,"1":0.0082565895493683823,"3":0.0083242811647136986,"2":0.0079235911485802876,"valeur":0.0037083868720259824,"pas":0.0036614663971213848,"ce":0.0068181259116173246,"il":0.0021611989649833901,"C":0.0049304189905015929,"qui":0.0030968137516061748,"qu":0.0065362953546758877,"\u00e0":0.0042678143307656241,"cela":0.0044089067344856951,"avance":0.0028328879459399059,"pourquoi":0.0036188358973461869,"1+r":0,"%":0.017424636562138704,"On":0.0099160004861039604,"actualisation":0.0047580606750572295,"vaut":0.0052135372441712317,"ne":0.0060172231809244667,"comprends":0.0062245672440865759,"obtient":0.0050523068076811948,"01":0,"En":0.0042229079548307558,"Je":0.0044426243871800242,"VAN":0.0039574562817864126,"flux":0.0043610927449193055,"VA":0.0044576537385843931,"3000":0.0097917008601900724,"futurs":0.0051316215548589126,"semble":0.0047859738670659232,"obtenir":0.0046098757235359744,"r\u00e9soudre":0.0048284372921471343,"=":0.0038977353973626075,"2e":0,"003":0,"02":0,"1+7":0,"La":0.0044699905769622775,"donne":0.004871634991404584,"1+3":0,"1+TAP":0,"remerciant":0.0051316215548589126,"1+6":0,"1\u00b0":0,"2\u00b0":0,"1=1":0,"3\u00b0":0,"Le":0.0046098757235359744,"\u00e9gale":0.0051316215548589126,"\u00e9galit\u00e9":0.0052302477057718432,"nominal":0.010293175697706205,"1mais":0,"1+TEG":0,"parce":0.0050837311804430383,"r\u00e9el":0.0051316215548589126,"1+TRI":0,"3h":0,"1er":0,"1+2":0,"choses":0.0052640077424359949,"1\u00e8re":0,"1+TAE":0,"1min45":0,"05":0,"3ieme":0,"\u00e9galise":0.0052810604004202132,"3\u00e8me":0,"1+n":0,"1+0":0,"97":0.031122530554191365,"1+5":0,"1=5":0,"1+TAEG":0,"1=9":0,"1+r2":0,"1+2r+r":0,"3+":0,"3+1":0,"1+1":0.0062102003681162206,"1x":0,"1\u00e8res":0,"1+taux":0,"1X4X":0,"1X08":0,"2X3":0,"1=r":0,"multiplication":0.0052982302597224919,"2min54":0,"1+rn":0,"5i\u00e8me":0,"2i\u00e8meann\u00e9e":0,"3M":0,"1+4":0,"5eme":0,"2eme":0,"0005+1":0,"1+i":0,"1+R":0,"1+":0.0031183192332865997,"3=":0,"1\u20ac":0,"97\u20ac":0,"1+x":0,"5e":0,"1+9":0,"1=":0,"1\u2212":0,"1+F3":0,"1+tri":0,"1+A2":0,"1+12":0,"1+41":0,"5=>":0,"2\u20ac":0,"2^2x4":0,"5^2x18":0,"3^2x24":0,"2x0":0,"5x0":0,"1x4":0,"+2x0":0,"3x0":0,"5^2":0,"1+11":0,"02+":0,"1USD":0,"1^3":0,"5\u00e8me":0,"2=":0,"1=16":0,"3eme":0,"1+15":0,"1+TMEG":0,"1\u00b2=4":0,"5+5":0,"2x":0,"2M":0,"1M":0,"1EUR":0,"3e":0,"3+2":0,"5xtaux":0,"1+g":0,"1ere":0,"1+rd":0,"5ans":0,"5min08s":0,"1an":0}