{"'":0.0038164600526431427,"l":0.010450808795290848,"d":0.010318334984621712,"un":0.016125736686023576,"?":0.0044478222804453594,"inflation":0.03613214204562807,"march\u00e9":0.033745575841547366,"Comment":0.031044010572740262,"calcular":0.03837475538599458,"\u00e9connomique":0.03837475538599458}