{"J":0.017568584181664165,"'":0.0043464270213967576,"une":0.013506896801493138,",":0.001628996514586725,"est":0.0094024699885552638,"?":0.0034583828336140748,"savoir":0.023880461724294866,"ce":0.012882924469628947,"qu":0.035541225122983515,"\u00e0":0.0080640824746240729,"vente":0.029170106348902547,"d\u00e9couvert":0.029170106348902547,"aimerais":0.026088411732530781}