{"le":0.0055674271287724517,"d":0.019738236794642896,"\u2019":0.06291936366633985,"un":0.016125736686023576,"on":0.01638281216671977,"taux":0.022387111945601744,"int\u00e9r\u00eat":0.032254432132490712,"investissement":0.033171805389071107,"Comment":0.031044010572740262,"conna\u00eet":0.038125076167388063}