{"J":0.0023128710155925331,"'":0.0028719730603540745,"a":0.0020725130674573628,"que":0.0039783336002854972,"le":0.0016932713747447228,"les":0.0052544198068371897,".":0.0018495345535139564,"sur":0.0059929903004972756,"l":0.0072780594448698527,"du":0.002715512139960314,"avoir":0.0028782545531840153,",":0.00084554246427922424,"la":0.0014227021680408394,"et":0.0011447737606973863,"Merci":0.001159005298864389,"de":0.0019191220815889579,"bien":0.0096892885476257563,"pour":0.0020647587148862122,"nous":0.0028709956533851358,"d":0.0041643817272047764,"toute":0.0038037501733787392,"vous":0.0039503195926845775,"exemple":0.003029791057513046,"un":0.0049044644313350934,"est":0.0012378174636408401,"non":0.0031438178051213144,"?":0.00045528958588688561,"si":0.0027999393846868271,":":0.0021008960781830955,"-":0.00087616477160354464,"on":0.004982651095038689,"actif":0.0032386463543730027,"prix":0.015886218665583006,"savoir":0.0031438178051213144,"premiers":0.0038899257925846015,"arbitrage":0.0075468886860183436,"pas":0.0018127836835686621,"ce":0.0016960127403419568,"il":0.0015918968842180065,"o\u00f9":0.0059218972407129112,"Si":0.0032834205514390385,"peut":0.0029676711093030795,"\u00eatre":0.0031354345163034847,"qui":0.0045400653720063539,"qu":0.0048227707352838387,"\u00e0":0.0021129851661058265,"n":0.0018350313696542449,"sont":0.0029298847977444185,"Cependant":0.0037214303706289849,"plus":0.0053704274401290102,"possible":0.0033200412369159067,"vid\u00e9o":0.0029075799341908024,"y":0.0028280334985263732,"peu":0.0034246762217793208,"march\u00e9":0.0068751783947296977,"parle":0.003675992785207706,"soit":0.003494499779855218,"ne":0.0029791135080050762,"Je":0.0016469397331663623,"actifs":0.0036426360643312026,"ces":0.0031354345163034847,"donc":0.0030859213395975568,"partie":0.0034642504075095147,"car":0.0030697086469416864,"aimerais":0.003434490264843815,"ceci":0.0038037501733787392,"concurrentiel":0.0075947648988230042,"sommes":0.0037214303706289849,"unique":0.0038037501733787392,"ici":0.0035565324644092288,"\u00e9quilibre":0.0077422671734735061,"perd":0.0039153072806850393,"opportunit\u00e9":0.0037917623217769889,"Vous":0.0037445769489397279,"sera":0.0037329672655533673,"avant":0.0035356216858315978,"reprend":0.0038899257925846015,"achat":0.0076432752520718475,"dites":0.0038279627426151025,"<":0.0038899257925846015,"voudrais":0.003675992785207706,"investisseur":0.0039153072806850393,"derniers":0.0039153072806850393,"rentable":0.0038773651382660755,"pensez":0.003902572775101535,"revenir":0.003852498155610843,"respect":0.0039153072806850393,"Loi":0.0039281305291835036,"9500\u20ac":0.013060403430427614,"9709\u20ac":0.013060403430427614,"pr\u00e9cisez":0.0039281305291835036,"pr\u00e9tentions":0.0039281305291835036,"\u00e9lev\u00e9es":0.0039281305291835036,"grimpent":0.0039281305291835036,"atteindre":0.003902572775101535,"subitement":0.0039281305291835036,"OA":0.0039153072806850393,"Malgr\u00e9":0.003902572775101535,"achet\u00e9":0.0039281305291835036,"atteignent":0.0039281305291835036,"aient":0.0039281305291835036,"r\u00e9alis\u00e9":0.0038773651382660755}