{"J":0.0080369526677614624,"'":0.0013960223415473015,"le":0.0019803175158641883,"sur":0.007008931847246375,"une":0.0061788866512780278,"de":0.0033273008644868593,"Bien":0.01107207357494153,"vous":0.0046199842502115951,"un":0.01128365875085437,"?":0.0015820773520135898,"actif":0.011253912251153238,"savoir":0.010924394281171217,"ou":0.0089763258001177588,"il":0.0055316530079561653,"existe":0.013052559523552075,"r\u00e9f\u00e9rence":0.013259510570550741,"\u00e0":0.0036890080889454618,"op\u00e9ration":0.013259510570550741,"y":0.0098270812411376286,"march\u00e9":0.01200320244455075,"lequel":0.013217581048549103,"s":0.0097780830765266044,"\u00e9valuer":0.013430033454566359,"aimerais":0.011934446629470047,"juste":0.012773639265905261,"moyen":0.012971618832738596,"d\u00e9tecter":0.013649788043951361,"Ars\u00e8ne":0.01360522877517489,"KENGNE":0.01360522877517489}