{"'":0.0021409598994348565,"ai":0.0026243170319565899,"a":0.0032432829131599119,"que":0.0020953521382282023,"le":0.0017702497810162363,"en":0.0024968279539754213,"les":0.002085507260852216,".":0.0017438099128855044,"j":0.003121033332116256,"l":0.0016740859408079809,"du":0.0021350717173031428,",":0.00033560031619830503,"la":0.0014873801323224487,"et":0.0052943587696597655,"de":0.00076170979532462111,"d":0.0032808745987136416,"vous":0.00412990646283635,"mal":0.0052986618411179796,"dans":0.002424063908097812,"est":0.0019370648573823134,"m":0.0037303524635786314,"?":0.0014142540595216736,"(":0.0024406931583203914,")":0.0023856317517604677,"-":0.004052093786094728,"valeur":0.0042745733453562508,"pas":0.0028291688220075783,"il":0.0024911649751047848,"Est":0.0045385403656503197,"moi":0.0051811098530046215,"mais":0.0039659246946559925,"pense":0.005615423040041697,"qu":0.003791904018551835,"\u00e0":0.0016613348181531481,"cela":0.0050820466849237017,"n":0.0028716469776538483,"sont":0.004584986918181131,"surtout":0.0058417334673831148,"pourquoi":0.0041713499701726909,"cette":0.0042019303336077798,"y":0.0044255994655160976,"eu":0.0056491032348331069,"calcul":0.0036957619716493149,"comprendre":0.0049997661207970365,"ne":0.0023423283217840251,"Je":0.005115845553288683,"investissement":0.010547489866987069,"VAN":0.0045616699986576626,"flux":0.0050269325848071814,"expliquer":0.0049197714260721401,"suppose":0.005915103648522952,"entre":0.0051667476096279629,"diff\u00e9rence":0.0054212175208946016,"Pourriez":0.0049066523882210023,"autres":0.0055492218755753041,"remercie":0.0053440111850900154,"positive":0.0060287877732909745,"positif":0.0058965851034947451,"initial":0.011890699933088602,"T=0":0.0060677022010038493,"An\u00e9mone":0.0060873584126673848,"Excusez":0.0061071497196290942,"B\u00e9gonia":0.0061270779917423262,"Coquelicot":0.0061471451379520696,"positifs":0.0061270779917423262}