{"'":0.0005896890553256063,"a":0.0059843648727261854,"le":0.001645567189021068,"les":0.0038480874866077567,".":0.0031783295092580287,"l":0.0030889507225674729,",":0.0012215027778592865,"et":0.006520476297743244,"premier":0.010582099565623369,"lieu":0.010454827446895801,"Merci":0.0033466185119579487,"pour":0.0029954581595230197,"fait":0.0085912195365296824,"Bonjour":0.0015741660216955916,"on":0.0048422758918792233,"je":0.0036873350168717934,"pas":0.0026299042291220917,"ce":0.0048972231955335,"qui":0.006586520626016011,"\u00e0":0.0060468509634219233,"pourquoi":0.007696793928170664,"ne":0.0043219625621925706,"comprends":0.0066629731235976018,"67":0.043529259253368785,"ans":0.02878546710641456,"18+1":0,"18":0.018671295119207842,"entre":0.0095334584521874714,"compte":0.0094029025741732049,"versement":0.011195860762721086,"Le":0.0098046069191898497,"dernier":0.01048636081488493,"19":0.027372495097875021,"85":0.048345674546962432,"p\u00e9riodes":0.021943307728731577,"\u00e9claircissements":0.011124057549593348,"18X3XX":0,"67=13":0,"67\u20ac":0}