{"J":0.0022260013192363787,"'":0.0015230407964803249,"ai":0.0063670029539495054,"a":0.0019946710349140742,"questions":0.0030419863288517982,"que":0.0038302829935118214,"le":0.0005484901535507497,"tout":0.0063965733858682618,"en":0.0015355892570303768,"les":0.0025533093352793669,".":0.0024714836898439901,"j":0.0038211152232354682,"sur":0.001941269556182904,"l":0.0010295897168073889,"apr\u00e8s":0.0031341166201782913,"une":0.0017113712629326597,",":0.0010131467749102002,"la":0.0009174059278639771,"et":0.0021933046018147054,"Merci":0.0011154739312659544,"de":0.0036300385803002089,"bien":0.0023651858635403288,"pour":0.00099842736099339693,"d":0.0020236210905536876,"\u2019":0.0032404094073840389,"des":0.0017190881154988367,"Quiz":0.0036264944581684286,"Bien":0.0030666412262655377,"vous":0.0038033115055284574,"2\u00e8me":0,"\"":0.0048671031410612835,"un":0.001588670598906644,"dans":0.0014908382012078006,"an":0.0033928488187485533,"euro":0.0036959549240564845,"5":0.0056134496005263409,"m":0.002294226624180344,"question":0.0016846240360201326,"?":0.00043818925136175413,"(":0.0015010654569358555,")":0.0014672018083589568,"Bonjour":0.00052469116345703565,"ma":0.0063432894256041841,":":0.0020219880010974196,"-":0.0016786690012315657,"1":0,"2":0.0028270544474465549,"je":0.0012290394236653516,"valeur":0.0026289311993108488,"pas":0.00087658321342263602,"ce":0.0048516616890470323,"il":0.0015321064341539772,"obtenu":0.0036841873401513153,"peut":0.0028562076137548663,"\u00eatre":0.0030176699533254196,"moi":0.0031864656982474853,"qui":0.0021953778208702785,"\u00e0":0.0059913471025405569,"n":0.0017661089711239304,"par":0.0020637701060734234,"Cependant":0.003581656243957987,"concernant":0.0034847376332933521,"compris":0.0029621973914450315,"cette":0.0025842545814198661,"y":0.0027218146866489282,"eu":0.0034742891377251301,"calcul":0.0022729529165876833,"Donc":0.00724192605244012,"s":0.0027082436251318173,"souhaitez":0.0037559950759149625,"compl\u00e9ment":0.0037317342189660554,"revenus":0.003719727292556044,"12000\u20ac":0.027929271470966913,"partir":0.0034742891377251301,"67":0.029015357870160415,"ans":0.012965405698731202,"\u00e2ge":0.0037438231045524174,"partie":0.0033341357668861434,"12000":0,"53":0,"part":0.0035271591791344189,"2e":0,"02":0,"La":0.0031688435144258862,"actuelle":0.0036039334541907082,"Question":0.0072877131236330226,"8":0.010894725068255192,"annuit\u00e9s":0.0036841873401513153,"2\u00b0":0,"p\u00e9riode":0.0035164581504327471,"\u00e9claircir":0.0037078012214824953,"niveau":0.0034952481381002802,"mauvaise":0.0037317342189660554,"rat\u00e9":0.0037317342189660554,"parce":0.0071743414602335803,"Pouvez":0.0030501665506095224,"svp":0.0034028263936567165,"logique":0.003649346579901696,"d\u00e8s":0.003672497430633206,"1er":0.0022004451057632815,"millions":0.003719727292556044,"05":0,"per\u00e7us":0.0075014485578475433,"d\u00e9but":0.0036841873401513153,"2X3":0,"2min54":0,"08":0,"simplement":0.0073341026735607934,"5i\u00e8me":0,"2i\u00e8meann\u00e9e":0,"67=13":0,"5eme":0,"2eme":0,"0005+1":0,"Ars\u00e8ne":0.0037682512830435051,"KENGNE":0.0037682512830435051,"r\u00e9sultas":0.0037805928999698445,"\u00e9taient":0.0073811107690277961,"interpr\u00e9tation":0.0037559950759149625,"apparentait":0.0037805928999698445,"167045":0.011342290539126379,"53\u20ac":0.009719526035172895,"ajout\u00e9":0.0037682512830435051,"5e":0,"5=>":0,"2\u20ac":0,"2^2x4":0,"5^2x18":0,"2x0":0,"5x0":0,"+2x0":0,"5^2":0,"02+":0,"5\u00e8me":0,"2=":0,"5+5":0,"08+0":0,"2x":0,"2M":0,"5xtaux":0,"8min25":0,"67\u20ac":0,"8+50":0,"5ans":0,"5min08s":0}