{"'":0.00087231693221241332,"ai":0.0036188584374229143,"a":0.0088525685865642936,"le":0.0012298090483283293,"les":0.005692409992837954,".":0.00081366997971107837,"j":0.0043038160671411956,"du":0.0086529337236380122,"avoir":0.012294226869658397,"une":0.0038371880526546754,"r\u00e9ponse":0.0055081487712354878,",":0.00046278327697723214,"la":0.002045287109989081,"vraie":0.0084215855105764965,"de":0.0010503761116175171,"pour":0.0044311300145174967,"d":0.0022792542110144209,"Quiz":0.0081312229025373352,"un":0.0035620721077681168,"5":0.0063225663638523128,"question":0.0037772161799386902,"?":0.0019447319049992081,"(":0.0033656463459229772,")":0.0032897182346165498,"-":0.0055567934431406301,"taux":0.0049451698603032619,"int\u00e9r\u00eat":0.0071247977867965597,"t":0.0066069220335024815,"1":0,"\/":0.0048326717065562035,"sans":0.0065552390578937497,"il":0.0034352455436563734,"plus":0.0058227060739332774,"Y":0.0081058495303484041,"r\u00e9soudre":0.015191435009937734,"Pour":0.0067842246644108329,"d\u00e9duire":0.0082605802443736047,"pouvoir":0.0078845026177301429,"toutes":0.015798142327094148,"moyen":0.0080555840587041138,"^3":0.0082343694611782415,"05":0,"equation":0.0083402669165254135,"type":0.0080059469219219588,"5i\u00e8me":0,"options":0.0166695176489427,"5eme":0,"0005+1":0,"essayer":0.01661549710649006,"rapide":0.0084490660301943799,"150000=190000":0.019458791922746844,"1+x":0.0049565969739061378,"5e":0,"5=>":0,"5^2x18":0,"5x0":0,"5^2":0,"5\u00e8me":0,"5+5":0,"150000":0,"5xtaux":0,"5ans":0,"5min08s":0}