{"'":0.00144419860480164,"ai":0.011859145127350514,"j":0.014103778919298378,"la":0.0065536924582135763,"et":0.0080955117549377613,"de":0.0034421249024719817,"un":0.011673054033633848,"question":0.012378089839614958,"4":0.025759677667479931,"3":0.021822750780299521,"moi":0.023413152038920224,"avec":0.017626516558746488,"003":0,"soucis":0.027070254791152736,"compr\u00e9hension":0.02607515645363051,"3\u00b0":0,"04":0,"3h":0,"3ieme":0,"3\u00e8me":0,"3+":0,"3+1":0,"3M":0,"3=":0,"04\u20ac":0,"4\u00e8me":0,"3^2x24":0,"3x0":0,"4ans":0,"4e":0,"3eme":0,"4min25":0,"3e":0,"3+2":0}