{"'":0.0014117198129572643,"le":0.0013429044799240712,"en":0.0037596840695127741,"les":0.003140323870931991,".":0.00260646364020893,"l":0.0025208121499239785,"une":0.0041900627038201511,"la":0.0022312836874032018,"et":0.0079134506171634096,"Merci":0.0027310881149609622,"de":0.0033647144564031158,"bien":0.0057908399475169554,"pour":0.002444515306750611,"est":0.0057680516068974192,"!":0.0061606981079039697,"question":0.0041245757108197296,"si":0.013047315409135556,"capital":0.0086886553868972573,"Bonjour":0.0012846358488326653,"int\u00e9r\u00eat":0.0077800068876122007,"4":0.0085835328554327382,"valeur":0.0064365849817211813,"ou":0.0060870784779054887,"pas":0.0042441593135968542,"il":0.01451339553068997,"\u00e9nonc\u00e9":0.0083069346804253083,"n":0.0085509826378669575,"merci":0.0067312253063322161,";":0.0081631836579764624,"comprendre":0.0075285688009544532,"faut":0.015216201501376444,"car":0.0072334827202858859,"simple":0.0088789846504392991,"pr\u00e9cis\u00e9":0.0091662480841262755,"valeurs":0.0086095755285873436,"04":0,"comparer":0.017503633739116741,"compos\u00e9":0.0091366500712793345,"donn\u00e9e":0.0088512778977286946,"acquise":0.0092260571985100046,"d\u00e9but":0.0090202379239447458,"\u00e9vident":0.0091366500712793345,"04\u20ac":0,"parole":0.0092562739901016055,"acquises":0.0092562739901016055,"4\u00e8me":0,"4ans":0,"4e":0,"4min25":0}