{"J":0.0053275814782831957,"'":0.00093048994921038331,"que":0.0030842398897684151,".":0.0033628066924702468,",":0.0019126313367674552,"la":0.0021816830888145284,"et":0.010209773996232224,"Merci":0.0026697101229746301,"des":0.0081382971095473947,"Bien":0.0073395199079201619,"vous":0.0030625217714816957,"est":0.0056398299854121493,"non":0.007241625407014036,"question":0.0079751414714646068,"?":0.0010487365480710939,")":0.0035115150703496694,"me":0.0055684062597241698,"Bonjour":0.0012557651696322859,"suivante":0.0081922927636521453,":":0.0095722487733536886,"-":0.003992042846541418,"pas":0.0041498132456143045,"ce":0.0039066796208967582,"\u00e0":0.0071772371672558276,"n":0.0042269020066966513,"plus":0.0062152800545899976,"cette":0.0061850039010147451,"m\u00eame":0.0065305661248247337,"Je":0.0037936424293068161,"chose":0.0082165830506373931,"tous":0.0078214646367428999,"esp\u00e8re":0.0088175186898131856,"trop":0.017114534533202903,"beaucoup":0.0079567519764283546,"toutes":0.0085194721223331299,"dettes":0.0088175186898131856,"bient\u00f4t":0.0090187124183494852,"posais":0.0090187124183494852,"crise":0.017839195238658474,"souveraines":0.0090482501231031309,"subprimes":0.0090482501231031309,"candide":0.0090482501231031309,"vaste":0.0090482501231031309,"Patrick":0.0089893791284148573}