{"'":0.00066458207669841448,"a":0.0067444046975594467,"que":0.0043572834015700741,"du":0.0044398802402889981,"une":0.0057865082426930021,"autre":0.011049833753432882,",":0.00069788063812942019,"et":0.0037253408195695652,"Merci":0.0037716533154346869,"de":0.0015839750213955889,"pour":0.003375894102731493,"?":0.0014816105480929993,"Bonjour":0.0017740918104523448,"-":0.0028512292126045254,"taux":0.014685212361299037,"d\u00e9terminer":0.011306051482232377,"ce":0.00551919139748357,"il":0.0051803759370849158,"Est":0.0094378917232145754,"qu":0.0078852619275506883,"par":0.013741343099154632,"y":0.0092030311952226752,"calcul":0.0076853346038715511,"global":0.012577184802122405,"TAEG":0.01185392370718079,"p\u00e9riode":0.011889888835514908,"son":0.011747306483629026,"uniquement":0.012457016705351593,"m\u00e9thode":0.011818173297310112,"\u00e9quivalent":0.012185661340985239,"interm\u00e9diaire":0.012699813849305864}