{"'":0.00054373387299480765,"ai":0.0044649114665136075,"questions":0.016617445688087887,"le":0.0015173261448197524,"les":0.0035482013678561045,".":0.0029366954685619137,"j":0.0053100053622513518,"du":0.003632528416472736,",":0.0021999739085954923,"la":0.0025174640208379256,"et":0.0030479214879118974,"de":0.0012959435761330266,"pour":0.0054541048680751651,"vous":0.0069900697902845156,"un":0.0043948490590441716,"5":0.015403930771425513,"question":0.0092025885053791147,"Bonjour":0.0014514893569472105,"taux":0.0061013012790986929,"4":0.028370647993576883,"1":0.0054682567534848599,"je":0.0067138683949926553,"pas":0.0047885073650670816,"qui":0.0060732250958369744,"Dans":0.013042754539554056,"quizz":0.0089139185844643743,"1+r":0,"%":0.0058810718178956669,"calcul":0.012416450161113439,"ne":0.0078693928590365149,"comprends":0.012131885078659999,"01":0,"deux":0.0085526286138388093,"obtenir":0.017852145307892375,"quel":0.018266091456499878,"1+7":0,"1+3":0,"1+TAP":0,"1+6":0,"1\u00b0":0,"1=1":0,"1mais":0,"775=55":0,"1+TEG":0,"04":0,"r\u00e9el":0.010063728499378756,"775":0.021843400885787078,"1+TRI":0,"1er":0,"1+2":0,"1\u00e8re":0,"faites":0.020061735982957078,"1+TAE":0,"1min45":0,"05":0,"1+n":0,"1+0":0,"97":0.020612140990042896,"1+5":0,"1=5":0,"1+TAEG":0,"1=9":0,"1+r2":0,"1+2r+r":0,"1+1":0,"1x":0,"1\u00e8res":0,"1+taux":0,"1X4X":0,"1X08":0,"1=r":0,"1+rn":0,"5i\u00e8me":0,"1+4":0,"5eme":0,"0005+1":0,"1+i":0,"1+R":0,"1+":0,"1\u20ac":0,"97\u20ac":0,"04\u20ac":0,"1+x":0,"concernent":0.0104585149120884,"5e":0,"1+9":0,"1=":0,"1\u2212":0,"1+F3":0,"1+tri":0,"1+A2":0,"1+12":0,"1+41":0,"5=>":0,"4\u00e8me":0,"5^2x18":0,"5x0":0,"1x4":0,"5^2":0,"1+11":0,"1USD":0,"1^3":0,"4ans":0,"5\u00e8me":0,"4e":0,"1=16":0,"775=":0,"1+15":0,"1+TMEG":0,"4min25":0,"1\u00b2=4":0,"5+5":0,"1M":0,"1EUR":0,"5xtaux":0,"1+g":0,"1ere":0,"1+rd":0,"5ans":0,"5min08s":0,"1an":0}