{"J":0.015299979322246063,"'":0.0013509575724858691,"ai":0.011093489399405408,"le":0.0037699384700548349,"?":0.0030118070583018347,"-":0.0057959578368361291,"sont":0.01938161554182841,"Les":0.024243230244598259,"ils":0.0237374658660943,"19":0.06270945542628055,"vue":0.025484837555775412,"f\u00e9vrier":0.025566809043952032,"forums":0.025900329084877122,"pass\u00e9s":0.025900329084877122,"2018":0.086396474804947693}