{"'":0.00073455175904179346,"le":0.0020498163606741046,"en":0.005738801256429513,"les":0.0047934066381369045,".":0.0013562056962162252,"j":0.0071734978692422451,",":0.00077135611734501343,"Merci":0.0041687470584699429,"de":0.0017507418256366709,"pour":0.0037313208382319151,"dans":0.0055715576955584255,"fait":0.010701734017070315,"me":0.0086950553229824725,"Bonjour":0.0019608748200724969,"1":0.0073872859806231499,"savoir":0.011307783700649303,"je":0.013322513647136297,"pas":0.003275965121222081,"n":0.0066002990943540771,"suis":0.031857511698468961,"y":0.010171960680238193,"1+r":0,"01":0,"\u00e7a":0.012984106770409617,"th\u00e9or\u00e8me":0.013856787686561487,"aimerais":0.012353283632904727,"1+7":0,"1+3":0,"1+TAP":0,"1+6":0,"1\u00b0":0,"1=1":0,"1mais":0,"1+TEG":0,"jours":0.013724850426415223,"1+TRI":0,"s\u00e9paration":0.013901357776738794,"1er":0,"1+2":0,"1\u00e8re":0,"1+TAE":0,"1min45":0,"1+n":0,"1+0":0,"1+5":0,"1=5":0,"1+TAEG":0,"1=9":0,"1+r2":0,"1+2r+r":0,"1+1":0,"1x":0,"1\u00e8res":0,"1+taux":0,"1X4X":0,"1X08":0,"1=r":0,"1+rn":0,"retard":0.013946230039326046,"1+4":0,"1+i":0,"1+R":0,"1+":0,"1\u20ac":0,"1+x":0,"inscrit":0.013901357776738794,"1+9":0,"1=":0,"1\u2212":0,"1+F3":0,"1+tri":0,"1+A2":0,"1+12":0,"1+41":0,"1x4":0,"1+11":0,"1USD":0,"1^3":0,"1=16":0,"1+15":0,"1+TMEG":0,"1\u00b2=4":0,"1M":0,"1EUR":0,"1+g":0,"1ere":0,"1+rd":0,"1an":0}