{"'":0.00099697780969610576,"ai":0.0041421143261726971,"en":0.0039408907964291759,".":0.0018407239079718876,"j":0.0049261109538213353,"l":0.0026423085603705133,"du":0.0033699095955087256,"autre":0.0083869245968773831,"r\u00e9ponse":0.0063045798365830782,",":0.0020462572420870302,"la":0.0045688582406620843,"Merci":0.0028627192651007921,"de":0.0046443763900705986,"pour":0.0025623344132083316,"trouv\u00e9":0.0087073067373102074,"Bonjour":0.0013465518644186791,"-":0.0021641089764901753,"\/":0.0055314345823571061,"je":0.0031541703818233923,"mais":0.0062596528141301176,"par":0.0052963984865970785,"6":0,"veux":0.009395184743012883,"calcul":0.0058332390570508263,"comprendre":0.0078914257021096314,"soit":0.0086313426275823387,"exercice":0.0075622262876812556,"flux":0.0079343041342493561,"7":0.013216611637569094,"12":0.013080927528916483,"\u00e9quation":0.0091635381746201644,"N":0.0090519968689234901,"06":0.013014574816225094,"p\u00e9riode":0.0090245340657489626,"d\u00e9monstration":0.0096707285050280974,"puissance":0.0095770121931454937,"moyen":0.0092203524156110259,"lin\u00e9aire":0.0095155912571223272,"12^3+2":0,"12^4+189":0,"12^4":0,"N=6":0.0097024016652403032,"transformation":0.0097024016652403032,"N=ln0":0.0097024016652403032,"ln1":0.0097024016652403032,"12\u20ac":0,"007=>":0,"+7":0,"7e":0,"12=":0,"12^5":0}