{"J":0.0092979524425392153,"que":0.0027177699813127954,"le":0.0011567461592882026,"r\u00e9ponses":0.0072402872545891872,"les":0.0027050007136970975,".":0.0043799153005550781,"du":0.0027692881379561616,"apr\u00e8s":0.0066097401014093482,",":0.0004352893475242211,"la":0.00097190875203943372,"et":0.0046020949342495754,"premier":0.0074386528313208069,"de":0.0029070954052307072,"bien":0.0049880925773080117,"pour":0.0021056476723980183,"est":0.0025124639554386214,"Bonjour":0.0011065549385203815,"contenu":0.0078955893177118722,"ce":0.0068181259116173246,"cas":0.0061819266252563423,"\u00e0":0.002154829164659788,"merci":0.0057981182852585239,"tr\u00e8s":0.0068921168778591831,"int\u00e9ressant":0.0076963416989075219,"par":0.0043524175017543966,"quizz":0.013459237622941825,"comprendre":0.0064849311143361779,"Je":0.0033428811904053202,"viens":0.007672166811017741,"certificatif":0.006931433105520181,"Catherine":0.0078196204518685853,"th\u00e9orie":0.007794637033368519,"erreur":0.0069512475134741476,"mon":0.0064326924007040587,"esp\u00e8re":0.0077698196188747751,"aimerais":0.0069711675987701952,"grand":0.0076005670374894715,"passer":0.0074160847436879514,"p\u00e9riode":0.0074160847436879514,"Le":0.0068921168778591831,"Un":0.0075303140483367224,"fournies":0.0079212595709214177,"pratiques":0.0079471074743552392,"Isabelle":0.0077206740790340348,"mooc":0.0079731355040045058,"rendu":0.0079471074743552392,"abordable":0.0079731355040045058,"m\u00e9lange":0.0079731355040045058,"seront":0.0079731355040045058,"Laurent":0.007794637033368519}