{"'":0.001519091626174446,"ai":0.0054572655522576079,"que":0.0043572834015700741,"le":0.00062475218178053703,"les":0.0071533658681010815,".":0.0046903418410044828,"j":0.0043496047810545856,"l":0.0011727437908412794,"une":0.0019493201900383156,"r\u00e9ponse":0.0055667504968538459,",":0.0013742845830682462,"la":0.0015582193865635702,"et":0.001254967895972651,"Merci":0.0012705693397889537,"de":0.0010615511642977449,"bien":0.0026940411217912267,"pour":0.003375894102731493,"nous":0.0062614004770919227,"d":0.0011578781625483461,"2\u00e8me":0,"\"":0.0055402608546100355,"un":0.0018095592352428327,"dans":0.0016981242285877525,"est":0.0013569678405252912,"m":0.0026132157153173877,"question":0.0038174023469017045,"?":0.00099294836163400834,"(":0.0017097734811556725,")":0.0016712014335181586,"me":0.0026501177802821891,"Bonjour":0.00059764418195780997,"ma":0.0036295116407495591,"3":0.0033829673107921478,"2":0.006406179688612971,"sans":0.0033301104013496734,"cours":0.0030466630765480745,"je":0.0055120454619704672,"ou":0.0028318585696845873,"pas":0.0019863606030931747,"ce":0.0036988613929143221,"il":0.0017451303934285325,"Est":0.0063251028658692088,"qui":0.0025006229820940654,"\u00e0":0.0045823746234471959,"n":0.0040020493517237661,"trouve":0.0035797003042812225,"dont":0.0039812271669895424,"votre":0.0088889724770864122,"vu":0.0039455225777315674,"ne":0.0016408661756983044,"comprends":0.0025296487581215302,"vois":0.0039104389694328877,"Je":0.0018054715810977688,"nulle":0.0042369178855969679,"Il":0.0039220658409880715,"part":0.0079926354132600699,"faut":0.0035797003042812225,"erreur":0.0037543302091548152,"quel":0.0038087069955803502,"entre":0.0072005991970940679,"2e":0,"tenir":0.0042233336145302315,"compte":0.0035698839509429041,"003":0,"02":0,"La":0.0036094392698619322,"diff\u00e9rence":0.007555239287377692,"frais":0.0039812271669895424,"2\u00b0":0,"3\u00b0":0,"Ce":0.0039692552824128835,"sup\u00e9rieur":0.0041698932276214087,"mensualit\u00e9s":0.0083751310081435423,"\u00e9ch\u00e9ances":0.0085111835704436492,"240":0.022920213643234769,"avantage":0.0084289998200334764,"3h":0,"fallait":0.0041964364609779637,"additionn\u00e9":0.0042782283387293443,"claire":0.0042098402088327734,"direct":0.0042643639774165819,"information":0.0042782283387293443,"actualiser":0.012339212725155832,"Lorsque":0.0042369178855969679,"3ieme":0,"3\u00e8me":0,"futur":0.0041964364609779637,"3+":0,"3+1":0,"venir":0.0084289998200334764,"avenir":0.0042921886479424477,"2X3":0,"pr\u00e9cise":0.0042233336145302315,"2min54":0,"devons":0.0082956597730303727,"Sauf":0.0042643639774165819,"simplement":0.0041964364609779637,"2i\u00e8meann\u00e9e":0,"3M":0,"2eme":0,"nettement":0.0042921886479424477,"3=":0,"suffisament":0.0043062462423249818,"Personnellement":0.0042643639774165819,"\u00f4t\u00e9":0.0043062462423249818,"emm\u00eane":0.0043062462423249818,"mesurer":0.0043062462423249818,"faute":0.0042505942541198509,"norme":0.0043062462423249818,"trompe":0.0042643639774165819,"2\u20ac":0,"2^2x4":0,"3^2x24":0,"2x0":0,"+2x0":0,"3x0":0,"02+":0,"2=":0,"3eme":0,"2x":0,"2M":0,"3e":0,"3+2":0}