{"'":0.0012316833059343383,"ai":0.010114059816597321,"que":0.0080754408117661037,"le":0.0034370955628325261,".":0.0011537542301138406,"sur":0.0061719117212137723,"la":0.0028878792743676973,"de":0.0014893948556631725,"vous":0.0040682568424326195,"trouv\u00e9":0.010786942661335138,"est":0.0037876031677413296,"question":0.0053559542005054148,"?":0.0013931426307984024,"me":0.0073970761868599778,"-":0.0026809804853034813,"4":0.011146118310213879,"risque":0.0093438391390866272,"cours":0.024786085408275073,"je":0.0039075061990202584,"pas":0.0054930799647065088,"ce":0.015126051424408229,"qui":0.013757263130441953,"\u00e0":0.0032484596454964748,"n":0.011067263958763333,"compris":0.0094177651643375902,"prime":0.010947369981639303,"Je":0.0050394782216693227,"se":0.0098829429840839172,"sous":0.011422523154986876,"pouvez":0.010692835433845065,"04":0,"entend":0.011826193020709154,"r\u00e9f\u00e8re":0.011941499808734764,"04\u20ac":0,"r\u00e9expliquer":0.011941499808734764,"4\u00e8me":0,"4ans":0,"4e":0,"4min25":0}