{"'":0.00093048994921038331,"questions":0.014401000346741116,"que":0.0061006887684424615,"les":0.011885586358640487,".":0.0017179671192091828,"du":0.0062163336691390342,"pour":0.0047266329356874049,"nous":0.037618129647912828,"est":0.0056398299854121493,"?":0.002074422064605631,"on":0.0076407879847956032,"formation":0.017385889039125687,"quiz":0.013661832746745954,"ce":0.0077274911605197723,"peut":0.013521509431495002,"qu":0.011040257069416559,"avec":0.011356676597646147,"ne":0.0068197682976550815,"corriger":0.017609478886153055,"salut":0.017553019936276622,"familiarisons":0.017897621414986048,"proc\u00e9dures":0.017897621414986048}