{"'":0.0010381917965170836,"ai":0.0028889659321428948,"a":0.0070816859080269304,"le":0.0019473060585447337,"les":0.013229499525788033,".":0.001916817448015007,"une":0.0060758859701567488,"la":0.00082488980598066674,"et":0.0039116415410376925,"de":0.0024744421054363284,"pour":0.011921626574720373,"des":0.0090802843210942182,"pourrait":0.0063134207588006119,"?":0.00078433463740343681,"(":0.002686824533522477,")":0.0026262104667803608,"-":0.0044541116625075299,"on":0.0028889659321428948,"t":0.0052743628967994146,"savoir":0.0054159051177043865,"calculer":0.0092423746703559542,"pas":0.0031121357261677273,"il":0.0054394415692776118,"utiliser":0.0057515087039990264,"qu":0.0041742980722815348,"\u00e0":0.0053969068672848116,"n":0.003161237833143136,"sont":0.0050473593108796453,"suis":0.0052605501555224926,"y":0.0048718984518625417,"eu":0.0062187862951998052,"Y":0.0064709696577491069,"ne":0.0025785401081981105,"s":0.0048476069988405337,"Je":0.0056275205608438466,"deux":0.0055338729291633838,"flux":0.016330174202020924,"VA":0.011219303469955184,"formule":0.0091748859494435175,"soucis":0.0065944925225432539,"\u00e9tant":0.0062752272954903782,"annuit\u00e9s":0.0065944925225432539,"constantes":0.0065527811430140786,"autres":0.0061088324136229352,"remboursement":0.0064308422977944419,"tels":0.0067230244165089621,"amortissements":0.0064912254398154555,"actualiser":0.0065321294796974469,"constants":0.013334919359708526,"1200":0.018104785859651834,"options":0.0067230244165089621,"in":0.0067230244165089621,"\u00e9conomies":0.019647731322685505,"fiscales":0.019775006255193087,"Malheureusement":0.0067230244165089621,"curieux":0.0067449623525588148,"remboursements":0.013334919359708526,"fine":0.0067449623525588148,"\u00e9gaux":0.0067670531674448716}