{"'":0.0013731201760852618,"ai":0.0028889659321428948,"le":0.00098176718020274827,"les":0.0045536907435175678,".":0.0031438378545787806,"j":0.003435773521175483,"l":0.0018429089136642255,"du":0.0023503827391509443,"une":0.0030632603488185569,",":0.00036944388521170267,"la":0.0024342073628300727,"de":0.0024744421054363284,"mal":0.0058330046859935191,"un":0.0083914143786919353,"dans":0.0078746601885426488,"est":0.0042295677776976485,"r\u00e9solution":0.0058661989066534966,"!":0.0045039474511390908,"m":0.0041065393589772093,"on":0.0028889659321428948,"d\u00e9terminer":0.0059851948281517643,"ou":0.0044501257999109518,"cas":0.0052467973395588082,"il":0.0027423861739218304,"o\u00f9":0.0051256353646059001,"\u00e0":0.0036275131356847965,"merci":0.0049210470194282242,"sont":0.0050473593108796453,"plus":0.0046483165261512289,"notamment":0.0065944925225432539,"avec":0.0085168938644214955,"encore":0.0061268952494314332,"c":0.0051256353646059001,"lorsque":0.018517872781753025,"raisonnement":0.0057194880367148386,"ces":0.0054014630922353162,"12":0.0091234454232913577,"faut":0.0056253221296306659,"moment":0.0063520800075295338,"TAP":0.012560705509544214,"TAE":0.0061450615977579406,"travailler":0.0067230244165089621,"beaucoup":0.011803111700505525,"15":0.010098177796764791,"mois":0.012297900261580279,"p\u00e9riode":0.0062942665065215198,"\u00e9ch\u00e9ances":0.0067230244165089621,"bonsoir":0.0066795988181425426,"probl\u00e8mes":0.0066155558499222172,"m\u00e9thodologie":0.0067012372578430252,"donnait":0.0067230244165089621,"figure":0.0067230244165089621,"12^3+2":0,"12^4+189":0,"12^4":0,"annuelle":0.0066155558499222172,"12\u20ac":0,"sup\u00e9rieure":0.0066795988181425426,"principale":0.0067670531674448716,"difficult\u00e9":0.0067449623525588148,"rencontr\u00e9e":0.0067670531674448716,"mensuelles":0.0067670531674448716,"aiderait":0.0067670531674448716,"15x4":0,"15ans":0,"12=":0,"15\u20ac":0,"12^5":0,"15h":0}