{"le":0.0022045549204906499,".":0.0014585842898666729,"sur":0.0078025746212155907,"l":0.0020886440875764124,"autre":0.0066295438522746943,",":0.00082958500896357639,"la":0.00093488137334902654,"et":0.0022350843351224719,"Merci":0.0022628703388848119,"de":0.0018829035518805365,"pour":0.002025427576024925,"d":0.0060722779791458712,"un":0.0032228055499641207,"est":0.002416745140139539,"question":0.0034174584061825897,"?":0.0034583828336140748,"me":0.0047198312848851873,"Bonjour":0.0010643978649634682,":":0.0041018409709239886,"taux":0.0088647083569701243,"int\u00e9r\u00eat":0.012771907996394785,"rentabilit\u00e9":0.0066673622265135193,"comment":0.0046002443410132618,"vos":0.0064821298455258356,"je":0.0024932513250005449,"valeur":0.005333096782582751,"Est":0.0056624306254954241,"explications":0.0068626664157806798,"sont":0.0057203788556113551,"claires":0.0075702626838765807,"par":0.0041866008952900092,"avance":0.0040740262845488026,"elle":0.0066295438522746943,"cette":0.0052424649976225597,"Les":0.0071552581044456547,"VAN":0.0056912879081778668,"Mais":0.0069644497776239368,"entreprise":0.0069851571109054251,"l\u00e0":0.0072434272502290087,"pose":0.0072883367397244625,"Un":0.014351455377483956,"COC":0.0069438611116602062,"TRI":0.0068626664157806798,"indice":0.0074265350230066788,"fix\u00e9":0.0076443418522442689,"\u00e9claircissements":0.0075217117777476592,"type":0.0072434272502290087,"Laurent":0.0074976801672191158,"fix\u00e9e":0.007669378276757388,"euribor":0.007669378276757388,"seuil":0.007669378276757388,"interne":0.007669378276757388}