{"a":0.0047739290938613056,"que":0.0030842398897684151,"le":0.0025965951314613073,"au":0.0052061220653167144,".":0.00086852860709500819,"du":0.0031427048646777548,",":0.00097711169514828303,"la":0.0011029630038106081,"de":0.0022177438857980767,"pour":0.0047266329356874049,"d":0.0071406475990067556,"un":0.011159572074456246,"?":0.0010487365480710939,"on":0.0038628463090711563,"projet":0.0073197592964704154,"t":0.0070523688154020521,"calculer":0.0062304996166473985,"temps":0.0076689005875952903,"choix":0.0087617462604231908,"pas":0.0041498132456143045,"il":0.0036668540089443112,"D":0.0074397289127328655,"Si":0.0075631932768112356,"\u00eatre":0.0072223149249629973,"\u00e0":0.0024453909311595873,"n":0.0083608975044731099,"utilise":0.0082655852551190602,"\u00e7a":0.0083151605977908986,"investissement":0.01547101495588599,"semble":0.0081202460974194764,"sa":0.0084674635743826731,"dur\u00e9e":0.0085987014100328343,"amortissement":0.0085194721223331299,"n\u00e9cessaire":0.008734132850195241,"point":0.0084416966653727537,"vue":0.008874034773484479,"DRA":0.017276291107586765,"meilleur":0.0089602474434401433,"crit\u00e8re":0.0089313146111069264,"vocation":0.0090482501231031309,"corresponde":0.0090482501231031309,"reconstituer":0.0090187124183494852,"capacit\u00e9":0.0090482501231031309,"comptable":0.0088456825374783037}