{"'":0.00144419860480164,"alors":0.0057805914538859374,"que":0.0048160344666041193,"le":0.0030483666963355342,"tout":0.0060569140900904109,"au":0.0081293492724381286,".":0.0013562056962162252,"j":0.003618213258774693,"l":0.0019407674647462293,"du":0.0024751881745341546,",":0.00077135611734501343,"la":0.00499547307165001,"de":0.0017507418256366709,"pour":0.0073361315690964332,"vous":0.007111690934973062,"2\u00e8me":0,"est":0.0022456388651686874,"comme":0.0053426262964738399,"fait":0.010701734017070315,"m":0.0043245967945081476,"?":0.00082598284400260105,"Bonjour":0.00098903817943605198,"-":0.0015895313494910118,"taux":0.004157398661167099,"2":0.0053289725053623678,"d\u00e9terminer":0.0063030089585646943,"pas":0.0016523515658535012,"il":0.0028880070103600906,"\u00e0":0.003818473085655479,"suis":0.0055398856193084323,"y":0.0051305964916750447,"seconde":0.0069891723459644325,"calcul":0.0042844960447858344,"deuxi\u00e8me":0.0068573783650046245,"soit":0.0063396944626104117,"ne":0.0027154607107434591,"s":0.005105015161340716,"Je":0.0029878653210390085,"2e":0,"d\u00fb":0.0069668421806113826,"02":0,"surement":0.0071031201747008199,"d\u00e9veloppement":0.0070116528839340286,"Pourriez":0.0056882810396715255,"indiquer":0.0067723203300688499,"2\u00b0":0,"Cela":0.0068789858661545914,"premi\u00e8re":0.018912030753301216,"sup\u00e9rieur":0.0069007341337768485,"cash":0.0066284923577750706,"flow":0.006814578454748128,"avez":0.0062130211037951305,"n\u00e9cessaire":0.0068789858661545914,"plait":0.006490605909174582,"COC":0.0064522336789626343,"croissance":0.0066486637017623817,"machine":0.033662922110535509,"parviens":0.0067099194987991981,"2X3":0,"2min54":0,"2i\u00e8meann\u00e9e":0,"2eme":0,"parvenue":0.0071263840129093771,"contrairement":0.0071263840129093771,"2\u20ac":0,"2^2x4":0,"2x0":0,"+2x0":0,"02+":0,"2=":0,"2x":0,"2M":0}