{"J":0.0057127438679680179,"'":0.0019486224622170675,"ai":0.0041421143261726971,"que":0.0033072178416114462,"le":0.0054377627643831406,"en":0.0077890460903393263,".":0.0018407239079718876,"j":0.0049261109538213353,"l":0.0052224393480460032,"du":0.0066605197950366356,",":0.00052969776923510084,"la":0.0034658952368514739,"et":0.0028275676583543736,"de":0.0046443763900705986,"bien":0.0060699429608513404,"vous":0.0032839295920422925,"dans":0.011212170193899439,"est":0.0030573836921322368,"r\u00e9solution":0.0084107833398383604,"question":0.004323369239918942,"taux":0.0056601990041661842,"projet":0.030321001217448185,"pas":0.0044463368183303206,"mais":0.0062596528141301176,"Dans":0.0061274763885357641,"pourquoi":0.0065838876403017466,"explication":0.0085566272996575234,"calcule":0.0085319926588774114,"VAN":0.0071999527582323909,"A":0.016576491360905065,"compte":0.015897336280065105,"constat\u00e9":0.0096080367511308176,"B":0.018394848981725626,"seulement":0.0093655749959641633,"croissance":0.0090519968689234901,"pris":0.018055819797727333,"aviez":0.0096080367511308176,"pr\u00e9mi\u00e8re":0.0097024016652403032,"ais":0.0097024016652403032,"saisie":0.0097024016652403032,"ignor\u00e9":0.0097024016652403032}