{"'":0.0014782076734429885,"le":0.001407628887844854,"en":0.0039408907964291759,"au":0.0055825034353327472,"l":0.0026423085603705133,"du":0.0098754770411020234,"la":0.0011827027258614741,"et":0.0028275676583543736,"de":0.0023762120629096466,"pour":0.0025623344132083316,"d":0.0051562400274981204,"un":0.0040771171803430841,"an":0.0087073067373102074,"est":0.0030573836921322368,"?":0.0022226492270129698,"si":0.0069157927280497234,"-":0.0021641089764901753,"on":0.0041421143261726971,"taux":0.0056601990041661842,"projet":0.0078489480088417846,"inflation":0.0091353951738841841,"1":0.0050729213350979244,"calculer":0.0066809393013449285,"il":0.0039319525829346778,"\u00e0":0.0026221827115571975,"dont":0.008970101318182851,"march\u00e9":0.0085319926588774114,"prendre":0.0090245340657489626,"calcule":0.0085319926588774114,"1+r":0,"01":0,"faire":0.0076020956669933977,"Comment":0.015513197639716543,"faut":0.0080654213063690011,"compte":0.0080433040846364916,"CF":0.015265937797048958,"1+7":0,"sa":0.0090796266202549224,"1+3":0,"1+TAP":0,"1+6":0,"proc\u00e9d\u00e9":0.0094851892702080588,"1\u00b0":0,"1=1":0,"1mais":0,"1+TEG":0,"1+TRI":0,"1er":0,"1+2":0,"1\u00e8re":0,"1+TAE":0,"1min45":0,"estimation":0.0095155912571223272,"1+n":0,"1+0":0,"1+5":0,"1=5":0,"1+TAEG":0,"1=9":0,"1+r2":0,"1+2r+r":0,"1+1":0,"1x":0,"1\u00e8res":0,"1+taux":0,"maturit\u00e9":0.0095770121931454937,"1X4X":0,"1X08":0,"1=r":0,"1+rn":0,"1+4":0,"1+i":0,"1+R":0,"1+":0,"1\u20ac":0,"1+x":0,"1+9":0,"1=":0,"1\u2212":0,"1+F3":0,"1+tri":0,"decide":0.0096707285050280974,"concurance":0.0097024016652403032,"superieur":0.0097024016652403032,"1+A2":0,"1+12":0,"1+41":0,"1x4":0,"1+11":0,"1USD":0,"1^3":0,"1=16":0,"1+15":0,"1+TMEG":0,"1\u00b2=4":0,"1M":0,"1EUR":0,"1+g":0,"1ere":0,"1+rd":0,"1an":0}