{"'":0.00057353114086510588,"a":0.0058203888673371397,"le":0.0031582703452608229,"en":0.0044808023277919254,"au":0.006347319852306123,".":0.0010589127187079423,"du":0.0075610025011636174,"une":0.0049937288266097687,",":0.0023159709784750806,"la":0.0013447358480290204,"d":0.0029662287332621194,"?":0.0012786227883048475,"(":0.0043800629385838301,")":0.0042812498512454014,"Bonjour":0.0015310327132248432,"on":0.0092935836682495714,"projet":0.0089242727914721903,"1":0,"valeur":0.0076711405628463875,"Dans":0.0069669554127505607,"par":0.011883429234330632,"co\u00fbt":0.010047468522664121,"1+r":0.0062604645806031423,"%":0.0062033616016038328,"calcul":0.0066324068581355457,"VAN":0.0081863636283227275,"7":0.015027319266192652,"Or":0.010451163005863594,"CF":0.0087820316921457253,"divise":0.010819250179138143,"ici":0.0099880682477754557,"^n":0.010682347682577781,"=>":0.010750345598077466,"retir\u00e9":0.010995641603679334,"007=>":0,"tjrs":0.011031654063130373,"actualis\u00e9e":0.011031654063130373,"divisant":0.010959878367397207,"+7":0,"7e":0}