{"'":0.0018213723612599461,"ai":0.0076407879847956032,"a":0.009442928126594979,"le":0.0025965951314613073,"j":0.0090869943279684295,"du":0.0062163336691390342,",":0.00097711169514828303,"la":0.0021816830888145284,"\"":0.022656234362282961,"question":0.0079751414714646068,"ma":0.015084976940925737,"quiz":0.026742131486960356,"pas":0.0041498132456143045,"Dans":0.011303103748443183,"n":0.0083608975044731099,"puis":0.016596831685612514,"premiere":0.017839195238658474,"reponse":0.017609478886153055,"coche":0.017897621414986048,"Serena":0.017839195238658474,"soumettre":0.017839195238658474,"valide":0.017897621414986048}