{"J":0.0063221719637465493,"'":0.0016319359810967949,"que":0.0036600275453405494,"le":0.001557792909286843,"en":0.004361299907925581,".":0.0010306716531452024,"l":0.0029241866056011119,"du":0.0037294071741157593,"r\u00e9ponse":0.0069771442247812112,",":0.00058620523925369023,"la":0.0038263359373286753,"de":0.0013305061147388872,"dans":0.0042342003109825735,"est":0.0033835414132945599,"?":0.0012445220835379895,"+":0.0089751435404533605,"Bonjour":0.0014902002683320856,"-":0.0023949733112268814,"on":0.0045839897024608839,"qu":0.0066234562219802647,"vid\u00e9o":0.0079477931187545269,"compris":0.0084130773586878847,"vois":0.0097505127255744072,"Je":0.0045018663543315201,"investissement":0.0092816308194287427,"=":0.0078477909513772152,"CF":0.008547816040175309,"avais":0.010017652137620748,"\u00e9galement":0.01023570239891365,"Quelle":0.010141092524932567,"net":0.01023570239891365,"raison":0.01043043420155986,"BFR":0.010141092524932567,"Amortissements":0.010737441272823662,"R\u00e9sultat":0.010598675414709186,"accroissement":0.010702389261019027,"retranche":0.010737441272823662}