{"J":0.0037931593013666759,"'":0.0013087121955957402,"ai":0.0081222712876153555,"a":0.0033989669834726503,"le":0.0045304690311508428,"en":0.0026166806924362782,".":0.0012270204065637756,"j":0.0064901867737021043,"sur":0.0033079695909709419,"l":0.0017544454161595739,"du":0.002237559432454551,",":0.0013742845830682462,"la":0.0059563651485885702,"et":0.0037253408195695652,"lieu":0.0059380759806034683,"Merci":0.0019007941645178333,"de":0.0060548172452676739,"bien":0.011902550134085855,"pour":0.0017013440191447279,"des":0.0029293671206853775,"un":0.0027071325641072523,"question":0.0028706395078542529,"?":0.00074668492790108611,"si":0.0045919621322103163,"(":0.0025578513142524503,")":0.0025001468499883683,"Bonjour":0.00089408624775420202,":":0.0034455157449078057,"-":0.0014369294831110011,"on":0.0027502895012926016,"comment":0.0038641708490745746,"prix":0.005311451205064292,"il":0.0026107458792470574,"C":0.0059559861312965222,"peut":0.0048670458472437781,"mais":0.0041562970166364671,"compris":0.010015815967779781,"y":0.00463803709640231,";":0.0056814468108769868,"calcul":0.015134159460464805,"VAN":0.0047806392874399986,"faire":0.010015815967779781,"Comment":0.0052115604749266419,"donc":0.0050609788240100319,"d\u00e9j\u00e0":0.0059025714353938673,"F":0.0062185735488303395,"tableau":0.017431723631372586,"net":0.0061411885002653809,"logique":0.0062185735488303395,"int\u00e8gre":0.006338503960611603,"implicitement":0.0064003051278431781,"pr\u00e9senter":0.0064003051278431781,"doute":0.0063589640493812646,"Su":0.0064422204062847752,"R\u00e9sultat":0.012617782760114219,"+value":0.012782984295560743,"comptabilisant":0.0064422204062847752,"cession":0.0064211899968984465,"VNA":0.0064422204062847752,"impos\u00e9e":0.0064422204062847752,"ressortir":0.0064422204062847752,"appara\u00eetre":0.0064003051278431781}