{"'":0.0010213038753556342,"ai":0.0042443990222676914,"alors":0.0080644811179612346,"que":0.0099254972650880246,"mes":0.017681474907815943,"les":0.009878862953991702,".":0.0018856372151798352,"j":0.009973866488686263,",":0.00054277803961925292,"2\u00e8me":0,"un":0.0041777968475120979,"dans":0.0039205226945366036,"?":0.0011523255193447433,"si":0.0070865701865507683,"me":0.0061184256875199423,"2":0.0074344292431771262,"je":0.006386229332993639,"pas":0.0045548265764123507,"ce":0.0084816785777348021,"\u00e0":0.0026869344640770274,"sont":0.014652213708753904,"par":0.0054271868876261094,"exercices":0.0090281761882709741,"utilise":0.0090820185863758479,"probl\u00e8me":0.0091091750222936172,"m\u00eame":0.0071756229104868625,"aux":0.0087175734118123942,"demande":0.0093898210928446725,"ne":0.0037883288938599896,"donc":0.0078103827114381812,"2e":0,"formules":0.0092755254043239577,"02":0,"calculs":0.0089485620177234704,"2\u00b0":0,"propos\u00e9es":0.0097194149881648078,"r\u00e9sultats":0.0093898210928446725,"salut":0.0097505677167890673,"d\u00e9cimale":0.0099095358986105893,"arrondis":0.0097819302296778734,"2X3":0,"2min54":0,"2i\u00e8meann\u00e9e":0,"r\u00e9ellement":0.009813505371396098,"2eme":0,"voisins":0.0099419911906790323,"donn\u00e9s":0.0098452960447599769,"maitrise":0.0099419911906790323,"2\u20ac":0,"2^2x4":0,"2x0":0,"+2x0":0,"02+":0,"2=":0,"2x":0,"2M":0}