{"'":0.0020606044182457182,"a":0.014167309002680512,"alors":0.01107207357494153,"que":0.0046527472383357032,"le":0.0057502559859190193,"au":0.0078537243948491025,"l":0.0073127425067467085,"du":0.013766300898561679,",":0.0021638499995091051,"la":0.0032731985302426746,"de":0.0033273008644868593,"dans":0.0053826545181509776,"question":0.011965175637429416,"?":0.0015820773520135898,"Bonjour":0.001894391530434261,"4":0.012657728614153024,"3":0.010723210925113674,"pas":0.0031648938096985268,"Dans":0.0086204175866551516,"n":0.0063765165296043782,"co\u00fbt":0.024456371300911439,"calcul":0.016143828107088736,"li\u00e9":0.013344203586102003,"investissement":0.011799113975884148,"003":0,"CF":0.021376193153033008,"\u00e9t\u00e9":0.011934446629470047,"3\u00b0":0,"04":0,"3h":0,"3ieme":0,"3\u00e8me":0,"3+":0,"3+1":0,"3M":0,"3=":0,"04\u20ac":0,"inclut":0.013560977877510478,"retrait":0.013649788043951361,"invetsissement":0.013649788043951361,"4\u00e8me":0,"3^2x24":0,"3x0":0,"4ans":0,"4e":0,"3eme":0,"4min25":0,"3e":0,"3+2":0}