{"J":0.0072949570739151209,"'":0.0012690295730114856,"ai":0.00528932276731435,".":0.0011892598793753414,",":0.00067640394493882652,"la":0.0015102664876573036,"pour":0.0032720037840623375,"*":0.0093843750559051593,"est":0.0039041629220681272,"?":0.0014360152221435211,"(":0.018829066582216013,")":0.014002423536952356,"-":0.0054444655025979076,"1":0.0064779279859523229,"\/":0.013915983478966476,"pas":0.0028727013135043259,"il":0.0050209541985610931,"n":0.0057878173839650609,"1+r":0,"%":0.020288957551322557,"calcul":0.0074488248565932596,"01":0,"7":0.016877111382374573,"=":0.009055321247767846,"mon":0.009995876400747724,"1+7":0,"1+3":0,"1+TAP":0,"1+6":0,"1\u00b0":0,"1=1":0,"exact":0.012269098227403779,"1mais":0,"1+TEG":0,"1+TRI":0,"1er":0,"1+2":0,"250000":0,"1\u00e8re":0.0072278592773486819,"1+TAE":0,"1min45":0,"machine":0.012112226657334789,"1+n":0,"1+0":0,"1+5":0.0072278592773486819,"1=5":0,"1+TAEG":0,"1=9":0,"1+r2":0,"1+2r+r":0,"1+1":0,"1x":0,"1\u00e8res":0,"1+taux":0,"1X4X":0,"1X08":0,"1=r":0,"1+rn":0,"1+4":0,"1+i":0,"1+R":0,"1+":0,"1\u20ac":0,"1+x":0,"1+9":0,"1=":0,"007=>":0,"1\u2212":0,"1+F3":0,"1+tri":0,"1+A2":0,"1+12":0.0072112053354740991,"^7":0.012389598640799216,"217":0.04119342659001448,"628\u20ac":0.04119342659001448,"1+41":0,"1x4":0,"1+11":0,"+7":0,"1USD":0,"1^3":0,"7e":0,"1=16":0,"1+15":0,"1+TMEG":0,"1\u00b2=4":0,"1M":0,"1EUR":0,"1+g":0,"1ere":0,"1+rd":0,"1an":0}