{"'":0.0018213723612599461,"du":0.012168060861858393,"avoir":0.02566998781814606,"la":0.004270499947223577,"d":0.0094199018100211834,"?":0.0040605436063729265,"actualisation":0.031256951575879127,"formule":0.023947366087173422,"facteur":0.03392410879916382,"Puije":0.03503340686829845,"ecrite":0.03503340686829845}