{"'":0.0022054671219619024,"ai":0.0062512135075261585,"que":0.0049912009219976834,"mes":0.013179574178735267,"r\u00e9ponses":0.013296831103851405,"les":0.0049677500851958434,".":0.0014055329479703569,"j":0.01460790670231618,",":0.00079941150562315021,"vous":0.0049560546636355082,"un":0.0061531208418087067,"question":0.0065247605600438916,"Bonjour":0.0020321948021208782,"comment":0.0087829870258279725,"savoir":0.011719064891208662,"je":0.0047602241133967325,"il":0.0059340407245844886,"merci":0.010648279114943702,"s":0.010489367843757393,"doit":0.012515246057707938,"car":0.011442811594237977,"aimerais":0.01280259123679591,"plait":0.013336366447209003,"disant":0.014547440859828816,"mail":0.014360780006182003,"valider":0.028491705884957315,"re\u00e7u":0.014547440859828816}