{"'":0.00076126851716025955,"que":0.0049912009219976834,"le":0.0031582703452608229,"en":0.008842102235717535,".":0.0027617386441865766,"l":0.0039877303384096598,"du":0.0050858143266294415,"r\u00e9sultat":0.0062268922015076529,",":0.0015707676229681606,"la":0.0026536077645197705,"Merci":0.0021798244768193266,"de":0.0026974689519492934,"bien":0.0046219726818008712,"\u2019":0.006332307320812889,"vous":0.00250055609439337,"dans":0.0029133496632071823,"est":0.0046141551702671146,"fait":0.0055959024204701785,"!":0.0097457491036817383,"?":0.0008562958118738433,"(":0.0029333354483894536,")":0.0028671601591484428,"Bonjour":0.0010253351591788691,"-":0.0032660390806002002,"valeur":0.010182180853157028,"ce":0.0031898129266684158,"Est":0.0054546231234040695,"\u00eatre":0.0058970368045765127,"\u00e0":0.0019966673389972115,"Dans":0.0046657816488311771,"c":0.0055959024204701785,"m\u00eame":0.0053322223127800494,"%":0.0041544016011436204,"correction":0.0069991612796112363,"calcul":0.0088034322364440084,"\u00e7a":0.013456358365616313,"12":0.0099605037611076967,"18+1":0,"18":0.024104007053365659,"53":0.018993595601564217,"final":0.0068926648098260532,"coup":0.0069991612796112363,"arrondi":0.014500297285365791,"autrement":0.0072924389925047954,"avez":0.0064410344462878695,"lors":0.0066301996792180566,"coupon":0.014224043988395108,"devrait":0.0069991612796112363,"future":0.014269320476764841,"Du":0.0072689754302051298,"18X3XX":0,"12^3+2":0,"12^4+189":0,"12^4":0,"53\u20ac":0,"12\u20ac":0,"omis":0.0073879171079245754,"t=5":0.014406971177929027,"remarquez":0.0073879171079245754,"rajoutant":0.0073637995038233033,"centi\u00e8mes":0.0073879171079245754,"53+12000":0,"12=":0,"12^5":0}