{"'":0.00082099060373225642,".":0.0015157980627180465,"du":0.0054848002779164882,"avoir":0.011570845832996366,",":0.00086212593826981844,"la":0.0037772315929361618,"de":0.0019567614817010918,"pour":0.00417040638728424,"vous":0.010487980058560348,"?":0.0018303056627976808,"Bonjour":0.0021916220096929936,"-":0.0035222622979305812,"on":0.0067416258992918877,"qualit\u00e9":0.015637856491185414,"cours":0.011172423418911646,"il":0.0063995706734616261,"s":0.011312266624318053,"Je":0.0066208479467610914,"partie":0.013926602616799448,"chaque":0.013611768496216313,"Peut":0.0152432303849259,"remercie":0.013728266734849408,"version":0.015437912285440402,"pla\u00eet":0.015437912285440402,"\u00e9lectronique":0.015791443017014795}