{"'":0.0015512708441092458,"alors":0.0082686667395044603,"que":0.0034746893683960029,"le":0.0014789086674914713,",":0.0010992987453516266,"la":0.0012425926516898159,"Merci":0.0030076821883318768,"de":0.0024950710172383004,"d":0.0027409204808401585,"des":0.0046352232537526733,"un":0.004283575016437397,"dire":0.0083135049537148998,"est":0.0063450862964230404,"!":0.013401720749362732,"?":0.004556476141861875,"Bonjour":0.0014147388141234824,"-":0.0022736955389055439,"rentabilit\u00e9":0.01750494414743994,"projet":0.0082464045326167221,"pas":0.0023635547579402682,"ce":0.0044012458918941469,"il":0.0041310595465049093,"Si":0.0085206560479422974,"qui":0.011692737397566828,"n":0.0094064211720299006,"possible":0.0086156887311761004,"y":0.00733890172017142,"quid":0.010127389957442442,"plusieurs":0.018559958863648064,"Comment":0.0082464045326167221,"Et":0.0093119673683000944,"projets":0.0095686089015470047,"aucun":0.0099974435790460541,"ont":0.01833930435056504,"ceux":0.0099022530237656697,"TRI":0.026699553024494064,"rentabilit\u00e9s":0.010061974760122605,"Ils":0.010193713728180523,"auraient":0.020135704918859642}