{"'":0.0012197184144143996,"alors":0.0064674369037133576,"que":0.0027177699813127954,"le":0.0034037067238713958,".":0.00076532989022830755,"l":0.0043005707766096603,"du":0.0027692881379561616,"apr\u00e8s":0.0066097401014093482,"avoir":0.011570845832996366,",":0.0012808318118034442,"la":0.0019249442917231531,"de":0.00098797332364175192,"pour":0.0021056476723980183,"d":0.0021438438416241891,"des":0.0036254954846646681,"dans":0.0031441245612218497,"est":0.0025124639554386214,"?":0.00092412549299699114,"Bonjour":0.0011065549385203815,"on":0.0034038622534016964,"taux":0.0046513775863896486,"utilis\u00e9":0.0070723934999877515,"sans":0.00616579266004083,"pas":0.0036614663971213848,"peut":0.0060236399248960555,"qui":0.0046299734754367446,"demande":0.0075303140483367224,"14":0.015320314200737728,"%":0.0088799041997757438,"correction":0.0075535851961391117,"calcul":0.0094940681031639978,"ne":0.0089395882048465894,"comprends":0.004683715512550468,"exercice":0.0062144051528642075,"En":0.0063135704592943423,"effet":0.0071976009940913997,"cet":0.0073271518008179064,"Je":0.0033428811904053202,"investissement":0.0068921168778591831,"se":0.0065557390575246314,"faire":0.0062471685834749099,"Pourquoi":0.0067955996948907684,"12":0.010749504226336396,"prend":0.0076963416989075219,"croissance":0.0074386528313208069,"dividende":0.0075071869952524168,"initial":0.0077698196188747751,"diminuer":0.0079212595709214177,"actionnaires":0.0077206740790340348,"12^3+2":0,"12^4+189":0,"12^4":0,"0014^2+1":0,"r\u00e9alis\u00e9":0.0078700942894391265,"12\u20ac":0,"12=":0,"14=12":0,"12^5":0,"14\u00e8me":0}