{"'":0.00060678385182017782,"alors":0.0094671814460695388,"que":0.0039783336002854972,"en":0.0047405943670317321,"du":0.0079932887219412319,",":0.00063718646133013217,"la":0.0041500586889257462,"Merci":0.0034436353412346898,"de":0.0014462178538491074,"\"":0.014883047074275995,"dans":0.0046024411452766575,"est":0.0072519899695642669,"fait":0.0088402747772379706,"?":0.0026674009755745269,"Bonjour":0.0016198003225979488,"cours":0.0082573979354628926,"valeur":0.0081159049385824463,"pas":0.0027061438628596234,"fin":0.010382854119508475,"cela":0.0096490115985695766,"n":0.005452243301223284,"le\u00e7on":0.010443603505861203,"deux":0.009544369389585812,"ces":0.0093159997810615073,"Pourquoi":0.0099475536142373307,"entre":0.0098098287369295031,"Cordialement":0.0096490115985695766,"diff\u00e9rence":0.010292977215786035,"g":0.011160596839309121,"Quelle":0.011023045219128107,"\u00e9nonc\u00e9s":0.01140996722500434,"dividende":0.01098919131206698,"augmenter":0.011595320179508891,"facteur":0.011301698567822715}