{"J":0.0041959927011045927,"'":0.00144419860480164,"ai":0.0030423701607233873,"a":0.0037599371713199917,"que":0.0024291412752065998,"le":0.0020498163606741046,"au":0.0081293492724381286,".":0.003305252107741366,"une":0.0063957334352079467,"r\u00e9ponse":0.004630694389462146,",":0.00077135611734501343,"Merci":0.0021026584456248325,"de":0.00088304999899291108,"pour":0.0018820267010212595,"\"":0.017964531993575263,"un":0.0029946299581522723,"dans":0.0028102167580663306,"est":0.0066210822365862952,"question":0.003175501334235829,"?":0.00082598284400260105,"Bonjour":0.00098903817943605198,":":0.0038114294097706673,"-":0.0031514172695638666,"on":0.0030423701607233873,"t":0.0055544318178049759,"risque":0.01633389893435408,"je":0.0023167283893788136,"ou":0.0046864276918183847,"pas":0.0016523515658535012,"ce":0.0030768931909642568,"il":0.0028880070103600906,"Est":0.0052615288524795693,"qu":0.0043959534987158648,"n":0.0033290997126333797,"cette":0.0048712969160115719,"y":0.0051305964916750447,"votre":0.0049555119436311013,"c":0.0053978068465690065,"le\u00e7on":0.0063767875917090612,"remarque":0.0069891723459644325,"diff\u00e9rence":0.0062848162853493903,"Ce":0.0065686994649128937,"terme":0.013638331111007708,"niveau":0.0065885116730520716,"\u00e9galement":0.0067933825278407491,"change":0.0069668421806113826,"pourtant":0.0068789858661545914,"similaire":0.0069668421806113826,"oublie":0.0071031201747008199,"obligataire":0.0070800173332019514,"n\u00e9gligeable":0.0071263840129093771,"Non":0.0071031201747008199,"Investment":0.0071263840129093771,"Grade":0.0071263840129093771,"High":0.0071263840129093771,"Yield":0.0071263840129093771}