{"a":0.0043801738292556488,"en":0.00337205872968438,"les":0.0028165548825980912,".":0.00079689207777494935,"sur":0.0042629074953652079,"du":0.0057087306397198652,"une":0.0037580651078942132,",":0.0021781561462763358,"la":0.0020035348419447292,"Merci":0.0024495115412143755,"de":0.0010287173214001014,"Bien":0.0067341538568957034,"vous":0.0028099239538808894,"un":0.0034886220629049953,"dans":0.0096255592562008701,"comme":0.0062239422673895876,"fait":0.0062882253631961933,"r\u00e9solution":0.0071967625721281753,"?":0.00096223640764832254,"Bonjour":0.0011521892394227341,"-":0.0054444655025979076,"t":0.0064706870823038193,"cours":0.0058736159723764541,"permettant":0.008194656801820464,"pas":0.0019249223472902384,"il":0.0033644106667466258,"o\u00f9":0.0062882253631961933,"\u00e0":0.0044420582701568002,"trouve":0.0069012504354008337,"explications":0.0074286981008569253,"vid\u00e9o":0.0061450543951629012,"cette":0.0056748627154737446,"Y":0.0079387066445097323,"ne":0.003163401247844463,"Je":0.0034807415358914205,"se":0.0068260975895541491,"fonction":0.007769064353381031,"solveur":0.0076985662522557645,"Excel":0.0078408640311785193,"TRA":0.0079635568169235827,"annonc\u00e9":0.0082479321383661201,"nouveau":0.0080137386583435301,"r\u00e9solutions":0.008194656801820464,"Patrick":0.0082479321383661201,"trouvent":0.0083019474337686864,"page":0.0082212032444886549,"pr\u00e9":0.0083019474337686864,"install\u00e9e":0.0082748460087591347}