{"le":0.0022910298025633612,".":0.0083136023360322955,",":0.00086212593826981844,"et":0.0046020949342495754,"de":0.0019567614817010918,"2\u00e8me":0,"an":0.014171845581956496,"est":0.004976139106714743,"non":0.012638434328140566,"5":0,"?":0.0018303056627976808,"1":0.031244792984449134,"\/":0.017665901161697403,"2":0.023171359965000141,"Dans":0.0099729631452306587,"1+r":0,"01":0,"45":0.062780051109271609,"total":0.014868594117591715,"=":0.02264768885543602,"2e":0,"02":0,"48":0.04224892093553604,"1+7":0,"1+3":0,"1+TAP":0,"1+6":0,"1\u00b0":0,"2\u00b0":0,"1=1":0,"1mais":0,"1+TEG":0,"50":0.026638649878178159,"pay\u00e9":0.015537208880570563,"1+TRI":0,"1er":0,"1+2":0,"1\u00e8re":0,"48M":0,"coupon":0.015339930915714331,"1+TAE":0,"1min45":0,"1+n":0,"1+0":0,"1+5":0,"1=5":0,"1+TAEG":0,"1=9":0,"1+r2":0,"1+2r+r":0,"1+1":0,"1x":0,"1\u00e8res":0,"1+taux":0,"1X4X":0,"1X08":0,"2X3":0,"1=r":0,"2min54":0,"1+rn":0,"2i\u00e8meann\u00e9e":0,"1+4":0,"27":0,"2eme":0,"1+i":0,"1+R":0,"1+":0,"1\u20ac":0,"1+x":0,"1+9":0,"1=":0.009233719171240504,"1\u2212":0,"1+F3":0,"1+tri":0,"1+A2":0,"1+12":0,"1+41":0,"5=>":0.012085397773307633,"27+":0.03924949877249119,"47":0.040598219802520596,"72":0.052504013046045989,"2\u20ac":0,"2^2x4":0,"2x0":0,"1x4":0,"+2x0":0,"1+11":0,"02+":0,"045":0,"1USD":0,"1^3":0,"2=":0,"1=16":0,"50\u20ac":0,"1+15":0,"1+TMEG":0,"1\u00b2=4":0,"45=4":0,"2x":0,"2M":0,"1M":0,"1EUR":0,"1+g":0,"45=2788":0,"1ere":0,"1+rd":0,"1an":0}