{"a":0.0065368512815040473,"le":0.00090565802002573318,".":0.0011892598793753414,"sur":0.0032053927152699015,"une":0.0083492323122202425,",":0.0013326136819971118,"la":0.0029754435939841587,"et":0.0018192361275525825,"de":0.0022854845920397388,"d":0.0016784921681040818,"vous":0.00211285602186415,"exemple":0.0048148424955212748,"un":0.0026231870522462554,"est":0.0019670980646858071,"m":0.0037881896848914768,"?":0.0014360152221435211,"(":0.0024785348667736196,")":0.0024226197610557488,"me":0.0038416839375976209,"Bonjour":0.00086636151468766451,":":0.0066263732840181585,"-":0.0041139792899258067,"on":0.0026650057353577511,"4":0.0057887552591354627,"t":0.0048654804869583037,"1":0.018864797538025137,"\/":0.0035588841171264392,"3":0.0049040428602777596,"je":0.0098461242632299634,"il":0.0025297892234562992,"Si":0.010356138244147675,"\u00e0":0.0033484277893201008,"n":0.0029161704063112026,"par":0.010068473409501465,"suis":0.0048527385455202103,"vid\u00e9o":0.0046206286705982019,"pourquoi":0.0042360246339621715,"avec":0.0039610585096138823,"Y":0.0059693231613969647,";":0.016266180624367757,"1+r":0,"calcul":0.0037530628849439317,"01":0,"Je":0.0026172614758856929,"formule":0.0084690094640166372,"nulle":0.0061419532019006164,"partir":0.0057366897128407939,"expliquer":0.0049960499846149363,"003":0,"1+7":0,"simple":0.0059880086622470675,"divise":0.006122261067328584,"retrouve":0.0060447924062999548,"1+3":0,"1+TAP":0,"1+6":0,"1\u00b0":0,"1=1":0,"3\u00b0":0,"nombre":0.0058239878652532684,"laquelle":0.0060447924062999548,"\u00e9gale":0.0060068143279153876,"1mais":0,"1+TEG":0,"04":0,"tombe":0.006122261067328584,"1+TRI":0,"3h":0,"1er":0,"applicable":0.0062220752257220622,"1+2":0,"1\u00e8re":0,"pourriez":0.0057887552591354627,"variance":0.01215104884061958,"1+TAE":0,"1min45":0,"3ieme":0,"3\u00e8me":0,"1+n":0,"1+0":0,"1+5":0,"1=5":0,"1+TAEG":0,"1=9":0,"1+r2":0,"1+2r+r":0,"3+":0,"3+1":0,"1+1":0,"esp\u00e9rance":0.0061617788434890569,"1x":0,"1\u00e8res":0,"1+taux":0,"1X4X":0,"1X08":0,"1=r":0,"1+rn":0,"prends":0.012112226657334789,"3M":0,"1+4":0,"\u00e9chantillon":0.0062220752257220622,"1+i":0,"1+R":0,"1+":0,"3=":0,"1\u20ac":0,"04\u20ac":0,"1+x":0,"Laurent":0.0061027006537058004,"1+9":0,"1=":0,"1\u2212":0,"1+F3":0,"1+tri":0,"1+A2":0,"1+12":0,"1+41":0,"troubl\u00e9":0.0062424535028471236,"s\u00e9rie":0.0062424535028471236,"attendrais":0.0062424535028471236,"minimum":0.0062220752257220622,"4\u00e8me":0,"3^2x24":0,"1x4":0,"3x0":0,"1+11":0,"1USD":0,"1^3":0,"4ans":0,"4e":0,"1=16":0,"3eme":0,"1+15":0,"1+TMEG":0,"4min25":0,"1\u00b2=4":0,"1M":0,"1EUR":0,"3e":0,"3+2":0,"1+g":0,"1ere":0,"1+rd":0,"1an":0}