{"'":0.00144419860480164,"du":0.0096482723102710461,"une":0.0063957334352079467,"autre":0.012213201507068075,"la":0.0017222745414073328,"Merci":0.0041687470584699429,"de":0.0017507418256366709,"d":0.0074692080217963969,"est":0.0044522211550986606,"!":0.0094037215330978492,"?":0.0032196773904065285,"(":0.011029358885909099,")":0.010780539401312244,"Bonjour":0.0019608748200724969,"-":0.0091407146358762695,"t":0.011012259908463417,"risque":0.010983420501701676,"il":0.0057257852573871287,"elle":0.012213201507068075,"bonne":0.012460325858957396,"s":0.01989932601142437,"La":0.011842595966830244,"m\u00e9thode":0.01306243470682604,"COC":0.01279224889125688,"\u00e9valuation":0.013901357776738794,"mesure":0.02741961436633281,"Existe":0.014082701541877487,"volatilit\u00e9":0.013812515726308329}