{"'":0.00042289472944600771,"a":0.0042916793874702907,"alors":0.006598100994682248,"que":0.0027726781233414995,"le":0.0011801163425053541,".":0.0022965902042039717,"la":0.003851370259792515,"et":0.0023705529433063,"Merci":0.0024000230585795677,"de":0.0057630560483880548,"2\u00e8me":0,"exemple":0.0062739733872090812,"?":0.00094279595229660948,"(":0.0063953446681635842,")":0.0062510673460986817,"Bonjour":0.0011289110893884149,"-":0.0018143279043020585,"4":0,"1":0,"3":0,"2":0.0060826126649426403,"pas":0.0037347150680609644,"ce":0.0069545244490222613,"il":0.0032964381032145888,"Est":0.0060056309171888098,"qui":0.0093534880683802842,"qu":0.0050176431570779509,"par":0.0044403510502142663,"pourquoi":0.0055197456294286216,"cette":0.0055602111450588484,"y":0.0058561816874772585,"eu":0.0074751850392860298,"%":0.0090575491950201995,"ne":0.0061375994326623128,"comprends":0.0047783424009013873,"base":0.0075430289723216609,"Je":0.00341041869227264,"82":0.01867252349839111,"12":0.010966680554302432,"18+1":0,"18":0.013390094705902359,"2e":0,"ann\u00e9e":0.012891269781723117,"02":0,"2\u00b0":0,"continu":0.015899191091230343,"dividende":0.007658857553322327,"BPA":0.015696615862741382,"distribution":0.0080551069158302496,"3\u00e8me":0.013172064007254522,"18X3XX":0,"2X3":0,"2min54":0,"2i\u00e8meann\u00e9e":0,"12^3+2":0,"12^4+189":0,"12^4":0,"2eme":0,"12\u20ac":0,"1+12":0.0047344172238762,"cro\u00eetre":0.016054773387768853,"distribustion":0.0081342197972589757,"2\u20ac":0.0064071036758695547,"4\u00e8me":0.0077300833076683652,"r\u00e9duit":0.0081342197972589757,"donnerai":0.0081342197972589757,"2^2x4":0,"2x0":0,"+2x0":0,"02+":0,"2=":0,"12=":0,"2x":0,"2M":0,"12^5":0}