{"le":0.001645567189021068,"au":0.006526140920456492,"du":0.011500544171714798,",":0.0012215027778592865,"la":0.002727356520884907,"de":0.0027724366933011618,"pour":0.0029954581595230197,"un":0.004766291964950169,"est":0.0070504406282739032,"?":0.0025932678187664481,":":0.02330272846171292,"4":0.010518082442902459,"ou":0.0074589792274756036,"\u00e0":0.0030654229044441202,"%":0.012581488580332792,"calcul":0.0068192595938376434,"formule":0.022633659102170259,"obtenir":0.0098046069191898497,"35":0.02332297298518634,"13\u20ac":0,"Q1":0.011268647612064156,"correspondant":0.011195860762721086,"09":0,"ici":0.010269458988180175,"9":0.017980276431433892,"utilis\u00e9e":0.010812435930233821,"Quelle":0.021131460212644622,"04":0,"13":0.022657936534569951,"9+":0,"CMPC":0.02087424180873991,"77":0.028191552677869599,"Rcp":0.011232129551402096,"77\u20ac":0,"pr\u00e9cise":0.011124057549593348,"0035^3+1":0,"04\u20ac":0,"9=":0,"9=850":0,"4\u00e8me":0,"Concerne":0.022374099485281067,"Quizz":0.022228525979461448,"aboutissant":0.011342445422150607,"Q2":0.011268647612064156,"d\u00e9riv\u00e9e":0.011342445422150607,"4ans":0,"4e":0,"4min25":0}