{"J":0.0068719999613597402,"'":0.0017700040480108942,"en":0.013828435273044259,".":0.0022090524623564083,"une":0.010417675381425889,",":0.00063718646133013217,"la":0.0028053228408967258,"de":0.0042186545471502692,"des":0.0053070828670194123,"dans":0.0046024411452766575,"est":0.0036778019634316041,"?":0.0026674009755745269,"Bonjour":0.0016198003225979488,"-":0.0026032598601534239,"pays":0.011483356092296854,"ailleurs":0.011266080275583921,"il":0.0047298423704065671,"pratique":0.011266080275583921,"qui":0.0067774606285345759,"qu":0.014196143099332977,"elle":0.01008883766500261,"m\u00eame":0.0084237191566922179,"Mais":0.01059849739260765,"se":0.0095964401500439195,"va":0.01098919131206698,"int\u00e9r\u00eats":0.010693584807085507,"retrouve":0.011301698567822715,"d\u00e9duction":0.011520423275102457,"dette":0.010922105948668449,"imagine":0.011373638928411343,"France":0.011595320179508891,"Laurent":0.01140996722500434,"majorit\u00e9":0.011671257351914821,"Belgique":0.011633156929283439}