{"'":0.00144419860480164,"ai":0.006031826845050655,"au":0.0081293492724381286,".":0.0013562056962162252,"j":0.0071734978692422451,"du":0.0096482723102710461,"la":0.0017222745414073328,"de":0.0017507418256366709,"2\u00e8me":0,"m":0.0085739793848530095,"?":0.0032196773904065285,"2":0.010565262514518876,"quiz":0.01078498836486415,"pas":0.0064408589309205904,"\u00e0":0.003818473085655479,"compris":0.011070318468293825,"toujours":0.012213201507068075,"calcul":0.0084944753252207007,"comprends":0.0082997956027594001,"flux":0.011554086851577237,"Au":0.013221927566083022,"2e":0,"02":0,"2\u00b0":0,"vraiment":0.01306243470682604,"niveau":0.025681988704947537,"s\u00e9quence":0.01403689766786214,"aider":0.01279224889125688,"rembourser":0.013768537934075838,"svp":0.012717036338931858,"veuillez":0.01403689766786214,"Surtout":0.014082701541877487,"2X3":0,"2min54":0,"2i\u00e8meann\u00e9e":0,"2eme":0,"2\u20ac":0,"2^2x4":0,"2x0":0,"+2x0":0,"02+":0,"2=":0,"2x":0,"2M":0}