{"'":0.00050442385741542549,"le":0.001407628887844854,"au":0.0055825034353327472,".":0.0052783571417307999,"sur":0.0025060147889351511,"l":0.0013291132334698659,"du":0.0016951053734464952,"une":0.0043920125310119166,"r\u00e9ponse":0.0063045798365830782,",":0.0013010538865801129,"la":0.0023375745532588843,"et":0.0014223008052939954,"Merci":0.0014399824895624828,"de":0.0046443763900705986,"pour":0.0012888852680751591,"des":0.0022191973428943241,"\"":0.012401507451691692,"un":0.0040771171803430841,"dans":0.0019245460107469071,"est":0.0015379010559001865,"5":0.0072367552273031217,"m":0.0029616525077896041,"?":0.00056566525795839339,"\u00e9gal":0.0091918565222860928,"(":0.0057441735168393881,")":0.0056145864475745672,"Bonjour":0.00067733190945020686,":":0.0026102154735084815,"-":0.0042772929860610456,"on":0.0041421143261726971,"taux":0.0028471487067563851,"comment":0.0029273755481865455,"1":0.0050729213350979244,"\/":0.0055314345823571061,"obligation":0.0043543360914565258,"je":0.0015865859339729495,"pas":0.0011315947801132933,"ce":0.0041891166074827391,"cas":0.0037840110955221474,"il":0.0019778198086833928,"Si":0.0040794188814964353,"qui":0.0056341526286031278,"\u00e0":0.0026221827115571975,"co\u00fbt":0.0088368049585198297,"votre":0.0033937278022945949,";":0.0043040872471947845,"1+r":0,"%":0.010783396788169402,"1000":0.0078508858717519798,"ne":0.0018596533748511416,"01":0,"vois":0.0044318428488298346,"Je":0.0020462066734707463,"7":0.013216611637569094,"partie":0.0043040872471947845,"1+7":0,"arrive":0.0038038914849677741,"donne":0.0088631533227277026,"logiquement":0.0096392745379917499,"1+3":0,"56":0.023414610530173397,"1+TAP":0,"effectif":0.0047711651735451105,"1+6":0,"1\u00b0":0,"1=1":0,"conclusion":0.0048018532904210848,"laquelle":0.0047258918054148818,"11":0.0086915894355882924,"20":0.0079102718179048619,"inverse":0.0047864577414675575,"1mais":0,"rendement":0.0045257188673987819,"1+TEG":0,"moyen":0.0092203524156110259,"dette":0.0090796266202549224,"sera":0.0092203524156110259,"1+TRI":0,"1er":0,"1+2":0,"1\u00e8re":0,"63":0.013057243522338099,"TRA":0.0046814975876050807,"1+TAE":0,"1min45":0,"moyenne":0.0047559742181198499,"05":0,"1+n":0,"1+0":0,"97":0.0096185760838137461,"1+5":0,"1=5":0,"1+TAEG":0,"1=9":0,"1+r2":0,"1+2r+r":0,"1+1":0,"obtenus":0.0048329589454920094,"1x":0,"1\u00e8res":0,"1+taux":0,"1X4X":0,"1X08":0,"1=r":0,"1+rn":0,"20\u00e8me":0,"5i\u00e8me":0,"1+4":0,"5eme":0,"0005+1":0,"832":0.029108518564730124,"1+i":0,"1+R":0,"1+":0,"1\u20ac":0,"97\u20ac":0,"Julie":0.0048329589454920094,"1+x":0,"5e":0,"1+9":0,"1=":0,"1000x":0,"007=>":0,"1\u2212":0,"1+F3":0,"1+tri":0,"Voici":0.0048173532167745938,"=1000":0.0048804256410926849,"1+A2":0,"1+12":0,"1+41":0,"5=>":0,"5^2x18":0,"5x0":0,"1x4":0,"5^2":0,"1+11":0,"interroge":0.0048486719309184185,"risqu\u00e9e":0.0048486719309184185,"rembours\u00e9e":0.0048644936575933957,"TRE":0.018928661877092072,"=300":0.0048804256410926849,"Fait":0.0048804256410926849,"63\u20ac":0,"+7":0,"1USD":0,"1^3":0,"7e":0,"5\u00e8me":0,"1=16":0,"1+15":0,"1+TMEG":0,"1\u00b2=4":0,"1000+413":0,"5+5":0,"1M":0,"1EUR":0,"1000\u20ac":0,"5xtaux":0,"1+g":0,"1ere":0,"56=mensualit\u00e9":0,"1+rd":0,"63euro":0,"1000k":0,"5ans":0,"5min08s":0,"1an":0}