{"J":0.0030200077030703605,"'":0.0013005783011299931,"ai":0.0043518635001135123,"questions":0.0041270515279472793,"le":0.0043289262015244042,"en":0.002083328228473244,".":0.0033214941321463749,"j":0.002604158941929129,"du":0.001781482449117225,",":0.0010992987453516266,"la":0.0053594781131774275,"et":0.0014947766443833563,"Merci":0.0015133593299724519,"de":0.005448064330473578,"bien":0.0032088388561850685,"pour":0.0013545626838130729,"d":0.0013791342710622622,"2\u00e8me":0,"mal":0.0044211503516528488,"est":0.0032122040696850218,"5":0.007603211416440046,"r\u00e9solution":0.0044463100503405774,"?":0.0028994921728072959,"(":0.0040473629296046794,")":0.0039560554684423405,"Bonjour":0.00071184654819377111,"suivante":0.0046439059360964914,":":0.0027432235938318452,"-":0.0066553536462481524,"on":0.0021897038377967889,"taux":0.0059468212390868394,"rentabilit\u00e9":0.0044589893898970582,"t":0.0039977254659032827,"1":0.01052799611935973,"\/":0.0029241596391910499,"3":0.0040294102670772021,"2":0.0038354542445719442,"sans":0.0039664530599785603,"risque":0.0079243565864252786,"D":0.0042173054915809229,"o\u00f9":0.0038849968094637039,"\u00e0":0.0013862011269511717,"trouve":0.0042637364875253948,"avance":0.0027246217259241641,"co\u00fbt":0.00928428477060852,"c":0.0038849968094637039,"1+r":0,"%":0.0057321678106712747,"1000":0.0082509415695566496,"exercice":0.0039977254659032827,"01":0,"esp\u00e9r\u00e9e":0.0049667079343013306,"prime":0.0046715238179849804,"cet":0.004713555139411572,"raisonnement":0.004335109931510206,"ces":0.0040940615917932407,"Comment":0.0041492991801385026,"formule":0.0035060485702048724,"7":0.0069868822892186228,"partie":0.0045234095829434313,"Au":0.0047998900297145401,"entre":0.0043110824385782058,"2e":0,"003":0,"car":0.0040082407092513856,"02":0,"1+7":0,"La":0.004299158199364256,"diff\u00e9rence":0.0045234095829434313,"1+3":0,"1+TAP":0,"effectif":0.0050142882865318464,"1+6":0,"suivre":0.0049200515310420766,"1\u00b0":0,"2\u00b0":0,"1=1":0,"3\u00b0":0,"d\u00e9finition":0.0049667079343013306,"niveau":0.0047419901371964441,"Quelle":0.0048442493684870266,"1mais":0,"rendement":0.0047563348321626349,"1+TEG":0,"moyen":0.0048742838754423558,"particulier":0.0050628299227400394,"dette":0.01422003747915911,"quelques":0.0048293717403324133,"1+TRI":0,"3h":0,"1er":0,"1+2":0,"1\u00e8re":0,"1+TAE":0,"1min45":0,"05":0,"3ieme":0,"3\u00e8me":0,"1+n":0,"1+0":0,"1+5":0,"1=5":0,"1+TAEG":0,"1=9":0,"1+r2":0,"1+2r+r":0,"3+":0,"3+1":0,"1+1":0,"22":0.023962640293121874,"1x":0,"Virginie":0.0050792308688117488,"1\u00e8res":0,"1+taux":0,"1X4X":0,"1X08":0,"2X3":0,"1=r":0,"2min54":0,"1+rn":0,"5i\u00e8me":0,"2i\u00e8meann\u00e9e":0,"3M":0,"1+4":0,"5eme":0,"2eme":0,"0005+1":0,"985":0.030582521270308385,"1+i":0,"1+R":0,"1+":0,"3=":0,"petites":0.0050957445370467024,"1\u20ac":0,"1+x":0,"5e":0,"1+9":0,"1=":0,"1000x":0,"007=>":0,"1\u2212":0,"1+F3":0,"1+tri":0,"1+A2":0,"1+12":0,"1+41":0,"5=>":0,"2\u20ac":0,"2^2x4":0,"5^2x18":0,"3^2x24":0,"2x0":0,"5x0":0,"1x4":0,"+2x0":0,"3x0":0,"5^2":0,"1+11":0,"02+":0,"=co\u00fbt":0.0051291163133716129,"concepts":0.0050957445370467024,"+7":0,"1USD":0,"1^3":0,"7e":0,"5\u00e8me":0,"2=":0,"1=16":0,"3eme":0,"1+15":0,"1+TMEG":0,"1\u00b2=4":0,"1000+413":0,"5+5":0,"2x":0,"2M":0,"1M":0,"1EUR":0,"3e":0,"1000\u20ac":0,"3+2":0,"5xtaux":0,"1+g":0,"1ere":0,"1+rd":0,"1000k":0,"5ans":0,"5min08s":0,"1an":0}