{"'":0.0024655024801572742,"a":0.0037599371713199917,"que":0.0024291412752065998,"le":0.0020498163606741046,"tout":0.0060569140900904109,"les":0.0024177281110195157,"au":0.0081293492724381286,".":0.0020168695874622188,"du":0.0024751881745341546,",":0.00077135611734501343,"la":0.0025612657088199394,"et":0.0020768396991959763,"Merci":0.0021026584456248325,"de":0.00088304999899291108,"d":0.005649659708377699,"vous":0.0024120361279302473,"dans":0.0028102167580663306,"est":0.0022456388651686874,"m":0.0043245967945081476,"?":0.0016376000383929474,"+":0.005956756159601684,"Bonjour":0.00098903817943605198,"suivante":0.0064522336789626343,"-":0.0031514172695638666,"\/":0.0040628215916257288,"d\u00e9terminer":0.0063030089585646943,"vid\u00e9os":0.0063581895086598627,"pas":0.003275965121222081,"il":0.0028880070103600906,"mais":0.0045976956304328818,"qu":0.0043959534987158648,"n":0.0066002990943540771,"tr\u00e8s":0.0061601701750597536,"sont":0.0053153743306620796,"exemples":0.0068789858661545914,"avance":0.0037855840114664886,"pourquoi":0.0048358451073748591,"y":0.0051305964916750447,"eu":0.0065490041436375131,"peu":0.0062130211037951305,"le\u00e7on":0.0063767875917090612,"ne":0.0027154607107434591,"comprends":0.0041863022813159552,"mani\u00e8re":0.0066486637017623817,"Je":0.0029878653210390085,"expliquer":0.0057034899373807884,"Pourriez":0.0056882810396715255,"autant":0.0069007341337768485,"reprise":0.0070800173332019514,"carr\u00e9":0.0070800173332019514,"Cette":0.0069226250140087811,"volatilit\u00e9":0.0069668421806113826,"B\u00eata":0.0071031201747008199,"num\u00e9rateur":0.0070800173332019514,"d\u00e9nominateur":0.0070570732753732646,"\u00e9videntes":0.0071263840129093771}