{"'":0.0024655024801572742,"ai":0.0042443990222676914,"en":0.0040382065114757896,"au":0.0057203568653369065,".":0.00095431753577894345,"j":0.0050477555348649042,"l":0.0079299966453668623,"du":0.0068230351893462018,",":0.0015897089371362636,"la":0.003549482747477684,"de":0.0024341911774908658,"vous":0.003365022414178318,"trouv\u00e9":0.0089223235507776937,"!":0.031563328897074999,"question":0.0044301298153133356,"?":0.0011523255193447433,"Bonjour":0.0013798033966996523,"on":0.0042443990222676914,"4":0.0092194124898283807,"quiz":0.0075890431285438207,"pas":0.0023051893754057677,"peut":0.0075110946050096434,"mais":0.00641422766053352,"qu":0.0061327779810486571,"\u00e0":0.0026869344640770274,"Dans":0.0062787872918274529,"formatif":0.0090281761882709741,"r\u00e9soudre":0.0090014866277547609,"solveur":0.018216648695158304,"indiqu\u00e9":0.0095968469785272861,"solution":0.0089749491453317339,"gr\u00e2ce":0.009813505371396098,"aide":0.0086430547730251776,"avez":0.0086677620753440598,"04":0,"seulement":0.0095968469785272861,"indice":0.0096271879038438753,"ordre":0.0098452960447599769,"04\u20ac":0,"4\u00e8me":0,"visualisant":0.0099419911906790323,"d\u00e9croissant":0.0099419911906790323,"profitabilit\u00e9":0.0098773052124385662,"4ans":0,"4e":0,"4min25":0}