{"'":0.0018213723612599461,"ai":0.0030971905811260324,"le":0.0031023452359894132,"au":0.0041742153155372433,".":0.0027132469232667104,"j":0.003683409786966151,"du":0.0025197885515873381,"apr\u00e8s":0.0060142342027258771,",":0.0015431874515557538,"et":0.0021142622412944549,"Merci":0.0021405462153119103,"de":0.0017820116621239765,"afin":0.006568496376836562,"d":0.0019506937882247792,"Quiz":0.006959085972069433,"est":0.0022861029968020961,"m":0.0044025216365959031,"si":0.0051711581119314731,"Bonjour":0.0010068596429420112,"comment":0.0043515686446793005,"savoir":0.0058062610334709249,"cours":0.005132756563226034,"Par":0.0067275195798523722,"je":0.0069516372831268779,"temps":0.0061488458942088597,"pas":0.0033344768287615289,"Alors":0.006959085972069433,"mais":0.0046805414361792167,"\u00e0":0.0019606893863141203,"n":0.0033890867083530237,"MOOC":0.007047363686001144,"toujours":0.006271170185219041,"comprendre":0.0059006699071035753,"ne":0.002764390554873414,"\u00e7a":0.0066670105470028112,"s":0.0051970023497898794,"Je":0.0030417036195867749,"obtenir":0.006271170185219041,"arrive":0.0056545170379668427,"pass\u00e9":0.0071842345684870008,"rat\u00e9":0.0071610365200486491,"peux":0.006959085972069433,"Certificatif":0.0072311111861742628,"voudrais":0.0067891255127134004,"certificat":0.013666670994378056,"prochain":0.0070923776010380626,"inscrire":0.0070250783543402591,"tant":0.0072075920549353051,"compl\u00e8tement":0.0071151101332917995,"Final":0.0072547942151201059,"cons\u00e9quent":0.0072075920549353051,"pourrai":0.0072547942151201059,"effort":0.0072547942151201059,"consentis":0.0072547942151201059,"d\u00e9crocher":0.0072547942151201059}