{"'":0.0014958202762020503,"a":0.0038979241228646578,".":0.0027617386441865766,"du":0.002566025775042109,"une":0.0033443085161408235,"r\u00e9ponse":0.0048006374957488256,",":0.00079941150562315021,"la":0.0017849162705570875,"Merci":0.0021798244768193266,"de":0.0035651607785930389,"d":0.0019864883252390716,"est":0.0023280521734650238,"5":0,"question":0.0032920399168694828,"?":0.0016971620278402367,"(":0.0058138151196023211,")":0.0056826569537864477,"-":0.0079526420539689432,"on":0.0031540229264001326,"taux":0.0043099721594654569,"int\u00e9r\u00eat":0.0062096310077064034,"4":0.0068509671706885279,"t":0.0057582754139022304,"obligation":0.0065915304257197199,"trouver":0.0055245419091516715,"pas":0.0066710820471616201,"ce":0.0063221486079779524,"il":0.0029939947610169216,"\u00e0":0.0039573567253113279,"n":0.010169461664700084,"quizz":0.0062968109872552549,"y":0.0053188856404651182,"parle":0.0069137035504999722,"%":0.0041544016011436204,"comprendre":0.006008945100613651,"Je":0.0030975177988572635,"formatif":0.0067088590238560536,"Pourquoi":0.0062968109872552549,"10":0.0097149495812694012,"donc":0.0058039138183275159,"Pour":0.0059128038577377501,"versement":0.0072924389925047954,"D\u00e9sol\u00e9":0.0073160627168788054,"arrive":0.0057582754139022304,"ici":0.0066890259484731684,"ni":0.0071314396296456124,"dernier":0.0068303052455392782,"10i\u00e8me":0,"04":0,"Taux":0.0072456698728902182,"10+1":0,"coupon":0.027948894414810278,"05":0.0055959024204701785,"message":0.0072225202067571935,"+10":0,"poster":0.0073160627168788054,"z\u00e9ro":0.021418624061863116,"04\u20ac":0,"10^7":0,"4\u00e8me":0,"Slt":0.0073879171079245754,"maintenant":0.0073637995038233033,"4ans":0,"4e":0,"4min25":0,"10\u00e8me":0,"10H":0,"10min15":0,"10^1":0,"10^2":0}