{"'":0.00144419860480164,"que":0.0048160344666041193,"le":0.0010338990642270553,"en":0.009914493319769126,"les":0.0036107319582030033,"au":0.0020592374013792864,".":0.0026664293566657565,"sur":0.0054649090715320793,"l":0.0028984198332561249,"du":0.0096482723102710461,"avoir":0.0052217071404594322,"une":0.0032259196192250994,"autre":0.0030937139605017329,",":0.0011471155876402253,"la":0.0053896903567453346,"et":0.0020768396991959763,"Merci":0.001055981182749277,"de":0.0054787759488532095,"pour":0.0037313208382319151,"d":0.0037990065028578176,"des":0.0016274021746025657,"\"":0.017964531993575263,"dans":0.0028102167580663306,"est":0.0044522211550986606,"5":0.0026694469965518968,"?":0.0016376000383929474,"Bonjour":0.0004967072558447385,":":0.0056921412765848726,"-":0.0015895313494910118,"utilis\u00e9":0.0063213013181581089,"rentabilit\u00e9":0.0031113621177434997,"serait":0.0032025019171541291,"4":0.0033188417199701741,"\/":0.008054981822853741,"2":0,"risque":0.013670092503451289,"je":0.0023167283893788136,"pas":0.0016523515658535012,"il":0.0057257852573871287,"\u00e0":0.0019259850910435124,"Dans":0.0045006124546647947,"n":0.0016719152173058746,"trouve":0.0029751199268122745,"possible":0.0060231931238484849,"avance":0.0019011673009199663,"vid\u00e9o":0.015552637136901271,"cette":0.0072749898437180962,"votre":0.0024887196369207296,"m\u00eame":0.0025831100092735862,"march\u00e9":0.015463617536335678,"celle":0.0033906319911965153,"finance":0.0033698048978129916,"%":0.0040073353180747773,"ne":0.001363738090228897,"En":0.0028340176779760818,"effet":0.003230838807895891,"prime":0.016016067709524351,"ces":0.0028567253766684153,"puis":0.0033188417199701741,"Pourquoi":0.0030503895999795076,"12":0.0096079008097618036,"chaque":0.0030849590609361372,"ann\u00e9e":0.0028643634739660326,"02":0.0027532924401155816,"obtiens":0.0032791579866778549,"prenant":0.010437909802984762,"\u00e9t\u00e9":0.0031291980248616641,"mensuels":0.0035441498354538857,"m\u00eames":0.0067513901845614845,"primes":0.0035556726262206979,"31":0.01635898417503415,"aide":0.0031113621177434997,"calculant":0.0035213391508309316,"choisir":0.0033906319911965153,"obtenez":0.0069668421806113826,"p\u00e9riode":0.0033289111764073739,"rapport\u00e9":0.0035672751601184913,"m\u00e9thode":0.0033088323800489995,"valeurs":0.0098992558682830453,"Quelle":0.0033801861040896912,"Vous":0.0067933825278407491,"04":0,"fichier":0.0068573783650046245,"Serait":0.0034547121270087533,"meilleure":0.0035441498354538857,"expliqu\u00e9":0.0069891723459644325,"estim\u00e9e":0.0070342858334941803,"=>":0.0034876946882188772,"Excel":0.0067305904457914982,"2014":0.01005757382495738,"action":0.0033801861040896912,"[":0.0064713646612504314,"]":0.0064713646612504314,"estimation":0.0069891723459644325,"Michelin":0.0035441498354538857,"rendements":0.0035327056991618618,"moyenne":0.0069446603895454793,"arithm\u00e9tique":0.0035672751601184913,"b\u00eata":0.0069668421806113826,"05":0,"esp\u00e9rance":0.0035327056991618618,"33":0.0078792486505767194,"5i\u00e8me":0,"12^3+2":0,"12^4+189":0,"12^4":0,"5eme":0,"0005+1":0,"pr\u00e9senter":0.0035556726262206979,"04\u20ac":0,"5e":0,"12\u20ac":0,"5=>":0,"4\u00e8me":0,"5^2x18":0,"5x0":0,"5^2":0,"2010":0.0095752577257750271,"Shifumy":0.0035556726262206979,"Estimation":0.010642827199865878,"Note":0.0071263840129093771,"allant":0.0071263840129093771,"Yahoo":0.0071031201747008199,"historiques":0.0035789585485631889,"celles":0.0035556726262206979,"pr\u00e9sent\u00e9es":0.0035789585485631889,"r\u00e9alisation":0.0035556726262206979,"observation":0.0035789585485631889,"Finance":0.0035789585485631889,"4ans":0,"5\u00e8me":0,"4e":0,"12=":0,"4min25":0,"5+5":0,"12^5":0,"5xtaux":0,"5ans":0,"5min08s":0}