{"'":0.0010737008417484185,".":0.0019823779327829646,"Quand":0.0099388993117911564,"j":0.0053100053622513518,"une":0.0047342843694288123,"r\u00e9ponse":0.0067958990475089649,",":0.003222548688682156,"la":0.0037293722150567336,"Merci":0.0030858124777951921,"pour":0.0027620184769615898,"d":0.0028121211254410906,"vous":0.0035398479462736255,"2\u00e8me":0,"5":0.015403930771425513,"?":0.0012121931508997737,"Bonjour":0.0014514893569472105,"-":0.0023327591232480986,"2":0.0078206757189173848,"je":0.0033999765327949335,"votre":0.0072725937117075643,"bonne":0.0092234497496898344,"explication":0.0092234497496898344,"calcule":0.0091968953184425935,"%":0.011613239628566934,"VAN":0.007761048850211714,"Comment":0.0084606206408426657,"formule":0.0071490017019891303,"rentre":0.010390468254728133,"2e":0,"02":0,"obtiens":0.0095824308209806631,"obtenez":0.01022437504126922,"2\u00b0":0,"croissante":0.010159482959191425,"05":0,"via":0.010159482959191425,"N=":0.010356796090765251,"2X3":0,"2min54":0,"5i\u00e8me":0,"2i\u00e8meann\u00e9e":0,"5eme":0,"2eme":0,"0005+1":0,"Julie":0.010356796090765251,"5e":0,"5=>":0,"2\u20ac":0,"2^2x4":0,"5^2x18":0,"2x0":0,"5x0":0,"+2x0":0,"5^2":0,"02+":0,"35973":0.034772883187109783,"cf1=":0.0104585149120884,"8000":0.031376960672395753,"R=":0.0104585149120884,"G=":0.0104585149120884,"5\u00e8me":0,"2=":0,"5+5":0,"2x":0,"2M":0,"5xtaux":0,"5ans":0,"5min08s":0}