{"J":0.0055783138112309423,"'":0.00144419860480164,"ai":0.0040446437101695843,"le":0.004030133876538282,".":0.00090940422857099616,"sur":0.0048647818323360684,"une":0.0042886614080875334,"et":0.0054585832607850033,"est":0.0029854385336060703,"question":0.004221633404101686,"?":0.00109809330824779,"(":0.0074367965379202386,")":0.0072690243309625844,"Bonjour":0.0013148653320417944,"-":0.0081698275933293797,"on":0.0040446437101695843,"comment":0.005682745148241527,"t":0.0073842749332346247,"pas":0.0021966996173237389,"D":0.0077898653854254294,"peut":0.0071575979052058408,"mais":0.0061123531097487943,"n":0.0044258329860914682,"merci":0.0068896215262100411,"avance":0.0050327007406803792,"Marie":0.00889311298658731,"chose":0.0086032806629673143,"etre":0.0093516496839465384,"derni\u00e8re":0.0087855167581582412,"bon":0.0089479053744812159,"grand":0.0090313835793977958,"Ce":0.0087326812883403836,"levier":0.00932156057175932,"d\u00e9termine":0.0092916740813927638,"Bonne":0.0091164621025845872,"VD":0.0094124468956197169,"VCP":0.0094431607001928021,"soir\u00e9e":0.0092916740813927638,"num\u00e9rateur":0.0094124468956197169,"d\u00e9nominateur":0.0093819441841546201,"week":0.0094740885399735696,"end":0.0094740885399735696}