{"'":0.00082099060373225642,"le":0.0022910298025633612,".":0.0015157980627180465,"du":0.0054848002779164882,"r\u00e9ponse":0.010261213323325788,",":0.0016917109472333936,"la":0.0019249442917231531,"Merci":0.004659307015757317,"de":0.0019567614817010918,"pour":0.00417040638728424,"d":0.0042460570054758395,"dans":0.0062271942853592095,"r\u00e9solution":0.013689229782698887,"Bonjour":0.0021916220096929936,"pas":0.0036614663971213848,"avance":0.0083885227199242598,"votre":0.010980980583733511,"calcul":0.0094940681031639978,"ne":0.0060172231809244667,"comprends":0.0092764793207391547,"exercice":0.012308134586049646,"cet":0.014512019779611149,"Je":0.0066208479467610914,"TRI":0.014130402979079705,"Virginie":0.015637856491185414}