{"'":0.00082099060373225642,".":0.0015157980627180465,"l":0.0021713679686856569,",":0.0012808318118034442,"la":0.0028598256650721834,"de":0.0019567614817010918,"2\u00e8me":0,"un":0.0033504495965200856,"est":0.0025124639554386214,"5":0.0059469430381669987,"?":0.00092412549299699114,"(":0.0062699132795284336,")":0.0061284656571582554,"Bonjour":0.0011065549385203815,":":0.012547634830578198,"-":0.0035222622979305812,"4":0.0073936522009423258,"\/":0.0090028569238247303,"3":0.0062636587080075173,"2":0.0059621569375718185,"pas":0.0036614663971213848,"ce":0.0034424872836583695,"mais":0.0051439903043682574,"n":0.0037246607910948032,"cette":0.0054501006851780812,"explication":0.0070315733435206002,"%":0.017424636562138704,"On":0.0074613581118181792,"ne":0.0030381096729193771,"comprends":0.004683715512550468,"Je":0.0033428811904053202,"journ\u00e9e":0.0076005670374894715,"formule":0.0054501006851780812,"7":0.010861005256839296,"12":0.010749504226336396,"partie":0.0070315733435206002,"A":0.0068921168778591831,"&":0.0077698196188747751,"Pour":0.012638434328140566,"2e":0,"003":0,"02":0,"2\u00b0":0,"3\u00b0":0,"B":0.0076481473897199873,"04":0,"3h":0,"dividende":0.0075071869952524168,"05":0,"3ieme":0,"3\u00e8me":0,"3+":0,"3+1":0,"Virginie":0.0078955893177118722,"2X3":0,"2min54":0,"5i\u00e8me":0,"2i\u00e8meann\u00e9e":0,"3M":0,"12^3+2":0,"12^4+189":0,"12^4":0,"5eme":0,"2eme":0,"0005+1":0,"3=":0,"04\u20ac":0,"5e":0,"12\u20ac":0,"007=>":0,"5=>":0,"2\u20ac":0,"4\u00e8me":0,"2^2x4":0,"5^2x18":0,"3^2x24":0,"2x0":0,"5x0":0,"+2x0":0,"3x0":0,"5^2":0,"02+":0,"branche":0.015739892388426439,"Valeur=40":0.0079731355040045058,"=909":0.0079731355040045058,"Valeur=85":0.0079731355040045058,"=1181":0.0079731355040045058,"dirait":0.0079471074743552392,"Gordon":0.0078955893177118722,"Shapiro":0.0078700942894391265,"Belle":0.0079471074743552392,"+7":0,"7e":0,"4ans":0,"5\u00e8me":0,"4e":0,"2=":0,"12=":0,"3eme":0,"4min25":0,"5+5":0,"2x":0,"2M":0,"12^5":0,"3e":0,"3+2":0,"5xtaux":0,"5ans":0,"5min08s":0}