{"'":0.0012952116616584191,"a":0.0044723947573085997,"que":0.0028894309157250883,"le":0.002434259393340194,".":0.002391354198971957,"sur":0.0086155669733574292,"l":0.0023085168286040574,"du":0.0086529337236380122,"une":0.0038371880526546754,",":0.00091602394745255334,"la":0.003036831704709407,"de":0.0010503761116175171,"d":0.0022792542110144209,"vous":0.0028690845728166791,"dans":0.0066165032712929119,"est":0.0052872351767466108,"comme":0.0063549822111043774,"!":0.021887961557468007,"question":0.0037772161799386902,"projet":0.013573446512322352,"Par":0.015559219433509309,"pas":0.0019654499912187301,"cas":0.0065723920834284627,"D":0.0069698154142861573,"\u00e0":0.0022909333936592131,"Dans":0.0053534180572102873,"n":0.0039599193877253094,"contre":0.0081312229025373352,"elle":0.007327439672454388,"cette":0.0057943422445049042,"consid\u00e9r\u00e9":0.0081312229025373352,"calcul":0.01008761406563995,"VAN":0.0062904129959761371,"&":0.0082605802443736047,"avez":0.0073903051422281847,"Difficile":0.0084490660301943799,"R":0.0083135266185960718,"influence":0.0083942938620013199,"Monsolini":0.0082869651868741293,"similaire":0.0082869651868741293,"d\u00e9pense":0.01661549710649006,"\u00e9tude":0.0083671885059943447,"cons\u00e9quent":0.0084215855105764965,"tr\u00e9sorerie":0.0083942938620013199,"exclue":0.008476738053235738,"incluse":0.008476738053235738,"nuancer":0.008476738053235738}