{"J":0.0057127438679680179,"'":0.0019486224622170675,"ai":0.0081867580363422995,"a":0.0051190646765779209,"que":0.0065366115251011755,"le":0.0067216336140456853,".":0.0018407239079718876,"j":0.0049261109538213353,"l":0.0026423085603705133,"une":0.0043920125310119166,"la":0.0011827027258614741,"Merci":0.0028627192651007921,"d":0.0026088148192819111,"question":0.004323369239918942,"?":0.001124555918765175,"me":0.0059709792978792659,"Bonjour":0.0013465518644186791,"-":0.0021641089764901753,"projet":0.0078489480088417846,"je":0.0031541703818233923,"ce":0.0041891166074827391,"il":0.0039319525829346778,"Est":0.0071634458945142518,"qui":0.0056341526286031278,"plus":0.0066646194270884775,"avance":0.0051539822370257945,"concernant":0.0089431274698898843,"toujours":0.0083869245968773831,"soit":0.0086313426275823387,"En":0.0076828992191469965,"quelque":0.0092203524156110259,"investissement":0.0083869245968773831,"VAN":0.014230479041173227,"suivant":0.0091918565222860928,"choisir":0.0091918565222860928,"important":0.0096080367511308176,"initiale":0.0096392745379917499,"trompe":0.0096080367511308176,"cour":0.0096707285050280974,"sensation":0.0097024016652403032,"faudra":0.0097024016652403032}