{"'":0.0010737008417484185,"au":0.01188274216111038,",":0.0011274980997411383,"la":0.0025174640208379256,"Merci":0.0060934946661270637,"de":0.0025590749034790669,"d":0.0055530416062812447,"question":0.0092025885053791147,"?":0.0023936945464039234,"Bonjour":0.0028662281710706908,"-":0.0046064546621536395,"il":0.0083694312549831597,"Est":0.015247886819169307,"possible":0.017455186432962195,"7":0.028132466043597409,"r\u00e9soudre":0.018698544021342828,"solveur":0.019151235503748445,"excel":0.019151235503748445,"gr\u00e2ce":0.020385328532838597,"007=>":0,"+7":0,"7e":0}