{"'":0.0011964729071457885,"a":0.0061578486752906217,"en":0.0047405943670317321,"les":0.0039596416555087617,"au":0.0067153305449247601,".":0.0011203073249515226,"*":0.033920273424627667,"dans":0.0046024411452766575,"?":0.0026674009755745269,"+":0.0097556957350845956,"Bonjour":0.0016198003225979488,"-":0.0051331786163893584,"on":0.0098249269869179496,"comment":0.0070006503328136765,"obligation":0.010413144438103096,"sans":0.0090256277317425238,"risque":0.0090729647246056942,"indic\u00e9":0.010955545738060611,"ce":0.0050391912940764092,"cas":0.0090492449975023391,"Est":0.0086170850729588716,"qu":0.0071994863731202723,"moins":0.010922105948668449,"actifs":0.010822996494215928,"deux":0.009544369389585812,"tous":0.01008883766500261,"=":0.0085302993059784404,"Et":0.010661704900306448,"AOA":0.01085583376122469,"proc\u00e9der":0.011373638928411343,"devrait":0.011057110055319555,"Fonds":0.011633156929283439,"Actif":0.011671257351914821,"lorqu":0.011671257351914821}