{"'":0.0021305741005890962,"en":0.005738801256429513,".":0.0013562056962162252,"j":0.0071734978692422451,"du":0.0049073274088900281,"la":0.0033861555148006054,"d":0.0037990065028578176,"vous":0.0047821216680032043,"\"":0.017964531993575263,"m":0.0085739793848530095,"?":0.0016376000383929474,"-":0.0031514172695638666,"valeur":0.0098248366876751321,"mais":0.0091154272701725308,"Je":0.005923765124147092,"utilisant":0.013426855185983938,"obtenir":0.012213201507068075,"difficult\u00e9s":0.013552928205045363,"fonction":0.013221927566083022,"excel":0.013101949053326975,"Valeur":0.013946230039326046,"cible":0.01368144939627451,"TEG":0.013812515726308329,"aider":0.01279224889125688,"quelques":0.013303138810486661,"Pouvez":0.01139907664293521,"souhaite":0.01368144939627451,"\u00e9prouve":0.01403689766786214}