{"'":0.0012690295730114856,"le":0.0017974886587176116,"l":0.0066475200465588528,"du":0.0043032466377588433,"la":0.0015102664876573036,"de":0.0015352295143598019,"\"":0.015785586753346306,"dans":0.0048857116965656481,"?":0.0014360152221435211,"(":0.0049192280250940192,")":0.0048082515128162247,"-":0.010577644118987267,"on":0.00528932276731435,"taux":0.0072278592773486819,"t":0.0096566759208634809,"\/":0.0070634319983642934,"\u00e0":0.0065968874348165778,"calcule":0.010895030766294124,"r":0.010989919442688043,"Comment":0.010022808675344752,"rente":0.011118900189845777,"\u00e9quation":0.011701490417565987,"F":0.011959483769468001,"cash":0.01152398744688337,"flow":0.011847508050032537,"croissante":0.012035352755192106,"g":0.02334130580281011,"perp\u00e9tuelle":0.012035352755192106,"croissance":0.011559056404098638,"infini":0.012112226657334789,"relative":0.012269098227403779,"repris":0.012269098227403779}