{"'":0.0015512708441092458,"le":0.00111267692130803,".":0.0021677399020325373,"l":0.0061502380186811857,"une":0.0034717183083921273,"r\u00e9ponse":0.0049835297806726433,",":0.001628996514586725,"la":0.00093488137334902654,"pour":0.0040129944670498621,"vous":0.0051431191865960223,"exemple":0.0059154382846932233,"dans":0.011766352613009708,"Bonjour":0.0010643978649634682,":":0.0041018409709239886,"-":0.0017106455644163791,"serait":0.0068626664157806798,"actif":0.01861938184846056,"obligation":0.0068426512532707064,"sans":0.0059308908348738084,"risque":0.0059619967640642266,"risqu\u00e9":0.0073567714255824397,"je":0.0024932513250005449,"investir":0.0074500938771191938,"D":0.0063059812153721728,"notre":0.0075217117777476592,"peut":0.005794153775989833,"qu":0.0047309028264003287,"\u00e0":0.0020727353720835129,"dont":0.0070905227966853602,"par":0.0082949429678042721,"avance":0.0040740262845488026,"votre":0.005333096782582751,"%":0.012699133963506559,"ne":0.0029223650239221114,"comprends":0.0045052772511422565,"exercice":0.0059776513089998765,"mani\u00e8re":0.0071552581044456547,"Je":0.0063709441503212007,"100":0.011373532991600746,"25":0.022966006347168715,"A":0.0066295438522746943,"Cordialement":0.0063405267928659474,"car":0.0059933743641972237,"reprendre":0.0075702626838765807,"dernier":0.0070905227966853602,"ont":0.0069851571109054251,"remercie":0.0066673622265135193,"sollicite":0.0076443418522442689,"propos\u00e9":0.0074738082363447426,"identifier":0.0075459052185223238,"\u00e9quivalente":0.0076443418522442689,"25\u20ac":0,"0025^t":0,"position":0.0076194786915723452,"25=":0,"025":0}