{"J":0.0018448917909422134,"'":0.0011145449076714047,"ai":0.0026650057353577511,"a":0.0032935683683441241,"que":0.0010680435160165562,"le":0.00045458417879354281,"tout":0.0026631006961257068,"en":0.0050323679579150635,"les":0.0042033492531200712,".":0.0005992041966036807,"sur":0.0016089084212387037,"l":0.0017000417935057034,"apr\u00e8s":0.0025975303673252152,"une":0.0014183705853875999,",":0.0022815981900293171,"la":0.0015102664876573036,"et":0.0044962734512721623,"de":0.0033901280009626098,"pour":0.0016485870184598172,"d":0.00084249900843069562,"des":0.0028385303343251189,"mal":0.0027008354919072172,"\"":0.0080123994653393225,"*":0.0023733047814180662,"un":0.0013166772728776101,"dans":0.001235594577264156,"est":0.0029393272179391024,"comme":0.0046799465448972557,"r\u00e9solution":0.00541143582104646,"!":0.0020854468296470385,"question":0.0027816238068685516,"?":0.00072353096444077844,"si":0.0066487493380345602,"(":0.0061257416509856019,"capital":0.0029411810988195543,")":0.005987546503276789,"Bonjour":0.0004348597693436553,":":0.0016758072119597695,"-":0.0013923717165031846,"on":0.0091521690763855107,"taux":0.0036417301941801105,"int\u00e9r\u00eat":0.0026335961305403235,"fond":0.0059880086622470675,"je":0.0020293699053019385,"pas":0.0014473999438582158,"ce":0.0092560225173219934,"il":0.0025297892234562992,"utiliser":0.0026631006961257068,"notre":0.0030729954995288018,"\u00e0":0.0033484277893201008,"n":0.0014637367527947729,"fois":0.0028119655094204833,"merci":0.0022785749648600129,"utilise":0.0028622951045726955,"compris":0.0024550451086444553,"cette":0.00214180918122809,"y":0.0022558178777661959,"peu":0.0027317377430911426,"Ou":0.0029962301523038591,"c":0.0023733047814180662,"aurait":0.0029232808438603461,"m\u00eame":0.0045054850194068035,"r":0.0027793463289085426,"%":0.0035102801572415064,"ne":0.0011939322898626367,"s":0.0022445702923443336,"se":0.0025763087535846229,"flux":0.0051048726227180567,"VA":0.0026190633116689203,"67":0.006095945945664271,"ans":0.0027239509730243401,"donc":0.0024615254843592719,"t=0":0.0028968332325604129,"18+1":0,"18":0.0051579026462153857,"doit":0.0026780784048134002,"faut":0.0026046729737076841,"int\u00e9r\u00eats":0.0028708537452367521,"car":0.0048782781919938728,"trop":0.0029962301523038591,"soucis":0.0030534245067159482,"compr\u00e9hension":0.0029411810988195543,"moment":0.0029411810988195543,"retraite":0.0030828797302485441,"grand":0.0029869107386779632,"sous":0.0029776501230056934,"Ma":0.0029869107386779632,"annuit\u00e9s":0.0030534245067159482,"son":0.0028794625834937118,"l\u00e0":0.0029593023501604289,"\u20ac":0.0029411810988195543,"37":0.0073655915330124236,"75":0.010530420371588488,"Un":0.0029593023501604289,"point":0.0029232808438603461,"sens":0.0030341110344467895,"Lors":0.0030534245067159482,"lors":0.0028119655094204833,"imagine":0.0030534245067159482,"p\u00e9riodes":0.0030729954995288018,"vue":0.0030729954995288018,"continuer":0.0030928309732136095,"importe":0.0030729954995288018,"vais":0.0030729954995288018,"via":0.0030437360047728249,"18X3XX":0,"1200":0.0083829948466429063,"75+0":0,"garde":0.0031333246506976267,"67=13":0,"origine":0.0030928309732136095,"0075":0,"capitaliser":0.0031333246506976267,"leur":0.006063968022115309,"essayer":0.0031028501432775204,"d\u00e9biteur":0.0031230960189544219,"spoiler":0.0031333246506976267,"\u00e0pd":0.0031333246506976267,"fixant":0.0031333246506976267,"r=3":0.0062424535028471236,"pr\u00e9c\u00e9dantes":0.0031333246506976267,"pension":0.0062424535028471236,"contrario":0.0031333246506976267,"retire":0.0031230960189544219,"distribuer":0.0031333246506976267,"inversent":0.0031333246506976267,"passant":0.0031230960189544219,"cr\u00e9diteur":0.0031333246506976267,"chaussette":0.0031333246506976267,"matelas":0.0031333246506976267,"etc":0.0030729954995288018,"super":0.0031230960189544219,"cursus":0.0031333246506976267,"67\u20ac":0}