{"'":0.0012316833059343383,"ai":0.0017275464681569396,"a":0.0021350019352219165,"que":0.0040971072114805952,"le":0.0017438241880877985,"en":0.004882125361854059,".":0.0033628066924702468,"sur":0.0020778435073713452,"l":0.0021930830889090071,"du":0.001405484001961021,"une":0.0018317712015113309,",":0.00043964252978063697,"la":0.00098162848434691437,"Merci":0.0011939507619335352,"de":0.0019761403992033422,"bien":0.0025315835581056854,"pour":0.0010686696255110756,"d":0.0032318989922627329,"toute":0.0039184380107322916,"vous":0.0013696244288966041,"un":0.0033839563152522167,"000":0.017394837635006804,"dans":0.0031755678927201259,"veut":0.0038100878983810989,"dire":0.0033001876369561649,"est":0.0025375902618205879,"?":0.0013931426307984024,"si":0.002884361068055567,"me":0.0024903089063262763,"Bonjour":0.00056160471063483727,"ma":0.0034106428143775092,":":0.002164240729311262,"-":0.00090258223811431773,"taux":0.0093036673566568289,"4":0.011146118310213879,"1":0,"je":0.0026179220048943011,"calculer":0.0027864110415981112,"choix":0.0039184380107322916,"ou":0.0026610902617282871,"pas":0.0018671707671477607,"ce":0.003476914440321846,"il":0.0032634715132652684,"o\u00f9":0.0060995658302400672,"Si":0.0033824197982355916,"qui":0.0023498290264706376,"\u00e0":0.0032484596454964748,"cela":0.0033454310948868053,"n":0.0018903598664452505,"fois":0.0036315455867917579,"avance":0.0021495649587114488,"x":0.0037868285771094252,"compris":0.0031705965808627137,"cette":0.0027660643965159871,"probl\u00e8me":0.0037075974843616523,"selon":0.0038336361627065844,"offre":0.0039686558057551195,"%":0.00452832164455454,"t\u00eate":0.0039942725591187956,"soit":0.0035998633300665258,"ne":0.0015419177524237852,"comprends":0.0023771044740345305,"Je":0.0033763122200552451,"VA":0.0033824197982355916,"donc":0.0031789657375074355,"semble":0.0036315455867917579,"18+1":0,"18":0.013256184786246478,"faut":0.0033638352287803496,"entre":0.0034011883763206637,"\u00e9claircissement":0.0038816288755076263,"Et":0.0036965443282584338,"actuelle":0.0038574806393775227,"solution":0.003652965146906047,"banque":0.0039308682906889327,"15":0.017936479292344043,"Ce":0.0037298990463068725,"entreprise":0.0036855552487824253,"Cela":0.0039060887103728546,"Valeur":0.0039942725591187956,"sup\u00e9rieur":0.0039184380107322916,"dernier":0.0037411489956519872,"Vous":0.0038574806393775227,"bizarre":0.0040202402378133875,"04":0,"inf\u00e9rieur":0.0039686558057551195,"pr\u00eat":0.0039308682906889327,"dois":0.0038938193413199955,"p\u00e9riodes":0.0039686558057551195,"inconnu":0.0040333587047083792,"40":0.016558767759940047,"payer":0.0077488935690235216,"accepter":0.0040072119329151723,"Calcul":0.0039942725591187956,"1x":0.0023606921559183045,"18X3XX":0,"compl\u00e8tement":0.0078978218441070822,"04\u20ac":0,"essayer":0.0040072119329151723,"4\u00e8me":0,"15x4":0,"saisis":0.0040072119329151723,"int\u00e9ret":0.0040465685902284932,"retrouvez":0.0040465685902284932,"repr\u00e9sentait":0.0040465685902284932,"Paul":0.0040465685902284932,"15ans":0,"4ans":0,"4e":0,"4min25":0,"15\u20ac":0,"15h":0,"40=":0}