{"'":0.0019950876913831968,"le":0.0014423886461880724,"en":0.0040382065114757896,".":0.0018856372151798352,"l":0.0053498658576913846,"du":0.0034531255938374606,",":0.0020950505889410168,"la":0.003549482747477684,"et":0.0057249588116314726,"de":0.0036081517528018942,"d":0.0052820512865304967,"des":0.0089325783516841038,"Bonjour":0.0013798033966996523,"taux":0.005799971035884411,"inflation":0.0093609831334352227,"comment":0.0059634023858139802,"savoir":0.007956917085979013,"ce":0.0042925619702520431,"qui":0.0057732814753681978,"\u00e0":0.0026869344640770274,"suis":0.007728673325035745,"calcul":0.0059772841116331804,"En":0.007872619480317344,"Je":0.0082362668164868598,"concerne":0.0093898210928446725,"se":0.0081745882690147636,"monnaie":0.0099095358986105893,"voulais":0.0098452960447599769,"Pierre":0.0098773052124385662,"KOFFO":0.0099419911906790323,"service":0.0098773052124385662,"Chambre":0.0099419911906790323,"Commerce":0.0099419911906790323,"Industrie":0.0099419911906790323,"Mines":0.0099419911906790323,"Artisanat":0.0099419911906790323,"Cameroun":0.0099419911906790323,"raret\u00e9":0.0099419911906790323,"biens":0.0099419911906790323,"affluence":0.0099419911906790323}