{"J":0.0036194199028221062,"'":0.0024296896790450065,"ai":0.0052091691511659387,"a":0.0032432829131599119,"le":0.002635654826779681,".":0.0011712380107797599,"j":0.003121033332116256,"l":0.0049474782530531548,"du":0.0063098438572203293,"r\u00e9ponse":0.0039943890828727565,",":0.0009918100532565928,"la":0.0022145014037292556,"et":0.0035559806076970184,"de":0.0015119648730045556,"pour":0.0016234167656025147,"d":0.0032808745987136416,"exemple":0.0047413305718415778,"\"":0.0078909807470222641,"est":0.0019370648573823134,"5":0.004584986918181131,"question":0.0054371173512477574,"?":0.0014142540595216736,"Bonjour":0.00085313410348865067,"ma":0.0051811098530046215,"-":0.0027216075734226128,"on":0.0052091691511659387,"taux":0.010598198825476518,"utilis\u00e9":0.0054526891328133334,"inflation":0.01148877480827013,"quiz":0.0046923145147295675,"savoir":0.0049197714260721401,"cours":0.00434909642042881,"je":0.0019983859456531652,"valeur":0.0042745733453562508,"pas":0.0014253013696461049,"il":0.0024911649751047848,"utiliser":0.010370694018987898,"mais":0.0039659246946559925,"\u00e0":0.0032976862090587562,"Dans":0.00388218175141596,"cela":0.0050820466849237017,"n":0.0028716469776538483,"par":0.0033556361949209777,"cette":0.0042019303336077798,"eu":0.0056491032348331069,"lorsque":0.0057003738561703932,"dit":0.00535928773989765,"calcul":0.0036957619716493149,"concerne":0.011524167759722188,"formule":0.0083406713452066333,"doit":0.010429020478115628,"Pour":0.0049197714260721401,"quel":0.010792059510165231,"aimerais":0.0053746457700494877,"\u00e9t\u00e9":0.0053746457700494877,"moment":0.011453599660975195,"approximation":0.012083174124627611,"quelle":0.0055005510184574337,"correcte":0.0058417334673831148,"nominal":0.0059713847330767752,"Fisher":0.0061071497196290942,"utilisation":0.0060287877732909745,"05":0,"concr\u00e8tement":0.0059713847330767752,"5i\u00e8me":0,"5eme":0,"0005+1":0,"5e":0,"5=>":0,"5^2x18":0,"5x0":0,"5^2":0,"extr\u00eamement":0.0061471451379520696,"faible":0.0061071497196290942,"5\u00e8me":0,"5+5":0,"5xtaux":0,"5ans":0,"5min08s":0}