{"'":0.0015905808596886281,"questions":0.0021243955712324726,"que":0.0026823570281631014,"le":0.0018905783551871269,"en":0.0010723910840515897,"les":0.0026697541460321723,"au":0.0015191049993475245,".":0.0019823779327829646,"sur":0.0027025703626699584,"l":0.0035488696027050726,"du":0.0018280584632246705,"r\u00e9ponse":0.001715595674858388,",":0.0019367205377886821,"la":0.001900100055239094,"et":0.0022933312361722012,"premier":0.0024632199257823085,"Merci":0.00077900017397550866,"de":0.0022462774996626364,"bien":0.0016517465335037403,"pour":0.0020782107653436639,"d":0.0014151910827905438,"des":0.0035782547311698342,"vous":0.0044106271619497629,"2\u00e8me":0,"exemple":0.0040595495732334876,"un":0.0011094608652427443,"euros":0.0024335944987201124,"dans":0.0031031561435305309,"an":0.0023694232074775068,"est":0.0041063546519687468,"question":0.0023452770778220034,"?":0.00061003237814091392,"(":0.0031244440146209417,")":0.003053957365540828,"Bonjour":0.00036642228577459342,"ma":0.0022252938986074386,":":0.0042087360537630186,"-":0.0017552254495491067,"1":0.0027518829562247654,"2":0.0078206757189173848,"cours":0.0018679429704087859,"vos":0.0044484493255791168,"je":0.0025582261274889064,"valeur":0.0018359352058623039,"pas":0.0030214749327562443,"ce":0.0033976311546508203,"il":0.0010699588267387165,"Est":0.0019493094087569465,"Si":0.0022068796262725704,"peut":0.0019946555142710239,"\u00eatre":0.0021074140351924463,"moi":0.0022252938986074386,"\u00e9nonc\u00e9":0.0047234103236025232,"mais":0.0033956434080514961,"\u00e0":0.0055814960835573989,"fin":0.0046822024425737761,"ann\u00e9es":0.0023833985250429385,"n":0.0024587176713316561,"suivantes":0.002606086547003146,"dont":0.0024409345941214231,"par":0.0057091495965258055,"quizz":0.0022502806564132839,"leurs":0.0026145289172916728,"pourquoi":0.0017916006224416429,"cette":0.0018047349311322487,"termes":0.0025893727460967546,"encore":0.0023904458514891606,"votre":0.0072725937117075643,"aux":0.0023150495089406123,"1+r":0,"%":0.0058810718178956669,"dit":0.0023018215492110797,"lequel":0.0025566078513400421,"1000":0,"ne":0.0039851467848287256,"comprends":0.0015509557494917394,"exercice":0.0020578251124943789,"01":0,"s":0.0056371662845080186,"agit":0.0024262977079684092,"Je":0.0011069546790863198,"journ\u00e9e":0.0025168358570464462,"concerne":0.0024935724292926746,"deux":0.0021590745471638932,"ans":0.0022952602476425644,"montant":0.0023487519333447917,"trois":0.0025647180603683493,"Pour":0.0021130486802229524,"erreur":0.0023018215492110797,"quel":0.0023351605609117378,"exacte":0.002597701413563322,"2e":0,"ann\u00e9e":0.0021130486802229524,"compte":0.0043632120350663656,"\u00e9pargne":0.0076685776962556011,"fais":0.0025246885973632472,"02":0,"1+7":0,"actuelle":0.0025168358570464462,"propos\u00e9e":0.0025728818025169712,"d\u00e9cimales":0.002597701413563322,"Ma":0.0025168358570464462,"1+3":0,"1+TAP":0,"1+6":0,"quelle":0.0023624943241174197,"1\u00b0":0,"2\u00b0":0,"1=1":0,"situation":0.0025647180603683493,"unique":0.0025566078513400421,"ici":0.0023904458514891606,"opportunit\u00e9":0.0025485504779246609,"chapitre":0.0025566078513400421,"1mais":0,"rapporte":0.002597701413563322,">":0.0025728818025169712,"avez":0.0023018215492110797,"emprunt\u00e9":0.002597701413563322,"1+TEG":0,"argent":0.0025325915152748378,"ont":0.0024046621280666212,"dette":0.002470738504832821,"rembourser":0.0076685776962556011,"sais":0.0024335944987201124,"retrouver":0.0025485504779246609,"lors":0.0023694232074775068,"1+TRI":0,"1er":0,"raison":0.0025647180603683493,"fil":0.0026230293111989393,"1+2":0,"1\u00e8re":0,"pourriez":0.0024483185112473653,"Selon":0.0025810997891973007,"63":0,"1+TAE":0,"1min45":0,"Sachant":0.0026230293111989393,"1+n":0,"1+0":0,"1+5":0,"1=5":0,"1+TAEG":0,"1=9":0,"devez":0.0026145289172916728,"1+r2":0,"1+2r+r":0,"1+1":0,"poster":0.0026145289172916728,"arrondis":0.002597701413563322,"discussion":0.0052460330427635373,"1x":0,"troisi\u00e8me":0.0026145289172916728,"1\u00e8res":0,"Bonne":0.0025405452561588415,"1+taux":0,"1X4X":0,"1X08":0,"2X3":0,"1=r":0,"2min54":0,"1+rn":0,"2i\u00e8meann\u00e9e":0,"affiche":0.002606086547003146,"1+4":0,"professionnelle":0.0026145289172916728,"2eme":0,"1+i":0,"bout":0.0025893727460967546,"1+R":0,"1+":0,"1\u20ac":0,"Excusez":0.0026230293111989393,"meubler":0.0026315885318295628,"appartement":0.0026230293111989393,"parents":0.0078180443628646616,"convenus":0.0026315885318295628,"\u00e9poque":0.0026315885318295628,"leur":0.0076442453344278405,"1500\u20ac":0.0067877090267508449,"Depuis":0.0026315885318295628,"am\u00e9lior\u00e9e":0.0026315885318295628,"interrogez":0.0026315885318295628,"anticipativement":0.0026315885318295628,"\u00e9quilibr\u00e9":0.0026315885318295628,"1+x":0,"1+9":0,"1=":0,"1\u2212":0,"1+F3":0,"1+tri":0,"1+A2":0,"1+12":0,"1+41":0,"page":0.0026145289172916728,"2\u20ac":0,"2^2x4":0,"2x0":0,"1x4":0,"+2x0":0,"1+11":0,"02+":0,"maintenant":0.0026315885318295628,"g\u00e9n\u00e9rale":0.0026230293111989393,"d\u00e9di\u00e9e":0.0026402073990780752,"rappelle":0.0026402073990780752,"3835":0.015790356449059097,"63\u20ac":0.014790662970334901,"4000\u20ac":0.014790662970334901,"protagoniste":0.0026402073990780752,"permettront":0.0026402073990780752,"L\u00e9o":0.0026402073990780752,"Z":0.0026402073990780752,"1USD":0,"1^3":0,"2=":0,"1=16":0,"1+15":0,"1+TMEG":0,"1\u00b2=4":0,"2x":0,"2M":0,"1M":0,"1EUR":0,"1000\u20ac":0.0043122736688804885,"1500":0,"1+g":0,"1ere":0,"1+rd":0,"1an":0}