{"'":0.00068637549578745615,"ai":0.0028412122364015126,"que":0.00450017034750141,"le":0.0009655388783419847,"tout":0.0056564380790225131,"les":0.0022578707818010049,".":0.0024942780853752402,"j":0.0033789812684385974,"du":0.0023115316537323091,"avoir":0.0048764540271624699,"une":0.0030126256213381893,"\u00e9tait":0.0060614547068861624,"et":0.0019395215094395416,"bien":0.0041635732035830387,"pour":0.0017575893167794401,"exemple":0.005133193235993031,"un":0.0027966285596798452,"dire":0.0054276592088109516,"?":0.0037353380227426103,"Bonjour":0.00092364414230707329,"comment":0.0039919177580311988,"je":0.0042919168627648177,"calculer":0.0045826756576215202,"ou":0.0043765666239111876,"pas":0.0030611078886998971,"moi":0.0056093195041766871,"\u00e0":0.003568034961534571,"n":0.0031089835687468483,"tr\u00e8s":0.0057528669935199041,"par":0.0036329736467903247,"contre":0.0063839275304864449,"compris":0.0052145270580481861,"cette":0.0045492125131894497,"le\u00e7on":0.005955161922239347,"soit":0.0059205213470581719,"ne":0.0025359176534249907,"journ\u00e9e":0.0063442120928730297,"effectivement":0.006548050670631262,"tous":0.0057528669935199041,"final":0.0062090619047730534,"bon":0.0062855717491795979,"rien":0.006304996233770648,"esp\u00e8re":0.0064854876409049427,"mieux":0.0064039766008136181,"juste":0.006228014058525925,"puissance":0.0065691871562786469,"certificat":0.0063245425027595109,"quoi":0.0062090619047730534,"Bonne":0.0064039766008136181,"test":0.0064241554394894309,"voudrai":0.006548050670631262,"\u00e9taient":0.0065270565192999466,"difficile":0.0066118949431995576,"voire":0.0066334702520852535,"fractionnelle":0.0066551959127682057,"pr\u00e9cedentes":0.0066551959127682057,"expliqu\u00e9es":0.0066551959127682057,"condamnation":0.0066551959127682057,"d\u00e9finitive":0.0066334702520852535,"courage":0.0066551959127682057}