{"'":0.0011317662802134826,"ai":0.004709593965788658,"le":0.0046755964900805644,"du":0.0038315953270478334,",":0.001188472878733941,"la":0.0013447358480290204,"et":0.0032149512381879418,"Merci":0.003254918699726763,"pour":0.0057490613198960643,"d":0.0029662287332621194,"?":0.0012786227883048475,"(":0.0086433101638118178,")":0.0084483193214231461,"Bonjour":0.0015310327132248432,"-":0.0024605971188643287,"on":0.004709593965788658,"3":0.0086664168696930274,"calculer":0.0075962440777165834,"pas":0.0050474684917930666,"n":0.0051534517793189833,"pourquoi":0.007485896105346378,"co\u00fbt":0.019826972356383643,"compris":0.0086436010842080944,"%":0.0062033616016038328,"ne":0.0042035376045802359,"Je":0.0046252203851515159,"cr\u00e9ation":0.010854050088543026,"Cordialement":0.0091202305627412598,"compte":0.0091452561177877839,"003":0,"15":0.016462055397734651,"3\u00b0":0,"opportunit\u00e9":0.010648681328863679,"cash":0.010260916969758567,"flow":0.010548978551066311,"3h":0,"millions":0.010854050088543026,"tient":0.010889085931338416,"3ieme":0,"3\u00e8me":0,"3+":0,"3+1":0,"3M":0,"3=":0,"magasin":0.010959878367397207,"3^2x24":0,"3x0":0,"15x4":0,"15ans":0,"3eme":0,"15\u20ac":0,"3e":0,"3+2":0,"15h":0}