{"'":0.00095891164691584078,"a":0.0032935683683441241,"le":0.0017974886587176116,"les":0.0021178419922678478,"au":0.003591741439585711,".":0.0011892598793753414,"du":0.0021681749204556927,",":0.0016535156400871104,"la":0.004398145762025003,"et":0.0018192361275525825,"Merci":0.0018418524114620623,"de":0.0030246243700229754,"d":0.0016784921681040818,"\u2019":0.0053505113062939447,"vous":0.00211285602186415,"un":0.0026231870522462554,"b\u00e9n\u00e9fice":0.0060447924062999548,"dans":0.0048857116965656481,"est":0.0019670980646858071,"5":0.0046560748128753882,"m":0.0037881896848914768,"?":0.00072353096444077844,"(":0.012025388878214518,")":0.011754099214535445,"Bonjour":0.00086636151468766451,"suivante":0.011217552334280999,":":0.0066263732840181585,"-":0.0013923717165031846,"4":0.0057887552591354627,"3":0.0049040428602777596,"vid\u00e9os":0.0055695430246532123,"Par":0.0057887552591354627,"je":0.0020293699053019385,"moi":0.015545745651939348,"qui":0.010710545301626375,"suis":0.0048527385455202103,"vid\u00e9o":0.0046206286705982019,"contre":0.0059880086622470675,"co\u00fbt":0.0056855349809848011,"avec":0.0039610585096138823,"peu":0.0054423807757751014,"b\u00e9n\u00e9fices":0.0061419532019006164,"selon":0.011737651872621846,"calcul":0.0074488248565932596,"mani\u00e8re":0.011559056404098638,"s":0.004471807822630772,"VAN":0.0091940663750087314,"th\u00e9or\u00e8me":0.006122261067328584,"flux":0.010131805207525256,"VA":0.015417104848914389,"futurs":0.0060068143279153876,"calcul\u00e9e":0.0061419532019006164,"003":0,"3\u00b0":0,"\u00e9claircir":0.006122261067328584,"aujourd":0.0059693231613969647,"hui":0.00595075629944715,"traite":0.0061817398147363724,"04":0,"Pouvez":0.0050363853956006252,"correspond":0.011559056404098638,"3h":0,"s\u00e9paration":0.0061419532019006164,"effectue":0.0061617788434890569,"05":0,"3ieme":0,"3\u00e8me":0,"dessus":0.006122261067328584,"3+":0,"3+1":0,"5i\u00e8me":0,"3M":0,"5eme":0,"0005+1":0,"3=":0,"04\u20ac":0,"5e":0,"5=>":0,"4\u00e8me":0,"5^2x18":0,"3^2x24":0,"5x0":0,"3x0":0,"5^2":0,"confuse":0.006201837975865882,"Co\u00fbt":0.0062220752257220622,"+VA":0.0062424535028471236,"4ans":0,"5\u00e8me":0,"4e":0,"3eme":0,"4min25":0,"5+5":0,"3e":0,"3+2":0,"5xtaux":0,"5ans":0,"5min08s":0}