{"J":0.0023128710155925331,"'":0.0021438100018484388,"ai":0.0033377636458901765,"alors":0.0031863168930572976,"que":0.0026649943993626566,"le":0.0027954507181339374,"r\u00e9ponses":0.003567077643484877,"en":0.0062907391894057273,"les":0.0026524730944274392,".":0.0011203073249515226,"j":0.0039695171988356924,"sur":0.0020170275961417057,"l":0.0021292028079239935,"du":0.0040537470513900215,"une":0.0035391345105269022,"autre":0.0033955442880686114,",":0.0010519420439497344,"pu":0.003709965357136389,"constater":0.0038899257925846015,"la":0.0004788309992410461,"\u00e9tait":0.003577683602026197,"et":0.0022784867324196971,"de":0.0019191220815889579,"pour":0.0010373909864565328,"d":0.0021022131638516409,"des":0.001786175525246683,"vous":0.0039503195926845775,"2\u00e8me":0,"\"":0.0050561285117675788,"dans":0.0046024411452766575,"fait":0.002975322383165697,"?":0.00090618016980068569,"(":0.001559644532935443,")":0.0015244593555508274,"me":0.0024174206426797432,"Bonjour":0.00054516723490244964,"-":0.003454509615157799,"t":0.0030616555543826829,"2":0.0029373802407467332,"cours":0.013632279700049524,"vos":0.0033200412369159067,"je":0.0012770026843431025,"temps":0.0033293114263595399,"il":0.0047298423704065671,"D":0.003229820780079475,"\u00eatre":0.0031354345163034847,"mais":0.0025342934841963115,"qu":0.0071994863731202723,"\u00e0":0.0010616212683985905,"fin":0.003494499779855218,"ann\u00e9es":0.0035460473721501151,"par":0.0021443087297095529,"avance":0.0020866498492493695,"exercice":0.0030616555543826829,"cadre":0.0038401895564550673,"Je":0.0032779667563557565,"d\u00e9j\u00e0":0.0035990806886143992,"part":0.0036648065579761974,"Cordialement":0.0032475144617189395,"2e":0,"car":0.0030697086469416864,"02":0,"2\u00b0":0,"entreprise":0.003577683602026197,"sachant":0.0038648896415805684,"ici":0.0035565324644092288,"autres":0.0035460473721501151,"diff\u00e9rentes":0.0037798520619912691,"nouvelle":0.003852498155610843,"remercie":0.003414914242848626,"avant":0.0035356216858315978,"avancer":0.003902572775101535,"fallait":0.0038279627426151025,"permets":0.0037562603450952523,"activit\u00e9":0.0038899257925846015,"version":0.01140996722500434,"mati\u00e8res":0.0039153072806850393,"valider":0.0038899257925846015,"d\u00e9cembre":0.0077172672257127912,"propos\u00e9":0.0038279627426151025,"suivi":0.003852498155610843,"compl\u00e9ter":0.0077674389435291209,"micromaster":0.003902572775101535,"2X3":0,"f\u00e9vrier":0.0038648896415805684,"plein":0.0039153072806850393,"2min54":0,"self":0.0039153072806850393,"paced":0.0039153072806850393,"2i\u00e8meann\u00e9e":0,"professionnelle":0.0038899257925846015,"2eme":0,"souhaite":0.0038037501733787392,"2\u20ac":0,"2^2x4":0,"2x0":0,"+2x0":0,"02+":0,"contacter":0.0038401895564550673,"micro":0.0039281305291835036,"master":0.0039281305291835036,"2017":0.011784923401291614,"psychologie":0.0039281305291835036,"n\u00e9gociation":0.0039153072806850393,"strat\u00e9gie":0.0039281305291835036,"obtention":0.0077674389435291209,"certificats":0.0039281305291835036,"tutor\u00e9e":0.0039281305291835036,"d\u00e9marrerait":0.0039281305291835036,"2019":0.011038815413828326,"Pensez":0.0039281305291835036,"puisse":0.0038773651382660755,"r\u00e9aliste":0.003902572775101535,"modules":0.0039281305291835036,"emp\u00eache":0.003902572775101535,"2=":0,"2x":0,"2M":0}