{"J":0.0072949570739151209,"'":0.0024655024801572742,"ai":0.00528932276731435,"que":0.0042231916476982139,"le":0.0017974886587176116,"en":0.009914493319769126,".":0.0011892598793753414,",":0.0013326136819971118,"constater":0.012269098227403779,"la":0.0015102664876573036,"de":0.0015352295143598019,"pour":0.0032720037840623375,"d":0.0065632564905684365,"est":0.0039041629220681272,"?":0.0014360152221435211,"me":0.0076247139157594292,"Bonjour":0.0017194956181763182,"-":0.002763485017294425,"on":0.010420731488872972,"1":0.0064779279859523229,"valeur":0.0086154217805350444,"fin":0.011021896905184235,"1+r":0,"calcul":0.0074488248565932596,"01":0,"Je":0.0051945631969000598,"se":0.010187080813532803,"ann\u00e9e":0.019535603508812453,"N":0.022773014306519585,"1+7":0,"lorsqu":0.011847508050032537,"1+3":0,"1+TAP":0,"1+6":0,"1\u00b0":0,"1=1":0,"1mais":0,"1+TEG":0,"1+TRI":0,"1er":0,"1+2":0,"1\u00e8re":0,"1+TAE":0,"1min45":0,"future":0.012073662430660678,"1+n":0,"1+0":0,"1+5":0,"1=5":0,"1+TAEG":0,"1=9":0,"1+r2":0,"1+2r+r":0,"1+1":0,"1x":0,"1\u00e8res":0,"1+taux":0,"1X4X":0,"1X08":0,"1=r":0,"1+rn":0,"milieu":0.012349153217464409,"met":0.012229481044492927,"1+4":0,"1+i":0,"1+R":0,"1+":0,"1\u20ac":0,"1+x":0,"1+9":0,"trompe":0.012269098227403779,"1=":0,"1\u2212":0,"1+F3":0,"1+tri":0,"1+A2":0,"1+12":0,"1+41":0,"1x4":0,"1+11":0,"1USD":0,"1^3":0,"1=16":0,"1+15":0,"1+TMEG":0,"1\u00b2=4":0,"1M":0,"1EUR":0,"1+g":0,"1ere":0,"1+rd":0,"1an":0}