{"que":0.0051795920279966391,"le":0.0022045549204906499,"les":0.0051552560476891092,".":0.0028641172378370272,"sur":0.0078025746212155907,"la":0.0018522873012130113,"et":0.0044283889369371955,"de":0.0018829035518805365,"nous":0.011106024461724491,"dans":0.0059921489398696874,"comme":0.011391937083374264,"taux":0.0088647083569701243,"inflation":0.028094373361471935,"je":0.0049398970817946426,"valeur":0.010566503652897154,"pas":0.0035232644084130737,"pense":0.013881008295160816,"pourquoi":0.010311341305027659,"ne":0.0057901031913051978,"VA":0.012701429526518027,"VF":0.013677032524918906,"cash":0.014133754394769969,"calcules":0.014950757187893701,"consid\u00e9rer":0.014667874905713543,"influence":0.015047605856107593,"facteur":0.014714248146639762}