{"J":0.0052104822421639163,"'":0.0024137531901563224,"ai":0.0018993500074126345,"a":0.0046689990327336613,"que":0.0030164488786740386,"le":0.0012838708496625384,"tout":0.0037813281139910827,"en":0.0018070797602359712,"les":0.0088158375718036218,".":0.0032911701631501895,"j":0.0022588485348016244,"sur":0.0045440002493863504,"l":0.0024099980937925957,"une":0.0020139398327621307,",":0.00095586336702495605,"la":0.0010787200850039178,"et":0.0025789693031718036,"Merci":0.0026110303979747268,"de":0.0021695166974296182,"pour":0.0046238472991683693,"d":0.0047077232753015806,"des":0.0040239320709811984,"vous":0.0029952081205312587,"un":0.0018695458253712987,"m":0.0026998433851825165,"?":0.0010256855165345347,"(":0.0017664521899976313,")":0.0017266014853440973,"me":0.0027379687475132313,"Bonjour":0.00061745598799739217,"1":0,"\/":0.0025364172709134536,"3":0.0069520255268400478,"Par":0.0041256467850989123,"je":0.0056918418321711727,"calculer":0.003063518076107248,"valeur":0.0091804655962305377,"pas":0.0020518502068473453,"mais":0.0028703388372923579,"fin":0.0039578677440386982,"chacune":0.0043493957172655766,"n":0.0020783551079675833,"trouve":0.0036983667788312241,"plus":0.0030560346628431328,"avance":0.0023633380030687709,"contre":0.0042676547168853012,"utilise":0.0040641636139427768,"selon":0.0042148891553825413,"calcule":0.0039123112120512029,"180":0.010736676291873698,"%":0.0025017772210467926,"ne":0.0016952606187318696,"Aussi":0.004434473993546858,"faire":0.0034859106544258768,"formule":0.0030411479684430624,"trois":0.0043217909646294126,"chaque":0.007627902860579963,"formules":0.004150757069029328,"003":0,"arrive":0.0068973590789050462,"actuelle":0.004241104952049368,"3\u00b0":0,"utilisez":0.0043915007524307969,"^N":0.0044057269397832473,"remboursement":0.0084097035747417101,"20":0.0072110063508109877,"tableau":0.0040763160002973853,"amortissement":0.0041889990292148307,"pouvez":0.0039578677440386982,"calcules":0.0043773710145475469,"achat":0.0043493957172655766,"3h":0,"Concernant":0.0042945470687779522,"trouves":0.004434473993546858,"impression":0.0042945470687779522,"3ieme":0,"3\u00e8me":0,"resultats":0.0044057269397832473,"3+":0,"3+1":0,"Puis":0.0043081245002170396,"20\u00e8me":0,"3M":0,"000\u20ac":0.0043633364271359219,"\u00e9conomies":0.0043773710145475469,"fiscales":0.0044057269397832473,"1+R":0.0025954616830804974,"3=":0,"appartement":0.004420050902386348,"3^2x24":0,"3x0":0,"pb":0.004448997594864116,"modalit\u00e9s":0.0044057269397832473,"interets":0.004434473993546858,"modalites":0.004448997594864116,"VA=f":0.004448997594864116,"modalite":0.004448997594864116,"memes":0.004434473993546858,"melange":0.004448997594864116,"preciser":0.004448997594864116,"expliquez":0.0044057269397832473,"detail":0.004448997594864116,"carole":0.0043915007524307969,"3eme":0,"3e":0,"3+2":0}