{"'":0.0010737008417484185,"le":0.0029962348123112213,".":0.0019823779327829646,"sur":0.010604564889015813,"l":0.0056243353356944404,",":0.0011274980997411383,"la":0.0025174640208379256,"de":0.0049932660809699275,"5":0.015403930771425513,"question":0.0092025885053791147,"actif":0.017027251130931054,"prix":0.017027251130931054,"je":0.0067138683949926553,"plus":0.014186100406635788,"notamment":0.020125594401607223,"05":0,"\u00e9claircissements":0.020254589850003585,"5i\u00e8me":0,"voudrai":0.020319738347371018,"5eme":0,"0005+1":0,"5e":0,"5=>":0,"5^2x18":0,"5x0":0,"5^2":0,"Bjr":0.020652228640268906,"amples":0.020652228640268906,"5\u00e8me":0,"5+5":0,"5xtaux":0,"5ans":0,"5min08s":0}