{"J":0.0026787561705549356,"'":0.0018213723612599461,"ai":0.0019422740747391109,"le":0.0025965951314613073,"les":0.0015434974647150173,"au":0.0026176852787661931,".":0.0017179671192091828,"sur":0.0091901213646348266,"l":0.0048741579566338195,"du":0.0046879634720430555,"une":0.0061098358073404056,",":0.0016824575714992096,"la":0.0037565707683303805,"et":0.0013258715054509341,"de":0.0032907104539855211,"pour":0.0035645259292085459,"d":0.0012232963627463128,"Bien":0.0036903770167373549,"un":0.0038022313754654796,"dire":0.0037103886970247225,"est":0.0028512499609058242,"si":0.006449518847185534,"Bonjour":0.00063141008929336155,"-":0.003992042846541418,"on":0.0019422740747391109,"projet":0.017999915482148073,"choix":0.0087617462604231908,"ce":0.0019643138605232088,"\u00eatre":0.0036314452908508344,"qui":0.0026419040427043054,"\u00e0":0.0071772371672558276,"cela":0.0037612557486554569,"plus":0.003125099046504899,"c":0.0034460041824915413,"m\u00eame":0.0032836277352868634,"celle":0.012787015911099785,"prendre":0.0042316839112212746,"Marie":0.0042705523737837526,"aussi":0.0041313723004504418,"calcul":0.0027352574313742072,"En":0.0036025794551090371,"hypoth\u00e8se":0.0044194606124629979,"VAN":0.013281456810254239,"effectivement":0.0044762967351404366,"Mais":0.0041313723004504418,"deux":0.0037204654453097193,"faire":0.0035646899542077473,"ces":0.0036314452908508344,"rentes":0.0043641009209439627,"ann\u00e9e":0.0036411547759448624,"remarque":0.0044619449752368512,"choisir":0.0043101428922784233,"son":0.0041809379830762333,"entreprise":0.0041436560710090579,"terme":0.0043916010223923581,"\u00e9videmment":0.0045346902040997571,"projets":0.0042705523737837526,"regarde":0.0044476892144455493,"court":0.0045199411605167791,"long":0.0045052934857317435,"reste":0.0043369511487955951,"d\u00e9cision":0.0044194606124629979,"mod\u00e8le":0.0044907457958540441,"poss\u00e8de":0.0045052934857317435,"horizon":0.0044907457958540441,"investissements":0.0044762967351404366,"\u00e9tat":0.0089602474434401433,"jusqu":0.0043369511487955951,"apprenants":0.0045346902040997571,"devrait":0.0043101428922784233,"Sans":0.0044907457958540441,"cordialement":0.0042316839112212746,"58":0,"grande":0.0044762967351404366,"relative":0.0045052934857317435,"souhaite":0.0044054852948975662,"sup\u00e9rieure":0.0089313146111069264,"perp\u00e9tuelles":0.0045052934857317435,"Ange":0.0043235048689123931,"r\u00e9aliste":0.0045199411605167791,"communaut\u00e9":0.0045495420293032553,"fa\u00eete":0.0045495420293032553,"brasserie":0.0090187124183494852,"D\u00e9co":0.0090482501231031309,"shop":0.0090187124183494852,"\u00e9volution":0.0045199411605167791,"58i\u00e8me":0.011696417300651185,"pr\u00f4ner":0.0045495420293032553,"Fran\u00e7ois":0.0045346902040997571}