{"'":0.00079000232694898778,"le":0.0022045549204906499,".":0.0028641172378370272,"l":0.0041382458036492162,"du":0.0052777765819809197,",":0.00082958500896357639,"des":0.0069095573352517831,"2\u00e8me":0,"?":0.0050959828720070219,"on":0.0064871633410277735,"comment":0.0091144977515288245,"1":0.0079449447131442735,"2":0.011362823475073775,"actif":0.012528227129891911,"prix":0.012528227129891911,"d\u00e9terminer":0.013439734974408373,"peut":0.011479999245352984,"qui":0.0088239158825442841,"sont":0.011333828456137743,"march\u00e9":0.013362361741890748,"Quelles":0.015047605856107593,"1+r":0,"01":0,"Comment":0.012292612849157863,"2e":0,"02":0,"1+7":0,"Et":0.013881008295160816,"1+3":0,"1+TAP":0,"1+6":0,"1\u00b0":0,"2\u00b0":0,"1=1":0,"peuvent":0.014667874905713543,"1mais":0,"1+TEG":0,"\u00e9l\u00e9ments":0.014855208541107334,"1+TRI":0,"1er":0,"1+2":0,"1\u00e8re":0,"1+TAE":0,"1min45":0,"1+n":0,"1+0":0,"1+5":0,"1=5":0,"1+TAEG":0,"1=9":0,"1+r2":0,"1+2r+r":0,"1+1":0,"1x":0,"1\u00e8res":0,"1+taux":0,"1X4X":0,"1X08":0,"2X3":0,"1=r":0,"2min54":0,"1+rn":0,"2i\u00e8meann\u00e9e":0,"1+4":0,"2eme":0,"1+i":0,"1+R":0,"1+":0,"1\u20ac":0,"1+x":0,"1+9":0,"1=":0,"1\u2212":0,"1+F3":0,"1+tri":0,"1+A2":0,"1+12":0,"1+41":0,"2\u20ac":0,"2^2x4":0,"2x0":0,"1x4":0,"+2x0":0,"1+11":0,"02+":0,"bjr":0.015195395261055265,"embrouiller":0.015195395261055265,"1USD":0,"1^3":0,"2=":0,"1=16":0,"1+15":0,"1+TMEG":0,"1\u00b2=4":0,"2x":0,"2M":0,"1M":0,"1EUR":0,"1+g":0,"1ere":0,"1+rd":0,"1an":0}