{"'":0.0024655024801572742,"une":0.011049425408721168,"la":0.0029754435939841587,"d":0.0065632564905684365,"un":0.01025721166520375,"veut":0.022982827767517304,"non":0.019535603508812453,"?":0.0028291578529419247,"rentabilit\u00e9":0.021220189845674892,"projet":0.019746383906752228,"Est":0.018021797643325156,"qu":0.015057027458091312,"toujours":0.021099825441621461,"VAN":0.018113641613421251,"expliquer":0.019535603508812453,"n\u00e9gative":0.023786862668827354}