{"la":0.0057807664348808845,"?":0.0054965588285164511,"A":0.040993270025813995,"sa":0.044379030892474886,"sert":0.047114455295802903,"quoi":0.044243983314069667,"conjoncture":0.046509921169879481,"neutre":0.047423005509097692}