{"sur":0.017989053040685578,"du":0.012168060861858393,"la":0.004270499947223577,"prix":0.02888417647843915,"pas":0.0081229841938286074,"loi":0.034358872329259875,"ne":0.013349244124653409,"comprends":0.020579922556706723,"Je":0.014688389128346269,"vraiment":0.032389218666920322,"unique":0.03392410879916382}