{"J":0.0080369526677614624,"'":0.0022775242572963873,"ai":0.0039067460479678085,"a":0.0024278081903100221,"que":0.0015685073485672892,"le":0.0019803175158641883,"syst\u00e8me":0.0045420697158999167,"mes":0.0041417404895934496,"en":0.0018690381069934314,"les":0.0031046352822959302,".":0.0029908317661136961,"sur":0.0046989224662529463,"l":0.001253162202373703,"du":0.0015982400367032911,"une":0.004142444231859309,",":0.00049959863577418674,"la":0.0005609179695826741,"et":0.0039779531448117141,"Merci":0.0013576959303073571,"de":0.0016913830768353203,"bien":0.0028787792626447065,"pour":0.0070914094065308523,"d":0.0036702015189385997,"toute":0.0044558347881259149,"des":0.0020923832219043007,"est":0.0014500190244990262,"!":0.0030626455086283488,"m":0.008283279362107869,"?":0.00053334080394249644,"si":0.0032799386779519689,"ma":0.0077129707256526703,"-":0.0010263674772241005,"utilis\u00e9":0.0040816924364334515,"comment":0.0027600931935371866,"cours":0.006474376017014033,"je":0.0058837652344821117,"ou":0.0030260472489485801,"pas":0.001066930770931574,"il":0.0018647989990118559,"utiliser":0.0039109764248436152,"mais":0.0029687525614154938,"\u00e0":0.0012436171577858755,"avance":0.0024443684693056886,"Bonsoir":0.01196873212283524,"m\u00eame":0.0033211557217299754,"finance":0.0043326249278220208,"toujours":0.0039776493391412513,"ne":0.0017533850842761797,"\u00e7a":0.0042287211657623391,"Je":0.00383675569315134,"viens":0.0044278397749843955,"quand":0.0041295963126051303,"Catherine":0.0045129397359221606,"donc":0.0071890464659292736,"difficult\u00e9s":0.0044139774396606164,"Pourtant":0.0045420697158999167,"d\u00e9j\u00e0":0.0042160783980602981,"pouvoir":0.0042800470599257592,"op\u00e9rations":0.0045129397359221606,"avais":0.0042930717866460624,"principes":0.0045274555194893635,"autres":0.0041539534724841934,"v\u00e9rifi\u00e9":0.0045715987490956254,"Bruno":0.0044841981672637896,"sais":0.0042414385224958211,"Isabelle":0.0044558347881259149,"\u00e9quipe":0.0045274555194893635,"certificat":0.0086964222916180722,"h\u00e9las":0.0045715987490956254,"valid\u00e9":0.00458651635682541,"solliciter":0.0045715987490956254,"inscrire":0.013217581048549103,"assistance":0.00458651635682541,"animation":0.0046015379208482346,"carte":0.022499159335834271,"enregistr\u00e9":0.00458651635682541,"r\u00e9f\u00e9rences":0.00458651635682541,"rempli":0.0046015379208482346,"clic":0.0046015379208482346,"rejette":0.0046015379208482346,"mettant":0.0046015379208482346,"invalide":0.0046015379208482346,"continue":0.0045420697158999167,"bel":0.0046015379208482346,"bancaires":0.0046015379208482346,"visa":0.0046015379208482346,"tente":0.0046015379208482346}