{"le":0.0012838708496625384,"en":0.0035944096195590879,"au":0.0050916924841873873,".":0.0024942780853752402,"une":0.0040058689535364808,",":0.00095586336702495605,"la":0.0010787200850039178,"et":0.0025789693031718036,"de":0.0021695166974296182,"bien":0.0055362765668178623,"des":0.0040239320709811984,"vous":0.0087950827159752349,"question":0.0039432607467710596,"?":0.0010256855165345347,"(":0.0035135985051316138,")":0.0034343326313695357,"me":0.0107748997779411,"Bonjour":0.0012281636880390801,"-":0.0039052316491042412,"4":0.0082062036317235541,"comment":0.005308027422559391,"je":0.0056918418321711727,"calculer":0.0060935544101357979,"pas":0.0020518502068473453,"qui":0.0051388007058365982,"avec":0.0056152404570507814,"constituent":0.0087917942705548913,"Marie":0.0083067050119837952,"ne":0.0033719934281339248,"comprends":0.0051984489132654854,"Je":0.0037102588841855751,"rente":0.0079417646196636837,"sujet":0.0083837130263159886,"CF":0.0070447694150071434,"Pourriez":0.0070635698050294082,"croissante":0.0085963482956386058,"04":0,"remercie":0.0076931873420173994,"DRA":0.0085421582573915016,"permets":0.0084621786918148562,"cordialement":0.00823110147770615,"04\u20ac":0,"Ange":0.0084097035747417101,"4\u00e8me":0,"contacter":0.0086512561035861756,"born\u00e9e":0.0088493712918828928,"renseigner":0.0088204828203089676,"Caroline":0.0087633028945217333,"4ans":0,"4e":0,"4min25":0}