{"une":0.014588559919248071,",":0.0017594502727427074,"de":0.0039934125280823114,"?":0.0037353380227426103,"Bonjour":0.0044727223385041389,"-":0.0071883295533393086,"Marie":0.030251330037109829,"ann\u00e9e":0.025792863592892297,"semaines":0.031811115118763611,"Combien":0.032122404310599158,"Ange":0.030626429852360589,"comporte":0.032227610248042431}