{"'":0.0027342170450368559,"ai":0.011592443092905354,"le":0.0013429044799240712,".":0.00088849652099975095,"j":0.01378659699001525,"l":0.0025208121499239785,"du":0.0032149572460653921,"une":0.0041900627038201511,",":0.0014824533469530322,"et":0.0026975528198388454,"Merci":0.0027310881149609622,"de":0.0011469705706050441,"vous":0.0031329307028223506,"est":0.0029168016459915876,"fait":0.0070110702744871052,"?":0.0010728475340876431,"si":0.0065977965619500051,"Bonjour":0.0012846358488326653,"-":0.0020646007372170862,"quiz":0.0070656130319606235,"aimerai":0.0091072527244687486,"savoir":0.0074081140539928644,"je":0.0030091379715001328,"ce":0.0039964961700423253,"il":0.0037511568454355122,"moi":0.0078016333266865134,"\u00e0":0.0025016117109680435,"eu":0.0085063303641802254,"avec":0.0058734346742169916,"c":0.0070110702744871052,"%":0.0052050231375572091,"s":0.0066307708048560527,"certificatif":0.0080469275778057049,"important":0.0091662480841262755,"plait":0.0084304784233154208,"certificat":0.0087963899237392621,"note":0.0091072527244687486,"42\u20ac":0,"\u00e9chou\u00e9":0.0091662480841262755,"score":0.0091960495213379585,"42":0.022337979596872861,"obtention":0.0091960495213379585,"globale":0.0092562739901016055,"r\u00e9pondez":0.0092562739901016055,"042":0}