{"J":0.0022260013192363787,"'":0.0013386116109694939,"ai":0.0032129800275493879,"questions":0.0030419863288517982,"que":0.0025653625262610728,"le":0.0005484901535507497,"les":0.0025533093352793669,"au":0.0064654247145563455,".":0.006061631605519739,"j":0.0038211152232354682,"l":0.0010295897168073889,"du":0.0013131033665575414,"r\u00e9sultat":0.0094710175895593666,",":0.0014056820940941128,"la":0.0031385898543248112,"et":0.0021933046018147054,"de":0.0013923979754020314,"bien":0.0023651858635403288,"pour":0.0039386625991509935,"des":0.0017190881154988367,"vous":0.006281134013485185,"2\u00e8me":0,"dans":0.0014908382012078006,"5":0.0056134496005263409,"m":0.0045671112961004692,"\u00e9clairer":0.0033534913132252041,"question":0.0016846240360201326,"?":0.00087230226457644011,"(":0.0044615629641136297,"+":0.0031600977442482569,")":0.0043609112572727694,"me":0.0023266241409384265,"Bonjour":0.00052469116345703565,":":0.013770727305516133,"-":0.010389173584429687,"rentabilit\u00e9":0.0032866526314752967,"4":0.020557516771081166,"1":0.0077977821427170574,"\/":0.0021553531826688185,"3":0.011716318266569114,"2":0.013877068453813347,"cours":0.0026747640863145706,"je":0.0072068698701908164,"calculer":0.0026032638679846444,"pas":0.0026054368128313214,"ce":0.0016323117770040037,"calcul\u00e9":0.0067739981296271292,"\u00e0":0.002033990377229223,"n":0.0017661089711239304,"par":0.0041083420725142291,"quizz":0.0032222449931570561,"avance":0.0020082768498110633,"concernant":0.0034847376332933521,"avec":0.0023989204999254467,"votre":0.0026289311993108488,"m\u00eame":0.0054318957703232704,"aux":0.0033149894737950223,"donn\u00e9es":0.0035058213925612935,"Marie":0.0035487571890282757,"calcule":0.0066181471223419304,"1+r":0,"%":0.026191935279430631,"ne":0.0028677381673830622,"01":0,"Je":0.0015850819150811653,"quand":0.0033928488187485533,"25":0.028047680480955711,"ces":0.0030176699533254196,"puis":0.0035058213925612935,"formule":0.0025842545814198661,"7":0.005149923683087902,"12":0.010146692143831793,"=":0.0027631632152733585,"2e":0,"chaque":0.0032587620572345059,"ann\u00e9e":0.014852341648793474,"003":0,"02":0.0057897640852441383,"sujet":0.003581656243957987,"1+7":0,"arrive":0.0029466620737418187,"Question":0.0036608841768106483,"1+3":0,"1+TAP":0,"1+6":0,"aide":0.0032866526314752967,"ensuite":0.0069162588384190492,"Pourriez":0.0030176699533254196,"1\u00b0":0,"2\u00b0":0,"1=1":0,"3\u00b0":0,"11":0.013403144422898233,"aboutir":0.0037438231045524174,"1mais":0,"1+TEG":0,"04":0,"aider":0.0034229517791132601,"remercie":0.0032866526314752967,"donn\u00e9e":0.0036151780307710824,"applique":0.0036151780307710824,"1+TRI":0,"3h":0,"r\u00e9sultats":0.0035706218477519181,"1er":0,"permets":0.0036151780307710824,"1+2":0,"1\u00e8re":0,"pourriez":0.0035058213925612935,"variance":0.011020564447489304,"idem":0.0037559950759149625,"1+TAE":0,"1min45":0,"moyenne":0.0073341026735607934,"05":0,"3ieme":0,"3\u00e8me":0,"1+n":0,"1+0":0,"cordialement":0.0035164581504327471,"1+5":0,"1=5":0,"1+TAEG":0,"1=9":0,"parviens":0.0070861979960321316,"1+r2":0,"1+2r+r":0,"3+":0,"3+1":0,"1+1":0,"type":0.0035706218477519181,"1x":0,"1\u00e8res":0,"1+taux":0,"1X4X":0,"1X08":0,"2X3":0,"1=r":0,"2min54":0,"1+rn":0,"multipli\u00e9es":0.0037682512830435051,"5i\u00e8me":0,"2i\u00e8meann\u00e9e":0,"3M":0,"1+4":0,"12^3+2":0,"12^4+189":0,"12^4":0,"5eme":0,"2eme":0,"64":0.020135341411579747,"0005+1":0,"1+i":0,"1+R":0,"1+":0,"3=":0,"1\u20ac":0,"25\u20ac":0,"04\u20ac":0,"1+x":0,"5e":0,"0025^t":0,"1+9":0,"1=":0,"12\u20ac":0,"007=>":0,"1\u2212":0,"1+F3":0,"1+tri":0,"1+A2":0,"1+12":0,"1+41":0,"Ange":0.0035927598217833107,"\u00e9cart":0.0037078012214824953,"5=>":0,"2\u20ac":0,"4\u00e8me":0,"2^2x4":0,"5^2x18":0,"3^2x24":0,"2x0":0,"5x0":0,"1x4":0,"+2x0":0,"3x0":0,"5^2":0,"1+11":0,"02+":0,"types":0.0037438231045524174,"contacter":0.0036959549240564845,"Caroline":0.0037438231045524174,"indiqu\u00e9s":0.0037805928999698445,"+7":0.0052044207479114701,"\u00e9carts":0.0075260169842978151,"racine":0.0037682512830435051,"carr\u00e9e":0.0037805928999698445,"1USD":0,"1^3":0,"7e":0,"4ans":0,"5\u00e8me":0,"4e":0,"2=":0,"25=":0,"12=":0,"1=16":0,"3eme":0,"1+15":0,"1+TMEG":0,"4min25":0,"1\u00b2=4":0,"5+5":0,"025":0,"2x":0,"2M":0,"1M":0,"12^5":0,"1EUR":0,"3e":0,"3+2":0,"5xtaux":0,"1+g":0,"1ere":0,"064":0,"1+rd":0,"5ans":0,"5min08s":0,"1an":0}