{"mes":0.0091751317958382057,".":0.0019327975584361437,"l":0.0027761102843674845,"avoir":0.0074692281058411246,"une":0.0046144160978320208,",":0.0010992987453516266,"la":0.0024545008459086262,"de":0.001263131327346042,"pour":0.0026920863911135797,"vous":0.0034502218440108953,"2\u00e8me":0,"5":0.007603211416440046,"question":0.008972426650007817,"?":0.0011815013955041517,"me":0.012391764572008043,"Bonjour":0.0014147388141234824,"-":0.0022736955389055439,"2":0.0076226625012916927,"je":0.0097001211951913656,"merci":0.0074129378501555853,"par":0.0055645985216385072,"pourquoi":0.0069172837962568241,"demande":0.0096275631655183911,"Marie":0.0095686089015470047,"petite":0.009965502090529637,"se":0.0083815617074981426,"2e":0,"car":0.0079660619583199511,"02":0,"solution":0.0092021870224813142,"calculs":0.0091751317958382057,"2\u00b0":0,"pose":0.0096872543768624416,"regarde":0.009965502090529637,"vers":0.0096573155030654709,"05":0,"reviens":0.010061974760122605,"equation":0.010029600163381454,"apres":0.010127389957442442,"2X3":0,"2min54":0,"5i\u00e8me":0,"2i\u00e8meann\u00e9e":0,"^0":0.010127389957442442,"5eme":0,"2eme":0,"0005+1":0,"5e":0,"Ange":0.0096872543768624416,"5=>":0,"2\u20ac":0,"2^2x4":0,"5^2x18":0,"2x0":0,"5x0":0,"+2x0":0,"5^2":0,"02+":0,"carole":0.010061974760122605,"verifier":0.010160436696450665,"termine":0.010193713728180523,"5\u00e8me":0,"2=":0,"5+5":0,"2x":0,"2M":0,"5xtaux":0,"5ans":0,"5min08s":0}