{"'":0.00057353114086510588,"ai":0.004709593965788658,"a":0.0058203888673371397,"le":0.0016004774359739693,"en":0.008842102235717535,".":0.0030934822819789183,",":0.001188472878733941,"la":0.003928479133667874,"de":0.0026974689519492934,"bien":0.013619016358802092,"pour":0.0029133803996011305,"question":0.0049156812392989521,"(":0.0043800629385838301,")":0.0042812498512454014,"on":0.004709593965788658,"taux":0.006435659901211672,"1":0.005767923776930927,"je":0.0035862993214459656,"n":0.0051534517793189833,"merci":0.0080222937523082832,"dont":0.010199026804666111,"1+r":0,"%":0.0062033616016038328,"r\u00e9solu":0.011031654063130373,"01":0,"VAN":0.0081863636283227275,"bonjour":0.010168357474186275,"3000":0.020255037092941058,"refaire":0.010854050088543026,"d\u00e9duire":0.010750345598077466,"derni\u00e8re":0.010229879236710905,"1+7":0,"1+3":0,"1+TAP":0,"1+6":0,"1\u00b0":0,"1=1":0,"1mais":0,"1+TEG":0,"r\u00e9el":0.010615232881878038,"1+TRI":0,"1er":0,"1+2":0,"1\u00e8re":0,"1+TAE":0,"1min45":0,"fa\u00e7on":0.010548978551066311,"1+n":0,"1+0":0,"97":0.021741711018626583,"1+5":0,"1=5":0,"1+TAEG":0,"1=9":0,"1+r2":0,"1+2r+r":0,"1+1":0,"1x":0,"1\u00e8res":0,"1+taux":0,"1X4X":0,"1X08":0,"1=r":0,"saisi":0.010889085931338416,"1+rn":0,"1+4":0,"d\u00e9tail":0.010615232881878038,"1+i":0,"1+R":0,"1+":0,"1\u20ac":0,"97\u20ac":0,"1+x":0,"1+9":0,"1=":0,"1\u2212":0,"1+F3":0,"1+tri":0,"1+A2":0,"1+12":0,"1+41":0,"1x4":0,"1+11":0,"Euros":0.010959878367397207,"pri\u00e8re":0.011031654063130373,"1USD":0,"1^3":0,"1=16":0,"1+15":0,"1+TMEG":0,"1\u00b2=4":0,"1M":0,"1EUR":0,"1+g":0,"1ere":0,"1+rd":0,"1an":0}