{"ai":0.0045839897024608839,"que":0.0036600275453405494,"le":0.003075119054106588,"les":0.0036428311411089067,".":0.0010306716531452024,"j":0.005451622072044973,",":0.0022564813786140857,"pour":0.0055976993972564901,"d":0.0028871197957168688,"des":0.0096380957532896331,"vous":0.0071741028818291487,"un":0.0045120587455363811,"?":0.0012445220835379895,"me":0.006607955613908977,"Bonjour":0.0014902002683320856,"-":0.0023949733112268814,"vos":0.0090752452190399277,"je":0.0068906297141244936,"merci":0.0078083402131545214,"avec":0.0068132879333100693,"Marie":0.010078993670280083,"aussi":0.0097505127255744072,"calcul":0.012743347857090028,"25":0.016228346823990041,"CF":0.016873585583448657,"pouvez":0.0095521230481844226,"vers":0.010172431837145919,"environ":0.010633009632243817,"chiffres":0.010530702173008284,"ecart":0.010667579825633553,"reviens":0.010598675414709186,"25\u20ac":0,"0025^t":0,"Ange":0.010203967635358573,"puisse":0.010598675414709186,"carole":0.010598675414709186,"verifier":0.010702389261019027,"detailler":0.010737441272823662,"miens":0.010737441272823662,"25=":0,"025":0}