{"'":0.0016755001532082865,"la":0.003928479133667874,"d":0.0086654696544200775,"un":0.013542599859005147,"question":0.014360553564964395,"on":0.013758495134763148,"4":0.02988532445257884,"par":0.017592578830856399,"Peut":0.031108802864766687,"04":0,"resoudre":0.032017926447758888,"equation":0.031708762245852624,"04\u20ac":0,"4\u00e8me":0,"systeme":0.032227610248042431,"4ans":0,"4e":0,"4min25":0}