{"'":0.00144419860480164,"ai":0.006031826845050655,"le":0.004030133876538282,"en":0.005738801256429513,"sur":0.01426384074758285,"une":0.01257462008648594,",":0.00077135611734501343,"la":0.0033861555148006054,"bien":0.0088391681194902091,"d":0.0074692080217963969,"?":0.0016376000383929474,"Bonjour":0.0019608748200724969,"je":0.0045931638010883787,"valeur":0.0098248366876751321,"pas":0.003275965121222081,"ce":0.0061002724744706653,"qui":0.0082045618247631527,"n":0.0066002990943540771,"notamment":0.013768537934075838,"exercice":0.011012259908463417,"concerne":0.013344121191457401,"formule":0.0096578713161006961,"montant":0.012569127761856605,"rente":0.024929590574949617,"actuelle":0.013468613263806429,"unitaire":0.013991408599591576,"dernier":0.01306243470682604,"saisi":0.013946230039326046}