{"'":0.0024655024801572742,"ai":0.00528932276731435,"en":0.0050323679579150635,"au":0.007128644985132401,".":0.0023430141094891829,"j":0.0062904567017200812,"l":0.0033741277343136904,",":0.0013326136819971118,"d":0.0033313574983057019,"des":0.0056337226310106967,"vous":0.0082617102794110848,"?":0.0014360152221435211,"Bonjour":0.0017194956181763182,"-":0.002763485017294425,"quiz":0.0094573809840552952,"je":0.0040277558509551111,"il":0.0050209541985610931,"aura":0.012035352755192106,"par":0.0067632998256261052,"avance":0.0065814396807882033,"y":0.0089198156041825835,"s":0.0088753410972003746,"final":0.011559056404098638,"Cordialement":0.01024288792390309,"ann\u00e9e":0.0099158214106870937,"remercie":0.01077087855083003,"savez":0.012349153217464409,"prochaine":0.012229481044492927,"\u00e9chou\u00e9":0.012269098227403779,"Caroline":0.012269098227403779,"sessions":0.012349153217464409,"ouvertes":0.012389598640799216}