{"'":0.0015905808596886281,"le":0.0015173261448197524,"l":0.0056243353356944404,"une":0.0047342843694288123,"r\u00e9ponse":0.0067958990475089649,",":0.00057097739400877034,"et":0.0030479214879118974,"Merci":0.0030858124777951921,"pour":0.0027620184769615898,"2\u00e8me":0,"dans":0.012064518150179658,"dire":0.0085294641235395211,"?":0.0023936945464039234,"Bonjour":0.0014514893569472105,"-":0.0068240037930060761,"on":0.013061173988894831,"comment":0.012387614028588153,"t":0.0081515545456798469,"2":0.0078206757189173848,"actif":0.017027251130931054,"risque":0.0081302068841428449,"fonds":0.009640070080755023,"pourcentages":0.010390468254728133,"je":0.0033999765327949335,"pas":0.0024249526071268169,"D":0.0085992887814895173,"qu":0.006451398792976004,"\u00e0":0.0082684305476344432,"avec":0.0066362992486138795,"votre":0.0072725937117075643,"%":0.011613239628566934,"ne":0.0039851467848287256,"comprends":0.0061437195576804476,"25":0.031213351537566842,"ces":0.0083479885408626643,"A":0.0090405220263400261,"2e":0,"02":0,"arrive":0.016096718288025766,"2\u00b0":0,"investit":0.01032335377271601,"2X3":0,"2min54":0,"2i\u00e8meann\u00e9e":0,"2eme":0,"25\u20ac":0,"0025^t":0,"2\u20ac":0,"2^2x4":0,"2x0":0,"+2x0":0,"02+":0,"position":0.010390468254728133,"2=":0,"25=":0,"025":0,"2x":0,"2M":0}