{"J":0.0064954035379168815,"'":0.0032267709973175362,"en":0.0044808023277919254,"au":0.006347319852306123,"l":0.0087767228544828463,",":0.001188472878733941,"de":0.0039934125280823114,"nous":0.0080628254661076759,"vous":0.0037338358560102106,"exemple":0.0085087821246605209,"m":0.013210424773443452,"?":0.0012786227883048475,"si":0.007863272989561151,"(":0.0043800629385838301,")":0.0042812498512454014,"Bonjour":0.0015310327132248432,"-":0.0024605971188643287,"cours":0.0078048795206018332,"ce":0.0047630356728505224,"cas":0.0085533321162334554,"\u00eatre":0.008805468317430936,"\u00e0":0.0087098726009224043,"par":0.006022017836465143,"journ\u00e9e":0.010516167221678781,"examen":0.010418964976358263,"pouvons":0.01092436092849523,"pouvez":0.0098138573575000301,"certificat":0.010483562905210859,"inscrire":0.010682347682577781,"r\u00e9ussite":0.010889085931338416,"Bonne":0.010615232881878038,"h\u00e9site":0.011031654063130373,"informer":0.011031654063130373,"dispens\u00e9":0.011031654063130373,"universit\u00e9":0.011031654063130373,"UCL":0.010959878367397207}