{"le":0.0020498163606741046,"du":0.0096482723102710461,",":0.00077135611734501343,"la":0.00499547307165001,"de":0.0034421249024719817,"2\u00e8me":0,"dans":0.010954212213709374,"question":0.012378089839614958,"?":0.0032196773904065285,"(":0.0056097789762513447,")":0.015904140858778143,"-":0.0031514172695638666,"on":0.006031826845050655,"rentabilit\u00e9":0.012282871975435216,"1":0.0073872859806231499,"3":0.011099539855185908,"2":0.020772310725571459,"quiz":0.021204312640482729,"moins":0.013221927566083022,"1+r":0,"14":0.027148420115493781,"%":0.0079449743035001873,"obtient":0.013385358916012594,"01":0,"bonjour":0.013023154868213236,"Comment":0.011429789613963657,"signifie":0.013724850426415223,"2e":0,"003":0,"02":0,"CF":0.011247613891890933,"1+7":0,"1+3":0,"1+TAP":0,"1+6":0,"1\u00b0":0,"2\u00b0":0,"1=1":0,"3\u00b0":0,"1mais":0,"1+TEG":0,"svp":0.012717036338931858,"1+TRI":0,"3h":0,"1er":0,"1+2":0,"1\u00e8re":0,"colonne":0.01403689766786214,"Que":0.013510636474057498,"1+TAE":0,"1min45":0,"3ieme":0,"3\u00e8me":0,"1+n":0,"1+0":0,"1+5":0,"1=5":0,"1+TAEG":0,"1=9":0,"1+r2":0,"1+2r+r":0,"3+":0,"3+1":0,"1+1":0,"1x":0,"1\u00e8res":0,"1+taux":0,"1X4X":0,"1X08":0,"2X3":0,"1=r":0,"2min54":0,"1+rn":0,"2i\u00e8meann\u00e9e":0,"3M":0,"1+4":0,"2eme":0,"0014^2+1":0,"1+i":0,"1+R":0,"1+":0,"3=":0,"1\u20ac":0,"1+x":0,"1+9":0,"1=":0,"1\u2212":0,"1+F3":0,"1+tri":0,"1+A2":0,"1+12":0,"1+41":0,"2\u20ac":0,"2^2x4":0,"3^2x24":0,"2x0":0,"1x4":0,"+2x0":0,"3x0":0,"1+11":0,"02+":0,"1USD":0,"1^3":0,"2=":0,"1=16":0,"3eme":0,"1+15":0,"1+TMEG":0,"1\u00b2=4":0,"14=12":0,"2x":0,"2M":0,"1M":0,"1EUR":0,"3e":0,"3+2":0,"1+g":0,"1ere":0,"1+rd":0,"14\u00e8me":0,"1an":0}