{"'":0.0033757579404607566,"a":0.005245474025403935,"le":0.0014423886461880724,".":0.00095431753577894345,"l":0.0027075572973208591,"du":0.0034531255938374606,",":0.0015897089371362636,"la":0.0023946109200802795,"et":0.0057249588116314726,"Merci":0.0029334107880715447,"de":0.0012319396898922478,"pour":0.0026256082816027196,"nous":0.0072664116638623544,"d":0.0052820512865304967,"des":0.0045207615187625146,"2\u00e8me":0,"Bonjour":0.0013798033966996523,"-":0.0022175491308524232,"rentabilit\u00e9":0.0086430547730251776,"1":0.010271112562867751,"\/":0.011199461508786141,"3":0.015432544989822432,"2":0.0074344292431771262,"actif":0.0081969255567466894,"balanced":0.0097194149881648078,"trouver":0.0074344292431771262,"je":0.0032320589511702319,"pas":0.0023051893754057677,"o\u00f9":0.0075304597703916157,"fin":0.0088444835957047201,"avance":0.0052812538343986973,"pourquoi":0.0067464690886593305,"march\u00e9":0.0087426802950644998,"1+r":0,"ne":0.007485363810037067,"comprends":0.0058402943662547793,"01":0,"vois":0.0090281761882709741,"Je":0.0041683595280431526,"viens":0.0095667024359799863,"2e":0,"003":0,"02":0,"1+7":0,"1+3":0,"1+TAP":0,"1+6":0,"1\u00b0":0,"2\u00b0":0,"1=1":0,"3\u00b0":0,"Ensuite":0.0096271879038438753,"1mais":0,"1+TEG":0,"1+TRI":0,"3h":0,"1er":0,"1+2":0,"1\u00e8re":0,"1+TAE":0,"1min45":0,"3ieme":0,"3\u00e8me":0,"1+n":0,"1+0":0,"1+5":0,"1=5":0,"1+TAEG":0,"1=9":0,"1+r2":0,"1+2r+r":0,"3+":0,"3+1":0,"1+1":0,"1x":0,"1\u00e8res":0,"1+taux":0,"1X4X":0,"1X08":0,"2X3":0,"1=r":0,"2min54":0,"1+rn":0,"faisons":0.0098773052124385662,"2i\u00e8meann\u00e9e":0,"3M":0,"1+4":0,"2eme":0,"1+i":0,"1+R":0,"1+":0,"3=":0,"1\u20ac":0,"1+x":0,"1+9":0,"1=":0,"1\u2212":0,"1+F3":0,"1+tri":0,"1+A2":0,"1+12":0,"1+41":0,"2\u20ac":0,"2^2x4":0,"3^2x24":0,"2x0":0,"1x4":0,"+2x0":0,"3x0":0,"1+11":0,"02+":0,"1USD":0,"parenth\u00e8ses":0.0099419911906790323,"1^3":0,"2=":0,"1=16":0,"3eme":0,"1+15":0,"1+TMEG":0,"1\u00b2=4":0,"2x":0,"2M":0,"1M":0,"1EUR":0,"3e":0,"3+2":0,"1+g":0,"1ere":0,"1+rd":0,"1an":0}