{"'":0.0012885653440460765,"a":0.0033454377140867877,"le":0.00091992093602190188,"en":0.0025754714055078415,"les":0.0063545444557178291,".":0.0017979007495707506,"sur":0.0032558734110973695,"l":0.0017268152032857648,"r\u00e9ponse":0.0041202017339768797,",":0.0013531282833292775,"la":0.0030212483459100535,"choisie":0.0063200646812383897,"et":0.0036671228180005671,"Merci":0.0018708591509168488,"de":0.003810326001579246,"pour":0.0049465538676491099,"nous":0.0091968334987826174,"d":0.0033834183678895817,"dans":0.0025004154853718688,"est":0.0019980772575295281,"r\u00e9solution":0.0054966587780871882,"!":0.0042202221041751356,"?":0.00073492562019191127,"Bonjour":0.00088000556269814047,"-":0.0014142997294935206,"on":0.0053719817863227418,"taux":0.0036990826282024209,"rentabilit\u00e9":0.0055123333491999557,"sans":0.0049034455049602171,"risque":0.014560549338462472,"calculer":0.0043661621245983766,"pas":0.0014701945786493068,"qui":0.0073070328143705846,"Dans":0.0040044601694869441,"n":0.0029620962332966997,"exemples":0.0061206391763254766,"avance":0.0033682572194039797,"cette":0.0086013591135018861,"votre":0.0044092110568461663,"calcule":0.0055758721213112657,"exercice":0.0049421053695652209,"mani\u00e8re":0.0059157079713507699,"esp\u00e9r\u00e9e":0.0061399898918838456,"prime":0.011460609618257022,"faire":0.004968161013245276,"puis":0.0058799204982850966,"obtenir":0.0054810664885664951,"favorable":0.0062588187107329388,"derni\u00e8re":0.0058799204982850966,"\u00e9t\u00e9":0.011001909766639815,"m\u00eames":0.0060071097778524882,"Ce":0.0058445590766897119,"ont":0.0057750746372722392,"r\u00e9sultats":0.0059886030243207957,"abord":0.0060257325619446703,"rentabilit\u00e9s":0.0062588187107329388,"conjoncture":0.006218678581863972,"soustrait":0.006218678581863972,"donn\u00e9s":0.0062790940408771088,"d\u00e9favorable":0.0062790940408771088,"Enfin":0.0062995087214626705,"Tombons":0.0063407638892759525,"n\u00e9anmoins":0.0063407638892759525}