{"'":0.0026655422823982059,"ai":0.0021090991813534844,"a":0.0026065468667645581,"le":0.00071674239318891223,"les":0.0033318254755866955,".":0.00094267835589790681,"Quand":0.0046948577948896161,"j":0.0025082978792526538,"l":0.0065678611260851592,"une":0.0044455789385667447,"autre":0.0042704895153610955,",":0.001316644633905062,"la":0.0011971273514248956,"et":0.0028620535894638105,"Merci":0.0014576514270304563,"de":0.0029883795282674131,"pour":0.0025935854737416343,"d":0.0013283672941819501,"b\u00e9n\u00e9fice":0.0095097714595678961,"dans":0.0019481606611781472,"est":0.0046141551702671146,"comme":0.0037037336526766812,"r\u00e9solution":0.0042826380103770734,"!":0.0032881218073106417,"?":0.0016971620278402367,"(":0.011423594095853645,"capital":0.0046373571230848704,"+":0.0041294743492853048,")":0.011165880766858123,"Bonjour":0.00068564293770220666,"-":0.0032660390806002002,"on":0.0021090991813534844,"comment":0.0029632951624048395,"t":0.0038505661641878484,"3":0.0038810846238369391,"forme":0.0048607732051657504,"je":0.0016060537315733577,"calculer":0.0034018287525537081,"il":0.0039799079503332327,"o\u00f9":0.0037419871349566548,"existe":0.0047241529074032781,"Si":0.0041294743492853048,"oui":0.0047241529074032781,"mais":0.0031873163283828746,"qu":0.0090324459016832889,"\u00e0":0.0013351740137541449,"sont":0.0036848414417531461,"avance":0.0026243263369472459,"co\u00fbt":0.0089445814943444057,"y":0.0035567456584158687,"votre":0.0034353696727733706,"c":0.0037419871349566548,"Quelles":0.0048922605342350276,"vu":0.0045264720591845853,"t0":0.0093910419444722896,"exercice":0.011412792451869061,"base":0.0045812505452110536,"VAN":0.010866054964108205,"plusieurs":0.0045536992318879329,"VA":0.01622231792866452,"formule":0.0067130423350499104,"Il":0.0044995614886892245,"r\u00e9soudre":0.0044729602419469527,"=":0.0071777880461727523,"formules":0.0091623979549955419,"003":0,"sous":0.0046948577948896161,"aide":0.0042948506138429298,"3\u00b0":0,"premi\u00e8re":0.004446661288642885,"tableau":0.0045264720591845853,"3h":0,"impression":0.0047688028387049214,"3ieme":0,"3\u00e8me":0,"3+":0,"3+1":0,"regarder":0.0048764633194079898,"Sur":0.0049403096578044163,"possibilit\u00e9":0.0048143311854221297,"3M":0,"totale":0.0048922605342350276,"3=":0,"curieux":0.0049241821849695068,"3^2x24":0,"3x0":0,"dirait":0.0049241821849695068,"op\u00e9ratio":0.0049403096578044163,"retenir":0.0049403096578044163,"nombreuses":0.0049241821849695068,"illustrations":0.0049081663218371206,"int\u00e9grer":0.0049081663218371206,"3eme":0,"3e":0,"3+2":0}