{"J":0.0030589766188650648,"'":0.0015706798182806947,"ai":0.0022179588599226235,"le":0.001497871099786584,"en":0.0041935388527184073,".":0.0038201835867796002,"j":0.0026377619193059384,"l":0.0014148647817594855,"r\u00e9ponse":0.0033758842961631856,",":0.00084015552791309972,"la":0.00063329637545347798,"et":0.0030088412611542336,"Merci":0.0015328870855595882,"pour":0.0027266040777335883,"d":0.0013969300426505192,"dans":0.0040713282482661055,"est":0.0048493272184353502,"fait":0.0039351271827659864,"?":0.0011966504988337242,"si":0.0037031676449982196,"(":0.010057548618915384,"+":0.0086299071240706869,")":0.00983065292266023,"me":0.0063537750645418015,"suivante":0.0047038289552325963,":":0.0055218445971224467,"-":0.0034325009943502278,"taux":0.0030308406629170818,"int\u00e9r\u00eat":0.0043667108425594885,"1":0.0027163737972600408,"\/":0.011624936009546076,"3":0.0040814040912122889,"trouver":0.0038849453413460386,"vos":0.0043910483762069049,"je":0.0066288461530132677,"pas":0.0058733469928220362,"qui":0.0030168937302880315,"mais":0.0033518274305982124,"cela":0.0042951252970237072,"n":0.004823064862322245,"Bonsoir":0.0045554668833715827,"bonne":0.0045817777675555005,";":0.022339620449313341,"1+r":0.0058591072612132096,"%":0.0058056651444846254,"ne":0.005863880314616347,"comprends":0.0060649452341285191,"01":0,"vois":0.0047177758878616466,"raisonnement":0.013006737107383039,"puis":0.0048177085867320436,"final":0.0048470310267779973,"correct":0.0048916879326053684,"=":0.022080958357086931,"190000":0.11184105749333738,"\u00e9quation":0.0049067575354487195,"bon":0.0049067575354487195,"mon":0.012415792186403964,"003":0,"car":0.0040599613702698729,"indiqu\u00e9":0.0050149412606296179,"1+7":0,"\u00e9claircissement":0.0049835378173928892,"8":0.014945711729768649,"donne":0.00474591184380963,"1+3":0,"1+TAP":0,"1+6":0,"d\u00e9veloppement":0.0051116586132062851,"1\u00b0":0,"1=1":0,"3\u00b0":0,"avais":0.0048470310267779973,"20":0.016733979298941579,"r=":0.0051281585617172125,"1mais":0,"1+TEG":0,"1+TRI":0,"3h":0,"1er":0,"1+2":0,"1\u00e8re":0,"1+TAE":0,"^3":0.010029218810537836,"1min45":0,"quoi":0.0096323147545502464,"3ieme":0,"choisi":0.0051614978924350383,"3\u00e8me":0,"1+n":0,"1+0":0,"1+5":0,"1=5":0,"1+TAEG":0,"1=9":0,"1+r2":0,"1+2r+r":0,"3+":0,"3+1":0,"1+1":0,"donnait":0.0051614978924350383,"1x":0,"1\u00e8res":0,"1+taux":0,"1X4X":0,"1X08":0,"1=r":0,"1+rn":0,"20\u00e8me":0,"150000+31500":0,"08":0,"3M":0,"1+4":0,"^1":0.0051614978924350383,"1+i":0,"1+R":0,"1+":0,"3=":0,"1\u20ac":0,"150000=190000":0,"1+x":0,"soir\u00e9e":0.00509526977630235,"1+9":0,"1=":0,"1\u2212":0,"1+F3":0,"1+tri":0,"1+A2":0,"1+12":0,"1+41":0,"3^2x24":0,"1x4":0,"3x0":0,"1+11":0,"1USD":0,"1^3":0.0030448679817687723,"r^3":0.020390695545253794,"faisais":0.0051953002841985136,"0820^3":0.01727353944828091,"1=16":0,"3eme":0,"1+15":0,"1+TMEG":0,"1\u00b2=4":0,"08+0":0,"1M":0,"150000":0.14108809748751888,"1EUR":0,"3e":0,"3+2":0,"1+g":0,"8min25":0,"1ere":0,"1+rd":0,"8+50":0,"1an":0}