{"J":0.001967375595631914,"a":0.0035113345631536158,"questions":0.002688556207901073,"alors":0.0027103466008650988,"que":0.0011389517579297917,"le":0.00191537723994597,"mes":0.0030074724328325868,"en":0.0040382065114757896,"les":0.0044790265863006492,".":0.0015776842192608788,"sur":0.0017157251059885291,"une":0.0030126256213381893,",":0.0012462426721218886,"la":0.00081125463764008697,"et":0.00097376807618422968,"de":0.0016359177876515512,"vouloir":0.0032981664333859816,"pour":0.0017575893167794401,"nous":0.0024421278772384009,"d":0.001789471753643801,"\u2019":0.030267289326590965,"des":0.0030262100423580421,"Bien":0.0027103466008650988,"vous":0.0011309316654967599,"dans":0.0013176266647937905,"est":0.0010529129611622969,"non":0.0026741960036730421,"comme":0.0074534775951468945,"?":0.0011523255193447433,"(":0.0039474177581002995,")":0.0038583650341642039,"me":0.0020563076560352472,"Bonjour":0.00046373044854402948,":":0.0035594221955707632,"-":0.002944728624231611,"rentabilit\u00e9":0.0029047962023230393,"t":0.0026043071054614132,"\/":0.0037941926230628752,"cours":0.0023639993121357086,"je":0.0021635490425519982,"ou":0.0065380174213754017,"pas":0.0023051893754057677,"ce":0.0028734526446280695,"il":0.0053502542828816396,"o\u00f9":0.0025308703366140606,"peut":0.0025243620058981115,"\u00eatre":0.010537976495750397,"moi":0.0028162493871301281,"qui":0.0057732814753681978,"qu":0.0020611312385337586,"\u00e0":0.0026869344640770274,"sont":0.0049639280532980112,"plus":0.0045714813199517522,"y":0.0071576756221333167,"profit":0.0033088507839636148,"encore":0.006025619603247663,"demande":0.0031557727409196094,"prendre":0.0061902242662433011,"dit":0.0029130999421268788,"ils":0.0030523251086488254,"ne":0.0037883288938599896,"s":0.0071219872056279701,"agit":0.0061159917190099188,"Je":0.0014009207675932352,"quand":0.0059726276244543323,"ci":0.0029986540924262822,"compte":0.0055171664002532095,"sujet":0.0031655251169046342,"trop":0.0031951522086444916,"sa":0.0031268749733905296,"\u00e9tant":0.0030985010614169185,"mod\u00e8les":0.0098452960447599769,"Auriez":0.0032770140671350809,"litt\u00e9rature":0.0033304407991149054,"entreprise":0.0030432511627612722,"\u00e9videmment":0.0033304407991149054,"peuvent":0.0032253509192727401,"croissante":0.0032458120117050278,"Bruno":0.0032561437408474719,"sais":0.0061343848088876362,"dessous":0.0032253509192727401,"tard":0.0032665441198564669,"disant":0.0033196085670801211,"proposer":0.0033196085670801211,"claire":0.0032665441198564669,"mod\u00e8le":0.0032981664333859816,"quant":0.0032981664333859816,"financi\u00e8re":0.0033304407991149054,"attend":0.0033304407991149054,"consid\u00e9ration":0.0032875545196402577,"Parce":0.0033196085670801211,"chercher":0.0032875545196402577,"consid\u00e9r\u00e9s":0.0033304407991149054,"\u00e9conomiques":0.0033304407991149054,"standards":0.0033304407991149054,"Colmant":0.0033196085670801211,"Toutefois":0.0033088507839636148,"bilan":0.0032981664333859816,"vont":0.0032665441198564669,"trait\u00e9s":0.0033413485176960636,"existent":0.0033196085670801211,"indicatif":0.0033413485176960636,"exemplaire":0.0033413485176960636,"aspects":0.0033413485176960636,"\u2018":0.0099419911906790323,"incontestablement":0.0033413485176960636,"conscience":0.0033413485176960636,"objectifs":0.0066334702520852535,"seuls":0.0033304407991149054,"directives":0.0033413485176960636,"indicateurs":0.0033413485176960636,"prennent":0.0033413485176960636,"people":0.0033413485176960636,"planet":0.0033413485176960636,"essaie":0.0033196085670801211,"standard":0.0033304407991149054,"sant\u00e9":0.0066551959127682057,"\u00e9cologique":0.0033413485176960636,"sociale":0.0033413485176960636,"Paschyne":0.0033413485176960636}