{"'":0.00089088241204956305,",":0.0018328439760920631,"Merci":0.0050559588061144609,"pour":0.004525437544157746,"des":0.0077918797135661366,"?":0.0019861215417672959,"(":0.0068036777040014909,")":0.0066501884942310524,"Bonjour":0.0023781971357773927,"-":0.0074881835105601513,"on":0.0073155477236809549,"trouver":0.012813809833019369,"peut":0.012945948472741184,"exercices":0.01556075510728238,"avec":0.01087326461587633,"O\u00f9":0.01696912394224618,"s":0.012275291982887133,"pouvoir":0.015938577364901663,"exercer":0.017024294201338105,"Anne":0.01696912394224618,"corrig\u00e9":0.016859908092875964,"suppl\u00e9mentaires":0.017135785453312402,"Laure":0.017135785453312402}