{"'":0.00095164465252096236,"le":0.0013429044799240712,"les":0.003140323870931991,".":0.0017570251280947613,"l":0.0025208121499239785,"la":0.0011283206835925909,"pour":0.002444515306750611,"d":0.0024888584898750108,"dans":0.0036501171193014988,"non":0.0074081140539928644,"?":0.0010728475340876431,"(":0.0072677195294421279,")":0.0071037616560773766,"-":0.0020646007372170862,"on":0.0078145014171809354,"1":0.004839662531816594,"\/":0.0052770928084796527,"trouver":0.006921663147256436,"je":0.0030091379715001328,"pas":0.0042441593135968542,"vient":0.0085576456618502213,"Dans":0.005845727921506387,"plus":0.0063581725005153189,"vid\u00e9o":0.0068514414984539324,"pourquoi":0.0062811528548655593,"utilise":0.016721200514314305,"cette":0.012512204183803321,"1+r":0,"%":0.010293069504326416,"calcul":0.0055650199635893021,"ne":0.0069748158348221564,"comprends":0.0054374786499090466,"01":0,"vois":0.0084054864691385511,"Je":0.0038808601959928724,"formule":0.0063272002827885589,"7":0.012608896514394619,"rente":0.0083069346804253083,"versements":0.0091662480841262755,"1+7":0.0054124144642490818,"^18":0.0091960495213379585,"Et":0.008455615259195224,"unitaire":0.0091662480841262755,"annuels":0.0091366500712793345,"1+3":0,"1+TAP":0,"1+6":0,"1\u00b0":0,"1=1":0,"1mais":0,"1+TEG":0,"1+TRI":0,"1er":0,"1+2":0,"1\u00e8re":0,"1+TAE":0,"1min45":0,"1+n":0,"1+0":0,"1+5":0,"1=5":0,"1+TAEG":0,"1=9":0,"1+r2":0,"1+2r+r":0,"1+1":0,"1x":0,"1\u00e8res":0,"1+taux":0,"1X4X":0,"1X08":0,"1=r":0,"1+rn":0,"1+4":0,"1+i":0,"1+R":0,"1+":0,"1\u20ac":0,"1+x":0,"1+9":0,"1=":0,"007=>":0,"1\u2212":0,"1+F3":0,"1+tri":0,"1+A2":0,"1+12":0,"1+41":0,"1x4":0,"1+11":0,"+7":0,"1USD":0,"1^3":0,"o\u00f9t":0.0092562739901016055,"7e":0,"1=16":0,"1+15":0,"1+TMEG":0,"1\u00b2=4":0,"1M":0,"1EUR":0,"1+g":0,"1ere":0,"1+rd":0,"1an":0}