{"questions":0.01098305734578192,"que":0.0046527472383357032,"le":0.0019803175158641883,"r\u00e9ponses":0.012395172056567755,"les":0.0046308866044178134,".":0.0013102236604495385,",":0.0014659693613796828,"et":0.0039779531448117141,"Merci":0.0040274060532819863,"vous":0.0046199842502115951,"dans":0.0053826545181509776,"!":0.0090848891752326258,"?":0.0015820773520135898,"Bonjour":0.001894391530434261,"-":0.0030445687420808084,"je":0.0044374329832831258,"pas":0.0031648938096985268,"ce":0.0058934432686280425,"Est":0.0100778674701478,"aux":0.01196873212283524,"ne":0.0052011599537973262,"comprends":0.008018391757216619,"raisonnement":0.011536749821422037,"10":0.017949173049026469,"totalement":0.013517031112129547,"8":0.019759547219874069,"09":0,"9":0.021637923139699106,"10i\u00e8me":0,"pourriez":0.012657728614153024,"10+1":0,"9+":0,"+10":0,"08":0,"9=":0,"9=850":0,"10^7":0,"clarifier":0.013517031112129547,"10\u00e8me":0,"08+0":0,"10H":0,"8min25":0,"10min15":0,"8+50":0,"10^1":0,"10^2":0}