{"'":0.0012197184144143996,"ai":0.0067416258992918877,"que":0.0027177699813127954,"le":0.0022910298025633612,"les":0.0027050007136970975,"au":0.0045875297557448885,".":0.0015157980627180465,"j":0.0080176437862238669,"r\u00e9ponse":0.0051809099506752356,",":0.0012808318118034442,"la":0.0028598256650721834,"et":0.0023236082018298679,"lieu":0.0073491873050847345,"Merci":0.0023524947119376448,"de":0.0019567614817010918,"d":0.0021438438416241891,"un":0.0033504495965200856,"dans":0.0031441245612218497,"est":0.004976139106714743,"comme":0.005977433061687209,"question":0.0035528119710002688,"?":0.00092412549299699114,"Bonjour":0.0011065549385203815,"-":0.001778398247189173,"taux":0.0046513775863896486,"1":0.0041687708467890387,"ou":0.0052432654413373967,"ce":0.0034424872836583695,"Est":0.0058866996815012092,"utiliser":0.0067765919839463361,"qui":0.0046299734754367446,"int\u00e9ressant":0.0076963416989075219,"plus":0.010847206861163364,"cette":0.0054501006851780812,"eu":0.0073271518008179064,"1+r":0,"01":0,"Pour":0.0063811742440606925,"chaque":0.0068726128798068812,"compte":0.0066097401014093482,"annuel":0.0075071869952524168,"coup":0.0075535851961391117,"1+7":0,"\u00e9tant":0.0073936522009423258,"1+3":0,"1+TAP":0,"\u00e9lev\u00e9":0.007794637033368519,"1+6":0,"1\u00b0":0,"1=1":0,"m\u00e9thode":0.014599565005684132,"\u00e9galement":0.0076005670374894715,"1mais":0,"1+TEG":0,"\u00e9quivalent":0.0076005670374894715,"1+TRI":0,"1er":0,"1+2":0,"1\u00e8re":0,"1+TAE":0,"1min45":0,"1+n":0,"1+0":0,"1+5":0,"1=5":0,"1+TAEG":0,"1=9":0,"1+r2":0,"1+2r+r":0,"1+1":0,"1x":0,"1\u00e8res":0,"1+taux":0,"1X4X":0,"1X08":0,"1=r":0,"1+rn":0,"chance":0.0079471074743552392,"1+4":0,"1+i":0,"1+R":0,"1+":0,"1\u20ac":0,"1+x":0,"1+9":0,"1=":0,"1\u2212":0,"1+F3":0,"1+tri":0,"1+A2":0,"1+12":0,"1+41":0,"1x4":0,"1+11":0,"1USD":0,"1^3":0,"d\u00e9crite":0.0079731355040045058,"compar\u00e9":0.0079731355040045058,"s\u00e9lectionn\u00e9":0.0079731355040045058,"valable":0.0079471074743552392,"1=16":0,"1+15":0,"1+TMEG":0,"1\u00b2=4":0,"1M":0,"1EUR":0,"1+g":0,"1ere":0,"1+rd":0,"1an":0}