{"la":0.004270499947223577,"?":0.0040605436063729265,"on":0.014956335708476556,"calculer":0.024123518370193706,"pas":0.0081229841938286074,"pourquoi":0.023773084483215908,"ne":0.013349244124653409,"comprends":0.020579922556706723,"Je":0.014688389128346269,"doit":0.02994334160685911,"mensualit\u00e9":0.034249096913448344}