{"'":0.00076126851716025955,"le":0.0021243712810337582,"en":0.0059475301351922328,",":0.0015707676229681606,"la":0.003507190811964414,"bien":0.0091606620288165359,"pour":0.0038670346188747879,"vous":0.0049560546636355082,"dans":0.0057742036731400328,"question":0.0065247605600438916,"?":0.0016971620278402367,"on":0.0062512135075261585,"4":0.013578486750540885,"comment":0.0087829870258279725,"t":0.011412792451869061,"valeur":0.010182180853157028,"\u00e0":0.0039573567253113279,"trouve":0.012172206425033636,"probl\u00e8me":0.013416127381764903,"utilisant":0.013915210210500592,"bonjour":0.013496826701777766,"fonction":0.013702829063213358,"mon":0.011813678295840419,"excel":0.013578486750540885,"cible":0.014179064397165826,"TEG":0.01431489780779524,"04":0,"04\u20ac":0,"voici":0.01459491068999755,"4\u00e8me":0,"4ans":0,"4e":0,"4min25":0}