{"J":0.0048881607802700924,"'":0.0016755001532082865,"ai":0.010420731488872972,"que":0.0028298507545245128,"le":0.0012044503450118526,"les":0.0082812064696440209,".":0.0023430141094891829,"j":0.0083449836678761713,"r\u00e9ponse":0.0053945705611038895,",":0.0017594502727427074,"et":0.0047899866953824838,"Merci":0.0024495115412143755,"de":0.0020366510463812279,"d":0.0022322559136783338,"2\u00e8me":0,"un":0.0034886220629049953,"dans":0.0032737881877681536,"Bonjour":0.0011521892394227341,"comment":0.0049796717965163552,"2":0.0062080361562575235,"ainsi":0.0075388765389469876,"je":0.0026988943161218174,"pas":0.0056596374153512052,"o\u00f9":0.0062882253631961933,"mais":0.0053561283494093902,"sont":0.006192194835981703,"par":0.0089722621523436567,"m\u00eame":0.011862788437604787,"travaill\u00e9":0.0082479321383661201,"ne":0.0062628910075874155,"comprends":0.0048768718354769572,"vois":0.0075388765389469876,"Je":0.0034807415358914205,"raisonnement":0.0070167749320054797,"Pour":0.0066443337270893276,"erreur":0.0072379168053764266,"2e":0,"mon":0.0066979764913598057,"02":0,"trop":0.0079387066445097323,"excel":0.0076985662522557645,"annuit\u00e9s":0.0080902468060859607,"constantes":0.0080390745052819554,"2\u00b0":0,"amortissement":0.0078167832189425489,"constant":0.007988566798618155,"exactement":0.0080390745052819554,"r\u00e9sultats":0.0078408640311785193,"2X3":0,"41":0,"2min54":0,"2i\u00e8meann\u00e9e":0,"2eme":0,"remboursements":0.0082479321383661201,"2\u20ac":0,"2^2x4":0,"2x0":0,"+2x0":0,"02+":0,"obtenues":0.0083019474337686864,"41\u20ac":0.020034922538826043,"provient":0.0082479321383661201,"2=":0,"2x":0,"2M":0}