{"'":0.00097378381602756321,"a":0.0098822889955908575,"le":0.0027174095947395198,".":0.0017979007495707506,",":0.0010225747800866611,"Merci":0.0055264429887772835,"pour":0.0049465538676491099,"d":0.0050362836980912193,"?":0.0021709408423354372,"Bonjour":0.0025995011808744644,"-":0.0041777847467879548,"taux":0.010926941905551128,"int\u00e9r\u00eat":0.015743089459893899,"comment":0.011234840833869464,"1":0.0097932098640428657,"sans":0.014484581599025619,"1+r":0,"%":0.010532528579872549,"01":0,"solveur":0.017369049613591012,"elles":0.018311036774931976,"1+7":0,"1+3":0,"1+TAP":0,"1+6":0,"1\u00b0":0,"1=1":0,"1mais":0,"1+TEG":0,"1+TRI":0,"1er":0,"1+2":0,"1\u00e8re":0,"1+TAE":0,"1min45":0,"1+n":0,"1+0":0,"97":0.036914693578367151,"1+5":0,"1=5":0,"1+TAEG":0,"1=9":0,"1+r2":0,"1+2r+r":0,"1+1":0,"1x":0,"1\u00e8res":0,"1+taux":0,"1X4X":0,"1X08":0,"1=r":0,"1+rn":0,"1+4":0,"1+i":0,"1+R":0,"1+":0,"1\u20ac":0,"97\u20ac":0,"1+x":0,"1+9":0,"1=":0,"1\u2212":0,"1+F3":0,"1+tri":0,"1+A2":0,"1+12":0,"1+41":0,"1x4":0,"1+11":0,"1USD":0,"1^3":0,"arrivent":0.01860849641695771,"1=16":0,"1+15":0,"1+TMEG":0,"1\u00b2=4":0,"1M":0,"1EUR":0,"1+g":0,"1ere":0,"1+rd":0,"1an":0}