{"'":0.0017214553355390887,"le":0.0048038375342818905,"les":0.007590734541714236,".":0.0010887451374048775,"l":0.0030889507225674729,",":0.0012215027778592865,"la":0.001382620672855876,"de":0.0041029428080400472,"exemple":0.0087484973971842066,"un":0.004766291964950169,"dans":0.0044727775187303406,"question":0.0050541691980519367,"?":0.0013146450304615909,"on":0.0048422758918792233,"3":0.0089105731368633086,"qu":0.013801599904631588,"\u00e0":0.0030654229044441202,"fin":0.01009034010867349,"Dans":0.0071632332808355299,"sont":0.016688226997072852,"plus":0.0077911721983201839,"vid\u00e9o":0.008395613758016951,"peu":0.0098887251443100614,"calcule":0.0099741965355038559,"ne":0.0043219625621925706,"Mais":0.010299908108249819,"3000":0.020825675953541269,"003":0,"CF":0.0090294451397521704,"frais":0.020685387619551122,"3\u00b0":0,"avant":0.010209079282620655,"3h":0,"3ieme":0,"3\u00e8me":0,"3+":0,"3+1":0,"ajout\u00e9s":0.011268647612064156,"compliqu\u00e9":0.011195860762721086,"3M":0,"3=":0,"d\u00e9ja":0.011268647612064156,"ajout\u00e9":0.011305418394879512,"3^2x24":0,"3x0":0,"4000\u20ac":0,"3eme":0,"3e":0,"3+2":0}