{"J":0.0020176070607426906,"'":0.0013844765182296455,"ai":0.0014628975679706199,"a":0.0018079335035084986,"questions":0.0054911342326369808,"que":0.0034746893683960029,"le":0.0014789086674914713,"les":0.0034583637636790665,".":0.0016173027737328093,"j":0.0017397867770968442,"sur":0.0035042142082063496,"une":0.0015511557490134665,",":0.0014538450402052617,"la":0.00083188073087336932,"\u00e9tait":0.00312095211876834,"et":0.0019888337101044637,"de":0.0020877951026101547,"bien":0.0021437613971786802,"pour":0.0018022759039885688,"nous":0.0025044808217061067,"des":0.0031031512240550082,"vous":0.0034502218440108953,"mal":0.0029536825873096111,"\"":0.013021835170254887,"est":0.0032122040696850218,"comme":0.0025689559793174903,"?":0.0011815013955041517,"si":0.0024424956835513061,"(":0.0027095953186352783,")":0.0026484675488688755,"Bonjour":0.00047557051604235704,":":0.0018326931042209069,"-":0.0022736955389055439,"on":0.0057783399583567346,"taux":0.0039812290793908136,"utilis\u00e9":0.0030395434599398662,"4":0.0063284097234817824,"\/":0.001953572876245477,"fonds":0.0031585027344819094,"vos":0.0028962006944612665,"je":0.0022185571278016195,"ou":0.0022534285148264731,"pas":0.0023635547579402682,"ce":0.0044012458918941469,"il":0.0013886733725830813,"C":0.0031680292646448396,"moi":0.0028881544840251802,"qu":0.0062880545655592292,"\u00e0":0.001844371559205494,"Dans":0.0043098992037847702,"merci":0.0024918908307273659,"explications":0.0030662235581348013,"par":0.0037253417512990842,"aurais":0.0032665396560125873,"surtout":0.0032564120790680049,"leurs":0.0033933330877394981,"vid\u00e9o":0.0025363947082860708,"pourquoi":0.0046309263878739574,"cette":0.0023423212938696795,"y":0.0024670032683088831,"moins":0.003206711030867484,"c":0.0025954890730138561,"aux":0.0089382947600805656,"dit":0.0029874778486293492,"De":0.0032165288940174761,"le\u00e7on":0.0030662235581348013,"calcul":0.0020601631336032568,"comprendre":0.0027870663526817644,"ne":0.0038842460742077949,"comprends":0.0059881655209795617,"Je":0.0028612546620882641,"ces":0.0054472403857777308,"donc":0.0026919688308141526,"Pour":0.0027424741624324199,"expliquer":0.0027424741624324199,"elles":0.0033499462406074263,"car":0.0026778258704174811,"lorsqu":0.0032767315354636779,"diff\u00e9rence":0.0030219999451985462,"voit":0.0033933330877394981,"TAP":0.003206711030867484,"banque":0.0033286847957245598,"TAE":0.0031117001299221609,"capitalisation":0.0032363466225337752,"beaucoup":0.0030132995682298704,"d\u00e9finition":0.0033181587539346889,"utilit\u00e9":0.003382375941980069,"plut\u00f4t":0.0032665396560125873,"juste":0.003206711030867484,"bloque":0.0033606835088757919,"banques":0.0034043655409334854,"entendez":0.0034154743438918568,"04":0,"continu":0.003382375941980069,"quelques":0.0032264071751670234,"Pouvez":0.0027646154185847782,"proportionnels":0.0034043655409334854,"p\u00e9riodes":0.0033606835088757919,"aller":0.0033933330877394981,"entend":0.0033714930825256249,"entreprises":0.0033933330877394981,"quoi":0.0031969528511448758,"font":0.0033933330877394981,"04\u20ac":0,"leur":0.0033286847957245598,"4\u00e8me":0,"vont":0.0033499462406074263,"r\u00e9cession":0.0034266605607356573,"pr\u00eater":0.0034266605607356573,"m\u00e9nages":0.0034266605607356573,"d\u00e9poser":0.0068244038100343874,"liquidit\u00e9s":0.0067800019162996689,"aupr\u00e8s":0.0034043655409334854,"centrale":0.0034043655409334854,"compare":0.0034266605607356573,"limite":0.0033933330877394981,"d\u00e9coulent":0.0034266605607356573,"Grand":0.0034043655409334854,"H\u00e9l\u00e8ne":0.0033933330877394981,"Moureau":0.0033933330877394981,"4ans":0,"4e":0,"4min25":0}