{"'":0.0011525430334271038,"a":0.0039707867215668649,"le":0.0021637204049010537,".":0.00072241162207216012,"l":0.0020496017160727869,",":0.0037993259227593838,"la":0.002702322198421067,"Merci":0.0022205712104881722,"de":0.0036300385803002089,"d":0.0020236210905536876,"toute":0.0072877131236330226,"vous":0.0025472981574749475,"trouv\u00e9":0.0067541357958060145,"\"":0.0096448965790646417,"un":0.0031625626525197555,"est":0.0023715696781485989,"m":0.0045671112961004692,"question":0.0033535769237002431,"?":0.00087230226457644011,"Bonjour":0.0010445014081574687,"-":0.0016786690012315657,"on":0.0032129800275493879,"calculer":0.0051823109769945173,"pas":0.001745012046237969,"o\u00f9":0.0057005047625341846,"vient":0.0069579818688988828,"qui":0.004370333226556139,"\u00e0":0.002033990377229223,"fin":0.0066952115005918513,"Dans":0.0047529975527829107,"plus":0.005169651879270736,"x":0.0070429391106257263,"peu":0.0065614345601161658,"ne":0.0028677381673830622,"comprends":0.0044210615107908051,"exercice":0.0058659129403073364,"Je":0.003155418668457879,"expliquer":0.0060233299329284047,"=":0.0055006222142299777,"88":0.015979928480592983,"CF":0.011872620470415983,"beaucoup":0.0066181471223419304,"nombre":0.0070215070997724487,"avant":0.0067739981296271292,"pourriez":0.0069790300205402628,"145":0.038342232166114487,"21":0.0328337401722937,"887":0.044743821414021397,"variante":0.0074770501564716063,"compliqu\u00e9e":0.0075014485578475433,"Violette":0.0075260169842978151,"Vandenkerckhove":0.0075260169842978151}