{"J":0.0038548393846347174,"'":0.0016490868031494303,"ai":0.0014031867858661663,"a":0.0034542371553555923,"certaines":0.0032235111974890907,"le":0.0014190278091752166,"les":0.0011150924963033125,".":0.0012468144641042235,"j":0.0016687742664262912,"sur":0.0050223608710122242,"l":0.001782974230997107,"du":0.0011415939401051411,"une":0.0014878425513109778,",":0.00070913871455064576,"la":0.001192280204304632,"de":0.0023952290337830341,"nous":0.0047850602317089435,"d":0.000883764713604765,"\u00e9viter":0.0032760656465253067,"des":0.0029770011886406664,"*":0.0024895495418488598,"un":0.0027511529040680867,"dans":0.00129611415180352,"an":0.0058755074130459016,"est":0.0020630581980850037,"fait":0.0049589405666333793,"question":0.0014645888814662283,"?":0.00075882667699961109,"si":0.0023428008513602049,"(":0.003883485625028995,")":0.0050409482714401793,"me":0.0020227349101699576,":":0.0035015428403083839,"-":0.0021816338427289692,"on":0.0014031867858661663,"utilis\u00e9":0.0029154790543333546,"t":0.0025617873296145417,"1":0.0017185078978071587,"\/":0.0037324956928595898,"3":0.002582091305683184,"2":0,"cours":0.0023254029727702869,"pas":0.0022678546713196406,"il":0.0013319921838382037,"D":0.002702496673569033,"\u00eatre":0.002623520599893841,"qui":0.0038018076696142442,"mais":0.0083801790529636488,"\u00e0":0.0043706805589069616,"cela":0.015980713186945949,"n":0.0030584287442294539,"merci":0.0023901798472112348,"par":0.0070906117274328736,"quizz":0.0028013753154603857,"possible":0.0027779870803408711,"avance":0.0017459681698998122,"avec":0.0062063737687129703,"Bonsoir":0.0028820060866327035,"Y":0.0031429858741045679,"doivent":0.0032132121900395319,"1+r":0,"%":0.005500072931480378,"aussi":0.0059452132416613667,"permet":0.0061643724844636814,"ne":0.0024946813878981397,"01":0,"avons":0.0062605221906441707,"Je":0.0013780483356544769,"faire":0.0025752935203678944,"certificatif":0.0028573704270968355,"45":0.019816474134865852,"formule":0.0066858613473431182,"total":0.0061643724844636814,"va":0.0030947155926292955,"montant":0.0029239622486465218,"r\u00e9soudre":0.0029758670245070714,"examen":0.0031042493436650468,"rente":0.0029496959263233336,"diff\u00e9rent":0.0031627258351663392,"=":0.0024022559551782818,"int\u00e9r\u00eats":0.00599855240236762,"chaque":0.0028331227468682703,"ann\u00e9e":0.0026305351718117279,"rien":0.0031138424954019065,"003":0,"car":0.0076435169371498633,"1+7":0,"donne":0.0030024906712434367,"calculs":0.0029583702922127194,"excel":0.012045148927792328,"sous":0.003123495792683526,"\u00e9tant":0.0030479127224624009,"1+3":0.0038193832159135349,"1+TAP":0,"1+6":0,"fiscale":0.0032235111974890907,"15":0.0049047409968026607,"\u00e9conomie":0.0031627258351663392,"1\u00b0":0,"^":0.0030387204809928462,"1=1":0,"3\u00b0":0,"avais":0.0061080970627041178,"aujourd":0.0031429858741045679,"hui":0.0031332099944517294,"constante":0.003152824219865815,"pendant":0.0032029816150383893,"valeurs":0.0030571601729203575,"tableau":0.00599855240236762,"1mais":0,"toutes":0.0030947155926292955,"1+TEG":0,"long":0.0032548281253647741,"lors":0.0058755074130459016,"fonctionne":0.0032235111974890907,"tableur":0.006319692986171686,"1+TRI":0,"3h":0,"1er":0,"1+2":0,"1\u00e8re":0,"actualiser":0.0031726915390378274,"1+TAE":0,"1min45":0,"3ieme":0,"3\u00e8me":0,"1+n":0,"1+0":0,"1+5":0,"1=5":0,"1+TAEG":0,"1=9":0,"1+r2":0,"1+2r+r":0,"3+":0,"3+1":0,"1+1":0,"1x":0,"1\u00e8res":0,"Bonne":0.0031627258351663392,"1+taux":0,"^15":0.0032760656465253067,"1X4X":0,"1X08":0,"1=r":0,"1200":0.017515985953585465,"1+rn":0,"3M":0,"1+4":0,"retombe":0.0032548281253647741,"nos":0.0032443182151174221,"2eme":0.002582091305683184,"actuelles":0.0032760656465253067,"1+i":0,"1+R":0,"1+":0,"3=":0,"1\u20ac":0,"1+x":0,"soir\u00e9e":0.0032235111974890907,"1+9":0,"1=":0,"1\u2212":0,"1+F3":0,"1+tri":0,"1+A2":0,"1+12":0,"1+41":0,"3^2x24":0,"1x4":0,"3x0":0,"15x4":0,"1+11":0,"045":0,"UCL":0.003265410269238979,"1USD":0,"1^3":0,"sommer":0.003265410269238979,"15ans":0.014879222222709898,"limit\u00e9":0.0065043796793875872,"comparable":0.0032548281253647741,"\u00e9tudiante":0.003265410269238979,"Charleroi":0.0032867952779107963,"outils":0.003265410269238979,"pc":0.0032867952779107963,"1=16":0,"3eme":0,"1+15":0,"1+TMEG":0,"15\u20ac":0,"1\u00b2=4":0,"45=4":0,"1M":0,"1EUR":0,"3e":0,"3+2":0,"1+g":0,"45=2788":0,"1ere":0,"15h":0,"1+rd":0,"1an":0}