{"'":0.0023544540651051233,"ai":0.0040446437101695843,"a":0.0049986048466227053,"questions":0.0076231555683133646,"le":0.0013745051148154434,"les":0.0032142205847858264,".":0.0026664293566657565,"j":0.0048101916354831801,"l":0.0025801307876754786,"du":0.0032906101995278957,"la":0.0022831925109900002,"et":0.0054585832607850033,"de":0.0011739605753110288,"d":0.0050362836980912193,"vous":0.003206653443910724,"mal":0.0081663911132014207,"dans":0.0073861271819375338,"5":0.0070664627306880551,"on":0.0040446437101695843,"4":0.0087855167581582412,"actif":0.0078111514072752124,"je":0.003079947676729887,"valeur":0.0065880478556600338,"il":0.0038394274109634354,"calcul\u00e9":0.0085274133959040762,"\u00e0":0.0025604785324732865,"merci":0.0068896215262100411,"explications":0.0084775462752241012,"par":0.0051717657067086534,"plus":0.0065077902065911134,"vid\u00e9o":0.0070126665926501189,"lequel":0.0091741009263306261,"comprendre":0.0077057277556605904,"s":0.0067868031737885574,"raisonnement":0.0080074642126117777,"bonjour":0.0087326812883403836,"derni\u00e8re":0.0087855167581582412,"ensuite":0.0087064975719916473,"04":0,"abord":0.0090033826849503559,"pla\u00eet":0.0092619875021565344,"05":0,"5i\u00e8me":0,"5eme":0,"0005+1":0,"souhaite":0.0091741009263306261,"04\u20ac":0,"5e":0,"5=>":0,"4\u00e8me":0,"5^2x18":0,"5x0":0,"5^2":0,"v\u00e9ritablement":0.0094740885399735696,"4ans":0,"5\u00e8me":0,"4e":0,"4min25":0,"5+5":0,"5xtaux":0,"5ans":0,"5min08s":0}