{"J":0.0041230152036210287,"'":0.00072188454101879379,"ai":0.0029894566843272504,"a":0.0036945436339608515,"que":0.0023868931913975065,"le":0.0029962348123112213,"au":0.0040290177662613167,".":0.0032496356115944316,"du":0.0024321392343558596,",":0.00038229474423422382,"et":0.0020407189109300813,"de":0.0017205505856942962,"Bien":0.0056800543156377177,"\"":0.0089795945583126414,"un":0.0029425467883751346,"5":0.0052229283364786357,"m":0.0042493825903448367,"r\u00e9pondre":0.0067593452448530779,"Bonjour":0.0009718366406364392,"-":0.0015618859200728459,"1":0.0036612409508955993,"je":0.0022764354117095517,"temps":0.0059349620173059824,"qui":0.0080630755753080732,"\u00e0":0.0018924879946119555,"quizz":0.011834502769862216,"avance":0.003719744419420037,"concernant":0.006454455403300305,"probl\u00e8me":0.0064158633569172032,"m\u00eame":0.0050540049984522393,"1+r":0,"01":0,"quand":0.0062842582986818388,"certificatif":0.0060875609782847307,"Comment":0.005664761578816656,"puis":0.0064935068895954837,"mon":0.0056495398062268347,"1+7":0,"1+3":0,"1+TAP":0,"1+6":0,"1\u00b0":0,"1=1":0,"sachant":0.0068897048928047268,"chapitre":0.0067807152624976231,"1mais":0,"Vous":0.0066752307359656407,"1+TEG":0,"justement":0.0069343353242182727,"Lors":0.0068238775445303192,"1+TRI":0,"1er":0,"1+2":0,"1\u00e8re":0,"1+TAE":0,"1min45":0,"apparait":0.0069568803346601489,"05":0,"message":0.0068456735456969061,"1+n":0,"1+0":0,"1+5":0,"1=5":0,"1+TAEG":0,"1=9":0,"1+r2":0,"1+2r+r":0,"1+1":0,"1x":0,"1\u00e8res":0,"1+taux":0,"1X4X":0,"1X08":0,"1=r":0,"1+rn":0,"to":0.01379483379566164,"5i\u00e8me":0,"1+4":0,"5eme":0,"0005+1":0,"1+i":0,"1+R":0,"1+":0,"1\u20ac":0,"are":0.0069568803346601489,"1+x":0,"5e":0,"1+9":0,"1=":0,"1\u2212":0,"1+F3":0,"1+tri":0,"1+A2":0,"1+12":0,"1+41":0,"5=>":0,"5^2x18":0,"5x0":0,"1x4":0,"5^2":0,"Quizz":0.0069568803346601489,"1+11":0,"emp\u00eache":0.0069568803346601489,"1USD":0,"1^3":0,"Graded":0.0069795813671766271,"assessments":0.0069795813671766271,"available":0.0069795813671766271,"Verified":0.0069795813671766271,"Track":0.0069795813671766271,"learners":0.0069795813671766271,"Upgrade":0.0069795813671766271,"Unlock":0.0069795813671766271,"r\u00e9gler":0.0070024405963176137,"Kornwolf":0.0070024405963176137,"Anthony":0.0070024405963176137,"5\u00e8me":0,"1=16":0,"1+15":0,"1+TMEG":0,"1\u00b2=4":0,"5+5":0,"1M":0,"1EUR":0,"5xtaux":0,"1+g":0,"1ere":0,"1+rd":0,"5ans":0,"5min08s":0,"1an":0}