{"J":0.0030589766188650648,"'":0.0010601038440996872,"que":0.0035192415191427542,"le":0.0029582914708198415,"r\u00e9ponses":0.0047177758878616466,"en":0.0021102106242451377,"les":0.0017625802257555322,".":0.00049868945463321657,"du":0.0018044699532480299,"une":0.0069661867972781854,",":0.00084015552791309972,"seule":0.0050628195211077512,"pour":0.0027266040777335883,"d":0.0027760643137127983,"un":0.0043384986253225937,"000":0,"est":0.0032533906578282945,"5":0.0038750319545909871,"question":0.0023150145928626307,"?":0.0017836621682630043,"(":0.0020627679312103732,")":0.0020162324200536539,":":0.0027786210032905681,"-":0.0034325009943502278,"on":0.0044076626977194392,"vos":0.0043910483762069049,"temps":0.0087505234088876595,"ou":0.0034165151744664272,"cas":0.0040281474128914391,"il":0.0041840276159196017,"o\u00f9":0.0039351271827659864,"peut":0.0078000139326803207,"\u00eatre":0.0041468896495716109,"qui":0.0030168937302880315,"qu":0.0032047527076608023,"fois":0.0046624613912880034,"merci":0.0037780576487243885,"sont":0.0038750319545909871,"par":0.0028360380771728093,"quizz":0.0044280171845108261,"plus":0.0035686730356334034,"avance":0.0027597791046626405,"y":0.0037403245970217148,"avec":0.0032966025924483235,"Bonsoir":0.0045554668833715827,"ne":0.001979634240408536,"faire":0.0080894612889311993,"certificatif":0.004516526323292201,"puis":0.0048177085867320436,"doit":0.0044404659742281012,"quel":0.0045950406509693868,"mardi":0.0051783404031371617,"moment":0.004876711066366648,"30":0.0092523522302326786,"grand":0.0049525344289089845,"Le":0.0044909078437569911,"l\u00e0":0.0049067575354487195,"traite":0.0051447711387346889,"Un":0.0049067575354487195,"toutes":0.0048916879326053684,"avant":0.0046761725998543651,"tard":0.0050789905645457645,"d\u00e9marrer":0.0051447711387346889,"30\u20ac":0,"05":0,"mars":0.0051116586132062851,"5i\u00e8me":0,"5eme":0,"0005+1":0,"questionnaire":0.0051783404031371617,"entends":0.0051614978924350383,"revenir":0.00509526977630235,"r\u00e9alis\u00e9":0.0051281585617172125,"5e":0,"5=>":0,"5^2x18":0,"5x0":0,"5^2":0,"limit\u00e9":0.0051614978924350383,"trait\u00e9es":0.0051953002841985136,"CET":0.0051953002841985136,"pause":0.0051953002841985136,"d\u00e9marr\u00e9":0.0051783404031371617,"minuteur":0.0051953002841985136,"d\u00e9compte":0.0051783404031371617,"imparti":0.0051953002841985136,"\u00e9ch\u00e9ant":0.0051953002841985136,"5\u00e8me":0,"5+5":0,"5xtaux":0,"5ans":0,"5min08s":0}