{"'":0.00062489945411415887,"r\u00e9pondu":0.011788276257623662,"questions":0.0096714395066954412,"le":0.0017438241880877985,".":0.0011537542301138406,"avoir":0.0088071839212383804,",":0.00065620973705828489,"la":0.0014651771063268542,"et":0.0035028983268753388,"de":0.0029356127095122842,"pour":0.0031743172979090827,"est":0.0037876031677413296,"!":0.0079999542310537994,"question":0.0053559542005054148,"?":0.0013931426307984024,"(":0.0047723632498456745,"r\u00e9pondre":0.011602430409280336,"\u00e0":0.0032484596454964748,"quizz":0.010244538981486329,"aux":0.010539403105484065,"s":0.0086103655829848445,"faire":0.0094177651643375902,"Comment":0.0097235752314074712,"10":0.015805648270200208,"premi\u00e8re":0.010818664537016362,"autres":0.010850566140997409,"10i\u00e8me":0,"moyen":0.011422523154986876,"continuer":0.011864366848557881,"Plus":0.011941499808734764,"10+1":0,"Apr\u00e8s":0.011788276257623662,"+10":0,"minutes":0.011980466179063579,"10^7":0,"participation":0.012019704094232957,"arr\u00eat\u00e9":0.012019704094232957,"10\u00e8me":0,"10H":0,"10min15":0,"10^1":0,"10^2":0}