{"J":0.0050984201277145648,"'":0.00089088241204956305,"ai":0.0036966892862580472,"a":0.0045685826260263964,"questions":0.0069673473206075896,"que":0.0029515739546723389,"le":0.0036905179654041528,"en":0.0035171044636360151,".":0.0024417316510360193,",":0.00047273636464194118,"et":0.0049938761989076494,"lieu":0.007981422264153026,"Merci":0.0025548748304687402,"des":0.0039373891532017789,"Quiz":0.0083061012492633909,"*":0.025428732962460697,"est":0.0027286058878844403,"!":0.0057632020174586069,"?":0.001003626044416422,"Bonjour":0.0012017495072828637,":":0.0046311492422335433,"-":0.0019313900674195331,"je":0.0028149845560377826,"c":0.006558707088508091,"Mais":0.0078631537738410185,"ci":0.0077709606720872378,"faire":0.0067845992148772806,"certificatif":0.007527729558969006,"place":0.0085196411763505675,"dessous":0.0083584416124065,"Que":0.0082801821715351512,"message":0.0084651930855097323,"commenc\u00e9":0.0086027086907616256,"to":0.017024294201338105,"are":0.0086027086907616256,"re\u00e7ois":0.0086590474000766814,"Graded":0.0086307802343737541,"assessments":0.0086307802343737541,"available":0.0086307802343737541,"Verified":0.0086307802343737541,"Track":0.0086307802343737541,"learners":0.0086307802343737541,"Upgrade":0.0086307802343737541,"Unlock":0.0086307802343737541,"d\u00e9marr\u00e9":0.0086307802343737541,"d\u00e9compte":0.0086307802343737541}