{"'":0.0018870947924688949,"ai":0.0032129800275493879,"que":0.0050836515143586735,"le":0.0021637204049010537,"en":0.0060576945410489467,"les":0.0025533093352793669,".":0.0014315672342380271,"j":0.0075721142693432695,"l":0.0020496017160727869,"du":0.0026139916410808268,",":0.00081421877713757176,"la":0.0035710136923837459,"Merci":0.0022205712104881722,"de":0.00093256962835091737,"afin":0.0068140616849394972,"d":0.0040101094157927496,"\u2019":0.0064506750346606263,"dans":0.0058811576023321153,"gain":0.0074528194430277884,"est":0.0023715696781485989,"r\u00e9solution":0.0065241267524152567,"question":0.0033535769237002431,"?":0.00087230226457644011,"Bonjour":0.0010445014081574687,"1":0.0039349939783190919,"pas":0.001745012046237969,"il":0.0030499605089156167,"\u00eatre":0.0060072681514884759,"n":0.0035157887835279645,"par":0.0081412974519746058,"Cependant":0.00712999427263357,"quizz":0.0064145151799502231,"avance":0.0039978717838069083,"elle":0.0065056198599010451,"bonne":0.0066372558679195755,"m\u00eame":0.0054318957703232704,"1+r":0,"vu":0.0068955810376292309,"exercice":0.0058659129403073364,"01":0,"Pourquoi":0.0064145151799502231,"Pour":0.0060233299329284047,"ann\u00e9e":0.0060233299329284047,"annuel":0.0070861979960321316,"1+7":0,"gains":0.0074770501564716063,"1+3":0,"TAE":0.020131096597253033,"1+TAP":0,"1+6":0,"1\u00b0":0,"1=1":0,"avais":0.0070215070997724487,"premi\u00e8re":0.0067739981296271292,"m\u00e9thode":0.0069579818688988828,"1mais":0,"1+TEG":0,"1+TRI":0,"fallait":0.0073341026735607934,"changer":0.0075260169842978151,"semaine":0.0074048519693713155,"1er":0,"1+2":0,"1\u00e8re":0,"1+TAE":0,"1min45":0,"1+n":0,"1+0":0,"unit\u00e9":0.0074770501564716063,"1+5":0,"1=5":0,"1+TAEG":0,"1=9":0,"1+r2":0,"1+2r+r":0,"1+1":0,"1x":0,"1\u00e8res":0,"1+taux":0,"1X4X":0,"1X08":0,"1=r":0,"1+rn":0,"hebdomadaire":0.0075014485578475433,"1+4":0,"1+i":0,"1+R":0,"1+":0,"1\u20ac":0,"1+x":0,"1+9":0,"1=":0,"1\u2212":0,"1+F3":0,"1+tri":0,"1+A2":0,"1+12":0,"1+41":0,"1x4":0,"1+11":0,"1USD":0,"1^3":0,"chang\u00e9":0.0075260169842978151,"1=16":0,"1+15":0,"1+TMEG":0,"1\u00b2=4":0,"1M":0,"1EUR":0,"1+g":0,"1ere":0,"1+rd":0,"1an":0}