{"'":0.00048122986374688322,"que":0.0031551481316816634,"le":0.0039394996113853728,"r\u00e9ponses":0.0084054864691385511,".":0.0017570251280947613,"r\u00e9ponse":0.011894202860699775,",":0.0019551897115949726,"la":0.0043655237680514858,"Merci":0.0027310881149609622,"de":0.0022681643271609542,"pour":0.002444515306750611,"d":0.0024888584898750108,"\"":0.023160363148439802,"est":0.019135696917668029,"5":0.020253345645172591,"comme":0.013722840601137114,"question":0.0041245757108197296,"Bonjour":0.0012846358488326653,"projet":0.014807803577731654,"vos":0.0078233681694170228,"pas":0.0021461962748298953,"mais":0.0059718267218391722,"\u00e0":0.0025016117109680435,"avance":0.0049169961595118081,"pourquoi":0.0062811528548655593,"6":0.012292252807310174,"%":0.015269281571551446,"ne":0.0035270409653009997,"comprends":0.0054374786499090466,"Je":0.0038808601959928724,"Au":0.0086621348635764015,"A":0.0080012840821816027,"vrai":0.0090780533410907954,"donn\u00e9":0.0086357755602383072,"fausse":0.017952088114575295,"consid\u00e9r\u00e9e":0.018126495527566441,"\u00e9tant":0.0085835328554327382,"06":0,"Le":0.0080012840821816027,"premi\u00e8re":0.0083313634326211503,"sup\u00e9rieur":0.008963183258069711,"COC":0.0083806377361156249,"TRI":0.016379142918172652,"6min15":0,"05":0,"rentable":0.018067964682386285,"06^":0,"5i\u00e8me":0,"5eme":0,"0005+1":0,"06=":0,"5e":0,"5=>":0,"5^2x18":0,"5x0":0,"5^2":0,"5\u00e8me":0,"5+5":0,"5xtaux":0,"5ans":0,"5min08s":0}