{"J":0.0031821605128829768,"'":0.0018919713392921646,"ai":0.0023072752696826188,"alors":0.0043838898625400882,"que":0.0089733194369749116,"le":0.0023213825037773999,"en":0.0021951880511039698,".":0.0025269061130648875,"j":0.0027439836480724765,"l":0.0014718408803184215,"r\u00e9ponse":0.013773043272290142,",":0.00087354781108172968,"la":0.0050382441315474768,"et":0.0015750354571945329,"de":0.0026264496908719073,"pour":0.0014272930099722744,"Bien":0.0043838898625400882,"vous":0.0018292420098648449,"un":0.0022710700142590705,"dans":0.0063096952494818932,"est":0.0066791886189443142,"fait":0.0040935933465278719,"question":0.0024082394022640554,"si":0.0038522928811634011,"on":0.0090489011689744679,"3":0.004245760773743161,"aimerai":0.0053175032767390747,"pas":0.0037099753232962968,"ce":0.0023334568747146386,"cas":0.004190359468040211,"D":0.0044437446276807324,"qui":0.00313838296143913,"mais":0.0034868043220300697,"\u00e0":0.0029019137573770581,"n":0.0050160098853810689,"merci":0.0039301986785458907,"par":0.0029502443158784964,"avance":0.0028709144218288575,"pourquoi":0.0036674123248726384,"avec":0.0068132879333100693,"Bonsoir":0.0047389139049351381,"m\u00eame":0.0077497382686795924,"explication":0.0047662843190117796,"dit":0.0093612621924339459,"De":0.0050730944762464427,"accord":0.005300454467236526,"ne":0.0020593534030071674,"comprends":0.0031748114840830593,"s":0.0038715457392980838,"agit":0.0049666393316423491,"Je":0.0022659398430125511,"chose":0.0049077590349659974,"n\u00e9gatif":0.0052168911509771461,"12":0.007286447986544836,"donc":0.004245760773743161,"Il":0.004922351228929229,"video":0.0051043509058885895,"correct":0.0101099472654319,"003":0,"CF":0.0043024015845203991,"\u00e9claircissement":0.0051842231023166247,"ceci":0.0052333846206709658,"3\u00b0":0,"11":0.0096249411442885947,"autant":0.0052333846206709658,"inverse":0.005300454467236526,"applique":0.0051680458035434614,"rapport":0.0050269216710757646,"van":0.0053175032767390747,"3h":0,"prend":0.0052168911509771461,"r\u00e8gle":0.005300454467236526,"positif":0.0051842231023166247,"3ieme":0,"3\u00e8me":0,"3+":0,"3+1":0,"3M":0,"12^3+2":0,"12^4+189":0,"12^4":0,"3=":0,"12\u20ac":0,"3^2x24":0,"3x0":0,"cf":0.0053519492318236904,"DRs":0.0054045131678973042,"drs":0.0054045131678973042,"pr\u00e9c\u00e8de":0.0054045131678973042,"12=":0,"3eme":0,"12^5":0,"3e":0,"3+2":0}