{"'":0.0010213038753556342,"le":0.0028500175340329332,".":0.0054015050839597636,"j":0.009973866488686263,",":0.0010724758088543561,"Merci":0.0057961300531723502,"pour":0.0051879426948110629,"vous":0.0066489520062206252,"?":0.0022768814381099235,"Bonjour":0.0027263552611183376,"-":0.0043816581073426088,"\u00e0":0.010371207419075575,"Comment":0.015891716660604297,"12":0.02648487335032235,"13\u20ac":0,"arrive":0.015311192958830371,"mois":0.035160196437958667,"13":0.039242102564614884,"DRS":0.019328128202441248,"12^3+2":0,"12^4+189":0,"12^4":0,"12\u20ac":0,"arrivez":0.019580264403638734,"Moi":0.019580264403638734,"12=":0,"12^5":0}