{"'":0.0010213038753556342,"que":0.003388885739986849,"le":0.0014423886461880724,"les":0.009878862953991702,".":0.0018856372151798352,"sur":0.0051050418114200477,"l":0.0027075572973208591,"la":0.0023946109200802795,"Merci":0.0029334107880715447,"de":0.0012319396898922478,"vous":0.003365022414178318,"dans":0.0039205226945366036,"!":0.006617090892373413,"?":0.0011523255193447433,")":0.0038583650341642039,"me":0.0061184256875199423,"-":0.0022175491308524232,"on":0.0042443990222676914,"trouver":0.014689698060628847,"pas":0.0023051893754057677,"o\u00f9":0.0075304597703916157,"\u00e0":0.0026869344640770274,"n":0.0046444143279307801,"vid\u00e9o":0.014540668153179916,"Bonsoir":0.0087175734118123942,";":0.0087679232596491203,"Je":0.0041683595280431526,"doit":0.008497501815738915,"\u00e9quations":0.009813505371396098,"arrive":0.0077489666711490794,"m\u00eames":0.0094188387291725822,"d\u00e9tailler":0.0095968469785272861,"projets":0.0093323226395149346,"Pouvez":0.0080211569398296236,"TRI":0.0088962320788155726,"mutuellement":0.0099419911906790323,"exclusifs":0.0099419911906790323,"r\u00e9sultats":0.0093898210928446725,"Sophie":0.0095367517503522885,"Celles":0.0099419911906790323}