{"'":0.0013960223415473015,"a":0.0072017372841713251,"le":0.0019803175158641883,"tout":0.011601338544258993,"au":0.0078537243948491025,".":0.0013102236604495385,"du":0.0047409449013810449,",":0.00074520335550691834,"la":0.0032731985302426746,"Merci":0.0040274060532819863,"de":0.0016913830768353203,"pour":0.0036048107308645386,"question":0.0060823160900514072,"Bonjour":0.001894391530434261,"on":0.0058273182822998915,"1":0.0071368206941791685,"trouver":0.010207048211052639,"je":0.0044374329832831258,"pas":0.0031648938096985268,"qu":0.0084199551132582238,"\u00e0":0.0036890080889454618,"n":0.0063765165296043782,"1+r":0,"comprendre":0.011102023180950082,"01":0,"formule":0.0093304220320238086,"montant":0.012142972582067715,"final":0.012734768452018813,"1+7":0,"arrive":0.010638890197367409,"1+3":0,"1+TAP":0,"appliqu\u00e9":0.013344203586102003,"1+6":0,"1\u00b0":0,"1=1":0,"niveau":0.012619553998121568,"1mais":0,"1+TEG":0,"1+TRI":0,"1er":0,"1+2":0,"1\u00e8re":0,"1+TAE":0,"1min45":0,"1+n":0,"1+0":0,"1+5":0,"1=5":0,"1+TAEG":0,"1=9":0,"1+r2":0,"1+2r+r":0,"1+1":0,"1x":0,"1\u00e8res":0,"1+taux":0,"1X4X":0,"1X08":0,"1=r":0,"1+rn":0,"1+4":0,"1+i":0,"1+R":0,"1+":0,"1\u20ac":0,"1+x":0,"1+9":0,"1=":0,"1\u2212":0,"1+F3":0,"1+tri":0,"1+A2":0,"1+12":0,"1+41":0,"1x4":0,"1+11":0,"1USD":0,"1^3":0,"1=16":0,"1+15":0,"1+TMEG":0,"1\u00b2=4":0,"1M":0,"1EUR":0,"1+g":0,"1ere":0,"1+rd":0,"1an":0}