{",":0.0020950505889410168,"la":0.0046778034310702788,"de":0.0024341911774908658,"nous":0.01435771191505125,"des":0.0089325783516841038,"question":0.0087534990552322976,"?":0.0022768814381099235,"Bonjour":0.0027263552611183376,"3":0.015432544989822432,"valeur":0.013660227016470759,"pas":0.0045548265764123507,"Dans":0.012406263680363246,"pourquoi":0.013330356728961108,"co\u00fbts":0.01920460425837291,"ne":0.007485363810037067,"chaque":0.016932900148225242,"003":0,"actuelle":0.018726450182265725,"3\u00b0":0,"pouvons":0.01945333279589084,"comparer":0.018784878287509511,"3h":0,"3ieme":0,"3\u00e8me":0,"machine":0.01920460425837291,"3+":0,"3+1":0,"3M":0,"3=":0,"3^2x24":0,"3x0":0,"3eme":0,"3e":0,"3+2":0}