{"'":0.0016755001532082865,"a":0.0058203888673371397,"que":0.0037603146518637308,"le":0.0016004774359739693,"en":0.0044808023277919254,"les":0.0073854781962153808,",":0.00060226763948024694,"d":0.0029662287332621194,"!":0.0073423377901794809,"?":0.002523144871842845,"Bonjour":0.0015310327132248432,"on":0.004709593965788658,"je":0.0035862993214459656,"ou":0.0072545977026164518,"pas":0.0025578429161475795,"\u00e0":0.0029814280589777796,"cela":0.0091202305627412598,"merci":0.0080222937523082832,"avance":0.0058600902176707782,"pourquoi":0.007485896105346378,"avec":0.013813264333927168,"ne":0.0042035376045802359,"comprends":0.0064804027522952943,"Je":0.0046252203851515159,"investissement":0.009535953467869434,"faire":0.0086436010842080944,"doit":0.0094288456541723638,"tenir":0.010819250179138143,"compte":0.0091452561177877839,"pensais":0.010716234800844021,"rien":0.010451163005863594,"CF":0.0087820316921457253,"calculant":0.010854050088543026,"amortissements":0.010581999538932805,"d\u00e9calages":0.010995641603679334,"temporels":0.010995641603679334}