{"J":0.0027727497217908551,"'":0.0011964729071457885,"a":0.0024846003051874066,"que":0.0031918391890235886,"le":0.0020261142819670412,"mes":0.0042386254917184613,"en":0.0019127592820459903,".":0.0034763101411678754,"l":0.0012824765988080093,"une":0.0021317167030274809,",":0.0022122849667341278,"la":0.0017023598370861205,"et":0.0027289225245451746,"Merci":0.0013894556152570675,"de":0.0017304979533839674,"pour":0.0024729424510715327,"d":0.0025178012988198539,"vous":0.0015938951707202636,"2\u00e8me":0,"\"":0.0060556784406221717,"un":0.0019788784144327562,"dans":0.0018570165129336783,"est":0.0044007400086584509,"!":0.0062323405532375637,"m":0.0028577324635654065,"\u00e9clairer":0.0041771727740767973,"question":0.0020983998467707077,"?":0.00054581689341578836,"si":0.0033566641190030757,"(":0.0018697557778341934,")":0.0018275745709503497,"ma":0.0039691224807282344,"-":0.0010503766143155604,"serait":0.0042138386027640376,"4":0.0043669180277967788,"comment":0.0028246582322191075,"2":0.0035214329681233412,"fond":0.0045172307011084982,"je":0.0030441310841066173,"pas":0.0032380850532147867,"ce":0.0020332386986708579,"il":0.0019084210114088027,"\u00e0":0.0012727082732909448,"Dans":0.0029740451951394383,"avance":0.0025015479678614371,"pourquoi":0.0063541960623324737,"compris":0.003689769598086489,"avec":0.0029881411530557718,"ne":0.0053214418297891338,"comprends":0.0055007108129051371,"exercice":0.0036704185098965264,"cet":0.0043276408494461373,"Je":0.0019744082813772622,"se":0.003872020795377293,"faire":0.003689769598086489,"2e":0,"chaque":0.0040591762051063133,"ann\u00e9e":0.011177031510152053,"coup":0.0044613793658450267,"02":0,"somme":0.0044203996752153587,"2\u00b0":0,"avais":0.0043934967819390094,"son":0.0043276408494461373,"entreprise":0.0042890507707938211,"premi\u00e8re":0.0042386254917184613,"correcte":0.0044752101942726616,"75":0.0079439327631612537,"04":0,"sais":0.0043406556949134607,"Pouvez":0.0037993456614480291,"seulement":0.0045456957400241008,"correspond":0.0043934967819390094,"exploitation":0.0046483193554373537,"BFR":0.013189822778768128,"Madame":0.0045745328814805301,"Du":0.0046333632987741249,"modifie":0.0046785391418203053,"besoin":0.0045456957400241008,"2X3":0,"Sophie":0.0045172307011084982,"2min54":0,"2i\u00e8meann\u00e9e":0,"000\u20ac":0.004618507957060947,"75+0":0,"2eme":0,"0075":0,"04\u20ac":0,"1050":0,"minimum":0.004693805707303534,"2\u20ac":0,"4\u00e8me":0,"2^2x4":0,"2x0":0,"+2x0":0,"02+":0,"etc":0.004618507957060947,"mots":0.004663377502014664,"cycle":0.0047091786608607659,"caisse":0.0047091786608607659,"tourner":0.004693805707303534,"boutique":0.0047091786608607659,"traduction":0.0047091786608607659,"4ans":0,"4e":0,"2=":0,"4min25":0,"2x":0,"2M":0}