{"'":0.0011632201961907166,"a":0.011804753740063371,"le":0.001645567189021068,".":0.0021476578561128281,"l":0.0060932619201222718,"du":0.003939541670551181,",":0.00061923513837903489,"la":0.001382620672855876,"Merci":0.0033466185119579487,"de":0.0014054738560907538,"pour":0.0029954581595230197,"un":0.004766291964950169,"comme":0.0085033934557733129,"fait":0.0085912195365296824,"question":0.0050541691980519367,"(":0.0045034610895307746,")":0.0044018641718141308,"me":0.0069802827320187364,"-":0.0025299187562359154,"on":0.0095518698576679186,"4":0.010518082442902459,"pas":0.0026299042291220917,"\u00e0":0.0030654229044441202,"pourquoi":0.007696793928170664,"peu":0.0098887251443100614,"calcul":0.0068192595938376434,"\u00e7a":0.010423480117558363,"investissement":0.0098046069191898497,"bonjour":0.010454827446895801,"3000":0.020825675953541269,"compte":0.0094029025741732049,"CF":0.0090294451397521704,"04":0,"tenu":0.011305418394879512,"perturbe":0.011305418394879512,"04\u20ac":0,"4\u00e8me":0,"Parceque":0.011342445422150607,"4ans":0,"4e":0,"4min25":0}