{"J":0.004159183850987444,"'":0.0016041309154930172,"ai":0.0045039107693957102,"que":0.0012091963610931342,"le":0.00051466211494620581,"en":0.0056888885277313244,"au":0.0060701118710588236,".":0.0023228902368642936,"l":0.0028731032134778054,"du":0.0024534748787736109,",":0.0011372222289561032,"la":0.0021249980529162017,"et":0.0010338250115271479,"de":0.0017355148996883864,"pour":0.00093684952027397843,"d":0.00095384384619322834,"des":0.0063686956740848927,"vous":0.0012006816311951095,"2\u00e8me":0,"\"":0.0045682300973451193,"*":0.010608656608962522,"dans":0.0013988910041667878,"est":0.0022259392635980081,"comme":0.0026594930242693294,"fait":0.0026869612168603585,"!":0.0023610599005062655,"question":0.0031476446240399506,"?":0.00081873700711250735,"(":0.0041887714276479518,")":0.0040942738273338532,"Bonjour":0.00049233092359131597,"suivante":0.0032118417998807493,":":0.009323540210626504,"-":0.0031240080898132525,"on":0.003015681328014629,"4":0.0065504703857899435,"t":0.018861645470558023,"1":0.0055160198957029481,"\/":0.0060145823663698009,"2":0.0052822247238000566,"appliquer":0.0033922125295756129,"je":0.0011532386225003568,"temps":0.0030066424842204852,"pas":0.0024461336455212758,"ce":0.0015316392208064493,"il":0.0014376140257391463,"qui":0.002059978260467618,"\u00e9nonc\u00e9":0.0063393861871661869,"Dans":0.0022403489901624816,"cela":0.0029327730867764533,"n":0.003299895578814199,"avance":0.0018844167105465314,"co\u00fbt":0.0096086630849955643,"compris":0.0027795043621109869,"cette":0.0048285640394719167,"y":0.0025539472204814521,"1+r":0,"%":0.007875873575106709,"01":0,"En":0.0028090480347406446,"hypoth\u00e8se":0.0034459967650254447,"formule":0.0024248711117653798,"Pourquoi":0.0060206205736039048,"donc":0.0027868411855787221,"Ne":0.0034791232004709851,"quel":0.0031375595871778331,"=":0.0025927455855095198,"Cordialement":0.0029327730867764533,"2e":0,"chaque":0.0030577784516738421,"mon":0.0028620480380777192,"car":0.0027721997885208171,"02":0,"1+7":0,"annuels":0.0035015801343323359,"solution":0.0063767771162564248,"1+3":0,"1+TAP":0,"implique":0.0034791232004709851,"remerciant":0.0034135177934009405,"1+6":0,"aide":0.0030839488794069656,"1\u00b0":0,"2\u00b0":0,"^":0.003279679293003089,"1=1":0,"Le":0.0030664562145580358,"terme":0.003424273739145855,"\u00e9l\u00e9ment":0.0035015801343323359,"1mais":0,"1+TEG":0,"50":0.011916068948527529,"04":0,"manipulation":0.0035243447069812717,"Mon":0.0034569657013266194,"\u00e9l\u00e9ments":0.0034680075214600066,"1+TRI":0,"1er":0,"1+2":0,"CA":0.013310076271673733,"direct":0.010447258764137659,"ventes":0.013824933907048328,"1\u00e8re":0,"BFR":0.0033504043417018231,"Excel":0.0033504043417018231,"1+TAE":0,"environ":0.0035129234399193963,"[":0.0095801784302152315,"]":0.0095801784302152315,"1min45":0,"devrait":0.0033607581933649865,"https":0.0032502663514293213,"edxuploads":0.0032896004437612965,"s3":0.0032896004437612965,"amazonaws":0.0032896004437612965,"com":0.0032502663514293213,"png":0.003340114600986223,"1+n":0,"1+0":0,"augmente":0.0035243447069812717,"propos\u00e9":0.0034569657013266194,"1+5":0.0020695014258769969,"1=5":0,"1+TAEG":0,"1=9":0,"1+r2":0,"1+2r+r":0,"1+1":0,"1x":0,"1\u00e8res":0,"1+taux":0,"1X4X":0,"1X08":0,"2X3":0,"1=r":0,"pr\u00e9cise":0.0034791232004709851,"2min54":0,"1+rn":0,"2i\u00e8meann\u00e9e":0,"1+4":0,"2eme":0,"1+i":0,"1+R":0,"1+":0,"1\u20ac":0,"04\u20ac":0,"1+x":0,"1+9":0,"1=":0,"donnerait":0.0035474254643462055,"1\u2212":0,"1+F3":0,"1+tri":0,"1+A2":0,"1+12":0,"1+41":0,"2\u20ac":0,"4\u00e8me":0,"2^2x4":0,"2x0":0,"1x4":0,"+2x0":0,"1+11":0,"02+":0,"Co\u00fbt":0.0035358450145823463,"1USD":0,"1^3":0,"clients":0.0035015801343323359,"adapt\u00e9":0.0070638686513027254,"repr\u00e9senterait":0.0035474254643462055,"Stocks":0.0035474254643462055,"cr\u00e9ances":0.0035129234399193963,"Dettes":0.0035474254643462055,"fournisseur":0.0035474254643462055,"apport\u00e9e":0.0035474254643462055,"Jan":0.0035474254643462055,"CANTAERT":0.0035474254643462055,"15528201974345627":0.011794620204070388,"4ans":0,"4e":0,"2=":0,"1=16":0,"50\u20ac":0,"1+15":0,"1+TMEG":0,"4min25":0,"1\u00b2=4":0,"2x":0,"2M":0,"1M":0,"1EUR":0,"1+g":0,"1ere":0,"1+rd":0,"1an":0}