{"'":0.0010213038753556342,"que":0.003388885739986849,"en":0.0079790973079049837,"les":0.009878862953991702,"l":0.0053498658576913846,",":0.0015897089371362636,"Merci":0.0029334107880715447,"de":0.0036081517528018942,"nous":0.0072664116638623544,"d":0.0052820512865304967,"\u2019":0.016837537681768572,"des":0.0045207615187625146,"000":0.017225064231852712,"dans":0.011482575769134548,"?":0.0022768814381099235,"quiz":0.0075890431285438207,"vid\u00e9os":0.0088702859639972157,"pas":0.0023051893754057677,"qui":0.0057732814753681978,"sont":0.007415458481450748,"aussi":0.0090281761882709741,"ne":0.0037883288938599896,"exercice":0.015311192958830371,"Pourquoi":0.0084736791777904989,"d\u00e9j\u00e0":0.017998830344874026,"compte":0.016285228209453526,"\u00e9t\u00e9":0.00869260115056502,"20":0.01611413809224211,"50":0.016771185643710461,"ont":0.0090550195799564415,"r\u00e9alis\u00e9s":0.01945333279589084,"Madame":0.0096577277874689837,"Monsolini":0.0097194149881648078,"\u00e9tudes":0.0098452960447599769,"pris":0.0093609831334352227,"20\u00e8me":0,"or":0.009813505371396098,"\u00e9tude":0.009813505371396098,"prenons":0.0098773052124385662,"faisabilit\u00e9s":0.019644392855919381,"Quid":0.0098773052124385662,"50\u20ac":0}