{"'":0.00068637549578745615,"le":0.00191537723994597,".":0.0012672576788114677,",":0.0007207660058727699,"la":0.001609317556849405,"et":0.0038475046825099078,"Merci":0.0038953358886545217,"de":0.0032198928090471359,"d":0.003549845112753238,"000":0.011576243160726061,"est":0.0041602180718654765,"?":0.0015301965102088393,"me":0.0081247819976589183,"Bonjour":0.001832269013364138,"-":0.002944728624231611,"taux":0.0077018995843027007,"je":0.0042919168627648177,"valeur":0.0091804655962305377,"il":0.0053502542828816396,"o\u00f9":0.0099998507951761569,"vient":0.01220572272508693,"\u00e0":0.003568034961534571,"pourquoi":0.0089587736124846148,"demande":0.012468934538503167,"%":0.007423895742482688,"67":0.025685091265723808,"30":0.023511855528315775,"appliqu\u00e9":0.012906608980263162,"r\u00e9siduelle":0.013073768997350054,"30\u20ac":0,"67=13":0,"66":0.035321505412832584,"67\u20ac":0}