{"'":0.0011964729071457885,"ai":0.0033377636458901765,"a":0.004125001540995603,"le":0.0011342836432751534,"les":0.0052544198068371897,".":0.0014866408402842508,"l":0.0042178468955004298,"du":0.002715512139960314,"et":0.0045135710675421941,"de":0.00096878815805933563,"pour":0.0040901862909111606,"2\u00e8me":0,"\"":0.010015943933214729,"dans":0.0030830697241373459,"Bonjour":0.001085067071172607,"on":0.0033377636458901765,"comment":0.0046895750340056712,"1":0.0040878187025793246,"\/":0.01312033821982578,"3":0.012167054970436644,"2":0.0058463795523545385,"actif":0.012769213433223623,"sans":0.0060460609321701855,"risque":0.0060777708975823276,"fonds":0.0072064755820348434,"indic\u00e9":0.0073388687242813737,"balanced":0.0076432752520718475,"je":0.0050349183105956779,"ou":0.0051414480002410874,"pas":0.0035910360457437722,"\u00eatre":0.006240574505670159,"mais":0.0050441006581783427,"cela":0.0064636514815469177,"n":0.0036523326904209044,"explications":0.0069959303690085191,"compris":0.0061258566403007289,"cette":0.0053442667708568318,"explication":0.0068950292732788175,"1+r":0,"calcul":0.0047004915193640121,"ne":0.0029791135080050762,"exercice":0.0060937294331854111,"01":0,"semble":0.0070164485074130463,"2e":0,"003":0,"02":0,"1+7":0,"retrouve":0.0075707485627578,"1+3":0,"1+TAP":0,"1+6":0,"1\u00b0":0,"2\u00b0":0,"1=1":0,"3\u00b0":0,"effectuer":0.0075707485627578,"valeurs":0.007272073958805185,"1mais":0,"1+TEG":0,"Lors":0.0076189397597059552,"1+TRI":0,"3h":0,"1er":0,"1+2":0,"1\u00e8re":0,"d\u00e9marche":0.0076677735248607192,"1+TAE":0,"1min45":0,"normal":0.0077674389435291209,"3ieme":0,"3\u00e8me":0,"1+n":0,"1+0":0,"1+5":0,"1=5":0,"1+TAEG":0,"1=9":0,"justifier":0.0077927849140711639,"1+r2":0,"1+2r+r":0,"3+":0,"3+1":0,"1+1":0,"1x":0,"1\u00e8res":0,"1+taux":0,"1X4X":0,"1X08":0,"2X3":0,"1=r":0,"2min54":0,"1+rn":0,"2i\u00e8meann\u00e9e":0,"3M":0,"1+4":0,"2eme":0,"1+i":0,"1+R":0,"1+":0,"3=":0,"1\u20ac":0,"1+x":0,"1+9":0,"1=":0,"1\u2212":0,"1+F3":0,"1+tri":0,"1+A2":0,"1+12":0,"1+41":0,"2\u20ac":0,"2^2x4":0,"3^2x24":0,"2x0":0,"1x4":0,"+2x0":0,"3x0":0,"1+11":0,"02+":0,"1USD":0,"1^3":0,"d\u00e9duisait":0.0078183075130102524,"retrouv\u00e9":0.0078183075130102524,"St\u00e9phanie":0.0078183075130102524,"2=":0,"1=16":0,"3eme":0,"1+15":0,"1+TMEG":0,"1\u00b2=4":0,"2x":0,"2M":0,"1M":0,"1EUR":0,"3e":0,"3+2":0,"1+g":0,"1ere":0,"1+rd":0,"1an":0}