{"J":0.004603395101941638,"'":0.0026922931833478401,"le":0.0011342836432751534,"les":0.0078077291421165471,".":0.00075046817248973561,"l":0.0042178468955004298,"une":0.0070108528189190686,"autre":0.006758280872016742,",":0.00042683659074559544,"la":0.00095303553968371501,"et":0.0022784867324196971,"de":0.0046661106628962537,"pour":0.0040901862909111606,"nous":0.0057142517846387481,"d":0.0061880028177584562,"2\u00e8me":0,"est":0.0024636751512761104,"?":0.00090618016980068569,"Bonjour":0.001085067071172607,"-":0.0017438640507414004,"on":0.0033377636458901765,"taux":0.0045610538427765237,"2":0.0058463795523545385,"obligation":0.027124451928183264,"sans":0.0060460609321701855,"risque":0.012039767661646621,"savoir":0.0062572600840798444,"d\u00e9terminer":0.0069149883315365954,"calculer":0.0053835781836163374,"ou":0.0051414480002410874,"ce":0.0033756386279589403,"utiliser":0.013163419500409414,"peut":0.0059066686194948082,"qui":0.0045400653720063539,"qu":0.0048227707352838387,"aurais":0.0074529738447937496,"donn\u00e9es":0.0072500770270590778,"permet":0.0073614071223392641,"prime":0.0071207996722830657,"partir":0.0071848679787932098,"quel":0.0069149883315365954,"2e":0,"02":0,"moment":0.0073388687242813737,"suivant":0.0074069043301065746,"2\u00b0":0,"comparer":0.0074762277522852603,"quels":0.0077172672257127912,"voulu":0.0077172672257127912,"obligations":0.0075947648988230042,"2X3":0,"2min54":0,"2i\u00e8meann\u00e9e":0,"2eme":0,"2\u20ac":0,"2^2x4":0,"2x0":0,"+2x0":0,"02+":0,"\u00c0":0.0077422671734735061,"souveraine":0.0077927849140711639,"sp\u00e9culative":0.0078183075130102524,"crit\u00e8res":0.0078183075130102524,"caract\u00e9ristiques":0.0078183075130102524,"2=":0,"2x":0,"2M":0}