{"J":0.0038864378383573709,"'":0.0018213723612599461,"ai":0.001414735778158328,"a":0.0017484123755108852,"que":0.0044635771199362084,"le":0.0023652531571140907,"en":0.0013460080452860903,"les":0.0022393628118211346,".":0.0015649059428995043,"j":0.0016825091884868767,"sur":0.003389316705431519,"l":0.004439897986218919,"du":0.0034249339838105458,"une":0.0029879308580196967,",":0.0022431848400100763,"la":0.0019873074362335872,"et":0.0038162186191982301,"Merci":0.00097775943594086818,"de":0.001221882029847649,"bien":0.0020731840798878646,"pour":0.00087516323416443858,"nous":0.0024220278314456513,"d":0.00089103857904328948,"\u2019":0.0084518771206140639,"des":0.0015068524499135415,"vous":0.0011216234804189739,"\"":0.0042686601363943035,"un":0.0013925360558806733,"est":0.0031073051107031527,"m":0.0020109853463211639,"question":0.0014766432464827848,"?":0.0011429178361364045,"me":0.004062118031484695,"Bonjour":0.00045991369376304403,":":0.0017723568359759817,"-":0.0036363743549048979,"on":0.0028179225640245068,"taux":0.0057526195807555093,"comment":0.0019877110211608371,"3":0.0026033433249349086,"sans":0.002562667589779332,"prix":0.005442066441162431,"vos":0.0028008514286241805,"je":0.0032056721479511423,"temps":0.0028086719409293037,"ou":0.0021792407159919635,"pas":0.0030362164270611122,"ce":0.0042575171304994209,"cas":0.002569373295279352,"il":0.001342955205739006,"D":0.0027247396946457852,"o\u00f9":0.0025100398919286741,"vient":0.0030637308073203974,"qui":0.0038329714177562746,"mais":0.002137979325930879,"qu":0.0020441670030956682,"\u00e0":0.00089560437177404898,"Dans":0.0041685845961998737,"cela":0.0027396664289726009,"n":0.0030834989506623805,"explications":0.0029652767674929617,"sont":0.0024717078601980561,"par":0.0036031938348832756,"aurais":0.0031589980209925515,"avance":0.0017603384398735889,"pourquoi":0.0022487214670184703,"y":0.0047520922363235634,"le\u00e7on":0.0029652767674929617,"t0":0.0031688543614649309,"ne":0.0025151305082175158,"comprends":0.0038774623188989571,"O\u00f9":0.0032816171354315598,"Je":0.0013893904247954288,"raisonnement":0.0028008514286241805,"clair":0.0031988045202166922,"quand":0.0029739735320280514,"se":0.0054272363682148425,"10":0.0043576369215911201,"video":0.0062340483519250645,"Pour":0.0026521859104942196,"entre":0.0027853276151642977,"003":0,"avoue":0.0032089177052312514,"3\u00b0":0,"d\u00e9finition":0.0032089177052312514,"produit":0.0032710207228926662,"terme":0.0031988045202166922,"quelles":0.003260496150991006,"donner":0.0031492038660474258,"raisons":0.0032816171354315598,"inverse":0.003250042452164867,"tableau":0.0060477230581528251,"10i\u00e8me":0,"rendement":0.003072998705949034,"impact":0.003260496150991006,"quelques":0.0031201867892552289,"Pouvez":0.0026735982280330088,"instant":0.003260496150991006,"3h":0,"raison":0.0032190972066868306,"croissance":0.0030917021660471894,"graphique":0.0063118402355695274,"10+1":0,"coupon":0.0032190972066868306,"TRA":0.0031787736821758486,"impression":0.0031988045202166922,"3ieme":0,"3\u00e8me":0,"3+":0,"3+1":0,"+10":0,"structure":0.0032710207228926662,"font":0.0032816171354315598,"maturit\u00e9":0.0032710207228926662,"z\u00e9ro":0.003260496150991006,"3M":0,"attendu":0.0032922863761194383,"invers\u00e9":0.0032816171354315598,"propos":0.0032396586782687808,"3=":0,"situe":0.0032922863761194383,"reprenant":0.003303029452970349,"doute":0.0032710207228926662,"perds":0.0032710207228926662,"10^7":0,"3^2x24":0,"3x0":0,"TRE":0.0032710207228926662,"H\u00e9l\u00e8ne":0.0032816171354315598,"Moureau":0.0032816171354315598,"observateur":0.0033138473950721434,"t100":0.0033138473950721434,"magie":0.0033138473950721434,"apparente":0.003303029452970349,"pr\u00e9sente":0.003303029452970349,"\u00e9tablit":0.003303029452970349,"3eme":0,"10\u00e8me":0,"3e":0,"10H":0,"3+2":0,"10min15":0,"10^1":0,"10^2":0}