{"J":0.0034608994029648294,"'":0.00090370481805186493,"ai":0.004982651095038689,"a":0.0031012361646818466,"le":0.0025218494115093809,".":0.0057948712941292453,"j":0.0029843407744241986,"r\u00e9ponse":0.0038194459784410958,",":0.00063718646133013217,"la":0.0014227021680408394,"Merci":0.0017342950470781919,"de":0.0021539037971356331,"pour":0.0015523156377783183,"d":0.0015804744373582532,"2\u00e8me":0,"dans":0.0023178966678452967,"dire":0.0047937479967204667,"est":0.0054774815516658174,"comme":0.0044066549865215332,"fait":0.0088402747772379706,"question":0.0026191872709591855,"(":0.0023337976032748124,"+":0.0049131958287118704,")":0.0022811477327966566,"me":0.0036173438131921858,"Bonjour":0.00081576920851615436,"ma":0.0049541916877280899,":":0.0062421802473046099,"-":0.0038771276974570289,"taux":0.0034290666283886225,"4":0.0054507133753986222,"\/":0.016286504657858913,"2":0.012998238069443148,"ou":0.0038654153989310758,"D":0.0142923203604158,"o\u00f9":0.0044521684910682306,"Dans":0.0037121530152388125,"vid\u00e9o":0.0043508010565541516,"6":0,"cette":0.0079779815178875127,"r":0.01035273069056823,"%":0.012941152730350482,"le\u00e7on":0.0052596422208193213,"calcul":0.0070169465848840366,"Mais":0.0053376503935751328,"45":0.011908796454206507,"refaire":0.0057832858654438858,"derni\u00e8re":0.0054507133753986222,"=":0.016820276246363237,"2e":0,"02":0,"8":0.016895409658954925,"fausse":0.0057647436786529456,"06":0.0078845009075009867,"suivant":0.0055686184231875328,"proc\u00e9d\u00e9":0.0057463255207952993,"beaucoup":0.0051688591299844447,"15":0.017416507442032627,"2\u00b0":0,"Ensuite":0.0056917989007273994,"g":0.011160596839309121,"r=":0.0058019537629355666,"04":0,"Isabelle":0.0056917989007273994,"P":0.011483356092296854,"croissance":0.005483888527710235,"32":0.015111537249120083,"78":0.029008811963151856,"2X3":0,"2min54":0,"08":0,"nouveau":0.0056738606983064146,"2i\u00e8meann\u00e9e":0,"2eme":0,"04\u20ac":0,"faute":0.0058019537629355666,"2\u20ac":0,"4\u00e8me":0,"2^2x4":0,"2x0":0,"+2x0":0,"15x4":0,"02+":0,"045":0,"15ans":0,"4ans":0,"P=":0.005877917320753075,"g=":0.005877917320753075,"Pri\u00e8re":0.005877917320753075,"4e":0,"2=":0,"4min25":0,"15\u20ac":0,"45=4":0,"08+0":0,"2x":0,"2M":0,"45=2788":0,"8min25":0,"15h":0,"8+50":0}