{"'":0.0018213723612599461,"le":0.0017438241880877985,"en":0.004882125361854059,".":0.0022740615550653665,"l":0.0032733923122451603,"r\u00e9ponse":0.0078103532185934627,",":0.00065620973705828489,"la":0.0014651771063268542,"Merci":0.0035464454738711672,"de":0.0029356127095122842,"vous":0.0040682568424326195,"m":0.014376695915240149,"?":0.0013931426307984024,"Bonjour":0.0016681596491552129,"-":0.0026809804853034813,"on":0.005131408721558618,"comment":0.0072096555607017486,"obligation":0.010724030073415556,"prix":0.0099099483981560221,"pas":0.0054930799647065088,"explications":0.010755398500175381,"Les":0.011213957902420938,"donn\u00e9es":0.011146118310213879,"calcule":0.010569756915061134,"ne":0.0090272815624608278,"comprends":0.0070608199865849737,"Je":0.0050394782216693227,"expliquer":0.0096197820981253519,"Pouvez":0.0096974470265619242,"revente":0.011713200238166667,"Sophie":0.011529776265227573,"affichant":0.012019704094232957,"\u00e9clairent":0.012019704094232957}