{"le":0.0037699384700548349,"r\u00e9ponse":0.016885045674116785,",":0.0014186466440021884,"la":0.0061429805373971295,"Merci":0.0076669892040891986,"de":0.0032198928090471359,"pour":0.006862492778397824,"vous":0.0087950827159752349,"question":0.011578929758095855,"?":0.0030118070583018347,"Bonjour":0.003606360823816478,"3":0.020413820039084467,"trouvez":0.025322532217965023,"300":0.064585888488760651,"Comment":0.021021201897395484,"003":0,"3\u00b0":0,"3h":0,"3ieme":0,"3\u00e8me":0,"3+":0,"3+1":0,"3M":0,"3=":0,"3^2x24":0,"3x0":0,"3eme":0,"3e":0,"3+2":0}