{"'":0.00070964684575985048,"que":0.0046527472383357032,"le":0.0019803175158641883,".":0.0025774813392609969,"l":0.0037173220652149202,",":0.0014659693613796828,"la":0.0016638809733932817,"Merci":0.0040274060532819863,"de":0.0016913830768353203,"vous":0.0046199842502115951,"2\u00e8me":0,"exemple":0.010528164847187127,"*":0.010338892659220689,"dans":0.0053826545181509776,"?":0.0031122738622224176,"Bonjour":0.001894391530434261,"-":0.0030445687420808084,"on":0.0058273182822998915,"4":0,"1":0.0071368206941791685,"2":0.010207048211052639,"pas":0.0031648938096985268,"Alors":0.013093417357091828,"vid\u00e9o":0.010103495677573619,"1+r":0,"ne":0.0052011599537973262,"01":0,"Pourquoi":0.011633879221068249,"2e":0,"02":0,"1+7":0,"1+3":0,"1+TAP":0,"1+6":0,"15":0.020368982353957257,"1\u00b0":0,"2\u00b0":0,"1=1":0,"1mais":0,"1+TEG":0,"04":0.012852097050155147,"1+TRI":0,"1er":0,"1+2":0,"1\u00e8re":0,"faites":0.013259510570550741,"1+TAE":0,"1min45":0,"identique":0.013517031112129547,"1+n":0,"1+0":0,"1+5":0,"1=5":0,"1+TAEG":0,"1=9":0,"1+r2":0,"1+2r+r":0,"1+1":0,"1x":0,"1\u00e8res":0,"1+taux":0,"1X4X":0,"1X08":0,"2X3":0,"1=r":0,"2min54":0,"1+rn":0,"2i\u00e8meann\u00e9e":0,"1+4":0,"2eme":0,"1+i":0,"1+R":0,"1+":0,"1\u20ac":0,"1+x":0,"1+9":0,"1=":0,"1\u2212":0,"1+F3":0,"1+tri":0,"1+A2":0,"1+12":0,"1+41":0,"2\u20ac":0,"2^2x4":0,"2x0":0,"1x4":0,"+2x0":0,"15x4":0,"1+11":0,"02+":0,"1USD":0,"1^3":0,"15ans":0,"faisait":0.013649788043951361,"2=":0,"1=16":0,"1+15":0,"1+TMEG":0,"15\u20ac":0,"1\u00b2=4":0,"2x":0,"2M":0,"1M":0,"1EUR":0,"1+g":0,"1ere":0,"15h":0,"1+rd":0,"1an":0}