{"J":0.0021454209654002314,"'":0.0025077478570474008,"ai":0.0030971905811260324,"que":0.0061006887684424615,"le":0.0041008955716508528,".":0.0013804287596872837,"j":0.00730162304574088,"l":0.0029504156451256639,"du":0.0025197885515873381,",":0.0013561106310350875,"la":0.0017530359263856531,"et":0.0021142622412944549,"de":0.0071696752316096918,"pour":0.00096228469147506155,"nous":0.0026631378165147741,"afin":0.0032990422993023328,"d":0.0009797404080230613,"Bien":0.0029556300453800902,"vous":0.0036668530659773138,"mal":0.0031407961794200894,"\"":0.0093003613826331769,"un":0.0030485901485905157,"dans":0.001436870457016624,"est":0.0022861029968020961,"r\u00e9solution":0.0062890101259250051,"m":0.0022111765417032227,"question":0.0016236413224294916,"?":0.0012556850574931299,"si":0.002597225966022148,"(":0.0014467274901943969,")":0.0014140896920969784,"Bonjour":0.00050569755404598112,"-":0.0016181730900481706,"t":0.0028399940899963617,"\/":0.0020773302630054556,"actif":0.0089321608922131937,"risque":0.0028325565843941376,"d\u00e9terminer":0.0095820321499196885,"je":0.0046752018714173458,"constate":0.0036200295625037301,"connaissance":0.0035735803062479734,"permettant":0.0035966469388336699,"pas":0.0008448512531160472,"ce":0.0031323356813095439,"il":0.0029400459635675735,"mais":0.0023508126206852192,"qu":0.0044751641161421092,"\u00e0":0.0038866744773576522,"n":0.0033890867083530237,"dont":0.0033687215591268792,"par":0.0039602855485970749,"cette":0.0024907056033604399,"m\u00eame":0.0026298637641195663,"On":0.0034098537864309529,"raisonnement":0.0061317249466616508,"faire":0.002854967035437409,"plusieurs":0.003358591530373141,"tous":0.003149709540850074,"Quel":0.0035735803062479734,"obtenir":0.003149709540850074,"difficult\u00e9s":0.006959085972069433,"part":0.0033994774332904553,"correct":0.0034307976668028943,"signifie":0.0035395544984500914,"chaque":0.0031407961794200894,"pensais":0.0035395544984500914,"mon":0.0029397517463669032,"esp\u00e8re":0.0035508212379380924,"aimerais":0.0031858358594074911,"multiplier":0.003631842099856081,"entreprise":0.0098672229252759983,"seul":0.0035850746583379455,"Cela":0.0035172416992181161,"dernier":0.006707229961972763,"rendement":0.0067275195798523722,"Ici":0.0036200295625037301,"aider":0.0032990422993023328,"dette":0.0034098537864309529,"quelques":0.0034307976668028943,"Lors":0.0035508212379380924,"applique":0.0034843100378445847,"abord":0.0034627033590194397,"Lorsque":0.0035850746583379455,"propose":0.0036082982116164746,"action":0.00344136677075779,"beta":0.010625159278785342,"secteur":0.003631842099856081,"voir":0.0035735803062479734,"type":0.00344136677075779,"Tout":0.0035508212379380924,"prends":0.0035621628400315346,"passif":0.0036200295625037301,"poids":0.0036200295625037301,"CP":0.0035850746583379455,"proportion":0.0036200295625037301,"sorte":0.0035850746583379455,"leur":0.0035395544984500914,"types":0.0036082982116164746,"\u00e9prouve":0.0036200295625037301,"existent":0.0036200295625037301,"Adrien":0.003631842099856081,"LECLERCQ":0.003631842099856081,"N\u00b05":0.0036437369552058479,"\u00e9prouv\u00e9":0.0036437369552058479,"existait":0.0036437369552058479,"b\u00e9ta":0.0072311111861742628,"mesurait":0.0036437369552058479,"respectif":0.0036437369552058479,"sym\u00e9trie":0.0036437369552058479,"pourrez":0.0036437369552058479}