{"le":0.0061545051575720476,"en":0.0059475301351922328,".":0.0040719623046361186,",":0.0023159709784750806,"Merci":0.0043203706921312321,"de":0.0018144189529563748,"?":0.0016971620278402367,"Bonjour":0.0020321948021208782,"-":0.0032660390806002002,"on":0.0062512135075261585,"taux":0.0085422829221673529,"comment":0.0087829870258279725,"pas":0.0033951169259395513,"ce":0.0063221486079779524,"Est":0.010810959382088594,"par":0.0079932409280574612,"toujours":0.012657414112238433,"ne":0.005579506692939675,"comprends":0.0086016717181210886,"obtient":0.013872204658448037,"Je":0.0061392214184440314,"beaucoup":0.012876348539749307,"dividende":0.013786994083367343,"BPA":0.014269320476764841,"distribution":0.014500297285365791,"cordialement":0.013619684250257412,"divisant":0.014547440859828816}