{"'":0.0026383571134549143,"a":0.0062484182372823747,"le":0.0017181759891369505,"en":0.0071634394858571069,"au":0.0034321025112843268,".":0.0027816243644621461,"sur":0.0030629254841348635,"l":0.0048029794411778614,"du":0.0020718079835551875,"une":0.002700193096500934,",":0.00096284269514580029,"la":0.0014436272538944789,"et":0.0017383781619627339,"Merci":0.0017599892400726876,"de":0.0035908314879231078,"d":0.0016038897237507072,"des":0.0053851393760480622,"un":0.0025065965969480694,"b\u00e9n\u00e9fice":0.011467923810277576,"dans":0.0023522371247503959,"est":0.0037318950291246626,"!":0.0039701254316366636,"m":0.0071867928235117571,"?":0.00069137282897946981,")":0.0023149437412637161,"me":0.0036709360380100978,"Bonjour":0.0008278551171496904,"on":0.0025465566023492722,"cours":0.004220229518321311,"je":0.0019391723111101776,"actions":0.0057398348089429917,"pas":0.0013830686494854057,"cas":0.0046249304145761731,"C":0.0055147851886230299,"pense":0.0054490339556806065,"qu":0.003679547134104658,"\u00e0":0.0016121082545908687,"cette":0.0040774240700951914,";":0.0052605828878505958,"b\u00e9n\u00e9fices":0.0058689672859261735,"le\u00e7on":0.0053375656759611714,"ne":0.0022729234235322631,"vois":0.0054167295673182162,"Je":0.0049653574812180889,"Mais":0.0054167295673182162,"partie":0.0052605828878505958,"perdue":0.0058501503900961057,"entre":0.0050136531058371193,"coup":0.005651119469776541,"La":0.0049997855911649855,"lorsqu":0.0057040099788645496,"diff\u00e9rence":0.0052605828878505958,"entreprise":0.010786355858085073,"clairement":0.0058314593607317368,"11":0.010623117986950408,"aider":0.0054007163517393363,"sais":0.0054982017662323938,"revente":0.0058128925251704202,"action":0.01118517203158418,"dividende":0.011150820201677607,"BPA":0.0058128925251704202,"marche":0.0058879117549053648,"Sophie":0.005721864981923913,"route":0.0059455281976154304,"train":0.0059455281976154304,"perception":0.005965000739632441,"raccrocher":0.005965000739632441}