{"'":0.0018481918103409331,"alors":0.00498627839671178,"que":0.0041591940251022577,"le":0.00089183063869187524,"en":0.004956108197004103,".":0.003412323542937616,"j":0.0061951320497658415,"l":0.0049474782530531548,"du":0.0042380358736651257,"r\u00e9ponse":0.0039943890828727565,",":0.0009918100532565928,"la":0.0029310073862169289,"Merci":0.0018137314263983535,"de":0.0022511046509878,"pour":0.0016234167656025147,"vous":0.0020805974151143049,"un":0.0025831368270183958,"dans":0.0048116743429826364,"est":0.0057246680251236588,"5":0.0091010240461997689,"question":0.0027391546051892951,"?":0.00071248425770274021,")":0.0023856317517604677,"me":0.0037830299781617953,"Bonjour":0.00085313410348865067,"-":0.0013711133007912354,"on":0.0052091691511659387,"4":0.011315024549277406,"comment":0.0036871788838413232,"3":0.0048291690456510007,"valeur":0.0042745733453562508,"pas":0.0014253013696461049,"\u00e0":0.0016613348181531481,"suis":0.0047786480335402998,"aurais":0.0058599015013248131,"plus":0.0042224991626867636,"y":0.0044255994655160976,"avec":0.0039005819662751534,"c":0.0046560923537636778,";":0.0054212175208946016,"explication":0.010760909877778661,"mis":0.0060873584126673848,"ne":0.0023423283217840251,"comprends":0.0036110610469450547,"En":0.0048676501148734392,"effet":0.0055492218755753041,"vois":0.0055821322203881496,"Je":0.005115845553288683,"clair":0.005933742055518239,"Mais":0.0055821322203881496,"titre":0.011595617982533873,"montant":0.0054685548689688375,"calcul\u00e9e":0.012005404987599626,"perdue":0.0060287877732909745,"ann\u00e9e":0.0097655585172860982,"003":0,"actualise":0.0060095260036289681,"beaucoup":0.0054056097654623372,"3\u00b0":0,"Valeur":0.0060677022010038493,"04":0,"Pouvez":0.0049594910051470806,"3h":0,"05":0,"3ieme":0,"3\u00e8me":0,"3+":0,"3+1":0,"Sophie":0.0058965851034947451,"facteur":0.0059525018862165088,"5i\u00e8me":0,"3M":0,"189":0.017274680664435528,"5eme":0,"0005+1":0,"3=":0,"04\u20ac":0,"5e":0,"r\u00e9expliquer":0.0061071497196290942,"5=>":0,"4\u00e8me":0,"5^2x18":0,"3^2x24":0,"5x0":0,"3x0":0,"5^2":0,"4ans":0,"5\u00e8me":0,"Actuelle":0.0061471451379520696,"pensant":0.0061471451379520696,"4e":0,"3eme":0,"4min25":0,"5+5":0,"3e":0,"3+2":0,"5xtaux":0,"5ans":0,"5min08s":0}