{"'":0.00054373387299480765,"le":0.0044386234584993028,".":0.0010038979101257739,"du":0.003632528416472736,",":0.0027172070368774036,"la":0.0012748713691481119,"Merci":0.0030858124777951921,"bien":0.0065429767970771237,"v\u00e9rifier":0.010257146270957546,"pour":0.0027620184769615898,"d":0.0028121211254410906,"Bien":0.0084834611510747459,"vous":0.0069900697902845156,"*":0.0079216953921021748,"question":0.0046602916706846792,"?":0.0012121931508997737,"(":0.0041525009120949403,")":0.0040588215652332246,"Bonjour":0.0014514893569472105,"-":0.0023327591232480986,"1":0.0054682567534848599,"risque":0.0081302068841428449,"je":0.0033999765327949335,"pas":0.0024249526071268169,"\u00e0":0.0028265307845675674,"avance":0.0055556347739843821,"1+r":0,"%":0.0058810718178956669,"ne":0.0039851467848287256,"01":0,"raisonnement":0.017455186432962195,"portefeuille":0.010159482959191425,"18+1":0,"18":0.017216218475328865,"Pour":0.0083703087643028553,"1+7":0,"1+3":0,"1+TAP":0,"1+6":0,"1\u00b0":0,"1=1":0,"09":0,"9":0.016579051710875939,"1mais":0,"pouvez":0.0093039876822784973,"1+TEG":0,"comprend":0.0097574237291142996,"expliciter":0.01032335377271601,"1+TRI":0,"1er":0,"1+2":0,"1\u00e8re":0,"9+":0,"1+TAE":0,"1min45":0,"1+n":0,"1+0":0,"1+5":0,"1=5":0,"1+TAEG":0,"1=9":0,"1+r2":0,"1+2r+r":0,"1+1":0,"1x":0,"1\u00e8res":0,"1+taux":0,"1X4X":0,"18X3XX":0,"1X08":0,"1=r":0,"1+rn":0,"1+4":0,"1+i":0,"1+R":0,"1+":0,"1\u20ac":0,"1+x":0,"1+9":0,"1=":0,"9=":0,"1\u2212":0,"9=850":0,"1+F3":0,"1+tri":0,"1+A2":0,"1+12":0,"1+41":0,"1x4":0,"1+11":0,"1USD":0,"1^3":0,"6667":0.029390473345933355,"Arnaud":0.0104243734459008,"1=16":0,"1+15":0,"1+TMEG":0,"1\u00b2=4":0,"1M":0,"1EUR":0,"1+g":0,"1ere":0,"1+rd":0,"1an":0}