{"J":0.0017891964074595941,"'":0.0023949035021250537,"ai":0.0012972848499702065,"a":0.0047739290938613056,"questions":0.0024450618982516767,"que":0.0010358003820329163,"le":0.00087841914232436331,"les":0.0020541450583892408,".":0.0011537542301138406,"j":0.0015428277943186498,"sur":0.0015603371326952489,"l":0.0048741579566338195,"du":0.0041747721399171683,"une":0.0013755514379115927,",":0.00065620973705828489,"la":0.0014651771063268542,"et":0.0017645201649126112,"de":0.002577969439770897,"pour":0.0031743172979090827,"nous":0.0022209518275072542,"des":0.0013817540240327168,"vous":0.0010285066448326918,"\"":0.0039155991511650896,"*":0.026535696520111701,"un":0.0025442911889910253,"dans":0.0023876104348848305,"veut":0.0028611498438579743,"dire":0.002478245015342345,"est":0.0056398299854121493,"5":0.0022665074355872855,"?":0.0024113680222436098,"(":0.0012065136258915814,")":0.0011792949904605627,"Bonjour":0.00042173180068247497,":":0.0048393079244233661,"-":0.0059234329139609418,"on":0.005131408721558618,"rentabilit\u00e9":0.0052636470627024914,"comment":0.0018226918649272888,"t":0.0047191446460424441,"1":0.0015888079069980715,"actif":0.0049919529915068619,"sans":0.0046822289027661172,"risque":0.0047067859355555876,"cours":0.0064016240609933673,"calculer":0.0041691848055162789,"acheter":0.0029425143465423693,"actions":0.0029240271871844681,"pas":0.0020979630387669536,"ce":0.0013120056767403107,"cas":0.002356064716355041,"il":0.0048710523631222248,"o\u00f9":0.0023016571538600804,"\u00e9nonc\u00e9":0.0027270751661732581,"qu":0.001874460888645336,"\u00e0":0.0040456450197276523,"Dans":0.001919088094012734,"cela":0.0025122201665846162,"n":0.0028284626763541401,"merci":0.0022097871329205786,"par":0.0016587995827764242,"quizz":0.0025899486742842581,"aurais":0.0028967389791006376,"pourquoi":0.0041086205207172995,"elle":0.0026267334410889657,"cette":0.0020771501674687136,"y":0.0043590465701783777,"votre":0.0021130599594069376,"m\u00eame":0.0043699765242405063,"1+r":0,"%":0.0034047037809643659,"On":0.0028436834742624154,"le\u00e7on":0.002719100404348957,"ne":0.0023071040018108916,"comprends":0.0035567573148093169,"01":0,"s":0.0064817520327797523,"agit":0.0027925345730819839,"cet":0.0027925345730819839,"Je":0.0025385438322743314,"vente":0.0029707032134747122,"d\u00e9couvert":0.005919153759537471,"quand":0.0027270751661732581,"25":0.0045926779598833628,"investissement":0.0026267334410889657,"diff\u00e9rents":0.0029148728709886564,"plusieurs":0.0028009327759817167,"Comment":0.0024582424670742259,"formule":0.0020771501674687136,"Pourquoi":0.0025899486742842581,"12":0.0040968664238926287,"partie":0.0026798832887222376,"Il":0.0027676332163004162,"manque":0.0029802249296629071,"d\u00e9j\u00e0":0.0027841856267874772,"car":0.0023746727102499682,"explique":0.0029994615908217671,"1+7":0,"Question":0.0087617462604231908,"\u00e9tape":0.0029332407550301705,"moment":0.0028523898699817228,"30":0.0054117037929583799,"donn\u00e9":0.0028350300052878323,"1+3":0,"1+TAP":0,"17":0.0071432319089837692,"1+6":0,"aide":0.0026417176980023057,"quelle":0.002719100404348957,"1\u00b0":0,"1=1":0,"09":0,"bas\u00e9":0.0030091782924581922,"9":0.0048170613846876915,"vendre":0.0030091782924581922,"utilis\u00e9e":0.0028967389791006376,"Quelle":0.0028699640594040776,"1mais":0,"1+TEG":0,"50":0.0051260508113111156,"fonctionne":0.0029802249296629071,"1+TRI":0,"1er":0,"1+2":0,"Qu":0.0029057770492253725,"millions":0.0059572257347830018,"1\u00e8re":0,"endroit":0.0030091782924581922,"entend":0.0029898107656350175,"Que":0.0029057770492253725,"9+":0,"1+TAE":0,"1min45":0,"annualis\u00e9e":0.0030288129659955957,"impression":0.0029332407550301705,"30\u20ac":0,"rentabilit\u00e9s":0.0029994615908217671,"05":0,"quoi":0.0028350300052878323,"reprise":0.0030189617760731247,"trimestres":0.0030189617760731247,"1+n":0,"1+0":0,"1+5":0,"1=5":0,"1+TAEG":0,"1=9":0,"1+r2":0,"1+2r+r":0,"1+1":0,"33":0.0066899158051988827,"1x":0,"1\u00e8res":0,"1+taux":0,"1X4X":0,"1X08":0,"1=r":0,"1+rn":0,"5i\u00e8me":0,"1+4":0,"pouvait":0.0030288129659955957,"12^3+2":0,"12^4+189":0,"12^4":0,"5eme":0,"0005+1":0,"1+i":0,"propos":0.0029707032134747122,"1+R":0,"1+":0,"1\u20ac":0,"25\u20ac":0,"1+x":0,"5e":0,"0025^t":0,"1+9":0,"1=":0,"12\u20ac":0,"9=":0,"1\u2212":0,"9=850":0,"1+F3":0,"1+tri":0,"1+A2":0,"1+12":0,"1+41":0,"5=>":0,"volatilit\u00e9":0.0029707032134747122,"5^2x18":0,"5x0":0,"1x4":0,"5^2":0,"1+11":0,"1USD":0,"1^3":0,"Grand":0.0030189617760731247,"H\u00e9l\u00e8ne":0.0030091782924581922,"Moureau":0.0030091782924581922,"5\u00e8me":0,"annualisation":0.0030387328058788998,"Appelle":0.0030387328058788998,"deviner":0.0030189617760731247,"existance":0.0030387328058788998,"25=":0,"12=":0,"1=16":0,"50\u20ac":0,"1+15":0,"1+TMEG":0,"1\u00b2=4":0,"5+5":0,"025":0,"1M":0,"12^5":0,"1EUR":0,"5xtaux":0,"1+g":0,"1ere":0,"1+rd":0,"5ans":0,"5min08s":0,"1an":0}