{"'":0.0010627956176704513,"a":0.0022013762224151515,"que":0.001422218936240818,"le":0.003541312846805411,"en":0.0016947203918105925,"les":0.0014155367319594241,".":0.0015776842192608788,"l":0.001136284771649362,"une":0.0018887184603384162,"r\u00e9ponse":0.002711189059218899,",":0.0025890352817062837,"la":0.0029754435939841587,"et":0.0024194337520761699,"Merci":0.001231069056516683,"de":0.003511369913563146,"pour":0.0032720037840623375,"d":0.00112188129564533,"vous":0.0014122041772756163,"\"":0.0053689002451263006,"un":0.0017533024847045911,"est":0.0051793021343708489,"comme":0.0031280125061713421,"!":0.0027770048009929781,"m":0.0025319743711623871,"question":0.0018591994527877218,"?":0.00096223640764832254,"si":0.0059175603806221654,"Bonjour":0.00057906423221080984,"-":0.002763485017294425,"on":0.0035442374565611474,"rentabilit\u00e9":0.0036272442059999029,"4":0,"t":0.0032520208651383932,"actif":0.0034400164656500608,"risque":0.0032435043250905763,"fonds":0.0038458565011536818,"balanced":0.004078961967423681,"savoir":0.0033392917383580408,"d\u00e9terminer":0.003690299443536404,"je":0.0013564031944667391,"pas":0.0019249223472902384,"Alors":0.0040023034030151235,"ce":0.0018014661418190338,"Si":0.0034875745989842088,"moi":0.0035166750300586183,"qui":0.0024228819938168947,"\u00e0":0.0044420582701568002,"Dans":0.0026350284040853674,"n":0.0019491285666529911,"explications":0.0037334955187169052,"avance":0.0022163919903671358,"pourquoi":0.0028313011493541437,"y":0.0030038728332300703,"avec":0.0026475175382629631,"c":0.0031603197350915111,"aux":0.0036585175587528587,"ne":0.001589853864349176,"comprends":0.0024510053977034787,"prime":0.0038001341156740811,"Je":0.0017493419102013797,"quelque":0.0039650728897574726,"chose":0.0037888687078388352,"clair":0.0040275236606590204,"flux":0.0067890588453019167,"donc":0.0032777954300514103,"Il":0.0038001341156740811,"favorable":0.0041184490245323741,"Pour":0.0033392917383580408,"expliquer":0.0033392917383580408,"fais":0.0039898142688375281,"Mme":0.0041184490245323741,"CF":0.0066089785858636611,"simple":0.0040023034030151235,"chiffre":0.0040920358813778188,"\u00e9l\u00e9ment":0.0041184490245323741,"indique":0.004078961967423681,"sera":0.0078894776485558954,"Pouvez":0.003366251377489467,"correspond":0.0077454227076240402,"retour":0.0039650728897574726,"prend":0.0040275236606590204,"premi\u00e8res":0.004078961967423681,"moyenne":0.0040659749239710594,"quoi":0.0077454227076240402,"conjoncture":0.0081421014243180049,"petit":0.0040659749239710594,"T1":0.0041587503048765651,"Sophie":0.0040023034030151235,"500":0.030794243193592228,"d\u00e9favorable":0.0041317906657451376,"etc":0.0040920358813778188,"Parmentier":0.0041587503048765651,"le\u00e7ons":0.0041317906657451376,"4e":0.0039774044312844252,"esp\u00e9r\u00e9":0.0082748460087591347,"567":0.012517677483411559,"433":0.012517677483411559}