{"que":0.0022685293210422297,"le":0.0028500175340329332,".":0.0012672576788114677,"du":0.0045854757568916564,"apr\u00e8s":0.0055171664002532095,",":0.0027512603259993002,"la":0.0031675369434129713,"et":0.0019395215094395416,"Merci":0.0019636331508266539,"de":0.00082466377526410237,"nous":0.0096492159403930352,"afin":0.006025619603247663,"des":0.0030262100423580421,"Bien":0.0053983855693988305,"vous":0.0022525551459157333,"*":0.0099998507951761569,"dans":0.002624408542733072,"non":0.0053263819141672608,"question":0.0029655409338470939,"?":0.0015301965102088393,"(":0.007799707696306917,"+":0.0055629024726880222,")":0.0076237483074542587,"me":0.0040956907773499656,"Bonjour":0.00092364414230707329,"1":0.0034796833299626287,"\/":0.0075266883159224975,"calculer":0.0045826756576215202,"pas":0.0015431000304788386,"il":0.0026970553953557788,"utiliser":0.0056564380790225131,"\u00e0":0.001798641229934557,"par":0.0036329736467903247,"pourquoi":0.0045161047362984076,"1+r":0,"%":0.0037423750364323906,"ne":0.0025359176534249907,"comprends":0.0039095089152867482,"01":0,"En":0.0052699528679233196,"effet":0.006007855340418455,"Je":0.0027903111923886638,"formule":0.0045492125131894497,"10":0.0087514372185716442,"donc":0.0052282914057549734,"semble":0.0059726276244543323,"suite":0.0063839275304864449,"1+7":0,"Et":0.0060795279151323843,"donne":0.0060795279151323843,"1+3":0,"1+TAP":0,"1+6":0,"1\u00b0":0,"1=1":0,"75":0.011226677232719957,"10i\u00e8me":0,"1mais":0,"1+TEG":0,"COC":0.006025619603247663,"1+TRI":0,"1er":0,"1+2":0,"1\u00e8re":0,"10+1":0,"1+TAE":0,"1min45":0,"CMPC":0.012317158967477225,"1+n":0,"1+0":0,"1+5":0,"1=5":0,"1+TAEG":0,"1=9":0,"1+r2":0,"1+2r+r":0,"1+1":0,"droite":0.0065062027981252464,"MEDAF":0.006548050670631262,"+10":0,"imp\u00f4t":0.0065062027981252464,"1x":0,"1\u00e8res":0,"1+taux":0,"1X4X":0,"1X08":0,"1=r":0,"1+rn":0,"1+4":0,"75+0":0,"VD":0.0066118949431995576,"VCP":0.0066334702520852535,"VD+VCP":0.013202172449634623,"rD":0.0066551959127682057,"1+i":0,"1+R":0,"1+":0,"0075":0,"1\u20ac":0,"1+x":0,"1+9":0,"1=":0,"1\u2212":0,"1+F3":0,"1+tri":0,"1+A2":0,"1+12":0,"1+41":0,"10^7":0,"1x4":0,"1+11":0,"1USD":0,"1^3":0,"partons":0.0066551959127682057,"rCP":0.013202172449634623,"Valentine":0.0066551959127682057,"1=16":0,"1+15":0,"1+TMEG":0,"10\u00e8me":0,"1\u00b2=4":0,"1M":0,"1EUR":0,"10H":0,"1+g":0,"10min15":0,"1ere":0,"1+rd":0,"10^1":0,"10^2":0,"1an":0}