{"'":0.0019638683311679452,"alors":0.0053106030420539867,"que":0.0022316410264591612,"en":0.0026592302059611109,"au":0.0037669558805257042,".":0.0012468144641042235,"l":0.0052642348504424574,",":0.00070913871455064576,"la":0.0067544280677978826,"et":0.0019079831730703497,"Merci":0.0019317027378278509,"de":0.0046807136258227751,"bien":0.0040958698182102724,"pour":0.0017290093588868847,"nous":0.0094935562063671805,"d":0.0034925795328866892,"vous":0.002215926605558595,"exemple":0.014909316795116419,"dans":0.0025817333370248283,"dire":0.0053394006661798442,"!":0.004357471052206993,"m":0.0039729873795410868,"question":0.0057879581213851929,"?":0.00075882667699961109,"(":0.012594092062877848,")":0.0075017210895865338,"Bonjour":0.0009086248710570568,"-":0.0043115244241563756,"1":0.0067914292329051083,"\/":0.0074052688857232504,"cours":0.0046319765650763298,"pas":0.0030117265459335056,"plus":0.0044971449875767754,"avance":0.0034777987905944053,"vid\u00e9o":0.0048460348928800467,"pourquoi":0.0044426688761861699,"cette":0.0044752382913220345,"avec":0.0041542891928260496,"1+r":0.0073713703246783323,"r":0.011521779854947144,"soit":0.0058242484298382654,"ne":0.0049494461566120659,"comprends":0.0038459368401081149,"01":0,"Je":0.0054459556240981852,"VA":0.0054724447548855828,"formule":0.0088788696898761642,"7":0.0089182914986953021,"rente":0.0058755074130459016,"entre":0.005502810591424232,"\u00e9pargne":0.0063800278717084666,"50000\u20ac":0.017515985953585465,"1+7":0,"diff\u00e9rence":0.0057738320983210393,"1+3":0,"1+TAP":0,"1+6":0,"1\u00b0":0,"1=1":0,"^n":0.012577906909532253,"dur\u00e9e":0.0062216998439581046,"1mais":0,"1+TEG":0,"Pouvez":0.005282073306685421,"1+TRI":0,"1er":0,"1+2":0,"1\u00e8re":0,"1+TAE":0,"1min45":0,"1+n":0,"1+0":0,"1+5":0,"1=5":0,"Calcul":0.0064623663588816854,"1+TAEG":0,"1=9":0,"1+r2":0,"1+2r+r":0,"1+1":0,"1x":0,"1\u00e8res":0,"1+taux":0,"1X4X":0,"1X08":0,"1=r":0,"1+rn":0,"1+4":0,"utilisons":0.01286286487649564,"constitution":0.0065256041546549928,"1+i":0,"1+R":0,"1+":0,"1\u20ac":0,"1+x":0,"1+9":0,"1=":0,"007=>":0,"1\u2212":0,"1+F3":0,"1+tri":0,"1+A2":0,"1+12":0,"1+41":0,"1x4":0,"1+11":0,"+7":0,"1USD":0,"1^3":0,"7e":0,"discerne":0.0065469765368663599,"FX":0.012989196943151149,"v\u00f9":0.0065469765368663599,"1=16":0,"1+15":0,"1+TMEG":0,"1\u00b2=4":0,"1M":0,"1EUR":0,"50000":0,"1+g":0,"1ere":0,"1+rd":0,"1an":0}