{"que":0.0070396404297331863,"le":0.0020144676321084795,"les":0.0023756785271173749,"au":0.0079891600504377394,".":0.00067215427233343239,"une":0.0062854401184422887,"r\u00e9ponse":0.0045501564781199356,",":0.0014908351940448494,"la":0.00085358304744465236,"lieu":0.006454455403300305,"pour":0.001849294137210645,"nous":0.0051179502223146029,"d":0.0037334932928625567,"\u2019":0.011901216136145249,"est":0.0022065822899299601,"question":0.0031202724153277378,"?":0.0016093599090004919,"(":0.0027802839320418566,")":0.0027175614454350073,"me":0.0043093894973483616,"Bonjour":0.0009718366406364392,"-":0.0015618859200728459,"taux":0.0081003507271315434,"sans":0.010737696978901022,"risque":0.010794013315045653,"je":0.0022764354117095517,"pas":0.0016236135553685707,"ce":0.0030233792835063916,"Est":0.005170019349021557,"\u00e0":0.003752624177807173,"merci":0.005092222356255444,"pourquoi":0.0047517391760033747,"co\u00fbt":0.0063777200654315984,"avec":0.0044432973188280826,"votre":0.004869324744044003,"moins":0.0065529698974284272,"ne":0.0026682329052392147,"vente":0.013574321281876668,"d\u00e9couvert":0.013574321281876668,"Cordialement":0.0057891475181187689,"grand":0.0066752307359656407,"\u00e9lev\u00e9":0.0068456735456969061,"09":0,"9":0.011100412030249193,"Un":0.0066135307456658653,"parce":0.0066752307359656407,"justement":0.0069343353242182727,"pourraient":0.0069568803346601489,"Concernant":0.0067593452448530779,"9+":0,"venir":0.0068897048928047268,"emprunter":0.006911944205831827,"9=":0,"9=850":0,"Quid":0.0069568803346601489,"demandais":0.0068676153405970155,"13333\u20ac":0.02328199088753851,"subirions":0.0070024405963176137,"sinon":0.0070024405963176137,"Nicolas":0.0069568803346601489,"Doolaeghe":0.0069795813671766271}