{"'":0.0018213723612599461,"que":0.0040971072114805952,".":0.0022740615550653665,"l":0.0032733923122451603,"r\u00e9sultat":0.010130785253197635,",":0.0019126313367674552,"de":0.0029356127095122842,"veut":0.011317274893633477,"dire":0.0098026952879153237,"est":0.0074654051311729436,"?":0.0013931426307984024,"(":0.0047723632498456745,")":0.004664699968922552,"Bonjour":0.0016681596491552129,":":0.0064285412627935754,"-":0.0026809804853034813,"ce":0.0051896369347982935,"il":0.0048710523631222248,"qu":0.0074144278740602707,"\u00e0":0.0032484596454964748,"6":0.031461394472085076,"calcule":0.010569756915061134,"\u00e7a":0.011045867269548365,"12":0.01620515039476959,"ans":0.010449311294844853,"donc":0.0094426244455149203,"ann\u00e9e":0.0096197820981253519,"06":0,"\u00e9gale":0.011565986152337697,"Mon":0.011713200238166667,"Qu":0.011493797752777566,"6min15":0,"veuillez":0.011941499808734764,"06^":0,"12^3+2":0,"12^4+189":0,"12^4":0,"06=":0,"12\u20ac":0,"sup\u00e9rieure":0.011864366848557881,"arrondir":0.011980466179063579,"12=":0,"12^5":0}