{"'":0.00079000232694898778,"le":0.0022045549204906499,"l":0.0041382458036492162,"du":0.0052777765819809197,",":0.00082958500896357639,"et":0.0044283889369371955,"de":0.0018829035518805365,"pour":0.0040129944670498621,"2\u00e8me":0,"?":0.0017612208057738415,"on":0.0064871633410277735,"1":0.0079449447131442735,"\/":0.017010997928754545,"3":0.023440679772980835,"2":0.011362823475073775,"actif":0.024600780038252622,"sans":0.011750917379991491,"risque":0.011812547784954466,"fonds":0.01400625963176017,"indic\u00e9":0.014263574417977189,"prix":0.012528227129891911,"d\u00e9terminer":0.013439734974408373,"pourquoi":0.010311341305027659,"1+r":0,"01":0,"Pour":0.012161396833086228,"2e":0,"003":0,"02":0,"1+7":0,"1+3":0,"1+TAP":0,"1+6":0,"1\u00b0":0,"2\u00b0":0,"1=1":0,"3\u00b0":0,"son":0.013964263832624065,"1mais":0,"1+TEG":0,"1+TRI":0,"3h":0,"prend":0.014667874905713543,"1er":0,"1+2":0,"1\u00e8re":0,"1+TAE":0,"1min45":0,"3ieme":0,"3\u00e8me":0,"1+n":0,"1+0":0,"1+5":0,"1=5":0,"1+TAEG":0,"1=9":0,"1+r2":0,"1+2r+r":0,"3+":0,"3+1":0,"1+1":0,"1x":0,"troisi\u00e8me":0.015047605856107593,"1\u00e8res":0,"1+taux":0,"1X4X":0,"1X08":0,"2X3":0,"1=r":0,"2min54":0,"1+rn":0,"2i\u00e8meann\u00e9e":0,"3M":0,"1+4":0,"2eme":0,"1+i":0,"1+R":0,"1+":0,"3=":0,"1\u20ac":0,"1+x":0,"1+9":0,"1=":0,"1\u2212":0,"1+F3":0,"1+tri":0,"1+A2":0,"1+12":0,"1+41":0,"2\u20ac":0,"2^2x4":0,"3^2x24":0,"2x0":0,"1x4":0,"+2x0":0,"3x0":0,"1+11":0,"02+":0,"1USD":0,"1^3":0,"2=":0,"1=16":0,"3eme":0,"1+15":0,"1+TMEG":0,"1\u00b2=4":0,"2x":0,"2M":0,"1M":0,"1EUR":0,"3e":0,"3+2":0,"1+g":0,"1ere":0,"1+rd":0,"1an":0}