{"'":0.0010737008417484185,"l":0.0056243353356944404,"du":0.0071730841357368806,"avoir":0.015132483677829038,"de":0.0025590749034790669,"nous":0.015094319859898472,"dans":0.0081439954556430313,"?":0.0023936945464039234,"-":0.0046064546621536395,"explications":0.018479901601687651,"avec":0.013104572739022944,"actifs":0.019151235503748445,"plusieurs":0.019036061342309007,"principe":0.019626153688653582,"AOA":0.019209340875409642,"risqu\u00e9s":0.020584810142351449,"interpr\u00e9tation":0.020517858212170559,"Pourrion":0.020652228640268906,"meilleures":0.020652228640268906}