{"'":0.0012138227441475075,"ai":0.0050559358655862677,"que":0.0040368468815684165,"le":0.00086540504576343826,"en":0.0048103189702239941,".":0.0011367847912010847,"j":0.0060128956103188587,"sur":0.0030629254841348635,"l":0.0016244815521721521,"du":0.0061255550349452051,"une":0.0079834528821599131,",":0.00064655819190566821,"la":0.0007271212714068015,"et":0.0017383781619627339,"Merci":0.0017599892400726876,"de":0.0021853576318323449,"bien":0.0037317785328060023,"pour":0.0015753137416203641,"d":0.0016038897237507072,"un":0.0049765992334020155,"dans":0.0023522371247503959,"dire":0.004864769064561388,"question":0.0026579914544469551,"?":0.00069137282897946981,"si":0.0084415353462770314,"(":0.004702171241423094,")":0.0045960914740603874,"Bonjour":0.0008278551171496904,"-":0.0039337460728255261,"on":0.0025465566023492722,"actif":0.0097641926907602785,"prix":0.023892223486932308,"ou":0.0039226828918131869,"pas":0.0013830686494854057,"ce":0.0051133076571706383,"il":0.0024173499381530852,"Est":0.0044040601011374617,"qui":0.0034638562447092155,"cela":0.0049314619313699445,"aura":0.0057944482438720257,"par":0.003256206244596578,"avance":0.0031686492599098028,"compris":0.0046737403625362146,"y":0.0042944657223296379,"march\u00e9":0.010414296731591112,"loi":0.011614894068749089,"ne":0.0022729234235322631,"faire":0.0046737403625362146,"donc":0.0046860772411687467,"va":0.011150820201677607,"principe":0.0056686386398361235,"sous":0.0056686386398361235,"son":0.0054817161817112504,"concurrentiel":0.0057944482438720257,"unique":0.017077823477372842,"juste":0.005582120940162665,"correcte":0.0056686386398361235,"vers":0.005651119469776541,"voir":0.0058501503900961057,"sorte":0.0058689672859261735,"OA":0.0059455281976154304,"respecte":0.005965000739632441,"\u00e9valuant":0.011842918060385555,"cr\u00e9e":0.0059261904147540631,"cons\u00e9quence":0.005965000739632441,"pression":0.005965000739632441,"tendre":0.005965000739632441}