{"que":0.013080645396769697,"le":0.010650089880626049,"5":0.028622677272884967,"4":0.03558569830874931,"quiz":0.056034822265510667,"ainsi":0.034847551779302773,"pas":0.0088977224685659901,"ne":0.014622442510295911,"comprends":0.022542754604062586,"Je":0.016089309895939534,"04":0,"05":0,"5i\u00e8me":0,"5eme":0,"0005+1":0,"04\u20ac":0,"5e":0,"5=>":0,"4\u00e8me":0,"5^2x18":0,"5x0":0,"5^2":0,"4ans":0,"5\u00e8me":0,"4e":0,"4min25":0,"5+5":0,"5xtaux":0,"5ans":0,"5min08s":0}