{"'":0.0027951561772875089,"que":0.0027726781233414995,"le":0.0045838230663767512,"au":0.0046802133666175314,".":0.0015461220317142326,",":0.0017249154758010182,"la":0.00099154459472033051,"Merci":0.0024000230585795677,"pour":0.0021481888742853807,"d":0.01051900339464854,"un":0.0067685896022987501,"dire":0.0066338802895918184,"est":0.0075393633283479993,"?":0.0018669214452936009,"+":0.0067991794706969465,"Bonjour":0.0011289110893884149,":":0.00435045382127177,"-":0.0018143279043020585,"on":0.0034726317789101225,"taux":0.013957782568468238,"rentabilit\u00e9":0.0070714714884728561,"comment":0.0048790654523197625,"actif":0.013280115601420917,"sans":0.0062903625174698715,"risque":0.0063233537790692157,"risqu\u00e9":0.0078026658243258318,"cours":0.0057549489086938816,"calculer":0.0056011110036784375,"il":0.0065275958949366913,"utiliser":0.0069135020527467013,"peut":0.006145337816476343,"qu":0.0050176431570779509,"\u00e0":0.0021983639989666933,"Dans":0.0051371033138556494,"avance":0.0043209532849306101,"dit":0.0070916862144572773,"actualisation":0.021346576050052579,"comprendre":0.0066159486475051675,"esp\u00e9r\u00e9e":0.0078766577979667747,"VA":0.0067991794706969465,"faut":0.0067618216527295444,"lorsqu":0.0077783177101000255,"sa":0.0076121027715015718,"\u00e9gale":0.0078271705191401576,"D\u00e8s":0.0078766577979667747,"lors":0.00729996028686171,"correspond":0.0075889387675747242,"Prime":0.0080551069158302496,"rf":0.0081076659134136086}