{"'":0.0012819869099428395,"que":0.0042669623063917098,"le":0.0018161184698058772,"en":0.0017124664776953021,"au":0.0024258094142797187,".":0.0023669372897658436,"sur":0.0021648751604074934,"l":0.0011481832578212514,"du":0.0014643534960170367,"une":0.0019084959765417783,",":0.00045796226725685929,"la":0.00051392917889320406,"et":0.0012286853603593094,"Merci":0.0012439600663331244,"de":0.0030555070837805197,"d":0.0022555102529823292,"des":0.0038143366970269125,"vous":0.0028391961016850796,"exemple":0.0032518739030548867,"\"":0.0054248303144451629,"un":0.0017716620067979088,"dans":0.0016625607606640213,"est":0.0026433306856189108,"pourrait":0.003933435863861013,"m":0.0050904620449708287,"\u00e9clairer":0.0037397640227349914,"question":0.0018786678638161199,"?":0.00048866218645899305,"(":0.0016739660453213136,")":0.0016362018041774684,"Bonjour":0.00058512784225954342,":":0.0044864151895413415,"-":0.0018710296909415173,"on":0.0035811592538711125,"taux":0.0073027713788835196,"int\u00e9r\u00eat":0.0035436490792698475,"projet":0.003410665518185313,"4":0.0039096402791710307,"risque":0.0032774683386226199,"savoir":0.0033742587796879043,"vid\u00e9os":0.0037615875557005817,"ou":0.0027725515356572372,"pas":0.0019449750648677538,"il":0.0017085824850219498,"\u00e0":0.0033831320845907238,"dont":0.0038978491418328841,"sont":0.0031446445421100771,"par":0.0023014859658206793,"vid\u00e9o":0.0031207047382343796,"6":0.0055988935449575068,"cette":0.0028819225715802739,"financier":0.0040442131010808265,"probl\u00e8me":0.0038628923064750248,"c":0.0031934126899606972,"Les":0.0078261100009546537,"march\u00e9":0.0037074743176108088,"donn\u00e9es":0.0039096402791710307,"%":0.0047170150900624781,"aussi":0.003828543446999413,"ne":0.0031963557157982918,"exercice":0.0032860740587215289,"Je":0.0017676599595564061,"quelque":0.004006592732429334,"chose":0.003828543446999413,"se":0.0034665657488955723,"ces":0.0033652609981211288,"10":0.011030605168606976,"directement":0.0041085513516546717,"obtenir":0.0036444367441301208,"faut":0.0035047313739728961,"chaque":0.003634123354438835,"06":0,"Pourriez":0.0033652609981211288,"10i\u00e8me":0,"Un":0.0039819047904948073,"\u00e9quivalent":0.0040190534023930987,"04":0,"pr\u00e9c\u00e9dentes":0.0041085513516546717,"\u00e9l\u00e9ments":0.0041216743875634012,"investissant":0.0041481849820889458,"10+1":0,"correspondent":0.0041481849820889458,"6min15":0,"fa\u00e7on":0.0040315931882515949,"rappeler":0.0041886302788622324,"pris":0.0039696755895776469,"\u00e9chappe":0.0041481849820889458,"+10":0,"06^":0,"propos":0.0041216743875634012,"04\u20ac":0,"06=":0,"59":0.010174536086497207,"Voici":0.0041615749292269345,"10^7":0,"4\u00e8me":0,"59+492":0,"saisis":0.0041750562760288603,"comparable":0.0041750562760288603,"4ans":0,"4e":0,"rappelez":0.0042160614092412582,"raisonne":0.0042160614092412582,"r\u00e9sonnement":0.0042160614092412582,"comparatif":0.0042160614092412582,"traitent":0.0042160614092412582,"comparaison":0.0083610485250552678,"annonc\u00e9s":0.0042160614092412582,"individuellement":0.0042160614092412582,"4min25":0,"10\u00e8me":0,"10H":0,"10min15":0,"10^1":0,"10^2":0}