{"'":0.0021488159990370017,"ai":0.0023072752696826188,"a":0.0084420739575093561,"questions":0.004348644671838181,"r\u00e9ponses":0.0097505127255744072,"en":0.0064990957653153682,"les":0.0018335587008404752,".":0.0010306716531452024,"j":0.0027439836480724765,"sur":0.0027751247374220977,"l":0.0014718408803184215,"du":0.00187713531267202,"une":0.0024464756641092919,"r\u00e9ponse":0.003511829948964412,",":0.00087354781108172968,"la":0.0025837432856388471,"de":0.00066968820917082659,"bien":0.0033811305481027125,"pour":0.0014272930099722744,"d":0.0028871197957168688,"des":0.0048824637223238432,"vous":0.0018292420098648449,"un":0.0022710700142590705,"dans":0.0021312145747552341,"est":0.0050420654701940019,"euro":0.0052835196974467891,"question":0.007129857732802794,"?":0.0012445220835379895,"(":0.002145834857794481,")":0.0020974253782526991,"me":0.0033260049783592877,":":0.0028905150769733814,"-":0.001205470136544407,"on":0.0023072752696826188,"1":0.0028257611982264665,"\/":0.003081166093629364,"valeur":0.0037581653619158158,"pas":0.0037099753232962968,"ce":0.0046360061260916829,"il":0.0021902092124416253,"peut":0.0040830663515529116,"\u00eatre":0.0043138834121085505,"moi":0.0045551838774730222,"mais":0.0069274244459268958,"qu":0.0033338069526195535,"\u00e0":0.001460630211179011,"n":0.0050160098853810689,"par":0.0029502443158784964,"dollars":0.0053693495659111476,"y":0.003890946130351073,"celle":0.005120125029464807,"1+r":0,"01":0,"ci":0.0048502170434054489,"se":0.0044437446276807324,"doit":0.0046192819503248399,"erreur":0.0047118362281709427,"correct":0.0050886744555302564,"coup":0.005120125029464807,"N":0.0050422192320823183,"1+7":0,"Ma":0.0051519712184706946,"1+3":0,"1+TAP":0,"1+6":0,"1\u00b0":0,"1=1":0,"\u20ac":0.010078993670280083,"autres":0.0048788245641003362,"dollar":0.010667579825633553,"1mais":0,"toutes":0.0050886744555302564,"1+TEG":0,"bizarre":0.0053693495659111476,"parait":0.0053175032767390747,"1+TRI":0,"aucune":0.0052168911509771461,"1er":0,"1+2":0,"baser":0.0053868703184934245,"1\u00e8re":0,"r\u00e9ussi":0.0052666974518751145,"1+TAE":0,"1min45":0,"1+n":0,"1+0":0,"unit\u00e9":0.0053693495659111476,"1+5":0,"1=5":0,"1+TAEG":0,"1=9":0,"1+r2":0,"1+2r+r":0,"1+1":0,"1x":0,"1\u00e8res":0,"1+taux":0,"1X4X":0,"1X08":0,"1=r":0,"1+rn":0,"or":0.0053346676722732774,"b\u00eate":0.0053519492318236904,"1+4":0,"1+i":0,"1+R":0,"1+":0,"1\u20ac":0,"contradictoire":0.0053868703184934245,"1+x":0,"1+9":0,"1=":0,"1\u2212":0,"1+F3":0,"1+tri":0,"1+A2":0,"1+12":0,"1+41":0,"1x4":0,"1+11":0,"1USD":0,"1^3":0,"air":0.0054045131678973042,"arnaud":0.0054045131678973042,"1=16":0,"1+15":0,"1+TMEG":0,"1\u00b2=4":0,"1M":0,"1EUR":0,"1+g":0,"1ere":0,"1+rd":0,"1an":0}