{"'":0.0028648154001221834,"ai":0.0022767144327783028,"le":0.0052123271162429104,"en":0.0021661118568216467,"au":0.0060967382353529376,".":0.0015157980627180465,"j":0.0027076384239725412,"l":0.0014523457252827142,"du":0.0018522718614437698,",":0.0014186466440021884,"de":0.002592324503165073,"bien":0.0033363460438042801,"pour":0.0014083879103226633,"d":0.01097247942928695,"des":0.0024249564998288786,"exemple":0.0041133200036569681,"\"":0.013529403433731766,"un":0.0044526826523897016,"euros":0.0097669276554709222,"dans":0.0021029857362273737,"est":0.0033390159579644034,"comme":0.0039980783913653433,"?":0.00061811251189791325,"(":0.0021174123674335132,")":0.0020696440919250512,"Bonjour":0.00074013265274579004,"-":0.0011895031746824939,"on":0.0022767144327783028,"taux":0.018077139786136304,"int\u00e9r\u00eat":0.021840829114338173,"inflation":0.0050212728099017258,"1":0.0027883327958835493,"3":0.0083242811647136986,"ce":0.0068181259116173246,"il":0.0042941461531843597,"\u00e0":0.0014412835461980707,"Dans":0.006691911615811055,"par":0.0029111670819870019,"plus":0.0072785338255299085,"parle":0.0049906196069853708,"1+r":0,"%":0.0059584632166405438,"aussi":0.0048427536906084897,"1000":0.0085788029555270828,"01":0,"li\u00e9":0.0052135372441712317,"Or":0.0050523068076811948,"donc":0.0041895238763750564,"faut":0.0044331613395169099,"003":0,"car":0.0041675131199404945,"1+7":0,"1+3":0,"1+TAP":0,"appliqu\u00e9":0.0052135372441712317,"1+6":0,"1\u00b0":0,"1=1":0,"3\u00b0":0,"concept":0.010228289124296207,"aujourd":0.0050995928508371065,"hui":0.0050837311804430383,"remboursement":0.0050679695843452409,"chapitre":0.010260626386433564,"1mais":0,"1+TEG":0,"argent":0.0051155558744451629,"emprunts":0.0051804479565229567,"demain":0.0052640077424359949,"lors":0.0047859738670659232,"d\u00e8s":0.0051804479565229567,"1+TRI":0,"3h":0,"1er":0,"1+2":0,"consid\u00e9rer":0.0051477912209828749,"1\u00e8re":0,"correspondent":0.0052470706965810328,"1+TAE":0,"1min45":0,"3ieme":0,"3\u00e8me":0,"1+n":0,"1+0":0,"1+5":0,"1=5":0,"1+TAEG":0,"1=9":0,"besoin":0.0051477912209828749,"1+r2":0,"1+2r+r":0,"3+":0,"3+1":0,"1+1":0,"1x":0,"1\u00e8res":0,"1+taux":0,"1X4X":0,"1X08":0,"1=r":0,"1+rn":0,"pr\u00e9sence":0.0053155189425256903,"Faut":0.0052640077424359949,"3M":0,"1+4":0,"1+i":0,"1+R":0,"1+":0,"3=":0,"1\u20ac":0,"1+x":0,"1+9":0,"1=":0,"1000x":0,"1\u2212":0,"1+F3":0,"1+tri":0,"1+A2":0,"1+12":0,"1+41":0,"3^2x24":0,"1x4":0,"3x0":0,"cher":0.0053155189425256903,"1+11":0,"service":0.0052982302597224919,"1USD":0,"1^3":0,"abondamment":0.0053329281049264441,"langage":0.0053329281049264441,"courant":0.0053155189425256903,"r\u00e9tribuer":0.0053155189425256903,"pr\u00eateur":0.0053329281049264441,"offert":0.0053329281049264441,"1030":0.015999506318395414,"pain":0.0053329281049264441,"coutera":0.0053329281049264441,"1=16":0,"3eme":0,"1+15":0,"1+TMEG":0,"1\u00b2=4":0,"1000+413":0,"1M":0,"1EUR":0,"3e":0,"1000\u20ac":0,"3+2":0,"1+g":0,"1ere":0,"1+rd":0,"1000k":0,"1an":0}