{"'":0.0012952116616584191,"a":0.0044723947573085997,"le":0.0012298090483283293,".":0.0031566840892002616,"l":0.0023085168286040574,"une":0.0038371880526546754,",":0.0026409394232535673,"la":0.003036831704709407,"Merci":0.002501083975645726,"de":0.0050437886396998378,"pour":0.0022386454792294539,"d":0.0022792542110144209,"est":0.0026711572640090056,"5":0.0063225663638523128,"Bonjour":0.0011764476284945313,"4":0.0078606531812534658,"d\u00e9terminer":0.0074973444866520047,"ainsi":0.007697601333441377,"je":0.005454611614219217,"valeur":0.011667484684892187,"pas":0.0019654499912187301,"il":0.0034352455436563734,"qui":0.0049224138138621804,"\u00e0":0.0045346276648493295,"n":0.0078381851064953118,"trouve":0.0070465505409874306,"6":0.011257035740638896,"y":0.006102775606534337,"avec":0.0053787914293992184,"lorsque":0.0078606531812534658,"comprendre":0.0068945350699102896,"Je":0.0035540256627925918,"7":0.022855925524617324,"12":0.011428468948387839,"rente":0.0076073492840213475,"principe":0.0080555840587041138,"car":0.0066243002635877537,"arrive":0.0066069220335024815,"06":0,"AOA":0.0078845026177301429,"clairement":0.0082869651868741293,"\u00e9quilibre":0.0083942938620013199,"dur\u00e9e":0.0080555840587041138,"04":0,"6min15":0,"05":0,"06^":0,"5i\u00e8me":0,"12^3+2":0,"12^4+189":0,"12^4":0,"5eme":0,"origine":0.0083671885059943447,"0005+1":0,"04\u20ac":0,"respect":0.0084490660301943799,"06=":0,"5e":0,"12\u20ac":0,"007=>":0,"5=>":0,"4\u00e8me":0,"5^2x18":0,"5x0":0,"5^2":0,"+7":0,"7e":0,"4ans":0,"5\u00e8me":0,"4e":0,"ln0":0.008476738053235738,"autour":0.008476738053235738,"arrondie":0.0084490660301943799,"12=":0,"4min25":0,"5+5":0,"12^5":0,"5xtaux":0,"5ans":0,"5min08s":0}