{"J":0.0028735794101486093,"'":0.0014782076734429885,"alors":0.0039587744220800983,"que":0.00166357066134511,"le":0.001407628887844854,"en":0.0019823158384118253,"les":0.0032916790911015348,".":0.00046846508732843067,"sur":0.0025060147889351511,"l":0.0039399627492379876,"avoir":0.0035760286524569363,"une":0.0043920125310119166,",":0.0013010538865801129,"la":0.0017635353997653561,"et":0.0028275676583543736,"de":0.0017926846801307251,"afin":0.0044187412062117104,"d":0.0013122654757223634,"des":0.0044118168329215692,"2\u00e8me":0,"exemple":0.0037643020908761731,"dans":0.0075620530745979441,"est":0.0015379010559001865,"question":0.004323369239918942,"?":0.00056566525795839339,"si":0.003478727569007549,"(":0.011289086476126836,")":0.01103440760425262,"Bonjour":0.00067733190945020686,"-":0.0010885730464880634,"on":0.0020835337129170377,"4":0.0045257188673987819,"1":0.0025517409207820971,"\/":0.008247956552537454,"3":0.0038340400147796219,"2":0.0072552688174516876,"quiz":0.007406156701989095,"d\u00e9terminer":0.0043165462991739028,"cours":0.0034528941825044432,"je":0.0015865859339729495,"ou":0.0032094484146300947,"peut":0.0036871224284859097,"\u00e0":0.0039099529707395447,"sont":0.0036401755965405013,"par":0.0026641526367680701,"suis":0.0037939296810579159,"c":0.0036966285976085286,"1+r":0.0055061137363824914,"r":0.0043290736202716805,"actualisation":0.0043543360914565258,"01":0,"formatif":0.0044318428488298346,"se":0.0040128249390201159,"flux":0.0039910511517726567,"montant":0.0043416699627705875,"A":0.0042187247307182612,"r\u00e9soudre":0.0044187412062117104,"verser":0.0048329589454920094,"2e":0,"formules":0.0090519968689234901,"003":0,"car":0.0038138968855325112,"02":0,"lecon":0.0047408835337579636,"aimerais":0.0042671123650544892,"1+7":0,"\u00e9claircissement":0.0046814975876050807,"retrouve":0.0047258918054148818,"1+3":0,"1+TAP":0,"1+6":0,"1\u00b0":0,"2\u00b0":0,"1=1":0,"3\u00b0":0,"situation":0.0047408835337579636,"quelles":0.0048018532904210848,"^N":0.0096080367511308176,"valeurs":0.0045394500220688203,"juste":0.0045671622447659536,"1mais":0,"1+TEG":0,"04":0,"parce":0.0046523732398599058,"imagine":0.0047559742181198499,"1+TRI":0,"3h":0,"1er":0,"1+2":0,"utilisation":0.0047864577414675575,"\u00e9nonc\u00e9s":0.0047711651735451105,"1\u00e8re":0,"formatifs":0.0048173532167745938,"quant":0.0048173532167745938,"1+TAE":0,"1min45":0,"arriv\u00e9":0.0048329589454920094,"3ieme":0,"conditions":0.0048018532904210848,"3\u00e8me":0,"1+n":0,"1+0":0,"1+5":0,"1=5":0,"1+TAEG":0,"1=9":0,"1+r2":0,"1+2r+r":0,"3+":0,"3+1":0,"1+1":0,"1x":0,"1\u00e8res":0,"1+taux":0,"1X4X":0,"1X08":0,"2X3":0,"1=r":0,"2min54":0,"1+rn":0,"2i\u00e8meann\u00e9e":0,"3M":0,"1+4":0,"2eme":0,"actuelles":0.0048644936575933957,"vie":0.0048486719309184185,"1+i":0,"1+R":0,"1+":0,"3=":0,"1\u20ac":0,"04\u20ac":0,"1+x":0,"1+9":0,"1=":0,"1\u2212":0,"1+F3":0,"1+tri":0,"1+A2":0,"1+12":0,"1+41":0,"2\u20ac":0,"4\u00e8me":0,"2^2x4":0,"3^2x24":0,"2x0":0,"1x4":0,"+2x0":0,"3x0":0,"1+11":0,"02+":0,"1USD":0,"1^3":0,"4ans":0,"4e":0,"presque":0.0048804256410926849,"similaires":0.0048644936575933957,"courante":0.0048644936575933957,"recourir":0.0048804256410926849,"CF=F":0.0097024016652403032,"2=":0,"1=16":0,"3eme":0,"1+15":0,"1+TMEG":0,"4min25":0,"1\u00b2=4":0,"2x":0,"2M":0,"1M":0,"1EUR":0,"3e":0,"3+2":0,"1+g":0,"1ere":0,"1+rd":0,"1an":0}