{".":0.0015157980627180465,",":0.00086212593826981844,"la":0.0019249442917231531,"de":0.0019567614817010918,"?":0.00359152646857152,"(":0.0062699132795284336,")":0.0061284656571582554,":":0.016572801369516301,"-":0.010177615944178743,"on":0.0067416258992918877,"t":0.012308134586049646,"1":0,"%":0.0088799041997757438,"1000":0.049846908597319911,"pond\u00e9ration":0.015537208880570563,"Pourquoi":0.013459237622941825,"r\u00e9soudre":0.014297584902698094,"Pour":0.012638434328140566,"=":0.011541664393711544,"n\u00e9gative":0.015388759378580764,"1+3":0.0092124314291661923,">":0.015388759378580764,"T=0":0.03058637832726277,"1000x":0,"1030":0.047376466990791011,"T=1":0.030785227362494567,"enl\u00e8ve":0.015791443017014795,"1000+413":0,"1000\u20ac":0,"1000k":0}