{"'":0.0016109929306812431,"a":0.0055906096081205494,"que":0.0036118636918298797,"le":0.00077370365774361623,"au":0.0030684247563973715,".":0.0015157980627180465,"avoir":0.0039075902610084786,"une":0.0047965847290828466,",":0.0016917109472333936,"la":0.0012916479162696658,"Merci":0.00157349453796214,"de":0.0019567614817010918,"nous":0.0038977353973626075,"d":0.0056251912765380926,"\u2019":0.0090821311635208117,"2\u00e8me":0,"un":0.010919412806758901,"dans":0.0062271942853592095,"an":0.0047859738670659232,"veut":0.0050212728099017258,"dire":0.0086417067860175261,"est":0.0016804919010649884,"fait":0.0040393719710987317,"?":0.00061811251189791325,"\u00e9gal":0.0050523068076811948,"Bonjour":0.00074013265274579004,":":0.0028522289821161337,"-":0.0023634568424858891,"on":0.0067416258992918877,"taux":0.0061815907662490658,"int\u00e9r\u00eat":0.0089061822858300145,"rentabilit\u00e9":0.0046361728578776292,"1":0.0027883327958835493,"3":0.0041895238763750564,"2":0.011808536489926384,"sans":0.0081942190815557231,"risque":0.0082371955593932324,"savoir":0.004268125563837751,"valeur":0.0073682967089298687,"ce":0.0023025492513770824,"il":0.0021611989649833901,"Est":0.0039373902727442732,"notre":0.0052302477057718432,"Si":0.0088570358231303166,"qu":0.003289649269360765,"\u00e0":0.0014412835461980707,"cela":0.0044089067344856951,"par":0.0029111670819870019,"avance":0.0028328879459399059,"recevoir":0.0052470706965810328,"y":0.0038394089030182044,"avec":0.0033839323339042021,"c":0.0040393719710987317,";":0.0047031528671096596,"m\u00eame":0.0076477561786284136,"doivent":0.0052135372441712317,"march\u00e9":0.004689612429112572,"offre":0.0052302477057718432,"1+r":0,"%":0.0029988323818801055,"dit":0.0046494259642630795,"01":0,"100":0.0079086246048174283,"actifs":0.0098260206412693219,"investissement":0.0091594899061188985,"deux":0.0043610927449193055,"ces":0.0042567442015800129,"va":0.0050212728099017258,"montant":0.0047442201704337985,"2e":0,"principe":0.0050679695843452409,"003":0,"02":0,"1+7":0,"lorsqu":0.0050995928508371065,"1+3":0,"1+TAP":0,"1+6":0,"1\u00b0":0,"2\u00b0":0,"1=1":0,"3\u00b0":0,"AOA":0.0098558330563064504,"aujourd":0.0050995928508371065,"hui":0.0050837311804430383,"pass\u00e9":0.0052810604004202132,"1mais":0,"1+TEG":0,"ont":0.0048571526047903072,"1+TRI":0,"3h":0,"1er":0,"1+2":0,"choses":0.0052640077424359949,"1\u00e8re":0,"1+TAE":0,"1min45":0,"3ieme":0,"3\u00e8me":0,"1+n":0,"1+0":0,"1+5":0,"1=5":0,"1+TAEG":0,"1=9":0,"1+r2":0,"1+2r+r":0,"3+":0,"3+1":0,"1+1":0,"1x":0,"1\u00e8res":0,"1+taux":0,"1X4X":0,"1X08":0,"2X3":0,"1=r":0,"2min54":0,"1+rn":0,"2i\u00e8meann\u00e9e":0,"3M":0,"1+4":0,"2eme":0,"1+i":0,"1+R":0,"1+":0,"3=":0,"1\u20ac":0,"1+x":0,"1+9":0,"1=":0,"1\u2212":0,"1+F3":0,"1+tri":0,"1+A2":0,"1+12":0,"1+41":0,"2\u20ac":0,"2^2x4":0,"3^2x24":0,"2x0":0,"1x4":0,"+2x0":0,"3x0":0,"103+2":0,"1+11":0,"02+":0,"103":0.014267882777854457,"1USD":0,"1^3":0,"2=":0,"1=16":0,"3eme":0,"1+15":0,"1+TMEG":0,"1\u00b2=4":0,"2x":0,"2M":0,"1M":0,"1EUR":0,"3e":0,"3+2":0,"1+g":0,"1ere":0,"1+rd":0,"1an":0}