{"'":0.0020606044182457182,"l":0.0037173220652149202,"une":0.012155149934946052,",":0.0021638499995091051,"Merci":0.0040274060532819863,"de":0.0016913830768353203,"nous":0.0099763696375839185,"d":0.0036702015189385997,"?":0.0015820773520135898,")":0.0052973155882405773,"Bonjour":0.001894391530434261,":":0.0073003648826121476,"-":0.0030445687420808084,"pas":0.0031648938096985268,"utiliser":0.011601338544258993,"qu":0.0084199551132582238,"avance":0.0072508609254685989,"ne":0.0052011599537973262,"Je":0.0057229203846124229,"examen":0.012891689927075831,"suppose":0.013134537943777962,"ici":0.012358528809048681,"pouvons":0.013517031112129547,"calculatrice":0.013517031112129547,"sera":0.012971618832738596,"lors":0.012249842410024603,"Excel":0.012891689927075831,"option":0.01347338432700684,"scientifique":0.013649788043951361}