{"'":0.0017700040480108942,"le":0.0016932713747447228,"au":0.0067153305449247601,".":0.0011203073249515226,"l":0.0062674486115732097,"la":0.0014227021680408394,"lieu":0.01075790776689913,"de":0.0042186545471502692,"pour":0.006077753181936073,"d":0.0031382074449062937,"un":0.0049044644313350934,"?":0.001352755945112926,"-":0.0026032598601534239,"on":0.004982651095038689,"taux":0.0068087924536609414,"int\u00e9r\u00eat":0.0098098287369295031,"inflation":0.01098919131206698,"calculer":0.0080366660368092931,"valeur":0.0081159049385824463,"utiliser":0.0099197296940252803,"peut":0.0088175413202774278,"moi":0.0098370975641392123,"peu":0.010175394436212371,"formule":0.0079779815178875127,"partir":0.010725651693858831,"A":0.01008883766500261,"exacte":0.011483356092296854,"approximation":0.011557743478178914,"quelle":0.010443603505861203,"r\u00e9el":0.011230692524068395,"reste":0.011125883144776205,"faible":0.011595320179508891,"Extr\u00eamement":0.011671257351914821,"abstrait":0.011671257351914821}