{"'":0.0011964729071457885,"ai":0.0098249269869179496,"les":0.015193207338331925,".":0.0022090524623564083,"sur":0.011817141319471817,"vous":0.0077893476450243138,"!":0.015317229728470196,"comment":0.013804072785534494,"trouver":0.017209203027428312,"je":0.01455851657016531,"pas":0.0053360480919817351,"n":0.010750881674771432,"par":0.012562842144562634,"compris":0.018031862231284387,"calcul":0.01383620617872173,"int\u00e9r\u00eats":0.041031453171539854,"remercie":0.020006927162926239}