{"que":0.0049912009219976834,"le":0.0021243712810337582,"en":0.0059475301351922328,"les":0.0097611567233327305,",":0.00079941150562315021,"de":0.0018144189529563748,"pour":0.0038670346188747879,"Bien":0.011877486784655429,"vous":0.0049560546636355082,"dans":0.0057742036731400328,"?":0.0016971620278402367,"Bonjour":0.0020321948021208782,"-":0.0032660390806002002,"il":0.0059340407245844886,"\u00e0":0.0077758298109667926,"exercices":0.013296831103851405,"possible":0.01237596486460665,"vid\u00e9o":0.010838451856100282,"clairement":0.01431489780779524,"Serait":0.014134377834669032,"r\u00e9alis\u00e9s":0.014500297285365791,"mettre":0.01431489780779524,"propos\u00e9s":0.014453475512553429,"jour":0.014500297285365791,"slides":0.014360780006182003,"syllabus":0.014642711323044665,"apparaissent":0.01459491068999755}