{"a":0.011183155917075612,"que":0.0036600275453405494,"les":0.010649396272644093,"au":0.0061780376509218762,".":0.0010306716531452024,",":0.0022564813786140857,"la":0.0062209468574089474,"et":0.0031292089035322001,"lieu":0.0098971686925043781,"Merci":0.0031681104380292995,"de":0.0038895810182179619,"des":0.014273319007042352,"est":0.0033835414132945599,"?":0.0012445220835379895,"on":0.0090489011689744679,"vid\u00e9os":0.0095799898415587902,"Alors":0.010299778976761704,"\u00e0":0.0057284445419446108,"Dans":0.0067811476109288504,"pourquoi":0.0072862482222187655,"Bonsoir":0.0094150588906799729,"dit":0.0093612621924339459,"VAN":0.015729083216959393,"flux":0.01733335400757708,"trois":0.01043043420155986,"entre":0.0090249453664867814,"diff\u00e9rence":0.0094694371861213621,"d\u00e9termination":0.010598675414709186,"projets":0.010078993670280083,"\u00e9gale":0.010332125990739117,"pr\u00e9c\u00e9dentes":0.010463635268232846,"lors":0.0096361909104712932,"totalit\u00e9":0.010667579825633553,"soustraire":0.010702389261019027,"rentrants":0.010737441272823662,"sortants":0.010737441272823662,"additionn\u00e9s":0.010737441272823662}