{"'":0.0026199871454973545,"que":0.007131105210972627,"le":0.0044955847230540077,"en":0.0021661118568216467,"les":0.0035948935823689899,".":0.00051190015259227749,"l":0.0028857059948501533,"du":0.0018522718614437698,",":0.0016917109472333936,"la":0.00065007292257504741,"et":0.001554173446337693,"Merci":0.00157349453796214,"de":0.0013129974209349527,"bien":0.0066290784707108705,"d":0.0028491269628253,"des":0.0024249564998288786,"vous":0.001805012925690726,"exemple":0.0041133200036569681,"un":0.0044526826523897016,"dans":0.0021029857362273737,"veut":0.0050212728099017258,"dire":0.0043492808803867423,"est":0.0033390159579644034,"!":0.0035494368598792533,"?":0.0012281448900388241,"si":0.007552844067414956,"(":0.0021174123674335132,")":0.0020696440919250512,"me":0.0032819506355497435,":":0.0056671728563635832,"-":0.0069115768635785351,"on":0.0022767144327783028,"taux":0.012204661605866396,"d\u00e9termin\u00e9":0.0052640077424359949,"actif":0.0043968671704866643,"sans":0.0081942190815557231,"risque":0.0082371955593932324,"risqu\u00e9":0.0051155558744451629,"je":0.0017336907352758963,"arbitrage":0.0051477912209828749,"ou":0.0069681982671120296,"ce":0.0045749989568380231,"cas":0.0082156608089895521,"Est":0.0078233099160401835,"peut":0.004028984410625042,"\u00e0":0.0028637262444746376,"contraire":0.0052982302597224919,"par":0.0029111670819870019,"avec":0.0033839323339042021,"Bonsoir":0.0046761449857449112,"c":0.0080259401804348238,"march\u00e9":0.004689612429112572,"comprends":0.0031327597630587366,"donc":0.0041895238763750564,"favorable":0.0052640077424359949,"Pourriez":0.0042567442015800129,"AOA":0.0049603379671982247,"emprunts":0.0051804479565229567,"correspond":0.0098858256078746924,"fixe":0.0052810604004202132,"plutot":0.0053155189425256903,"importe":0.0052302477057718432,"conjoncture":0.0052302477057718432,"absence":0.0052982302597224919,"d\u00e9finitions":0.0053155189425256903,"variable":0.0052810604004202132,"d\u00e9favorable":0.0052810604004202132,"clarifier":0.0052810604004202132,"courante":0.0053155189425256903,"langue":0.0053329281049264441,"oportunit\u00e9":0.0053329281049264441,"c\u00e0d":0.0053329281049264441,"circonstances":0.0053329281049264441,"obtiendra":0.0053329281049264441,"align\u00e9":0.0053329281049264441}