{"'":0.0018213723612599461,"ai":0.005131408721558618,"a":0.0031945098893126278,"le":0.0017438241880877985,"en":0.0024592802430286878,"les":0.0020541450583892408,"au":0.0034837150061588448,".":0.00058118232800810263,"l":0.0016489107600730138,"une":0.0027407990230124976,",":0.00097711169514828303,"la":0.00073805583492005534,"\u00e9tait":0.0055145349030420203,"et":0.0017645201649126112,"de":0.00075025507767993629,"d":0.0016280092685120315,"des":0.0027531577334993533,"exemple":0.0046700296600062354,"un":0.0025442911889910253,"dans":0.0023876104348848305,"5":0.00451603712801865,"?":0.0013931426307984024,"(":0.0024039896116974163,")":0.0023497562276588442,":":0.0032382586163414301,"on":0.005131408721558618,"taux":0.0035322002820198459,"comment":0.0072096555607017486,"je":0.0019683338879100875,"ou":0.0079043557030656561,"pas":0.0041498132456143045,"cas":0.0046944808422025291,"il":0.0024537024249691487,"qui":0.0035159462571981554,"Dans":0.0038238008613699472,"n":0.0083608975044731099,"par":0.0033051735838753589,"vid\u00e9o":0.0044816570759356918,"utilise":0.005530977381374905,"compris":0.0094177651643375902,"y":0.0043590465701783777,"c":0.0045860732683228643,"finance":0.0057008676524987166,"\u00e7a":0.005564151087837135,"Je":0.0025385438322743314,"quand":0.0054337226112584607,"emprunt":0.0056660657487649212,"derni\u00e8re":0.005614650693107028,"int\u00e9r\u00eats":0.0055475157347587289,"sa":0.0056660657487649212,"banque":0.0058815860637081805,"lumi\u00e8res":0.0059958157119602406,"Bruno":0.0059003077129962684,"avant":0.0054497019187019343,"fonctionne":0.0059381258675275791,"05":0,"France":0.0060153093939807221,"5i\u00e8me":0,"5eme":0,"0005+1":0,"5e":0,"5=>":0,"5^2x18":0,"5x0":0,"5^2":0,"aupr\u00e8s":0.0060153093939807221,"5\u00e8me":0,"Mr":0.006034937981448169,"parl\u00e9":0.006054703354600538,"islamique":0.012019704094232957,"si\u00e8cles":0.006054703354600538,"combat":0.006054703354600538,"occident":0.006054703354600538,"contracte":0.006054703354600538,"rembourse":0.006054703354600538,"taux=0":0.006054703354600538,"5+5":0,"5xtaux":0,"5ans":0,"5min08s":0}