{"'":0.0018213723612599461,"que":0.0040971072114805952,"le":0.0017438241880877985,".":0.0022740615550653665,"du":0.0082285191913072011,",":0.0019126313367674552,"la":0.0028878792743676973,"vous":0.015591440343467147,"dans":0.0047398475596352177,"5":0.008965167536425912,"m":0.014376695915240149,"question":0.0053559542005054148,"?":0.0027458985759113322,"Bonjour":0.0016681596491552129,"-":0.0052842403454569122,"taux":0.0070120697423079288,"comment":0.0072096555607017486,"quiz":0.0091750285243653012,"valeur":0.0083582062221154284,"ce":0.0051896369347982935,"D":0.0098829429840839172,"merci":0.0087408104449204736,"avance":0.0063849491634552476,"trouvez":0.011713200238166667,"A":0.010390041083978707,"solveur":0.011146118310213879,"expliquer":0.0096197820981253519,"Cordialement":0.0099370839593045466,"indiquer":0.011422523154986876,"pouvez":0.010692835433845065,"Pouvez":0.0096974470265619242,"r\u00e9el":0.011565986152337697,"05":0,"5i\u00e8me":0,"5eme":0,"0005+1":0,"5e":0,"5=>":0,"5^2x18":0,"5x0":0,"5^2":0,"5\u00e8me":0,"encodez":0.012019704094232957,"5+5":0,"5xtaux":0,"5ans":0,"5min08s":0}