{"'":0.0023139263135406262,"alors":0.0083746868316611021,"que":0.0052455900572415748,"le":0.0022326452178206666,"les":0.0035027065890084158,".":0.0033628066924702468,"l":0.0055531105854087067,"du":0.0035859524023652768,"autre":0.0044909078437569911,"r\u00e9ponse":0.0033758842961631856,",":0.00084015552791309972,"la":0.00063329637545347798,"et":0.0044848151846007536,"Merci":0.0015328870855595882,"de":0.0012793270822301231,"pour":0.0013720413939204989,"d":0.0027760643137127983,"2\u00e8me":0,"\"":0.013186738555571915,"un":0.0085685233404156728,"dans":0.0040713282482661055,"est":0.0095201105010735525,"question":0.0023150145928626307,"?":0.0017836621682630043,"capital":0.0096912967337589567,"Bonjour":0.00072103191820693758,":":0.0027786210032905681,"-":0.014010145113337499,"on":0.0022179588599226235,"taux":0.0030308406629170818,"1":0.0027163737972600408,"3":0.0081108143582895396,"2":0.0038849453413460386,"quiz":0.0039657405811708048,"cours":0.0073045100221055502,"vos":0.0043910483762069049,"pas":0.0012046028594759812,"ce":0.0022431269547792685,"il":0.0021054245202772343,"utiliser":0.004415631747687135,"qui":0.0030168937302880315,"\u00e9nonc\u00e9":0.0046624613912880034,"qu":0.0063686794287359664,"\u00e0":0.0027902892132421545,"n":0.0024269913958942487,"sont":0.0038750319545909871,"co\u00fbt":0.014016087977321895,"avec":0.0032966025924483235,"termes":0.00509526977630235,"Les":0.0048470310267779973,"parle":0.0048618258023291668,"1+r":0,"%":0.0058056651444846254,"01":0,"En":0.0041139266208388148,"deux":0.0042485452515598548,"faire":0.0040706591153332637,"Pourquoi":0.0044280171845108261,"examen":0.0049067575354487195,"faut":0.004318753959164378,"quel":0.0045950406509693868,"2e":0,"003":0,"02":0,"1+7":0,"La":0.0043546327379519597,"approximation":0.0051447711387346889,"calculs":0.0046761725998543651,"1+3":0,"1+TAP":0,"1+6":0,"1\u00b0":0,"2\u00b0":0,"1=1":0,"3\u00b0":0,"concept":0.0050149412606296179,"Ce":0.0047887352316486166,"utilis\u00e9e":0.0049525344289089845,"diff\u00e9rentes":0.0049991888879449735,"nominal":0.010029218810537836,"1mais":0,"1+TEG":0,"50":0.0087639733198319157,"correspond":0.0048470310267779973,"propositions":0.0050789905645457645,"trait\u00e9":0.0051783404031371617,"1+TRI":0,"3h":0,"certificatifs":0.0051116586132062851,"1er":0,"1+2":0,"1\u00e8re":0,"priori":0.0051783404031371617,"1+TAE":0,"1min45":0,"3ieme":0,"3\u00e8me":0,"1+n":0,"1+0":0,"1+5":0,"1=5":0,"1+TAEG":0,"1=9":0,"1+r2":0,"1+2r+r":0,"3+":0,"3+1":0,"1+1":0,"th\u00e9orique":0.00509526977630235,"1x":0,"1\u00e8res":0,"1+taux":0,"1X4X":0,"1X08":0,"2X3":0,"1=r":0,"2min54":0,"1+rn":0,"2i\u00e8meann\u00e9e":0,"3M":0,"1+4":0,"2eme":0,"1+i":0,"1+R":0,"1+":0,"3=":0,"1\u20ac":0,"1+x":0,"1+9":0,"1=":0,"1\u2212":0,"1+F3":0,"1+tri":0,"1+A2":0,"1+12":0,"1+41":0,"47":0.013356597155226992,"2\u20ac":0,"2^2x4":0,"3^2x24":0,"2x0":0,"1x4":0,"+2x0":0,"3x0":0,"1+11":0,"02+":0,"1USD":0,"1^3":0,"2=":0,"1=16":0,"3eme":0,"unit\u00e9s":0.0051953002841985136,"pi\u00e8ge":0.0051953002841985136,"pr\u00e9vue":0.0051953002841985136,"50\u20ac":0,"1+15":0,"1+TMEG":0,"1\u00b2=4":0,"2x":0,"2M":0,"1M":0,"1EUR":0,"3e":0,"3+2":0,"1+g":0,"1ere":0,"1+rd":0,"1an":0}