{"J":0.0012990026951039233,"'":0.0027951561772875089,"a":0.001164007868192987,"que":0.0029836587938997091,"le":0.0015831259514643538,"en":0.0035553368552327068,"les":0.0029696402647838519,"au":0.0025318577943811366,".":0.002267993905079924,"j":0.0055402770986943042,"sur":0.0033800810980620759,"l":0.0029717401296754497,"du":0.0022863367196825513,"apr\u00e8s":0.0018289413852540831,"une":0.0019919291207743496,"proche":0.00217768640384785,",":0.0015165594728519275,"la":0.0015919164617810243,"Merci":0.0006509446470273065,"de":0.0042038346977966027,"pour":0.0028817951527628748,"nous":0.0016124682553572923,"afin":0.0019974936887298079,"d":0.0040857896539068161,"des":0.0029932253491504811,"vous":0.0022280030363856069,"2\u00e8me":0,"exemple":0.0017016542309441869,"\"":0.005660710694487839,"*":0.0016710624018716012,"un":0.0090498669813876016,"dans":0.0025958033535949448,"an":0.0019799268408099806,"dire":0.0017992697395522077,"est":0.0020743015215591546,"5":0.0065287529903751097,"fait":0.0016710624018716012,"!":0.0014683793735262424,"?":0.0010145358778727474,"(":0.0085508240191354869,"+":0.0073165476541500159,")":0.0075419603733502443,"me":0.0013577220298367349,"Bonjour":0.00030618815430968123,":":0.0058361333514634871,"-":0.012851339657892809,"taux":0.002567095413814521,"utilis\u00e9":0.0019569594214712822,"4":0.0020458529822670393,"comment":0.0013233212603228491,"1":0.005705391161463496,"\/":0.0086630442378726868,"3":0.0017331792866922887,"2":0.0032905145726436192,"trouver":0.0016497525471810561,"cours":0.0015608821642934751,"Par":0.0020458529822670393,"calculer":0.0030300363340285503,"pas":0.0015262807481483027,"ce":0.005638545969287919,"il":0.002667658379440027,"o\u00f9":0.0016710624018716012,"qui":0.0012811320826441241,"\u00e9nonc\u00e9":0.0019799268408099806,"mais":0.002838968385987298,"qu":0.0040605518422948406,"\u00e0":0.0035294548097747659,"Dans":0.0013933074065378651,"n":0.001030628460779265,"par":0.0012043312403713846,"plus":0.0015154466571086194,"vid\u00e9o":0.0032571316480799915,"6":0.002929812524536328,"y":0.0015883389569343505,"avec":0.0013999112075154601,"encore":0.0019974936887298079,"votre":0.0015341359790025102,";":0.0019456643217593583,"1+r":0,"%":0.0085447323623629723,"calcul":0.0026455750442726418,"ne":0.0016767328094020554,"exercice":0.0051306407943754436,"01":0,"s":0.0047155136478082612,"agit":0.0060493294227093181,"base":0.0020458529822670393,"cadre":0.0021568070808596703,"cet":0.0020274520569571967,"raisonnement":0.0073981506612036544,"25":0.0033344025411405848,"se":0.0018139990815488859,"utilisant":0.0020965866691213864,"ces":0.001760987906174547,"formule":0.0015080645447463873,"7":0.0089668947015761908,"10":0.0029011025856976107,"Or":0.0020901070783881071,"12":0.0088748389501983743,"Il":0.0020093730302857041,"VF":0.0019857493426136863,"montant":0.0019626536030194737,"th\u00e9orie":0.0021568070808596703,"r\u00e9soudre":0.0019974936887298079,"d\u00e9duire":0.00214994000352437,"diff\u00e9rent":0.0021229190830440153,"=":0.0048111380127809173,"2e":0,"int\u00e9r\u00eats":0.0040317652068753819,"formules":0.0020583048357437255,"003":0,"02":0,"obtiens":0.0080199429091827104,"1+7":0,"8":0.0063700177300455808,"\u00e9tape":0.0021296083707114792,"mensualit\u00e9":0.0021568070808596703,"TAEG":0.006104232451611992,"donn\u00e9":0.0041053926957290848,"mensuels":0.0021847409796119264,"\u00e9tant":0.0040805568466246419,"TAP":0.006160130755603308,"1+3":0,"TAE":0.0039959147286475804,"1+TAP":0,"06":0,"intervalle":0.0021989962585383955,"capitalisation":0.0082670306485221612,"mensuel":0.0042476111886135494,"mensuelle":0.004357575954738486,"suivant":0.0020901070783881071,"1+6":0,"constantes":0.0021363412371074851,"15":0.022675424478184176,"mois":0.0099979789859934633,"1\u00b0":0,"2\u00b0":0,"^":0.0020396828664085332,"1=1":0,"3\u00b0":0,"nombre":0.0020583048357437255,"p\u00e9riode":0.0020520601561005774,"avais":0.0041053926957290848,"Le":0.001907076162833859,"concept":0.0021296083707114792,"09":0,"seul":0.002170679656083716,"clairement":0.0021568070808596703,"\u20ac":0.0041305314285044747,"\u00e9quilibre":0.0021847409796119264,"9":0.0034973106893697241,"remboursement":0.0020965866691213864,"10i\u00e8me":0,"1mais":0,"TEG":0.0085572132629975015,"emprunt\u00e9":0.002170679656083716,"mensualit\u00e9s":0.006435287329523102,"1+TEG":0,"04":0,"ont":0.0020093730302857041,"Pouvez":0.0035502031072786743,"85":0.0047671257533119533,"pr\u00eat":0.0021431182537624454,"cr\u00e9dit":0.0043435052479557168,"800":0.017485548570334419,"858":0.010101286086094348,"83":0.0056719151088165274,"avantage":0.002170679656083716,"expliciter":0.00217768640384785,"L":0.0020901070783881071,"1+TRI":0,"3h":0,"simples":0.00217768640384785,"Taux":0.0021637200921640256,"lui":0.0021918440408132101,"1er":0,"1+2":0,"1\u00e8re":0,"10+1":0,"9+":0,"illustration":0.00214994000352437,"1+TAE":0,"6min15":0,"1min45":0,"05":0,"3ieme":0,"3\u00e8me":0,"1+n":0,"1+0":0,"1+5":0,"1=5":0,"1+TAEG":0,"1=9":0,"1+r2":0,"1+2r+r":0,"3+":0,"3+1":0,"1+1":0,"+10":0,"proposez":0.0022061983179040901,"93":0.010619333218499775,"1x":0,"1\u00e8res":0,"1+taux":0,"57":0.0056719151088165274,"1X4X":0,"1X08":0,"2X3":0,"1=r":0,"pr\u00e9cise":0.0043156487356562001,"06^":0,"2min54":0,"Calculer":0.0021989962585383955,"1+rn":0,"08":0,"5i\u00e8me":0,"2i\u00e8meann\u00e9e":0,"3M":0,"1+4":0,"12^3+2":0,"12^4+189":0,"12^4":0,"5eme":0,"2eme":0,"0005+1":0,"annuelle":0.0021568070808596703,"1+i":0,"1+R":0,"1+":0,"3=":0,"importance":0.0021847409796119264,"1\u20ac":0,"25\u20ac":0,"04\u20ac":0,"1+x":0,"06=":0,"5e":0,"0025^t":0,"1+9":0,"faute":0.00217768640384785,"1=":0,"12\u20ac":0,"007=>":0,"9=":0,"1\u2212":0,"9=850":0,"1+F3":0,"1+tri":0,"1+A2":0,"1+12":0,"1+41":0,"10^7":0,"appara\u00eet":0.0021989962585383955,"5=>":0,"2\u20ac":0,"4\u00e8me":0,"2^2x4":0,"5^2x18":0,"3^2x24":0,"2x0":0,"5x0":0,"1x4":0,"+2x0":0,"3x0":0,"15x4":0,"5^2":0,"1+11":0,"02+":0,"057":0,"+7":0,"1USD":0,"1^3":0,"15ans":0,"7e":0,"mots":0.004357575954738486,"4ans":0,"5\u00e8me":0,"4e":0,"comparaison":0.0021989962585383955,"\u00e9quivalents":0.0021989962585383955,"2=":0,"25=":0,"12=":0,"1=16":0,"3eme":0,"principal":0.0021918440408132101,"Mensualit\u00e9":0.0021989962585383955,"r\u00e8gles":0.0022061983179040901,"pens\u00e9":0.0043860088267621096,"compos\u00e9es":0.0022061983179040901,"Afin":0.0021989962585383955,"Transformer":0.0022061983179040901,"TE":0.0065826564682662566,"Poser":0.0022061983179040901,"Effectif":0.0022061983179040901,"Global":0.0022061983179040901,"Ramener":0.0022061983179040901,"contrat":0.0021989962585383955,"pr\u00e9voit":0.0021918440408132101,"Devons":0.0022061983179040901,"tromper":0.0022061983179040901,"1+15":0,"1+TMEG":0,"4min25":0,"10\u00e8me":0,"15\u20ac":0,"1\u00b2=4":0,"5+5":0,"025":0,"08+0":0,"083":0,"2x":0,"2M":0,"1M":0,"12^5":0,"1EUR":0,"3e":0,"10H":0,"3+2":0,"5xtaux":0,"1+g":0,"8min25":0,"10min15":0,"1ere":0,"15h":0,"1+rd":0,"8+50":0,"10^1":0,"10^2":0,"5ans":0,"5min08s":0,"1an":0}