{"'":0.00046007516043630411,"alors":0.0071781986445658471,"que":0.0059680228333463831,"le":0.0012838708496625384,"les":0.0030022762874519315,".":0.00084943851211417257,",":0.00095586336702495605,"la":0.0021342400806482927,"de":0.0021695166974296182,"des":0.007961321224182985,"est":0.0027885800245063177,"5":0.0066005032737730491,"(":0.0035135985051316138,")":0.0034343326313695357,"Bonjour":0.0012281636880390801,"on":0.0037779416757244368,"4":0.0082062036317235541,"comment":0.005308027422559391,"savoir":0.007082455846326891,"pas":0.0020518502068473453,"\u00eatre":0.0070635698050294082,"qu":0.0054587887239192804,"\u00e0":0.0023916416996895363,"fin":0.0078724792370302703,"chacune":0.0086512561035861756,"ann\u00e9es":0.0079886066874882266,"elle":0.0076495503191430711,"dit":0.0077151793240708101,"comprendre":0.0071976154430364089,"ne":0.0033719934281339248,"Je":0.0037102588841855751,"doit":0.0075636305825158108,"derni\u00e8re":0.0082062036317235541,"ann\u00e9e":0.007082455846326891,"juste":0.0082813503219678931,"04":0,"\u00e9nonc\u00e9s":0.0086512561035861756,"premi\u00e8res":0.0086512561035861756,"05":0,"prochaines":0.0087350060003865138,"text":0.0088204828203089676,"650":0.023675884948394045,"5i\u00e8me":0,"voudrai":0.008706900951076034,"5eme":0,"0005+1":0,"04\u20ac":0,"5e":0,"5=>":0,"4\u00e8me":0,"5^2x18":0,"5x0":0,"5^2":0,"4ans":0,"5\u00e8me":0,"4e":0,"sens\u00e9":0.0088493712918828928,"Irene":0.0088493712918828928,"capitalis\u00e9e":0.0088493712918828928,"placera":0.0088493712918828928,"4min25":0,"5+5":0,"5xtaux":0,"650\u20ac":0,"5ans":0,"5min08s":0}