{"'":0.00066458207669841448,"le":0.0018545612301088699,"les":0.0043368109855029821,"l":0.003481260619445343,"du":0.0044398802402889981,",":0.0013742845830682462,"la":0.0015582193865635702,"de":0.0015839750213955889,"pour":0.003375894102731493,"exemple":0.0098595938244114226,"dans":0.005040839312112487,"?":0.0014816105480929993,"Bonjour":0.0017740918104523448,"-":0.0056147142298989478,"on":0.0054572655522576079,"t":0.0099632877724725594,"valeur":0.0088889724770864122,"pas":0.0029639132663617676,"qui":0.0074230367959562593,"Dans":0.0080729944140208888,"pourquoi":0.0086743195358764021,"calcule":0.011240961973260901,"ne":0.0048708702138091286,"actuelle":0.012185661340985239,"proc\u00e9d\u00e9":0.012496805395706925,"\u00e9tudes":0.012658657839417926,"souhaite":0.012378223780828295,"leur":0.012417490648529208,"couple":0.012741254678136853,"\u00e9pargner":0.012741254678136853,"enfant":0.012782984295560743}