{"'":0.0012846102042810312,"que":0.0017263485380988434,"le":0.0021771627642221646,"en":0.0040886893191957345,".":0.0014404610086422283,"sur":0.0051688614411085779,"l":0.0027414052677114144,"r\u00e9sultat":0.004268686516829239,"une":0.0022926050763350425,",":0.0010857216024048784,"la":0.0024241859665469143,"et":0.0014759739234465397,"Merci":0.001494322858359438,"de":0.00062756830588206187,"d":0.0040350226770264818,"des":0.0023029428071066984,"\"":0.012861005988666952,"un":0.0042300247150930618,"dans":0.005917694963414241,"an":0.0090338641426094927,"est":0.0047288187873450677,"!":0.0033708440074348284,"question":0.0022567736763777569,"?":0.0023050024467324271,"si":0.003610003706331581,"(":0.0098105807085047837,")":0.0095892565444498212,"Bonjour":0.00070289226592971737,"-":0.0044357745155819981,"taux":0.0029545910623866426,"int\u00e9r\u00eat":0.0042568535473704247,"1":0.0052631753457185156,"\/":0.0028873767807773808,"3":0.015623147242299058,"sans":0.0039165592445540316,"je":0.0016464586514574149,"calculer":0.0069315001543192182,"valeur":0.0069998424815172211,"pas":0.0034794869509528785,"mais":0.0032675024755594675,"tr\u00e8s":0.0043779260122489274,"suis":0.0039371005456710273,"avance":0.0026903488449800859,"vid\u00e9o":0.0037487862759779523,"pourquoi":0.003436751174910155,"utilise":0.0046265146459724881,"op\u00e9ration":0.0097784618840340894,"cette":0.0034619461599188976,"y":0.0036462258672974712,"1+r":0,"%":0.016573875449022852,"1000":0.031991201313509701,"01":0,"\u00e7a":0.0046542635641520355,"Je":0.0021234240188740053,"se":0.0041642562159172579,"Pourquoi":0.012790296728004514,"d\u00e9j\u00e0":0.0046403485362371977,"Pour":0.0080563888475527461,"003":0,"1+7":0,"Et":0.0046265146459724881,"actuelle":0.0048279390397689623,"30":0.009019582434659475,"somme":0.0047540232341547958,"1+3":0.0029545910623866426,"1+TAP":0,"1+6":0,"1\u00b0":0,"1=1":0,"3\u00b0":0,"autant":0.004904231962647475,"juste":0.0047395124521712661,"1mais":0,"appliquant":0.0049512138039978348,"1+TEG":0,"bases":0.0050316454203957837,"1+TRI":0,"3h":0,"1er":0,"1+2":0,"1\u00e8re":0,"1+TAE":0,"1min45":0,"30\u20ac":0,"3ieme":0,"3\u00e8me":0,"1+n":0,"1+0":0,"1+5":0,"1=5":0,"1+TAEG":0,"1=9":0,"commencer":0.0049991448373826099,"1+r2":0,"1+2r+r":0,"3+":0,"3+1":0,"1+1":0,"1x":0,"1\u00e8res":0,"1+taux":0,"1X4X":0,"1X08":0,"1=r":0,"bonnes":0.0049830599930037215,"1+rn":0,"3M":0,"1+4":0,"1+i":0,"1+R":0,"1+":0,"3=":0,"1\u20ac":0,"1+x":0,"doute":0.0049991448373826099,"1+9":0,"1=":0,"transforme":0.0050645974148089551,"1000x":0,"1\u2212":0,"1+F3":0,"1+tri":0,"1+A2":0,"1+12":0,"1+41":0,"3^2x24":0,"1x4":0,"3x0":0,"1+11":0,"1USD":0,"1^3":0,"1=16":0,"3eme":0,"dame":0.0050645974148089551,"syst\u00e9matique":0.0050153394767708127,"971\u20ac":0.016838973389169596,"970":0.016838973389169596,"conscient":0.0050645974148089551,"basique":0.0050316454203957837,"beugue":0.0050645974148089551,"1+15":0,"1+TMEG":0,"1\u00b2=4":0,"1000+413":0,"1M":0,"1EUR":0,"3e":0,"1000\u20ac":0.0082720509316756927,"3+2":0,"1+g":0,"1ere":0,"1+rd":0,"1000k":0,"1an":0}