{"'":0.00048122986374688322,"le":0.0013429044799240712,"en":0.0037596840695127741,"au":0.0053258134563988445,".":0.0017570251280947613,"sur":0.0093990589152467864,"l":0.0025208121499239785,"r\u00e9sultat":0.0078016333266865134,",":0.00050534165180475142,"la":0.0053988206308161688,"de":0.0044376810245905637,"exemple":0.0071394206360372034,"000":0,"dans":0.0036501171193014988,"?":0.0010728475340876431,"(":0.0036751571814532501,")":0.0035922465857276989,":":0.0049505660720583983,"-":0.0020646007372170862,"4":0.0085835328554327382,"1":0.004839662531816594,"2":0,"\u00e0":0.0025016117109680435,"vid\u00e9o":0.0068514414984539324,"x":0.017129598437959095,"1+r":0,"%":0.0052050231375572091,"calcul":0.0055650199635893021,"01":0,"utilisant":0.0087963899237392621,"Comment":0.0074880442812612202,"fonction":0.0086621348635764015,"calculette":0.0091960495213379585,"rente":0.0083069346804253083,"=":0.013378427416264528,"N":0.017077472225611082,"35":0.037638790006010919,"02":0.0071208506203058863,"1+7":0,"arrive":0.0072145063571940823,"1+3":0,"1+TAP":0,"1+6":0,"1\u00b0":0,"1=1":0,"dur\u00e9e":0.0087963899237392621,"1mais":0,"1+TEG":0,"ln":0.02697722292030769,"50":0.015614446490616924,"04":0,"1+TRI":0,"1er":0,"1+2":0.0054124144642490818,"1\u00e8re":0,"40":0.019033270179376331,"1+TAE":0,"1min45":0,"1+n":0,"1+0":0,"1+5":0,"1=5":0,"1+TAEG":0,"1=9":0,"1+r2":0,"1+2r+r":0,"1+1":0,"1x":0,"1\u00e8res":0,"1+taux":0,"1X4X":0,"1X08":0,"1=r":0,"1+rn":0,"min":0.0092260571985100046,"1+4":0,"0035^3+1":0,"1+i":0,"1+R":0,"1+":0,"1\u20ac":0,"04\u20ac":0,"1+x":0,"1+9":0,"1=":0,"1\u2212":0,"1+F3":0,"1+tri":0,"1+A2":0,"1+12":0,"1+41":0,"4\u00e8me":0,"1x4":0,"1+11":0,"1USD":0,"1^3":0,"4ans":0,"4e":0,"1=16":0,"ton":0.0092562739901016055,"50\u20ac":0,"1+15":0,"1+TMEG":0,"4min25":0,"1\u00b2=4":0,"1M":0,"1EUR":0,"1+g":0,"1ere":0,"40=":0,"1+rd":0,"1an":0}