{"'":0.0017453919615255948,"le":0.0008405004313712227,"en":0.0023531205156331523,"au":0.003333333512863839,".":0.0016448395732610642,"du":0.002012185522168176,"une":0.0026224869770576915,"r\u00e9ponse":0.0037644880110235669,"proche":0.0057184695121669342,",":0.001537787281099424,"la":0.002088816858409049,"et":0.0016883511393523702,"Merci":0.0017093402941565109,"de":0.0041599937261861883,"pour":0.0030382562010342461,"d":0.0030933697651544028,"2\u00e8me":0,"*":0.021335139615932894,"un":0.0072007537598313531,"est":0.0018255751457608032,"fait":0.0043881062861697746,"?":0.001333428211394147,"(":0.0068036777040014909,")":0.0066501884942310524,"Bonjour":0.00080403111408180062,":":0.0030984727367445275,"-":0.0025660653362190775,"on":0.0024732718318017295,"taux":0.0067115106579562428,"1":0.003029060150214842,"2":0.0043321479286481078,"ce":0.0025013370683549564,"\u00e0":0.0061320626489813033,"par":0.003162499186496792,"plus":0.0039794689862959779,"avance":0.0030774619154997442,"6":0.0076935060844033247,"1+r":0,"%":0.0064692553900311004,"01":0,"ci":0.0051991651577964863,"Comment":0.0046866359764342457,"45":0.011737440909133607,"Quel":0.0056817948433898991,"18+1":0,"18":0.0095366702172090256,"montant":0.0051538067060437958,"2e":0,"annuel":0.0054547783515242329,"02":0,"arriver":0.0056817948433898991,"1+7":0,"Question":0.0056098996670953596,"frais":0.0053560807770288059,"dossier":0.0057000702268530127,"TAEG":0.0053722831188173486,"d\u00e9cimales":0.0057000702268530127,"TAP":0.0054214787412454829,"1+3":0,"1+TAP":0,"06":0,"1+6":0,"constantes":0.0056098996670953596,"mois":0.0053080461745921527,"1\u00b0":0,"2\u00b0":0,"1=1":0,"Le":0.005007863793095378,"dur\u00e9e":0.0055055066357588989,"remboursement":0.0055055066357588989,"1mais":0,"Vous":0.0055226289902763027,"mensualit\u00e9s":0.0056636417042090839,"1+TEG":0,"50":0,"proportionnel":0.0057184695121669342,"cr\u00e9dit":0.011355823241967714,"dessous":0.0055922195772775494,"1+TRI":0,"1er":0,"1+2":0,"1\u00e8re":0,"1+TAE":0,"6min15":0,"1min45":0,"1+n":0,"1+0":0,"propos\u00e9":0.0056456091847837796,"1+5":0,"1=5":0,"1+TAEG":0,"1=9":0,"1+r2":0,"1+2r+r":0,"1+1":0,"arrondis":0.0057000702268530127,"1x":0,"1\u00e8res":0,"1+taux":0,"1X4X":0,"18X3XX":0,"1X08":0,"2X3":0,"1=r":0,"06^":0,"2min54":0,"1+rn":0,"2i\u00e8meann\u00e9e":0,"1+4":0,"2eme":0,"1+i":0,"1+R":0,"1+":0,"1\u20ac":0,"1+x":0,"06=":0,"1+9":0,"1=":0,"1\u2212":0,"1+F3":0,"1+tri":0,"1+A2":0,"1+12":0,"1+41":0,"2\u20ac":0,"2^2x4":0,"2x0":0,"1x4":0,"+2x0":0,"1+11":0,"02+":0,"045":0,"1USD":0,"1^3":0,"2=":0,"1=16":0,"contrat":0.005774427869688601,"pr\u00e9voit":0.0057556465892739444,"contractez":0.0057933400311617912,"consommation":0.0057933400311617912,"2500\u20ac":0.019261925604174456,"50\u20ac":0.0098563197353733947,"1+15":0,"1+TMEG":0,"1\u00b2=4":0,"45=4":0,"2x":0,"2M":0,"1M":0,"1EUR":0,"1+g":0,"45=2788":0,"1ere":0,"1+rd":0,"1an":0}