{"J":0.0072949570739151209,"'":0.0012690295730114856,"le":0.0052345842215501407,"en":0.0050323679579150635,".":0.0034633214344407096,"l":0.0033741277343136904,",":0.0013326136819971118,"Merci":0.0036555838378604221,"de":0.0030246243700229754,"bien":0.0077510867568921565,"vous":0.0041934534369784619,"\"":0.015785586753346306,"000":0.010863742848144828,"?":0.0014360152221435211,"Bonjour":0.0017194956181763182,"-":0.002763485017294425,"1":0.0064779279859523229,"pas":0.0028727013135043259,"x":0.011594338547773222,"1+r":0,"calcul":0.014675263195861593,"ne":0.0047209732551636296,"comprends":0.0072781097623438413,"01":0,"Je":0.0051945631969000598,"obtiens":0.011351752411611517,"1+7":0,"8":0,"1+3":0,"1+TAP":0,"1+6":0,"d\u00e9tailler":0.011959483769468001,"1\u00b0":0,"1=1":0,"20":0.020081259334897669,"1mais":0,"1+TEG":0,"Pouvez":0.009995876400747724,"1+TRI":0,"1er":0,"1+2":0,"1\u00e8re":0,"1+TAE":0,"1min45":0,"1+n":0,"1+0":0,"faisant":0.012112226657334789,"1+5":0,"1=5":0,"1+TAEG":0,"1=9":0,"1+r2":0,"1+2r+r":0,"1+1":0,"esp\u00e9rance":0.012229481044492927,"1x":0,"1\u00e8res":0,"1+taux":0,"1X4X":0,"1X08":0,"1=r":0,"1+rn":0,"20\u00e8me":0,"08":0.018150270153314409,"classique":0.012229481044492927,"1+4":0,"1+i":0,"1+R":0,"1+":0,"1\u20ac":0,"1+x":0,"1+9":0,"1=":0,"1\u2212":0,"1+F3":0,"1+tri":0,"1+A2":0,"1+12":0,"1+41":0,"1x4":0,"1+11":0,"1USD":0,"1^3":0,"1=16":0,"21600":0.04119342659001448,"1+15":0,"1+TMEG":0,"1\u00b2=4":0,"1M":0,"1EUR":0,"1+g":0,"1ere":0,"1+rd":0,"1an":0}