{"'":0.0016755001532082865,"le":0.0046755964900805644,".":0.0015776842192608788,",":0.0017594502727427074,"la":0.0020035348419447292,"et":0.0047899866953824838,"Merci":0.0048495345997939575,"d":0.004419412648944257,"vous":0.0055630778658750666,"est":0.0051793021343708489,"m":0.0099741742786442489,"?":0.0019050323599449377,"Bonjour":0.0022811003288111557,"-":0.0036660672554087431,"taux":0.01880098286243314,"avance":0.0087310046394996534,"expliquer":0.013154429264751789,"entre":0.013814791394473174,"diff\u00e9rence":0.014495190168697769,"effectif":0.0160682027442355,"quelle":0.014707311178321341,"proportionnel":0.016223753603611724,"Svp":0.016436167231027709,"Voulez":0.016436167231027709}