{"'":0.00144419860480164,"le":0.0078000723465931161,"tout":0.023609823730718332,"les":0.0094242932425546919,"pour":0.014198624347494257,"est":0.0087534901405034848,"?":0.0032196773904065285,"pas":0.0064408589309205904,"n":0.012976815623958421,"m\u00eame":0.020049187889299724,"bonjour":0.025604760807221932,"projets":0.02607515645363051,"COC":0.025150777700305493,"quoi":0.025916461040822177}