{"'":0.0017825723925158925,"le":0.0025401294217265052,".":0.0024942780853752402,"j":0.0044930097062000681,"l":0.0024099980937925957,",":0.00048312700238301395,"la":0.0010787200850039178,"et":0.0025789693031718036,"de":0.0052565438554283634,"bien":0.0055362765668178623,"pour":0.0046238472991683693,"afin":0.0080122277137604451,"d":0.0047077232753015806,"vous":0.0029952081205312587,"un":0.0037186590469275326,"dans":0.0034896591957086615,"est":0.0027885800245063177,"question":0.007801713578157162,"(":0.0035135985051316138,")":0.0034343326313695357,"ma":0.014756938149285883,"projet":0.0071588723676289465,"comment":0.005308027422559391,"savoir":0.007082455846326891,"d\u00e9terminer":0.0078269240654674777,"je":0.0028768572761333844,"calculer":0.0060935544101357979,"ce":0.0038208115396230046,"merci":0.0064353229008509592,"MOOC":0.0085963482956386058,"tr\u00e8s":0.0076495503191430711,"suis":0.0068792959614603286,"avance":0.0047008466584732766,"VAN":0.0065669364596478716,"bonjour":0.0081568521096402908,"aimerais":0.0077372885972497463,"sa":0.0082813503219678931,"r\u00e9alit\u00e9":0.0085691647300704856,"suivre":0.0084886674649746301,"Avant":0.0087633028945217333,"COC":0.0080122277137604451,"poser":0.0085963482956386058,"remercier":0.008706900951076034,"content":0.0088493712918828928,"\u00e9value":0.0088493712918828928}