{"'":0.0023722614478415048,"ai":0.0013696441129691229,"que":0.0021785044577486276,"le":0.0022910298025633612,"en":0.0013031069290090802,"les":0.0032396318158566984,"au":0.0018459275538389897,".":0.0038238208646988936,"j":0.0016288828208100984,"sur":0.0032817147571386875,"l":0.0068022115829740899,"du":0.0011143045496263416,"apr\u00e8s":0.0026596233760940282,"avoir":0.0023507594627731245,"une":0.0014522762129420483,",":0.0018539359915264108,"la":0.0011640021014682467,"et":0.00093497211624899248,"Merci":0.00094659545337839608,"de":0.0042078661326888913,"pour":0.0016878407195267185,"nous":0.0046711253834194454,"d":0.0025675648373717562,"des":0.0014588247636062889,"vous":0.0010858741403455632,"exemple":0.0097819463380375039,"*":0.002430037759964687,"un":0.0013481519591715279,"b\u00e9n\u00e9fice":0.0061887220087240048,"dans":0.0050011410741555365,"dire":0.0026164752450756443,"est":0.0020139356768566195,"fait":0.0072327846610593998,"question":0.0014295784136692819,"?":0.00037184907816498734,"(":0.0050354492563955879,"+":0.0053421429127501769,")":0.0049218508231910372,"me":0.001974382163313537,"Bonjour":0.00044525493230718378,"ma":0.0027040470043832266,"-":0.00071559085193386861,"on":0.0013696441129691229,"taux":0.0018716186067836418,"int\u00e9r\u00eat":0.0026965512781236579,"serait":0.0057188358439435828,"4":0,"1":0.0066309749199366195,"\/":0.0018290409716912673,"je":0.0010429675654939569,"calculer":0.0022091396959692741,"temps":0.002719151553630153,"pas":0.0014818632776612078,"D":0.0026378944674764794,"o\u00f9":0.0048408655343919931,"\u00e0":0.0034275374379507382,"Dans":0.0040362429287906943,"n":0.002985605916907681,"fois":0.0028791845114504162,"int\u00e9ressant":0.0030968494946506499,"plus":0.0087115335233348325,"avance":0.001704231431924869,"vid\u00e9o":0.0023747104079127304,"120":0.016430851614826075,"pourquoi":0.0021770482987420775,"cette":0.0043686804694575794,"votre":0.002230921091708543,"m\u00eame":0.0023155338658484041,"1+r":0,"%":0.0018040616154969553,"Donc":0.0030871220173278417,"t\u00eate":0.0031667639609299237,"comprendre":0.0026094028084962732,"ne":0.0012224728024496558,"comprends":0.0018846307226962444,"01":0,"En":0.0025404508078276126,"Je":0.0013451065883227841,"100":0.01416095847103711,"emprunt":0.0059808600504164602,"investissement":0.0027732459790995425,"VAN":0.0070861087556470317,"diff\u00e9rents":0.0030774570965618748,"th\u00e9or\u00e8me":0.0031464543275367494,"se":0.0026378944674764794,"10":0.0042187466014917052,"total":0.0030207375350545396,"t=0":0.005908714407091069,"A":0.0027732459790995425,"=":0.0023448308949288866,"coup":0.0060547872464999418,"placer":0.0031770226355718988,"1+7":0,"arrive":0.0025005487295260954,"donn\u00e9":0.0029931607980486922,"calculs":0.0028876515197587957,"1+3":0,"1+TAP":0,"suivant":0.0030394072161302977,"1+6":0,"1\u00b0":0,"1=1":0,"situation":0.0031164953953122802,"seul":0.0031565748371591273,"pose":0.0030488297548298404,"cash":0.0029840798640783407,"projets":0.0030114889520238765,"10i\u00e8me":0,"1mais":0,"1+TEG":0,"rat\u00e9":0.0031667639609299237,"Pouvez":0.0025883830253003439,"1+TRI":0,"r\u00e9sultats":0.0030300433852180086,"250":0.015884999229622904,"s\u00e9paration":0.0031565748371591273,"1er":0,"1+2":0,"1\u00e8re":0,"t=1":0.0031164953953122802,"10+1":0,"1+TAE":0,"1min45":0,"T=0":0.0031667639609299237,"Du":0.0062881962526190101,"1+n":0,"1+0":0,"1+5":0,"1=5":0,"1+TAEG":0,"1=9":0,"1+r2":0,"1+2r+r":0,"1+1":0,"+10":0,"1x":0,"1\u00e8res":0,"1+taux":0,"1X4X":0,"1X08":0,"1=r":0,"1+rn":0,"Une":0.0031264154973335697,"1+4":0,"d\u00e9tail":0.0030871220173278417,"27\u20ac":0,"emprunter":0.0031667639609299237,"appliquons":0.0031977524814659542,"27":0.030605973349410634,"1+i":0,"1+R":0,"1+":0,"1\u20ac":0,"souhaite":0.003106640343608036,"B\u00e9gonia":0.015739892388426439,"1+x":0,"1+9":0,"1=":0,"1\u2212":0,"1+F3":0,"1+tri":0,"1+A2":0,"1+12":0,"1+41":0,"10^7":0,"27+":0,"1x4":0,"1+11":0,"1USD":0,"1^3":0,"T=1":0.0031873518171219874,"1=16":0,"ajout":0.0032082256248916838,"1+15":0,"1+TMEG":0,"4min25":0.0030583117421162311,"Celui":0.0032082256248916838,"207":0.010666835189316012,"souhaitons":0.0032082256248916838,"rembours\u00e9":0.0032082256248916838,"118":0.010666835189316012,"VAN=218":0.0032082256248916838,"VAN=207":0.0032082256248916838,"95":0.0096251112233962047,"195":0.010666835189316012,"10\u00e8me":0,"1\u00b2=4":0,"1M":0,"1EUR":0,"10H":0,"1+g":0,"10min15":0,"1ere":0,"1+rd":0,"10^1":0,"10^2":0,"1an":0}