{"'":0.0013224972320795897,"le":0.0012562585720639645,"en":0.0035171044636360151,".":0.00083116959354998736,"Quand":0.0082288356395529613,"sur":0.0044462721980585819,",":0.0009355196416191724,"la":0.0069521773654259572,"et":0.0025235032753107467,"Merci":0.0025548748304687402,"de":0.0051479670498279437,"d":0.0046075283804001936,"des":0.0039373891532017789,"vous":0.0029307900226272906,"dans":0.0034146069126370026,"est":0.0053997631518934415,"question":0.0038584528313860954,"?":0.0019861215417672959,"me":0.0053288860376131007,"-":0.0019313900674195331,"appliquer":0.01638603170188354,"cas":0.0067137446297012657,"il":0.010308783637322634,"qu":0.0053413862689632823,"exercices":0.0078631537738410185,"cette":0.0059189612599014393,"dit":0.0075492485583126987,"Je":0.0036304621520612842,"se":0.0071197153507712076,"faut":0.0071981008211236368,"entre":0.0072780309317548213,"car":0.0067667691999579154,"diff\u00e9rence":0.0076364846487407875,"Pourriez":0.0069116532393213824,"pose":0.0082288356395529613,"ni":0.016540902893425434,"donner":0.0082288356395529613,"souvent":0.0084382406816103182,"TRI":0.0077482361204230209,"d\u00e9cision":0.040357222706613696,"r\u00e8gle":0.040745177491226525,"invers\u00e9e":0.025354692273327314,"impossible":0.0086307802343737541,"basant":0.0086307802343737541,"classique":0.016914330274888024,"plupart":0.0086307802343737541}