{"'":0.0023722614478415048,"que":0.0079969938824110201,"le":0.0055674271287724517,".":0.0015157980627180465,"l":0.0084388165802588705,"du":0.0027692881379561616,"r\u00e9ponse":0.0051809099506752356,",":0.0012808318118034442,"la":0.0028598256650721834,"de":0.0038396650335816257,"pour":0.0021056476723980183,"*":0.045263370717616831,"dans":0.0092515352861039374,"est":0.004976139106714743,"question":0.01045409132958401,"?":0.00092412549299699114,"(":0.0062699132795284336,")":0.0061284656571582554,"Bonjour":0.0011065549385203815,"-":0.0035222622979305812,"on":0.0034038622534016964,"4":0.0073936522009423258,"3":0.012405685255926049,"pas":0.0018486827135527147,"ce":0.0034424872836583695,"D":0.0065557390575246314,"Est":0.0058866996815012092,"\u00eatre":0.0063641582367724488,"Dans":0.0050353717800008012,"merci":0.0057981182852585239,"avance":0.0042353842047438209,"votre":0.0055443220778882765,"c":0.0060391701224879303,"calcul":0.0094940681031639978,"investissement":0.020279941602150679,"montant":0.01404820785271225,"doit":0.0068147046324010365,"=":0.011541664393711544,"003":0,"CF":0.018676589652523074,"3\u00b0":0,"04":0,"parce":0.0076005670374894715,"avant":0.0071764394239444262,"3h":0,"inclus":0.0079212595709214177,"exploitation":0.0078700942894391265,"3ieme":0,"3\u00e8me":0,"3+":0,"3+1":0,"d\u00e9but":0.0077698196188747751,"Bonne":0.007672166811017741,"Sophie":0.0076481473897199873,"3M":0,"3=":0,"04\u20ac":0,"soir\u00e9e":0.0078196204518685853,"inclut":0.0079212595709214177,"4\u00e8me":0,"3^2x24":0,"3x0":0,"4ans":0,"4e":0,"3eme":0,"4min25":0,"tandis":0.0079731355040045058,"lib\u00e9r\u00e9":0.0079731355040045058,"3e":0,"3+2":0}