{"J":0.0021650141220462332,"'":0.002012538777966442,"ai":0.0015697773641799324,"alors":0.0059382525194726305,"que":0.0049462253688604347,"le":0.0051273045363512439,"au":0.0021156556382013994,".":0.0020709183987770042,"sur":0.0018880833391761831,"l":0.0039517970268609873,"du":0.0050399862151051409,"autre":0.006328183950422203,",":0.0011778564121030649,"la":0.0017688324466785148,"et":0.0021334838614136451,"de":0.0017980692813428225,"bien":0.0023003853374110083,"pour":0.00097107280112915142,"d":0.0029393817210443467,"vous":0.001244542746339856,"2\u00e8me":0,"un":0.0090660351858707511,"dans":0.0028868632002411149,"est":0.0023068868912971179,"comme":0.0027566447810160534,"pourrait":0.0034305233188948138,"m":0.0022313702142049145,"?":0.00042618389716521257,"si":0.0052181712188500168,"(":0.0029066672864101286,")":0.0028410936240077659,"Bonjour":0.00051031586045377486,"-":0.00082015343310232918,"on":0.0136371471405136,"projet":0.02027328978733637,"serait":0.0065507094359959469,"2":0.0027495998091389517,"je":0.0011953666360358928,"valeur":0.0050906696173385647,"acheter":0.0035605845663602706,"pas":0.0016974181495542364,"ce":0.0031608130221880597,"cas":0.0056761035173835258,"il":0.0029667751202165872,"o\u00f9":0.0027851163916046196,"Si":0.0030735185034350861,"qui":0.0021352296354620963,"qu":0.0022681882649779089,"\u00e0":0.0029544434793234119,"Dans":0.0046233631041538176,"trouve":0.0030566311797123307,"par":0.0020072276623082038,"plus":0.0025257556633363504,"possible":0.0031077981068725136,"pourquoi":0.0024951599526707034,"moins":0.0034409944345624682,"c":0.0027851163916046196,"march\u00e9":0.0032334522643730399,"demande":0.0034727952126828109,"toujours":0.003178474409572129,"calcul":0.0022106793561320216,"lequel":0.0035605845663602706,"ne":0.0027895227565790655,"comprends":0.0021600141382079789,"exercice":0.0028659304679736495,"Je":0.0015416544011429656,"clair":0.0035493630724525637,"li\u00e9":0.0035946944576715645,"investissement":0.003178474409572129,"VAN":0.013400612776407968,"se":0.0030233452507333241,"faire":0.0028810401545346031,"cr\u00e9ation":0.0036178155192231765,"donc":0.0028886449934783427,"doit":0.0031427737902215377,"A":0.01864948936545819,"d\u00e9j\u00e0":0.0067075092290782455,"faut":0.0030566311797123307,"pouvoir":0.0034201154731943947,"=":0.0026874590463574831,"Cordialement":0.003039907813177221,"2e":0,"02":0,"sujet":0.0034835272924025966,"choisir":0.0034835272924025966,"2\u00b0":0,"\u00e9claircir":0.0036062161944286982,"cash":0.0068092792507248468,"flow":0.0035161306611514844,"B":0.010486223017141191,"Pouvez":0.0029665991657758855,"retrouver":0.0035493630724525637,"D\u00e8s":0.0035605845663602706,"lors":0.0032998927462802971,"avantage":0.0036178155192231765,"rapport":0.0034201154731943947,"sp\u00e9cifique":0.003641251162681023,"sortir":0.0036650100665738621,"abord":0.0034943266583280898,"poss\u00e8de":0.0072495493742974976,"terrain":0.021295814095601738,"utilisation":0.0036062161944286982,"devait":0.0072968521664299431,"consid\u00e9rer":0.0035493630724525637,"devrait":0.0069355290186550022,"2X3":0,"2min54":0,"2i\u00e8meann\u00e9e":0,"2eme":0,"inf\u00e9rieure":0.0036650100665738621,"inclut":0.0036530896506753122,"2\u20ac":0,"2^2x4":0,"2x0":0,"+2x0":0,"02+":0,"2=":0,"pens\u00e9":0.0036650100665738621,"refl\u00e9ter":0.0036770135522427635,"disons":0.0072968521664299431,"construction":0.0036650100665738621,"h\u00f4tel":0.0036770135522427635,"d\u00e9cider":0.0036770135522427635,"2x":0,"2M":0}