{"'":0.0028719730603540745,"ai":0.0012592688315214171,"que":0.0029945093215703101,"le":0.0016932713747447228,"en":0.0023874738513985977,"les":0.0049318740318767124,"au":0.0033819970320609471,".":0.0022090524623564083,"j":0.0044603306696966829,"l":0.0039589317829691519,"du":0.0010245062749366892,"avoir":0.002161319202443768,"une":0.0013352418722505841,"autre":0.0050809738719072703,",":0.0014085425786751458,"la":0.00071650598248767269,"et":0.00085962567442548349,"de":0.002851691709939872,"bien":0.0018453594898177686,"pour":0.00077899053681345504,"d":0.0046738442025126775,"des":0.0053070828670194123,"vous":0.00099836698230170644,"exemple":0.0022751099567449211,"\"":0.011241275308440461,"un":0.010841641177862519,"dans":0.0046024411452766575,"est":0.0036778019634316041,"comme":0.0022113689058850527,"m":0.0017899958468323531,"\u00e9clairer":0.0026164527339168509,"?":0.00034188293858909615,"(":0.0023337976032748124,")":0.0022811477327966566,"Bonjour":0.00040937324741982463,"-":0.00065792365142848823,"on":0.0025093792632369786,"taux":0.0084805923394433835,"utilis\u00e9":0.0052138765523150167,"4":0.0081465173978689416,"\/":0.0033510584556328111,"pas":0.0027061438628596234,"ce":0.0012735582748354618,"cas":0.0022870218999484888,"il":0.0035601733013853483,"calcul\u00e9":0.0026549448288759082,"utiliser":0.0025070200948329748,"peut":0.0044407193921065799,"\u00eatre":0.0023544390195075482,"qui":0.0034132871907455262,"mais":0.0037922282510620903,"qu":0.0036258291953562799,"\u00e0":0.0054614129554259386,"par":0.0016101896298095636,"exercices":0.0026785655212264448,"vid\u00e9o":0.0021833400167664049,"pourquoi":0.0020016068709846156,"avec":0.0018716798447414389,"financier":0.0028294545753522549,"c":0.0022342087127363423,";":0.0026013511972181966,"m\u00eame":0.0021289323248169395,"lorsque":0.0027353033332802247,"%":0.0033052927871285065,"On":0.0027603513337363314,"actualisation":0.00524430232413544,"le\u00e7on":0.0026394190829042378,"calcul":0.0017733977270841816,"comprendre":0.0023991193000497965,"ne":0.0044472541371176691,"comprends":0.0034529066416685229,"exercice":0.0045813544330021265,"\u00e7a":0.0027107013150649765,"s":0.0021130191717342213,"agit":0.0027107013150649765,"En":0.0023357239227463742,"effet":0.002662773613864345,"base":0.0027353033332802247,"cet":0.0027107013150649765,"Je":0.0024644230918230716,"quand":0.002647160149952373,"emprunt":0.0055006272074230077,"7":0.0040180607735403415,"12":0.0079246987649660011,"donc":0.0046176649064338295,"montant":0.0026240658487907322,"difficult\u00e9s":0.0028294545753522549,"doit":0.0025211199809954581,"Pour":0.0023607341413485138,"final":0.0027519514485727296,"faut":0.0024520167393795346,"Cordialement":0.0024386013247377431,"int\u00e9r\u00eats":0.010693584807085507,"ann\u00e9e":0.0047042991552155812,"place":0.0029021964677979771,"indiqu\u00e9":0.0028472842014941229,"compr\u00e9hension":0.0027688025946636962,"travaille":0.0029209964428941479,"passer":0.002743602318312039,"calculs":0.0026549448288759082,"Ma":0.0028118520843886967,"TAP":0.010922105948668449,"TAE":0.0053376503935751328,"implique":0.0057647436786529456,"mensuel":0.0056738606983064146,"ensuite":0.0027107013150649765,"beaucoup":0.0025938618734411812,"15":0.0087713592181011095,"avais":0.005483888527710235,"TPP":0.0028928915379947558,"Le":0.002549758868419915,"remboursement":0.0055858818297876769,"diff\u00e9rentes":0.0028383406307621686,"Visiblement":0.0029400557361583205,"04":0,"convertir":0.0029209964428941479,"Pouvez":0.002379793434612686,"long":0.0029209964428941479,"L":0.0027944710142819773,"\u00e9l\u00e9ments":0.0028836488489903619,"DRA":0.0028472842014941229,"simples":0.0029115644823526948,"\u00e9nonc\u00e9s":0.0028836488489903619,"concr\u00e8tement":0.002865346901239334,"simplement":0.0028744675736553545,"incorrect":0.0029400557361583205,"12^3+2":0,"12^4+189":0,"12^4":0,"annuelle":0.0028836488489903619,"compos\u00e9s":0.0086435729921760258,"04\u20ac":0,"12\u20ac":0,"007=>":0,"4\u00e8me":0,"15x4":0,"modalit\u00e9s":0.0029209964428941479,"+7":0,"15ans":0,"7e":0,"4ans":0,"4e":0,"r1":0.0029400557361583205,"12=":0,"4min25":0,"r\u00e9flexes":0.0029496848821234608,"parlent":0.0029496848821234608,"m\u00e9canisme":0.0029304932284152825,"classiques":0.0029496848821234608,"repr\u00e9sentera":0.0029496848821234608,"moyennant":0.0029496848821234608,"adaptation":0.0029496848821234608,"15\u20ac":0,"12^5":0,"15h":0}