{"'":0.0026199871454973545,"ai":0.0028412122364015126,"que":0.0022685293210422297,"le":0.0009655388783419847,"en":0.0027031864095075791,"les":0.0022578707818010049,".":0.0030934822819789183,"j":0.0067030173107941113,"l":0.0018124462105346929,"du":0.0023115316537323091,",":0.0010724758088543561,"la":0.00081125463764008697,"Merci":0.0019636331508266539,"de":0.0016359177876515512,"bien":0.0041635732035830387,"pour":0.006862492778397824,"mal":0.0057365869581366942,"\"":0.0085378939660265187,"un":0.0027966285596798452,"est":0.0041602180718654765,"m":0.0080116469380275192,"\u00e9clairer":0.0059033443356088624,"?":0.00077136983320922161,"-":0.0014844334126797548,"cours":0.0047085416192264194,"je":0.0021635490425519982,"ou":0.0043765666239111876,"ce":0.0028734526446280695,"Est":0.0049136427745827271,"moi":0.0056093195041766871,"\u00e0":0.0053091171756342375,"fin":0.0059205213470581719,"n":0.0031089835687468483,"plus":0.0090686263075285649,"possible":0.011158426794634253,"150":0.013684787425248621,"dollars":0.0066118949431995576,"encore":0.006025619603247663,"c":0.0050409102285427342,"veux":0.0064444657373245243,"De":0.0062470821283127712,"vu":0.0060977065071125035,"ces":0.0053121786108244941,"obtenir":0.0057528669935199041,"Cordialement":0.0055020689388292666,"rien":0.006304996233770648,"mon":0.0053693842468573397,"aimerais":0.0058188508256577266,"mois":0.0060977065071125035,"aujourd":0.0063640065701094208,"hui":0.0063442120928730297,"continuer":0.0065691871562786469,"certificat":0.012546242346717669,"inscrire":0.0064444657373245243,"payer":0.0064039766008136181,"inscription":0.0065691871562786469,"commencer":0.0065691871562786469,"retard":0.0065691871562786469,"mode":0.0065904679193951729,"sujets":0.0066551959127682057,"150=550":0}