{"le":0.0024860676203922911,"les":0.0058135612843516768,"du":0.0059517271927193591,",":0.0009355196416191724,"la":0.002088816858409049,"et":0.0049938761989076494,"Merci":0.0050559588061144609,"de":0.0021233426798049652,"5":0.012781112268055332,"question":0.0076356690113247782,"?":0.0019861215417672959,"si":0.012214248030155431,"Bonjour":0.0023781971357773927,"projet":0.013862329529766508,"qui":0.0099506940638050892,"entre":0.014402828718551367,"celui":0.015987080479839814,"BFR":0.016184077877963218,"05":0,"5i\u00e8me":0,"5eme":0,"0005+1":0,"5e":0,"5=>":0,"5^2x18":0,"5x0":0,"5^2":0,"Quid":0.017024294201338105,"5\u00e8me":0,"param\u00e8tres":0.017079846264568117,"changent":0.017135785453312402,"cannibalis\u00e9":0.017135785453312402,"cannibalise":0.017135785453312402,"5+5":0,"5xtaux":0,"5ans":0,"5min08s":0}