{"le":0.0017438241880877985,".":0.0033628066924702468,"du":0.0041747721399171683,"r\u00e9ponse":0.0078103532185934627,",":0.0012933961983884188,"la":0.0014651771063268542,"Merci":0.0035464454738711672,"pour":0.0031743172979090827,"des":0.0054655264417317728,"dans":0.0047398475596352177,"question":0.0053559542005054148,"(":0.0047723632498456745,")":0.004664699968922552,"Bonjour":0.0016681596491552129,"comment":0.0072096555607017486,"quiz":0.0091750285243653012,"trouver":0.0089881028758383077,"pas":0.0027869361018468776,"votre":0.0083582062221154284,";":0.020893252460520713,"89":0.030901456456711676,"%":0.019700118377216212,"calcul":0.0072264383392683287,"deuxi\u00e8me":0.011565986152337697,"ne":0.0045800274253431465,"comprends":0.0070608199865849737,"Je":0.0050394782216693227,"formatif":0.010914916761881133,"50":0.020276088047215372,"TRI":0.010755398500175381,"41":0.028255045542786496,"54":0.033777720429431252,"0041^t":0,"0041^60":0,"54x18":0,"41\u20ac":0,"50\u20ac":0,"212":0.039963586601506104,"0041":0}