{"J":0.0060020268797068375,"'":0.0020438247963899285,"ai":0.0043518635001135123,"le":0.0029212973136795565,"en":0.0041404503749562505,".":0.00097848002265719198,"sur":0.0052342970133384169,"du":0.0035405557192641499,"la":0.0047920753991675105,"et":0.0029707505678298828,"de":0.0036973225048369078,"pour":0.0026920863911135797,"d":0.0054141569480887558,"des":0.0046352232537526733,"mal":0.0087866872733031245,"m":0.0061859845937527348,"?":0.0011815013955041517,"on":0.0043518635001135123,"taux":0.0059468212390868394,"calculer":0.0070192499777913323,"qui":0.011692737397566828,"\u00e0":0.0027549652989898358,"base":0.0094528399654419479,"se":0.0083815617074981426,"faire":0.007987052034879134,"expliquer":0.0081583792801368012,"celui":0.0095103736099454821,"SVP":0.0097477011932127784,"TRI":0.0091214769085616616,"van":0.019811530393059412,"repr\u00e9sentation":0.0099974435790460541,"graphique":0.0097477011932127784,"quoi":0.0095103736099454821,"identifier":0.010029600163381454,"annule":0.010160436696450665,"courbe":0.010127389957442442,"permettent":0.010029600163381454,"int\u00e9rets":0.010193713728180523,"obtenant":0.010193713728180523}