{"'":0.00054373387299480765,"le":0.0015173261448197524,".":0.0010038979101257739,"du":0.003632528416472736,"r\u00e9ponse":0.0067958990475089649,",":0.00057097739400877034,"la":0.0037293722150567336,"et":0.0060186720557417759,"Merci":0.0030858124777951921,"de":0.0025590749034790669,"pour":0.0027620184769615898,"vous":0.0035398479462736255,"2\u00e8me":0,"?":0.0012121931508997737,"Bonjour":0.0014514893569472105,"-":0.0023327591232480986,"2":0.0078206757189173848,"je":0.0033999765327949335,"ou":0.0068776919417364944,"pas":0.0047885073650670816,"mais":0.006747470838649774,"\u00e0":0.0028265307845675674,"n":0.0048857090672259525,"bonne":0.0092234497496898344,"calcul":0.0062878264339957688,"ne":0.0039851467848287256,"Je":0.0043849214354421068,"VA":0.0087419963630945112,"erreur":0.0091180848162900723,"2e":0,"annuel":0.0098473213076900375,"mon":0.0084378861194384022,"02":0,"arrive":0.0081515545456798469,"2\u00b0":0,"cash":0.0097278207352949932,"flow":0.010000916349648578,"sais":0.009640070080755023,"pourriez":0.0096983955383065108,"machine":0.01022437504126922,"2X3":0,"2min54":0,"d\u00e9velopper":0.01032335377271601,"2i\u00e8meann\u00e9e":0,"2eme":0,"2\u20ac":0,"2^2x4":0,"2x0":0,"+2x0":0,"02+":0,"2=":0,"Camille":0.010356796090765251,"2x":0,"2M":0}