{"'":0.0012690295730114856,"le":0.003541312846805411,".":0.0023430141094891829,",":0.0013326136819971118,"Merci":0.0072020293117315923,"d":0.0065632564905684365,"est":0.0076917660898094594,"Bonjour":0.0033876552673315322,"comment":0.01464118116525959,"pas":0.0056596374153512052,"calcul\u00e9":0.021970262812001554,"actualisation":0.021778081602456818,"ne":0.0093010006805067796,"comprends":0.01433892974892882,"Je":0.010234041418569387,"facteur":0.023636406382282777}