{"'":0.0013087121955957402,"le":0.0053958740769142781,".":0.0012270204065637756,"l":0.0068553883537590303,",":0.0020304943201265311,"la":0.0030684858742208725,"et":0.007336037389906562,"Merci":0.0037716533154346869,"de":0.0046085993914185622,"vous":0.0043266009645008992,"exemple":0.0098595938244114226,"?":0.0014816105480929993,"Bonjour":0.0017740918104523448,"-":0.0028512292126045254,"\u00e9nonc\u00e9":0.011471939538272032,"Dans":0.0080729944140208888,"sont":0.009534477298837097,"par":0.0069780432735285329,"m\u00eame":0.0092261070460025844,"ils":0.011677268540579346,"chose":0.011608040302874286,"formule":0.0087379113816471888,"beaucoup":0.011240961973260901,"Le":0.011049833753432882,"dividende":0.012035949146474616,"BPA":0.02453067913601226,"Gordon":0.012658657839417926,"Shapiro":0.012617782760114219,"remplacez":0.012782984295560743,"Dividende":0.012782984295560743,"Clara":0.012261944867715025}