{"'":0.0033757579404607566,"ai":0.0042443990222676914,"questions":0.0079996450514023508,"le":0.0028500175340329332,"les":0.0033729632781043274,".":0.0018856372151798352,"j":0.0050477555348649042,"l":0.010450808795290848,"du":0.0068230351893462018,"r\u00e9ponse":0.0064602641035567962,",":0.0010724758088543561,"la":0.0023946109200802795,"et":0.0057249588116314726,"Merci":0.0029334107880715447,"de":0.0012319396898922478,"des":0.0045207615187625146,"dans":0.0039205226945366036,"est":0.0091757044524763114,"?":0.0011523255193447433,"Bonjour":0.0013798033966996523,"formation":0.0096577277874689837,"actif":0.0081969255567466894,"obligation":0.017526809155139433,"sans":0.015191420391783396,"risque":0.015271095310807383,"risqu\u00e9":0.0095367517503522885,"qui":0.0057732814753681978,"eu":0.0091364907344058683,"c":0.014879444899725942,"march\u00e9":0.0087426802950644998,"portefeuille":0.0096577277874689837,"Pour":0.007956917085979013,"quel":0.0087933037887524927,"principe":0.0094480382954430647,"autres":0.017733613266333298,"compos\u00e9":0.009813505371396098,"souvent":0.01914345854728617,"indice":0.0096271879038438753,"commentaire":0.0099095358986105893,"guide":0.0099419911906790323}