{"'":0.00073455175904179346,"le":0.0020498163606741046,"l":0.0038477807352257786,"du":0.0049073274088900281,",":0.0015165594728519275,"et":0.0041175586101260689,"Merci":0.0041687470584699429,"de":0.0066620177115191172,"pour":0.0037313208382319151,"?":0.0016376000383929474,"Bonjour":0.0019608748200724969,"-":0.0031514172695638666,"prix":0.022902778288647084,"pas":0.003275965121222081,"celle":0.013385358916012594,"ne":0.0053836936159826895,"estimer":0.013991408599591576,"ci":0.01267974816492508,"formule":0.0096578713161006961,"compte":0.011712814683568733,"La":0.011842595966830244,"beaucoup":0.012424452419483078,"revente":0.013768537934075838,"action":0.013344121191457401,"tient":0.013946230039326046,"Gordon":0.013991408599591576,"Shapiro":0.013946230039326046,"Clara":0.013552928205045363}