{"'":0.0016490868031494303,"ai":0.0055453011120388841,"le":0.0037100576117385844,".":0.0024546595309033123,"sur":0.0033617600657727051,"l":0.001782974230997107,"une":0.002963637662329854,",":0.0010553095496984796,"la":0.00079806291920931109,"Merci":0.0019317027378278509,"de":0.00081125401238744195,"pour":0.0017290093588868847,"nous":0.0047850602317089435,"d":0.0017603733591094221,"des":0.0029770011886406664,"vous":0.0086553835919236551,"trouv\u00e9":0.0058755074130459016,"exemple":0.010018646898379759,"dans":0.0076225726491373266,"5":0.0048832101896932826,"fait":0.0049589405666333793,"?":0.00075882667699961109,"(":0.0025994442107051558,")":0.0025408014214518058,"Bonjour":0.0009086248710570568,":":0.0035015428403083839,"-":0.0014602952115518439,"taux":0.0075776536716614731,"comment":0.0077911764912059599,"3":0.0051432747600573953,"trouver":0.0048957027708600729,"je":0.004222680290441632,"pas":0.0030117265459335056,"ce":0.0028267277613998288,"il":0.0026531988875258383,"n":0.0060679205235712524,"par":0.0035738982798324244,"vid\u00e9o":0.0048460348928800467,"compris":0.01017738918736133,"m\u00eame":0.0047252742364529881,"%":0.0036815207060502662,"aussi":0.0059452132416613667,"calcul":0.0039361470034026194,"s":0.0046899541788795436,"VA":0.0054724447548855828,"53":0.016831621543342112,"Pour":0.0052397702299852543,"003":0,"Et":0.0059806694103825492,"beaucoup":0.0057572091609549916,"3\u00b0":0,"terme":0.006319692986171686,"11":0.011659563383928918,"75":0.011044121524443135,"avez":0.011324418468462842,"plait":0.0059628900884985906,"3h":0,"pourriez":0.0060711457188966358,"05":0,"3ieme":0,"3\u00e8me":0,"montrer":0.0064623663588816854,"3+":0,"3+1":0,"structure":0.0064623663588816854,"\u00e9cran":0.0065256041546549928,"5i\u00e8me":0,"3M":0,"75+0":0,"5eme":0,"0005+1":0,"3=":0,"0075":0,"53\u20ac":0,"5e":0,"Solveur":0.0065256041546549928,"5=>":0,"5^2x18":0,"3^2x24":0,"5x0":0,"3x0":0,"5^2":0,"53+12000":0,"5\u00e8me":0,"3eme":0,"capture":0.0065256041546549928,"ZC":0.0065256041546549928,"5+5":0,"3e":0,"3+2":0,"5xtaux":0,"5ans":0,"5min08s":0}