{"'":0.0011964729071457885,"du":0.0079932887219412319,",":0.0012564215997091716,"Merci":0.0067902538531926637,"vous":0.0077893476450243138,"\"":0.028961201894912532,"!":0.015317229728470196,"?":0.0026674009755745269,"Bonjour":0.0031939663442935519,"-":0.0051331786163893584,"beaucoup":0.020237540136620446,"svp":0.020714114766492202,"Qu":0.022006768482308897,"d\u00e9tachement":0.022938575324163036,"dividende":0.021668786400443878,"Clara":0.022075655268979023,"appelez":0.023013702774065514}