{"'":0.0025875586693847319,"que":0.0035649510613371886,"au":0.0060175508538654401,"l":0.010974201193385814,",":0.00057097739400877034,"la":0.0037293722150567336,"de":0.0061672266562809641,"bien":0.0065429767970771237,"pour":0.0027620184769615898,"un":0.0043948490590441716,"est":0.0096407335020727986,"?":0.0035460200657486739,"Bonjour":0.0014514893569472105,":":0.0055935648775380861,"-":0.0023327591232480986,"t":0.0081515545456798469,"2":0,"obligation":0.02729629040511836,"valeur":0.028021278217761691,"pas":0.0024249526071268169,"ce":0.0045155766602402647,"cas":0.0081089518374806782,"moi":0.0088149398530175845,"\u00e0":0.0028265307845675674,"n":0.0048857090672259525,"tr\u00e8s":0.0090405220263400261,"Ou":0.010000916349648578,"donc":0.0082161613795510326,"notion":0.0098473213076900375,"2e":0.0081729956327290278,"La":0.0087661903903914363,"moment":0.0098171717936435792,"Ce":0.009640070080755023,"instant":0.010290138183989581,"claire":0.01022437504126922,"nominale":0.0104243734459008,"\u00e9mission":0.010257146270957546,"signifierait":0.0104585149120884,"mouvante":0.0104585149120884}