{"le":0.0031582703452608229,",":0.0023159709784750806,"la":0.0026536077645197705,"Merci":0.0064230291377560828,"bien":0.013619016358802092,"5":0.016236970999718353,"question":0.0097002618942797474,"Bonjour":0.0030212329815569386,"on":0.0092935836682495714,"comment":0.01305753269879675,"3":0.017101701519811233,"Dans":0.013748103023679455,"%":0.012241280349792895,"obtient":0.020623594843009581,"7":0.029653861866725365,"=":0.015910616417484945,"003":0,"3\u00b0":0,"moyen":0.020687530540569498,"3h":0,"05":0,"3ieme":0,"3\u00e8me":0,"3+":0,"3+1":0,"5i\u00e8me":0,"3M":0,"5eme":0,"0005+1":0,"3=":0,"5e":0,"007=>":0,"5=>":0,"5^2x18":0,"3^2x24":0,"5x0":0,"3x0":0,"5^2":0,"TRE":0.021487761346047671,"+7":0,"7e":0,"5\u00e8me":0,"3eme":0,"5+5":0,"3e":0,"3+2":0,"5xtaux":0,"5ans":0,"5min08s":0}