{"'":0.00055823513934837303,"le":0.001557792909286843,"en":0.004361299907925581,"au":0.0061780376509218762,"l":0.0029241866056011119,"une":0.0048605467232094909,",":0.0011571826332624575,"la":0.0013088719164907417,"Merci":0.0031681104380292995,"de":0.0026264496908719073,"nous":0.0078477909513772152,"des":0.0048824637223238432,"est":0.0033835414132945599,"!":0.0071465185887921836,"?":0.0036382166299419203,"Bonjour":0.0014902002683320856,"-":0.0070014279733805352,"comment":0.0064405290324463455,"ce":0.009151582786331925,"Est":0.0079276329982254454,"\u00e0":0.0029019137573770581,"Dans":0.0067811476109288504,"Ou":0.010267638654380485,"avons":0.010267638654380485,"fonction":0.010048229394937028,"d\u00e9duire":0.010463635268232846,"r\u00e9alit\u00e9":0.010397450848364886,"beaucoup":0.0094421745538597855,"entreprise":0.0097795038337194565,"donn\u00e9e":0.010267638654380485,"chacun":0.010564573973320021,"acc\u00e8s":0.010497056941617936,"BPA":0.010463635268232846,"Clara":0.010299778976761704,"officielle":0.010737441272823662,"publi\u00e9e":0.010737441272823662,"publications":0.010737441272823662}