{"'":0.0010213038753556342,",":0.0010724758088543561,"Merci":0.0057961300531723502,"an":0.017629630288087939,"est":0.0061902659188702424,"!":0.013074718188744575,"?":0.0022768814381099235,"Bonjour":0.0027263552611183376,"pas":0.0045548265764123507,"\u00e0":0.0053091171756342375,"n":0.0091769040923181128,"fois":0.017629630288087939,"par":0.010723585374223212,"%":0.011046509583409764,"100":0.029132237605735838,"deux":0.016064536681669041,"semestriel":0.019580264403638734,"Un":0.018553359267464879,"coupon":0.019082716441193307,"vers\u00e9":0.019580264403638734}