{"'":0.00077536927696879668,"le":0.001091877999182611,"r\u00e9ponses":0.0068342654934016069,"les":0.0025533093352793669,"une":0.0067511310786476392,",":0.0012102906410531003,"et":0.0021933046018147054,"Merci":0.0022205712104881722,"de":0.00093256962835091737,"pour":0.0019875668910249202,"d":0.0020236210905536876,"des":0.0034221844819239773,"exemple":0.0058048628446306936,"est":0.0023715696781485989,"?":0.0025694642924166794,"me":0.0046316049530007791,"Bonjour":0.0010445014081574687,"-":0.0065342394313227881,"on":0.0032129800275493879,"taux":0.0087005091944836847,"comment":0.0045142534105155254,"obligation":0.0067147437108181574,"prix":0.0062050146470595501,"vos":0.0063609614171329341,"connaissance":0.0073811107690277961,"calculer":0.0051823109769945173,"ce":0.0064392519650529534,"Est":0.0055565845785747981,"qui":0.004370333226556139,"mais":0.0048555249535511867,"qu":0.0046424695376487725,"Dans":0.0047529975527829107,"merci":0.0054729706612795977,"tr\u00e8s":0.0065056198599010451,"claires":0.0074287541282341968,"votre":0.0052334068703143591,"march\u00e9":0.0066181471223419304,"Marie":0.0070645022049289699,"ils":0.0068750238077916366,"Je":0.003155418668457879,"beaucoup":0.013114853474443447,"avait":0.0073108315994446426,"peuvent":0.0072647452578531741,"toutes":0.0070861979960321316,"donn\u00e9e":0.0071967260111662689,"coupons":0.0074287541282341968,"z\u00e9ro":0.0074048519693713155,"Ange":0.0071520981376914884,"permettent":0.0074048519693713155,"demandais":0.0073811107690277961,"Clara":0.0072192535953435237,"augmentent":0.0075260169842978151,"d\u00e9croitre":0.0075260169842978151}