{"'":0.0011472776385699555,"que":0.0019195123971079368,"le":0.0016227091287911771,"les":0.0019104936914562977,".":0.0031353316596499955,"j":0.0056788016239441783,"une":0.0025491282719444321,"r\u00e9ponse":0.0036591841645911569,",":0.0020668873644196766,"la":0.0026899766347473061,"premier":0.0052537876368055235,"Merci":0.0016615249983421819,"de":0.0013859508574138228,"bien":0.0069974067304740019,"pour":0.0014871813431234907,"d":0.0015141586152457814,"vous":0.0037857013118516294,"105":0,"est":0.001774508417898453,"5":0.012428427776863859,"m":0.0034173052198644234,"\u00e9clairer":0.0049951052126547251,"?":0.00065269333037314495,"(":0.017068173756396725,")":0.016683120169782375,"Bonjour":0.00078153998946771841,":":0.003011799304317673,"-":0.0072855750168269538,"rentabilit\u00e9":0.0097235678593946551,"1":0.0029443283928128495,"\/":0.012580870456974506,"respectivement":0.0055228582629314833,"utiliser":0.0047861858850335734,"mais":0.0036331084778073721,"\u00e0":0.0015219173527026141,"sont":0.0042002196525631882,"avance":0.0029913762177893508,"m\u00eame":0.0040643734225470577,"1+r":0,"%":0.0093699661547946827,"calcul":0.0033856175255294134,"t0":0.010695510857871312,"t1":0.010934489445328278,"diff\u00e9rente":0.0055585070329202775,"01":0,"100":0,"diff\u00e9rents":0.0054017499017281921,"69=137083":0,"formule":0.0038493087724931134,"donc":0.0044239102734756905,"Pour":0.0089516525428674758,"=":0.0081748234580644851,"obtiens":0.010247960217585537,"98":0.078826391535989762,"1+7":0,"solution":0.0050835370294734098,"1+3":0,"1+TAP":0,"1+6":0,"1\u00b0":0,"1=1":0,"09":0,"9":0.0089268252898212479,"autres":0.0050835370294734098,"\u00e9galement":0.0053681447487560043,"1mais":0,"1+TEG":0,"Pouvez":0.0045432957516033197,"ceux":0.0054702724252994319,"1+TRI":0,"r\u00e9sultats":0.0053185263172699617,"1er":0,"P":0.016394672518493855,"1+2":0,"1\u00e8re":0,"9+":0,"1+TAE":0,"1min45":0,"05":0,"trimestres":0.0055946441573944145,"1+n":0,"1+0":0,"1+5":0,"1=5":0,"1+TAEG":0,"1=9":0,"1+r2":0,"1+2r+r":0,"1+1":0,"=4":0.0056129000699336002,"1x":0,"1\u00e8res":0,"1+taux":0,"1X4X":0,"1X08":0,"1=r":0,"1+rn":0,"5i\u00e8me":0,"1+4":0,"91":0,"5eme":0,"0005+1":0,"1+i":0,"1+R":0,"1+":0,"1\u20ac":0,"1+x":0,"5e":0,"59":0.013589862337045976,"1+9":0,"1=":0,"9=":0,"1\u2212":0,"9=850":0,"1+F3":0,"1+tri":0,"1+A2":0,"1+12":0,"1+41":0,"5=>":0,"5^2x18":0,"5x0":0,"1x4":0,"5^2":0,"1+11":0,"59+492":0,"1USD":0,"1^3":0,"5\u00e8me":0,"effective":0.0055946441573944145,"1=16":0,"1+15":0,"1+TMEG":0,"Mathieu":0.0056129000699336002,"historique":0.0056312832024016119,"+D":0.0056312832024016119,"trimestre":0.0055946441573944145,"69":0.014477465610648225,"Ces":0.0056129000699336002,"entra\u00eenant":0.0056312832024016119,"1\u00b2=4":0,"5+5":0,"1M":0,"1EUR":0,"5xtaux":0,"1+g":0,"1ere":0,"1+rd":0,"5ans":0,"5min08s":0,"1an":0}