{"J":0.0054500652829729181,"'":0.00095164465252096236,"ai":0.0039516551081097686,"questions":0.0074478949939889494,"que":0.0092558369001241106,"le":0.0013429044799240712,"au":0.025483102439223294,"l":0.0025208121499239785,"du":0.0032149572460653921,",":0.00050534165180475142,"la":0.0011283206835925909,"et":0.0026975528198388454,"Merci":0.0027310881149609622,"de":0.0011469705706050441,"pour":0.002444515306750611,"2\u00e8me":0,"\"":0.034011201381606286,"?":0.0021215840821587396,"Bonjour":0.0012846358488326653,":":0.0049505660720583983,"-":0.007988033651178025,"taux":0.0053999364929162453,"2":0.006921663147256436,"obligation":0.0082584862205760008,"acheter":0.008963183258069711,"ce":0.0039964961700423253,"il":0.0037511568454355122,"Est":0.0068340623487525088,"\u00e0":0.0025016117109680435,"m\u00eame":0.0066807071576755559,"soit":0.0082344634885167765,"chose":0.0084054864691385511,"=":0.0067652340457350808,"2e":0,"02":0,"2\u00b0":0,"concept":0.0089349350015125294,"coupon":0.008991616750419297,"TRA":0.0088789846504392991,"pair":0.044001517121645836,"2X3":0,"2min54":0,"Faut":0.0091366500712793345,"2i\u00e8meann\u00e9e":0,"2eme":0,"propos":0.0090490492727754081,"signifient":0.0092260571985100046,"ET":0.0092260571985100046,"2\u20ac":0,"2^2x4":0,"2x0":0,"+2x0":0,"02+":0,"2=":0,"achet\u00e9e":0.0092562739901016055,"revendue":0.0092562739901016055,"cote":0.0092260571985100046,"2x":0,"2M":0}