{"'":0.0016319359810967949,"ai":0.0045839897024608839,"les":0.0036428311411089067,"au":0.0061780376509218762,"sur":0.0055134917738433693,"l":0.0029241866056011119,",":0.00058620523925369023,"et":0.0031292089035322001,"des":0.0048824637223238432,"vous":0.0036342549355555414,"m":0.0065159418894008437,"\u00e9clairer":0.0095244097916406551,"?":0.0024567152344377569,"Bonjour":0.0014902002683320856,"pas":0.002489625575645471,"n":0.0050160098853810689,"par":0.011570560994391226,"surtout":0.010203967635358573,"compris":0.0084130773586878847,"li\u00e9es":0.010633009632243817,"actualisation":0.0095799898415587902,"Je":0.0045018663543315201,"int\u00e9r\u00eats":0.0098379922059727322,"annuit\u00e9":0.010463635268232846,"constantes":0.010397450848364886,"l\u00e0":0.010141092524932567,"remboursement":0.020142866947149677,"amortissement":0.0101099472654319,"constant":0.010332125990739117,"Pouvez":0.0086629227414996464,"dessus":0.010530702173008284,"\u00e9conomies":0.010564573973320021,"celles":0.010667579825633553,"r\u00e9alis\u00e9es":0.010737441272823662,"Abdellah":0.010737441272823662,"EL":0.010737441272823662,"EULJ":0.010737441272823662}