{"'":0.001419701729982186,"ai":0.0029894566843272504,"a":0.0018553035347971651,"que":0.0023868931913975065,"le":0.0015173261448197524,"les":0.0023756785271173749,".":0.0053720141275475572,"j":0.0053100053622513518,"sur":0.0018056332129650721,"l":0.0019070132704795387,"une":0.0015917978944362764,"r\u00e9ponse":0.0045501564781199356,",":0.0016702761393603948,"la":0.0029247675046846213,"et":0.0010247958568341325,"de":0.0025590749034790669,"bien":0.0021999305230136295,"pour":0.00092866732391742521,"Bien":0.0028523752576024432,"vous":0.0058496741514808184,"trouv\u00e9":0.003155790752597829,"2\u00e8me":0,"*":0.00266349400702247,"dans":0.0027613409374920798,"est":0.0011080881234413534,"fait":0.00266349400702247,"m":0.0021339291998346576,"\u00e9clairer":0.0031191831527279013,"question":0.0031202724153277378,"(":0.0013961861376981307,")":0.001364688539444514,"me":0.0021640631047782919,"-":0.0023327591232480986,"on":0.0015012272429461666,"taux":0.0020514269468275329,"utilis\u00e9":0.0031191831527279013,"serait":0.0031465623015703441,"4":0,"1":0.0036612409508955993,"\/":0.0059625021784119724,"2":0.010383066390019471,"ainsi":0.0031932304142104442,"je":0.0045139554858572859,"pas":0.0032194716693782046,"ce":0.0015182622882459549,"il":0.0014250582844071843,"\u00e0":0.0018924879946119555,"Dans":0.0022207823735949091,"n":0.0032711993817206787,"explications":0.0031465623015703441,"par":0.0019195746595737195,"suis":0.0027336013618191883,"aurais":0.00335212692203244,"pourquoi":0.0023861995859612698,"compris":0.0027552289048763637,"Bonsoir":0.0030833714336320323,"m\u00eame":0.0025379896050810422,"selon":0.0033314062186348657,"calcule":0.0030922516395047099,"1+r":0,"%":0.0078079645959462218,"toujours":0.0060530313320082858,"ne":0.0026682329052392147,"comprends":0.0041134933214434207,"exercice":0.0081515545456798469,"01":0,"\u00e7a":0.003231540843228067,"En":0.0027845145508695996,"base":0.0032608699420286513,"cet":0.003231540843228067,"Je":0.0014743323728666009,"raisonnement":0.0029720846344671622,"ci":0.003155790752597829,"45":0.0071243952357739667,"formule":0.0047865744000890964,"partie":0.0092234497496898344,"d\u00e9j\u00e0":0.0032218793832738432,"Pour":0.0028143302824892003,"derni\u00e8re":0.0032608699420286513,"2e":0,"car":0.013506049417537611,"02":0,"98":0.0084861615211257579,"1+7":0,"\u00e9t\u00e9":0.0030745388430330227,"8":0.0050904325382152794,"donn\u00e9":0.0032807168592199724,"1+3":0,"1+TAP":0,"1+6":0,"G":0.0035049638777833528,"15":0.0052474345384103237,"1\u00b0":0,"2\u00b0":0,"1=1":0,"nombre":0.0032807168592199724,"avais":0.0032807168592199724,"Ensuite":0.0034050985023765536,"l\u00e0":0.0033211427947784328,"premi\u00e8re":0.0063027388326716994,"1mais":0,"rendement":0.0032608699420286513,"avez":0.0030657533598077973,"1+TEG":0,"04":0.003310942921941474,"revanche":0.0034709982579505939,"Pouvez":0.0028370516661709575,"svp":0.0031650711951729704,"malgr\u00e9":0.0034709982579505939,"1+TRI":0,"1er":0,"permets":0.0033625858409778212,"1+2":0,"1\u00e8re":0,"vers":0.0033314062186348657,"quant":0.0034709982579505939,"1+TAE":0,"1min45":0,"1+n":0,"1+0":0,"97":0.013800744566407777,"1+5":0,"1=5":0,"1+TAEG":0,"1=9":0,"1+r2":0,"1+2r+r":0,"1+1":0,"=8":0.0034822424941015951,"32":0.0090404235555494247,"Jusque":0.0035049638777833528,"=4":0.0035049638777833528,"venir":0.0034598302544950753,"1x":0,"1\u00e8res":0,"1+taux":0,"1X4X":0,"1X08":0,"2X3":0,"1=r":0,"2min54":0,"1+rn":0,"08":0,"2i\u00e8meann\u00e9e":0,"1+4":0,"actionnaires":0.0034050985023765536,"2eme":0,"exig\u00e9":0.0034487374570203524,"1+i":0,"replacer":0.0035049638777833528,"1+R":0,"1+":0,"1\u20ac":0,"97\u20ac":0,"1+x":0,"1+9":0,"1=":0,"1\u2212":0,"1+F3":0,"1+tri":0,"1+A2":0,"1+12":0,"1+41":0,"2\u20ac":0,"2^2x4":0,"2x0":0,"1x4":0,"+2x0":0,"15x4":0,"1+11":0,"02+":0,"045":0,"1USD":0,"1^3":0,"15ans":0,"2=":0,"1=16":0,"1+15":0,"1+TMEG":0,"15\u20ac":0,"D1":0.0035164431869565247,"1\u00b2=4":0,"45=4":0,"n\u00b04":0.0035164431869565247,"236=2":0.011691609105305614,"P0=D1":0.0035049638777833528,"RCP":0.0035164431869565247,"Mostapha":0.0035164431869565247,"08+0":0,"2x":0,"2M":0,"1M":0,"1EUR":0,"1+g":0,"45=2788":0,"8min25":0,"1ere":0,"15h":0,"1+rd":0,"8+50":0,"1an":0}