{"'":0.0004501802998671784,"que":0.0029515739546723389,"le":0.0012562585720639645,".":0.00083116959354998736,",":0.0013887603120944923,"la":0.006017295992076923,"Merci":0.0025548748304687402,"de":0.0010729665681874501,"bien":0.0054172075767666928,"pour":0.002286792064928296,"d":0.0023282741693857771,"un":0.0036386816520632432,"est":0.0080158410646310393,"?":0.0029483579494156255,"Bonjour":0.0012017495072828637,":":0.0046311492422335433,"-":0.0056738556062581038,"rentabilit\u00e9":0.029185725507401387,"actif":0.0071391701691823567,"risque":0.0067313425829561586,"pas":0.0020077209569955771,"ce":0.010983015646089748,"il":0.0035091274269196168,"Est":0.012651637830515188,"\u00e0":0.0046311379300659188,"Dans":0.0054685541087488828,"par":0.0047268467259443878,"avance":0.0045997453032114053,"vid\u00e9o":0.0064093777644663027,"m\u00eame":0.0062496594208647878,"dit":0.0075492485583126987,"ne":0.0032994717888875204,"comprends":0.0050866456002509235,"esp\u00e9r\u00e9e":0.016593197808670124,"Je":0.0036304621520612842,"chose":0.0078631537738410185,"7":0.011795354447973312,"directement":0.0084382406816103182,"notion":0.0081530143317495498,"son":0.0079574910923028517,"COC":0.0078399083127291859,"li\u00e9e":0.0085196411763505675,"exig\u00e9e":0.0085748300802448735,"007=>":0,"+7":0,"7e":0,"syst\u00e9matique":0.0085748300802448735,"Clara":0.0083061012492633909,"exiger":0.0086307802343737541}