{"'":0.00048122986374688322,"que":0.0031551481316816634,"le":0.0039394996113853728,"du":0.012438815024005625,",":0.0019551897115949726,"la":0.0022312836874032018,"Merci":0.0027310881149609622,"de":0.0011469705706050441,"d":0.0024888584898750108,"dans":0.0072182021510733578,"est":0.0029168016459915876,"?":0.0031472695986932697,"capital":0.025488748479026966,"+":0.0077370749324787687,"Bonjour":0.0012846358488326653,"-":0.0040828020020738003,"taux":0.010678515766717786,"sans":0.014155271833277311,"risque":0.02110880839291689,"trouver":0.006921663147256436,"Par":0.0085835328554327382,"ailleurs":0.0089349350015125294,"cas":0.0071768009713791183,"il":0.0074180108543798326,"Est":0.0068340623487525088,"utiliser":0.0078671674513783683,"Dans":0.005845727921506387,"vid\u00e9o":0.0068514414984539324,"co\u00fbt":0.0084304784233154208,"6":0.012292252807310174,"Marie":0.0086886553868972573,"prime":0.0084304784233154208,"Comment":0.0074880442812612202,"diff\u00e9rent":0.0089068695828481374,"quel":0.0081868136458620715,"=":0.0067652340457350808,"r\u00e9alit\u00e9":0.008963183258069711,"06":0,"beaucoup":0.0081396817465347465,"opportunit\u00e9":0.0089349350015125294,"cout":0.017952088114575295,"expliqu\u00e9":0.0090780533410907954,"6min15":0,"06^":0,"06=":0,"Ange":0.0087963899237392621,"Clara":0.0088789846504392991}