{"'":0.0020438247963899285,"que":0.0034746893683960029,"le":0.0014789086674914713,"au":0.0058651913072449496,"l":0.005483667581688367,",":0.0010992987453516266,"la":0.0024545008459086262,"Merci":0.0030076821883318768,"de":0.0060182536507529848,"pour":0.0026920863911135797,"d":0.0054141569480887558,"un":0.0084613718639495305,"dans":0.0040197869065111804,"non":0.0081583792801368012,"Bonjour":0.0014147388141234824,"int\u00e9r\u00eat":0.0085679359859485923,"actif":0.0084044645558547914,"risque":0.023195451897232662,"calculer":0.0070192499777913323,"o\u00f9":0.0077211244376197514,"permet":0.0095979950541524878,"ne":0.0076725749680678175,"comprends":0.0059881655209795617,"effet":0.0092021870224813142,"Je":0.0042738987522783611,"portefeuille":0.019559980811234737,"ces":0.008136624186797942,"titres":0.0099022530237656697,"chaque":0.0087866872733031245,"beaucoup":0.0089640373276980816,"chacun":0.010029600163381454,"mesure":0.010061974760122605,"\u2026":0.010160436696450665,"Clara":0.0097782139790023332,"contribution":0.010193713728180523,"diversifi\u00e9":0.010160436696450665,"annuler":0.010160436696450665,"laisser":0.010193713728180523,"diversifiable":0.010160436696450665}