{"'":0.0013509575724858691,"ai":0.0018993500074126345,"que":0.0030164488786740386,"le":0.0012838708496625384,"mes":0.0079651194921112334,"en":0.0018070797602359712,"au":0.0025598346898062503,".":0.0024942780853752402,"j":0.0022588485348016244,"du":0.0015452586073652823,"apr\u00e8s":0.0073361407530125869,"avoir":0.0032599088776166713,"une":0.0020139398327621307,",":0.0016464351459907968,"la":0.0021342400806482927,"et":0.0012965698746942775,"Merci":0.0013126885037993477,"de":0.0016359177876515512,"pour":0.0011749482277612013,"d":0.0023794491059157992,"vous":0.0015058328196246038,"trouv\u00e9":0.0039927007836443526,"!":0.0029611192466924593,"m":0.0026998433851825165,"question":0.0019824637253494375,"?":0.0010256855165345347,"Bonjour":0.00061745598799739217,":":0.0047329408489303112,"-":0.0009923435416946502,"1":0.0069027839291927245,"\/":0.0075266883159224975,"savoir":0.0035606856110718399,"trouver":0.0033268745855550724,"ainsi":0.0040400693761712854,"je":0.0028768572761333844,"pas":0.0030611078886998971,"ce":0.0019209027160837946,"o\u00f9":0.0033698478266711331,"qui":0.002583518221427068,"mais":0.0057093072232796563,"\u00e0":0.0023916416996895363,"n":0.0041339954977764482,"trouve":0.0036983667788312241,"explications":0.0039810249640042416,"suis":0.0034585475258529191,"avance":0.0023633380030687709,"bonne":0.0039236073283492644,"aux":0.0039010759915545407,"1+r":0,"aussi":0.0040400693761712854,"actualisation":0.0039694141910505132,"ne":0.0016952606187318696,"01":0,"Je":0.0055352494551491023,"VAN":0.0065669364596478716,"se":0.00365809251389682,"VA":0.0037187995734235648,"va":0.0041889990292148307,"expliquer":0.0035606856110718399,"erreur":0.003878785636242985,"suppose":0.0042810575177696037,"bon":0.004201903889980923,"mon":0.0071396357721141245,"CF":0.0035417388591761018,"1+7":0,"arrive":0.0068973590789050462,"solution":0.0040162505071462927,"1+3":0,"1+TAP":0,"1+6":0,"1\u00b0":0,"1=1":0,"niveau":0.0041132041907991374,"tableau":0.0040763160002973853,"1mais":0,"toutes":0.0041889990292148307,"1+TEG":0,"bloqu\u00e9":0.0043081245002170396,"COC":0.0040281259145178551,"1+TRI":0,"1er":0,"additionn\u00e9":0.004420050902386348,"1+2":0,"1\u00e8re":0,"pourriez":0.0041256467850989123,"correspondent":0.0043773710145475469,"1+TAE":0,"[":0.011988698909227023,"]":0.011988698909227023,"1min45":0,"CMPC":0.004150757069029328,"https":0.0040763160002973853,"edxuploads":0.0041256467850989123,"s3":0.0041256467850989123,"amazonaws":0.0041256467850989123,"com":0.0040763160002973853,"png":0.0041889990292148307,"1+n":0,"1+0":0,"1+5":0,"1=5":0,"1+TAEG":0,"1=9":0,"1+r2":0,"1+2r+r":0,"1+1":0,"imp\u00f4t":0.0043493957172655766,"1x":0,"1\u00e8res":0,"1+taux":0,"1X4X":0,"1X08":0,"1=r":0,"1+rn":0,"copie":0.004434473993546858,"facteur":0.0043081245002170396,"1+4":0,"actuellement":0.004420050902386348,"actualis\u00e9":0.0043493957172655766,"mets":0.004448997594864116,"1+i":0,"1+R":0,"1+":0,"1\u20ac":0,"1+x":0,"1+9":0,"1=":0,"1\u2212":0,"1+F3":0,"1+tri":0,"1+A2":0,"1+12":0,"1+41":0,"1x4":0,"1+11":0,"1USD":0,"1^3":0,"madame":0.004448997594864116,"1=16":0,"1+15":0,"1+TMEG":0,"1\u00b2=4":0,"image":0.004448997594864116,"1586430697584674277775":0.014792202809514401,"1M":0,"1EUR":0,"1+g":0,"1ere":0,"1+rd":0,"1an":0}