{"'":0.0010737008417484185,".":0.0010038979101257739,"l":0.0028482250513269598,",":0.00057097739400877034,"la":0.0049120749409182008,"Merci":0.0030858124777951921,"de":0.0025590749034790669,"bien":0.0065429767970771237,"pour":0.0027620184769615898,"vous":0.0035398479462736255,"un":0.0043948490590441716,"est":0.0032956472056497712,"!":0.00696087357605122,"?":0.0012121931508997737,"Bonjour":0.0014514893569472105,"-":0.0023327591232480986,"pas":0.0024249526071268169,"il":0.0083694312549831597,"qui":0.0060732250958369744,"tr\u00e8s":0.0090405220263400261,"possible":0.0088394977017861084,"peu":0.0091180848162900723,"ne":0.0039851467848287256,"comprends":0.0061437195576804476,"s":0.0074920011459671809,"Je":0.0043849214354421068,"formule":0.0071490017019891303,"partie":0.0092234497496898344,"obtenir":0.0090405220263400261,"expliquer":0.0083703087643028553,"derni\u00e8re":0.0096983955383065108,"beaucoup":0.0091968953184425935,"logique":0.010095439163943074,"Serait":0.010095439163943074,"variance":0.010257146270957546,"pla\u00eet":0.01022437504126922,"Eug\u00e9nie":0.0104243734459008,"derri\u00e8re":0.010390468254728133}