{"'":0.0010737008417484185,"a":0.0055179960697503425,"au":0.0060175508538654401,",":0.0016702761393603948,"la":0.0060669467683156127,"et":0.0060186720557417759,"de":0.0049932660809699275,"d":0.0028121211254410906,"vous":0.0035398479462736255,"est":0.0032956472056497712,"m":0.0063466773586999398,"?":0.0012121931508997737,"(":0.015999571538006515,")":0.022907649672092405,"Bonjour":0.0014514893569472105,":":0.0055935648775380861,"-":0.0023327591232480986,"taux":0.0061013012790986929,"valeur":0.021274467037378033,"ou":0.0068776919417364944,"\u00e0":0.0028265307845675674,"co\u00fbt":0.018809746570958259,"expliquer":0.0083703087643028553,"entre":0.008790504487794391,"diff\u00e9rence":0.0092234497496898344,"Pourriez":0.0083479885408626643,"Le":0.0090405220263400261,"\u00e9gale":0.010063728499378756,"cout":0.010257146270957546,"dette":0.037710073223820265,"propres":0.019687191842542549,"b":0.010356796090765251,"Vd":0.010356796090765251,"Vcp":0.010390468254728133,"capitaux":0.019748617542861342,"rcp":0.010290138183989581,"endettement":0.01032335377271601,"rd":0.010356796090765251}