{"'":0.0016755001532082865,"le":0.0023845666875172136,"l":0.0087767228544828463,"du":0.0057087306397198652,",":0.0017594502727427074,"Merci":0.0048495345997939575,"de":0.0020366510463812279,"vous":0.0055630778658750666,"2\u00e8me":0,"dire":0.013404551210565009,"?":0.0019050323599449377,"me":0.010115022822085706,"-":0.0036660672554087431,"2":0.012290648821200199,"obligation":0.014664416885420561,"prix":0.013551212895590165,"\u00e0":0.0044420582701568002,"Dans":0.01038013371338334,"Bonsoir":0.014411951458943421,"calcul":0.0098816866120616503,"exposant":0.015717024354609803,"2e":0,"02":0,"2\u00b0":0,"correspond":0.01533436147519881,"revente":0.016017043049952613,"pourriez":0.01524159522457747,"quoi":0.01533436147519881,"2X3":0,"2min54":0,"2i\u00e8meann\u00e9e":0,"2eme":0,"2\u20ac":0,"2^2x4":0,"2x0":0,"+2x0":0,"02+":0,"2=":0,"2x":0,"2M":0}