{"le":0.0021243712810337582,".":0.0014055329479703569,",":0.0015707676229681606,"vous":0.0049560546636355082,"*":0.011090972264290904,"?":0.0016971620278402367,"Bonjour":0.0020321948021208782,"-":0.0032660390806002002,"on":0.0062512135075261585,"1":0.0076559727413133723,"risque":0.011382904112278219,"je":0.0047602241133967325,"pas":0.0033951169259395513,"merci":0.010648279114943702,"par":0.0079932409280574612,"pourquoi":0.0099362992201902905,"cette":0.010009142698566819,"1+r":0,"%":0.0082339450317180825,"ne":0.005579506692939675,"comprends":0.0086016717181210886,"01":0,"partie":0.012913526750457939,"18+1":0,"18":0.024104007053365659,"1+7":0,"1+3":0,"1+TAP":0,"1+6":0,"d\u00e9tailler":0.014134377834669032,"1\u00b0":0,"1=1":0,"1mais":0,"pouvez":0.01302628594307405,"1+TEG":0,"1+TRI":0,"1er":0,"1+2":0,"1\u00e8re":0,"1+TAE":0,"1min45":0,"1+n":0,"1+0":0,"1+5":0,"1=5":0,"1+TAEG":0,"1=9":0,"1+r2":0,"1+2r+r":0,"1+1":0,"1x":0,"1\u00e8res":0,"1+taux":0,"mesure":0.014453475512553429,"1X4X":0,"18X3XX":0,"1X08":0,"1=r":0,"1+rn":0,"1+4":0,"1+i":0,"1+R":0,"1+":0,"1\u20ac":0,"1+x":0,"1+9":0,"1=":0,"1\u2212":0,"1+F3":0,"1+tri":0,"1+A2":0,"1+12":0,"1+41":0,"1x4":0,"1+11":0,"1USD":0,"1^3":0,"6667":0.04114888399257495,"1=16":0,"1+15":0,"1+TMEG":0,"Camille":0.014500297285365791,"1\u00b2=4":0,"1M":0,"1EUR":0,"1+g":0,"1ere":0,"1+rd":0,"1an":0}