{"'":0.00051688001794020645,"le":0.0014423886461880724,"les":0.009878862953991702,"sur":0.010087058514339751,"du":0.0034531255938374606,",":0.0015897089371362636,"la":0.0012119081942187999,"Merci":0.0029334107880715447,"de":0.0036081517528018942,"des":0.0089325783516841038,"\"":0.012704101834047042,"?":0.0044478222804453594,"Bonjour":0.0013798033966996523,"-":0.0043816581073426088,"on":0.0083865133484404084,"taux":0.022387111945601744,"comment":0.0059634023858139802,"il":0.0040290475791939949,"cela":0.008219370494473752,"auquel":0.009813505371396098,"votre":0.0069134158360870321,"Ou":0.0095069924442140168,"parle":0.018383464060486677,"Marie":0.0093323226395149346,"se":0.0081745882690147636,"Et":0.0090820185863758479,"aide":0.0086430547730251776,"march\u00e9s":0.009813505371396098,"financiers":0.0097505677167890673,"directeurs":0.0099095358986105893,"coupon":0.0096577277874689837,"investisseurs":0.0098452960447599769,"courbe":0.0098773052124385662,"Lorsqu":0.0098773052124385662,"Ange":0.0094480382954430647,"Clara":0.0095367517503522885,"Etats":0.0099419911906790323,"empruntent":0.0099419911906790323,"traduit":0.0099095358986105893,"Via":0.0099419911906790323}