{"'":0.0012389756164572178,"ai":0.0020835337129170377,"a":0.0051190646765779209,"questions":0.0039269470350272676,"que":0.00166357066134511,"en":0.0019823158384118253,"les":0.0032916790911015348,".":0.00093131967940088744,"j":0.0049261109538213353,"du":0.0016951053734464952,"une":0.0043920125310119166,"autre":0.0042187247307182612,",":0.00078983564237785774,"et":0.0014223008052939954,"de":0.0017926846801307251,"bien":0.0030532548835036527,"pour":0.0025623344132083316,"d":0.0013122654757223634,"des":0.0022191973428943241,"vous":0.0032839295920422925,"\"":0.012401507451691692,"un":0.0040771171803430841,"dire":0.003980241531729105,"question":0.0021747071315346544,"?":0.00056566525795839339,"(":0.0019377485327887831,")":0.0018940334269340992,"me":0.0030034749614833451,"Bonjour":0.00067733190945020686,"-":0.0010885730464880634,"comment":0.0029273755481865455,"quiz":0.0037253865916344526,"je":0.0015865859339729495,"ou":0.0032094484146300947,"pas":0.0011315947801132933,"il":0.005862958982489317,"mais":0.0031486812391890362,"qu":0.0030105203611424901,"\u00e0":0.0013189896875699725,"derni\u00e8res":0.0048173532167745938,"Dans":0.0030821948949955455,"surtout":0.0046379490255771027,"avance":0.002592515536996574,"y":0.010415652274557256,"encore":0.0044187412062117104,"votre":0.0033937278022945949,"ne":0.0018596533748511416,"s":0.0034961134351504902,"Je":0.0020462066734707463,"ces":0.0077444588071156036,"Catherine":0.0047864577414675575,"refaire":0.0048018532904210848,"ignore":0.0048486719309184185,"pouvoir":0.0045394500220688203,"chaque":0.0042067861637453971,"car":0.0038138968855325112,"sous":0.0046379490255771027,"pr\u00e9sentation":0.0048486719309184185,"aide":0.0042427905358825404,"SVP":0.0046668890370689959,"avait":0.0047408835337579636,"moyen":0.0046379490255771027,"remercie":0.0042427905358825404,"not\u00e9":0.0048329589454920094,"retrouver":0.0047109977437475997,"transformer":0.0048644936575933957,"pourriez":0.0045257188673987819,"proc\u00e9der":0.0047559742181198499,"format":0.0048486719309184185,"parviens":0.0045952145032159405,"possibilit\u00e9":0.0047559742181198499,"objectif":0.0048486719309184185,"r\u00e9solutions":0.0048173532167745938,"ult\u00e9rieurement":0.0048804256410926849,"enti\u00e8rement":0.0048804256410926849,"ma\u00eetriser":0.0048804256410926849,"regrouper":0.0048804256410926849,"pdf":0.0048644936575933957,"bookmarker":0.0048804256410926849,"pages":0.0048804256410926849,"favories":0.0048804256410926849,"imprimable":0.0048804256410926849}