{"'":0.0020801219741065427,"a":0.0093050307478911229,"que":0.0020332653246065424,"le":0.0033872544572728105,"en":0.0024228451188253804,"les":0.0020237121581347137,"au":0.0034321025112843268,".":0.00057257190210574017,"l":0.0032252471965608185,"du":0.0041133695127770625,"avoir":0.0043707281138037381,"une":0.002700193096500934,"r\u00e9ponse":0.0038760324181402986,",":0.00096284269514580029,"la":0.0014436272538944789,"et":0.0017383781619627339,"Merci":0.0017599892400726876,"de":0.0014674888081181461,"d":0.0031843641611089706,"vous":0.0020189477947105765,"exemple":0.0046008414854670438,"000":0.0052303739615071464,"euros":0.0054982017662323938,"dans":0.0092068167667598046,"est":0.0018796682114538355,"comme":0.0044719411348470989,"fait":0.0045181289380211553,"?":0.00069137282897946981,"me":0.0036709360380100978,"Bonjour":0.0008278551171496904,"projet":0.0095805607040529966,"cours":0.012477627453784194,"je":0.0019391723111101776,"ou":0.0039226828918131869,"pas":0.0027459457932528381,"mais":0.0038484114505275592,"qu":0.0073053763294609617,"\u00e0":0.0016121082545908687,"n":0.0027865579811859045,"pourquoi":0.0080364062974450784,"elle":0.0051562502924244824,"cette":0.0040774240700951914,"demande":0.0056337094541329298,"\u00e7a":0.0054817161817112504,"Je":0.0025009343893950004,"d\u00e9j\u00e0":0.0054653272873913753,"\u00e9t\u00e9":0.015419945002765048,"frais":0.0055147851886230299,"propos\u00e9e":0.0058128925251704202,"beaucoup":0.0052454376016066347,"entreprendre":0.0059261904147540631,"niveau":0.0055147851886230299,"20":0.009668168457932268,"avez":0.0052004881314780199,"sens":0.0057761249095501389,"sais":0.0054982017662323938,"d\u00e9cision":0.0057944482438720257,"propos\u00e9":0.0058128925251704202,"\u00e9tudes":0.0059069855386667848,"pris":0.0056164072411347792,"consid\u00e9ration":0.0058689672859261735,"20\u00e8me":0,"d\u00e9pense":0.0059069855386667848,"r\u00e9alisation":0.0059261904147540631,"gard\u00e9":0.0059455281976154304,"pr\u00e9alables":0.005965000739632441,"d\u00e9caiss\u00e9e":0.005965000739632441,"ind\u00e9pendante":0.0059455281976154304}