{"'":0.00096258693042001033,"le":0.0039843011773080866,"en":0.0019127592820459903,"les":0.0047379803552796843,".":0.00089882880190686888,"sur":0.0024180824042250356,"l":0.0038032887487319976,"avoir":0.0034505510500937621,"une":0.0021317167030274809,",":0.00076243690694390519,"pu":0.0044476347113625199,"la":0.00057403915349352533,"et":0.0013723943553652774,"premier":0.0043934967819390094,"de":0.0017304979533839674,"pour":0.0012436601737381289,"d":0.0012662200041782575,"des":0.008419025310453996,"un":0.0096707563962852988,"dans":0.0036925641458560501,"?":0.0016186644275034358,"\u00e9gal":0.0044613793658450267,")":0.0018275745709503497,"Bonjour":0.00065356532582859918,":":0.0050081359534218037,"-":0.0020886098743085478,"on":0.00790435475258589,"taux":0.016021223882827146,"sans":0.0036417064788843707,"risque":0.0036608062510802069,"calculer":0.0032426751517733977,"valeur":0.0065114357014953534,"temps":0.0039912936212002969,"ou":0.0030968335753447916,"pas":0.0010918887783848831,"cas":0.0036512356941685964,"peut":0.0035577467084037932,"\u00e0":0.0050038846700296352,"merci":0.0034245467029090926,"par":0.0025706714268338296,"plus":0.012718025649320692,"cette":0.006400778973455582,"avec":0.005941736547673211,"encore":0.0042636940558937542,"moins":0.0044069072178150063,"calcule":0.0082343376920696858,"emprunt":0.0087628663898688224,"deux":0.018819847225952938,"flux":0.0038510110184003612,"ces":0.0037588672797417883,"3000":0.00864644484926449,"Pourquoi":0.004013689853240133,"ans":0.0040939172366135489,"Ne":0.004618507957060947,"montant":0.0041893271293857457,"d\u00e9j\u00e0":0.004314702337822246,"Pour":0.0037689174561591596,"\u00e9valuer":0.0046333632987741249,"entre":0.0078704801924841996,"actuelle":0.0089263579684331247,"diff\u00e9rence":0.0041530631361969992,"prenant":0.004618507957060947,"grand":0.0044891282840245732,"frais":0.0043537477802718331,"Aurait":0.0046785391418203053,"somme":0.0044203996752153587,"\u00e9lev\u00e9":0.013652801255700899,"choisir":0.0088711809360037166,"vraiment":0.0043537477802718331,"placement":0.0045890940558536058,"Un":0.0044476347113625199,"mensualit\u00e9s":0.013652801255700899,"emprunts":0.0045745328814805301,"comparer":0.0045031347431921647,"avantage":0.0046333632987741249,"rapport":0.0043801673763815977,"avantageux":0.0093029899140626444,"choisi":0.0046785391418203053,"payer":0.0045314173088947061,"venir":0.0046333632987741249,"Puis":0.0045600671909046455,"Euros":0.0046785391418203053,"conserver":0.0047091786608607659,"engag\u00e9":0.0047091786608607659,"vingt":0.0047091786608607659}