{"'":0.00073455175904179346,"a":0.0049986048466227053,"que":0.0063845418151713901,"le":0.0020498163606741046,"les":0.0032142205847858264,".":0.0030934822819789183,"sur":0.002446699428111032,"l":0.0012976541888674691,"du":0.0016549835883298135,"une":0.0021569447050600525,",":0.0019996864752349457,"la":0.001154871827397405,"et":0.0041175586101260689,"Merci":0.001405899258559243,"de":0.0023209311459160774,"pour":0.0012583783871603601,"d":0.0012812052040379407,"des":0.0085169560638739625,"vous":0.00161275827319046,"un":0.0059371767465274238,"est":0.0044522211550986606,"fait":0.0036091323625232286,"?":0.0016376000383929474,"si":0.0033963888765642485,"Bonjour":0.00066130000621319508,"-":0.0010628073952553001,"risque":0.0073649366584199868,"je":0.003079947676729887,"ou":0.0031334833438728415,"ce":0.0020573012534887292,"il":0.0038394274109634354,"\u00e0":0.0025604785324732865,"Dans":0.0030092418130208765,"plus":0.0097051474698195833,"vid\u00e9o":0.0035269592621240257,"co\u00fbt":0.0043398099459739554,"cette":0.0032570923426450548,"y":0.0068208119765865421,"avec":0.0030235045908783677,"moins":0.00445906117621412,"actifs":0.0044185987303614624,"investissement":0.0041188708987596242,"Mais":0.0043269446818857216,"se":0.0039178445900481355,"Comment":0.0038546672461479349,"Or":0.0045141779800087958,"donc":0.011099539855185908,"Il":0.0043398099459739554,"va":0.004486449460197859,"verser":0.0047185666821399543,"suppose":0.0045850447936898802,"suppl\u00e9mentaire":0.0047033303285091838,"grand":0.0045422552953732227,"implique":0.004673166124331816,"entreprise":0.0086288607167677774,"l\u00e0":0.004500270663118696,"march\u00e9s":0.0047033303285091838,"autant":0.0046140337354259797,"autres":0.0043014344940498156,"rendement":0.0087855167581582412,"ca":0.0046434041215411863,"dette":0.0088659683940291271,"avant":0.0042887879041856132,"L":0.0045141779800087958,"propres":0.0045422552953732227,"vers":0.0045141779800087958,"dividendes":0.0092619875021565344,"CMPC":0.0044454920332720966,"devra":0.0047339077537994108,"payer":0.0045850447936898802,"endett\u00e9e":0.0047339077537994108,"Jusque":0.0047493549928892664,"charges":0.004673166124331816,"augmentation":0.004673166124331816,"Non":0.0047493549928892664,"etc":0.0092916740813927638,"expliquez":0.0047185666821399543,"liquidit\u00e9s":0.0047339077537994108,"tourner":0.0047493549928892664,"suppl\u00e9m\u00e9ntaite":0.0047649098791128029,"\u00e9lev\u00e9s":0.0047649098791128029,"qualifierais":0.0047649098791128029,"liquidit\u00e9":0.0047649098791128029,"arbitr\u00e9":0.0047649098791128029}