{"'":0.0019282103912244531,"que":0.0058911575839721937,"tout":0.0029887239092780912,"en":0.0028442291559042186,"les":0.0092644359133361841,".":0.0013328181635794303,"sur":0.0071297992512936136,"l":0.0056243353356944404,"du":0.0012213569430175287,",":0.00057097739400877034,"la":0.0037293722150567336,"et":0.0030479214879118974,"de":0.0037910145933713222,"bien":0.0065429767970771237,"pour":0.0036669748558149618,"afin":0.0031837904216133789,"d":0.0046470900750532783,"des":0.0047556320309658151,"exemple":0.0027122540971947031,"\"":0.013355872979649793,"un":0.0086784240754815625,"b\u00e9n\u00e9fice":0.0034050985023765536,"dans":0.0013866734594813175,"est":0.0043754433714176099,"non":0.0028143302824892003,"fait":0.005303927170501278,"question":0.0015669194940543453,"?":0.00081161719439034165,"(":0.0027802839320418566,")":0.0027175614454350073,"Bonjour":0.00048803103529330072,":":0.0074262579817590052,"-":0.0038549341531068839,"on":0.0015012272429461666,"taux":0.0081003507271315434,"rentabilit\u00e9":0.012071055972891851,"projet":0.0028446956436928837,"1":0,"\/":0.0020047588341874324,"actif":0.0057733388797778741,"fonds":0.0032412593032757255,"actions":0.0033837050302540617,"pas":0.00081533641685278325,"ce":0.0030233792835063916,"il":0.0042383717084782564,"Est":0.005170019349021557,"\u00eatre":0.0028068256034494555,"qui":0.0020419869542304672,"\u00e0":0.0028265307845675674,"dont":0.0032510354399817145,"sont":0.0052229283364786357,"par":0.0057091495965258055,"aux":0.0061400466757087196,"parle":0.0032907307149825922,"dit":0.0030657533598077973,"ils":0.0032122742586832491,"calcul":0.0021141418844307395,"lequel":0.0034050985023765536,"soit":0.0031282590665965399,"ne":0.001339917032038193,"comprends":0.0020656891502067931,"01":0.0020372871673047491,"Je":0.0014743323728666009,"actifs":0.0096983955383065108,"VAN":0.0026094801778615154,"faire":0.0027552289048763637,"ces":0.0055893493815804256,"45":0.0071243952357739667,"partie":0.0031011799768095542,"obtenir":0.0030396745956071617,"doit":0.0030055329755391737,"A":0.0060530313320082858,"pouvoir":0.0032707635105079964,"diff\u00e9rent":0.0033837050302540617,"signifie":0.0034159003391157215,"Cordialement":0.0029071590209676754,"car":0.0027479881275033263,"CF":0.0055744727750988701,"ceci":0.0034050985023765536,"travaille":0.0034822424941015951,"gr\u00e2ce":0.0034709982579505939,"implique":0.0034487374570203524,"m\u00eames":0.0066339687314510704,"entreprise":0.018809746570958259,"seul":0.0034598302544950753,"ici":0.0031837904216133789,"Ceci":0.0034935640108324745,"uniquement":0.0034267734756233369,"11":0.0062624620683196927,"projets":0.0033008058179501438,"\u00e9gale":0.006738113545443754,"r\u00e9els":0.010356796090765251,"dette":0.0032907307149825922,"sera":0.0033417339903965416,"r\u00e9el":0.0033837050302540617,"exactement":0.0034050985023765536,"c\u00f4t\u00e9":0.0034487374570203524,"propres":0.0066752307359656407,"actualiser":0.0067593452448530779,"capitaux":0.0033625858409778212,"lesquels":0.0034822424941015951,"offerte":0.0034935640108324745,"structure":0.0034709982579505939,"exig\u00e9e":0.0034822424941015951,"soci\u00e9t\u00e9":0.0068022254124064027,"passif":0.0034935640108324745,"actionnaires":0.019998296311046659,"hausse":0.0035049638777833528,"045":0,"r\u00e9tribuer":0.0035049638777833528,"45=4":0,"exigent":0.0070024405963176137,"\u00e9mises":0.0035164431869565247,"active":0.0035164431869565247,"d\u00e9tenteurs":0.0035164431869565247,"parts":0.0035164431869565247,"43":0.011691609105305614,"45=2788":0}