{"'":0.00070964684575985048,"le":0.0019803175158641883,"les":0.0046308866044178134,",":0.00074520335550691834,"la":0.0032731985302426746,"pour":0.0036048107308645386,"d":0.0036702015189385997,"vous":0.00908846600168591,"dire":0.011132113726800006,"?":0.0031122738622224176,"me":0.0084002502311220171,"Bonjour":0.001894391530434261,"-":0.0030445687420808084,"rentabilit\u00e9":0.011866422273101827,"calculer":0.0093990548468603462,"ou":0.0089763258001177588,"vient":0.012619553998121568,"merci":0.0099262185632977111,"par":0.0074512187015877713,"calcul":0.0082064708806786381,"formule":0.0093304220320238086,"beaucoup":0.01200320244455075,"\u00e9galement":0.013011961106576972,"Pouvez":0.021664049497759286,"d\u00e9velopper":0.01347338432700684,"exig\u00e9e":0.013517031112129547,"actionnaires":0.013217581048549103,"Camille":0.013517031112129547,"implicite":0.01360522877517489}