{"'":0.0016981667251515095,"le":0.0016227091287911771,".":0.0010736217185060076,"l":0.0060097504924681968,"du":0.0019558987510058198,"r\u00e9ponse":0.0036591841645911569,",":0.001204761426149856,"la":0.0013634151206146257,"et":0.0016411229721801748,"Merci":0.0016615249983421819,"de":0.0013859508574138228,"pour":0.0014871813431234907,"vous":0.0019059958747934729,"2\u00e8me":0,"*":0.0084718815873262628,"dans":0.0022206390219976042,"dire":0.004592605015924206,"est":0.001774508417898453,"5":0.0042002196525631882,"?":0.00065269333037314495,"(":0.015031683838989923,")":0.014692572938335606,"me":0.0034655620929915907,"Bonjour":0.00078153998946771841,":":0.003011799304317673,"-":0.0024947764443980299,"1":0.0058480440627403695,"\/":0.0063766163579127922,"2":0.0042109649579851714,"prix":0.0046428535605945826,"cours":0.003984124836548913,"je":0.0018306835051272667,"temps":0.009479823877586023,"pas":0.0013056915822101584,"o\u00f9":0.0084718815873262628,"\u00e0":0.0015219173527026141,"Dans":0.0035563931540262953,"n":0.0026306613924975395,"vid\u00e9o":0.004168243881257176,"6":0.0074782959998270322,"m\u00eame":0.0040643734225470577,"1+r":0,"%":0.012409052521103626,"calcul":0.0033856175255294134,"exercice":0.0043891233671704138,"01":0,"s":0.0040339934073138897,"Je":0.0023610172792998536,"100":0,"25":0,"hypoth\u00e8se":0.0054702724252994319,"Pour":0.0045069093977054371,"erreur":0.0049095419661063892,"entre":0.0047331596004645191,"=":0.0081748234580644851,"2e":0,"fais":0.0053848938134901858,"02":0,"1+7":0,"arrive":0.0043891233671704138,"diff\u00e9rence":0.0049662746652098183,"1+3":0,"1+TAP":0,"06":0,"suivant":0.0053349623133287748,"1+6":0,"Pourriez":0.004494891295671914,"mois":0.0051595644481027617,"1\u00b0":0,"2\u00b0":0,"^":0.0052062553808601333,"1=1":0,"09":0,"9":0.0089268252898212479,"1mais":0,"1+TEG":0,"impact":0.0055406224299508044,"1+TRI":0,"1er":0,"1+2":0,"1\u00e8re":0,"Excel":0.0053185263172699617,"9+":0,"1+TAE":0,"6min15":0,"1min45":0,"05":0,"102":0.01399650702611944,"1+n":0,"1+0":0,"1+5":0.0097208448146134264,"1=5":0,"1+TAEG":0,"1=9":0,"1+r2":0,"1+2r+r":0,"1+1":0,"1x":0,"1\u00e8res":0,"1+taux":0,"1X4X":0,"1X08":0,"2X3":0,"1=r":0,"06^":0,"2min54":0,"1+rn":0,"5i\u00e8me":0,"2i\u00e8meann\u00e9e":0,"1+4":0,"^0":0.0055946441573944145,"5eme":0,"2eme":0,"0005+1":0,"1+i":0,"1+R":0,"1+":0,"1\u20ac":0,"1+x":0,"06=":0,"5e":0,"1+9":0,"1=":0,"9=":0,"1\u2212":0,"9=850":0,"1+F3":0,"1+tri":0,"1+A2":0,"1+12":0,"1+41":0,"5=>":0,"47":0.014477465610648225,"2\u20ac":0,"2^2x4":0,"5^2x18":0,"2x0":0,"5x0":0,"1x4":0,"+2x0":0,"5^2":0,"1+11":0,"02+":0,"1USD":0,"1^3":0,"Prix":0.0056129000699336002,"5\u00e8me":0,"2=":0,"1=16":0,"1+15":0,"1+TMEG":0,"1\u00b2=4":0,"\u00e9coule":0.0056312832024016119,"5+5":0.0043208962323048935,"^9":0.0056312832024016119,"101":0.016894612003913609,"025":0.00851100504772777,"2x":0,"2M":0,"1M":0,"1EUR":0,"5xtaux":0,"1+g":0,"1ere":0,"1+rd":0,"5ans":0,"5min08s":0,"1an":0}