{"'":0.00051688001794020645,"les":0.0033729632781043274,".":0.0027950414437508311,"du":0.0034531255938374606,"une":0.0045004681726491802,",":0.0010724758088543561,"Merci":0.0029334107880715447,"de":0.0012319396898922478,"pour":0.0026256082816027196,"d":0.0026732364672485739,"\"":0.012704101834047042,"un":0.0041777968475120979,"fait":0.0075304597703916157,"pourrait":0.0092755254043239577,"?":0.0011523255193447433,"on":0.0042443990222676914,"calculer":0.0068459173276029803,"actions":0.0095667024359799863,"\u00e0":0.0026869344640770274,"cela":0.008219370494473752,"par":0.0054271868876261094,"avance":0.0052812538343986973,"Bonsoir":0.0087175734118123942,"aux":0.0087175734118123942,"march\u00e9":0.017274672953941951,"ne":0.0037883288938599896,"portefeuille":0.0096577277874689837,"Pourquoi":0.0084736791777904989,"personne":0.0098773052124385662,"semble":0.0089223235507776937,"Le":0.0085940299459844171,"rapport":0.0092473844391636854,"b\u00eata":0.01920460425837291,"obligations":0.0096577277874689837,"G\u00e9rard":0.0098452960447599769,"obligataire":0.0098773052124385662,"Ph":0.0098773052124385662,"r\u00e9serv\u00e9":0.0099419911906790323,"Techniquement":0.0099419911906790323,"repr\u00e9sentatif":0.0099419911906790323}