{"J":0.0026195559208519897,"'":0.0013509575724858691,"ai":0.0018993500074126345,"que":0.00450017034750141,"le":0.0025401294217265052,"les":0.0030022762874519315,".":0.0044565216616189954,"l":0.0035954204415318152,"une":0.0040058689535364808,",":0.00095586336702495605,"la":0.00054232361886726835,"Merci":0.0013126885037993477,"de":0.0026974689519492934,"bien":0.0055362765668178623,"pour":0.0023370552342400685,"d":0.001196261632623681,"des":0.0020230210164323211,"\"":0.01132275940759165,"un":0.0037186590469275326,"dire":0.0036283894692587448,"est":0.0027885800245063177,"non":0.007082455846326891,"comme":0.0033353986397887028,"?":0.00051566063233608197,"\u00e9gal":0.0042148891553825413,"+":0.0037187995734235648,"Bonjour":0.00061745598799739217,":":0.0023794732709248533,"-":0.0019738415816847044,"on":0.0018993500074126345,"taux":0.0051625570968950188,"rentabilit\u00e9":0.0038677292264671101,"actif":0.0036680883525059206,"obligation":0.0039694141910505132,"sans":0.0034405030117919053,"risque":0.029831644649269847,"je":0.0014463322511989968,"actions":0.0042810575177696037,"pas":0.0020518502068473453,"ce":0.0038208115396230046,"il":0.0018029811780795684,"\u00e0":0.0047318462360962507,"par":0.0048307417415606804,"avance":0.0023633380030687709,"cette":0.0030411479684430624,"bonne":0.0039236073283492644,"march\u00e9":0.0039123112120512029,"le\u00e7on":0.0039810249640042416,"consid\u00e9r\u00e9":0.0042676547168853012,"ne":0.0050305990413231517,"comprends":0.0051984489132654854,"esp\u00e9r\u00e9e":0.0043081245002170396,"s":0.0031870581396409117,"agit":0.0040885396620527221,"En":0.0035229628010583713,"prime":0.012024344795384804,"Je":0.0018653226661656593,"quand":0.0039927007836443526,"flux":0.0036382435223909601,"12":0.0059982071576398545,"donc":0.0034951121190626854,"partie":0.0039236073283492644,"doit":0.0075636305825158108,"Pour":0.0035606856110718399,"principe":0.0084097035747417101,"Elle":0.0043773710145475469,"La":0.0037290915862149489,"actualise":0.0043493957172655766,"son":0.0040885396620527221,"Cela":0.0042945470687779522,"revanche":0.0043915007524307969,"sera":0.0042279558336381249,"sp\u00e9cifique":0.0087633028945217333,"impression":0.0042945470687779522,"obligations":0.0043217909646294126,"offerte":0.004420050902386348,"voudrait":0.004434473993546858,"Cette":0.0043217909646294126,"12^3+2":0,"12^4+189":0,"12^4":0,"G\u00e9rard":0.0044057269397832473,"12\u20ac":0,"r\u00e9mun\u00e9rer":0.0088204828203089676,"12=":0,"syst\u00e9matique":0.0044057269397832473,"diversifiable":0.013159074406740303,"Fin":0.004448997594864116,"\u201c":0.004448997594864116,"d\u00e9termin\u00e9e":0.004448997594864116,"\u201d":0.004448997594864116,"valoriser":0.004448997594864116,"attendus":0.004448997594864116,"\u00e9metteur":0.0088493712918828928,"Ph":0.004420050902386348,"12^5":0}