{"J":0.0025629157584267158,"'":0.00089088241204956305,"ai":0.0018582821714233548,"a":0.0022965726857755498,"le":0.0030913971013547827,"r\u00e9ponses":0.00395271480440811,"en":0.0052476926161584177,"les":0.0029377061741118482,"au":0.0025044858226725723,".":0.0024417316510360193,"l":0.0011854223477392055,"une":0.0039197145201698902,"autre":0.0074850310398308579,",":0.0011633081436077828,"la":0.0035990833460663586,"et":0.0062098288394069039,"de":0.0036585721941647734,"pour":0.0011495434414262576,"afin":0.0039410295848492987,"d":0.0023282741693857771,"des":0.0039373891532017789,"un":0.0036386816520632432,"dans":0.0017164826840492412,"est":0.0027286058878844403,"?":0.0014974593553083019,"si":0.0061720983224007762,"(":0.0034380313580785206,")":0.0033604702596145087,"Bonjour":0.00060410532532505061,"-":0.0019313900674195331,"on":0.0073155477236809549,"taux":0.0099966955713580025,"comment":0.0026108959776031874,"\/":0.002481574736322292,"appliquer":0.0041623500689387414,"prix":0.0035887767720878868,"quiz":0.0066097306777837686,"vid\u00e9os":0.0038835873290527885,"je":0.0014150595866314168,"cas":0.0033749203632669777,"il":0.0017639970334910749,"o\u00f9":0.0032969848170549725,"peut":0.003288506363123759,"mais":0.0028082762347475215,"\u00e0":0.0011763932618450209,"Dans":0.0027489777519382826,"merci":0.0031653865624356524,"suis":0.0033837666471320232,"elle":0.0037626369588523649,"avec":0.0054944731864771217,"selon":0.0041237546220576158,"donn\u00e9es":0.0040364418545390376,"t1":0.0042553528766769363,"exercice":0.0033926514770179711,"mani\u00e8re":0.0040610092027187628,"Mais":0.00395271480440811,"deux":0.0035595772483058854,"flux":0.0035595772483058854,"faire":0.0067845992148772806,"certificatif":0.0037841010015988185,"formule":0.0088313809328260523,"obtenir":0.0037626369588523649,"essay\u00e9":0.0042689921598569429,"final":0.0040610092027187628,"faut":0.0036184005168423956,"pouvoir":0.0040486885293867722,"voit":0.00431046610282827,"ensuite":0.0040001370634681803,"p\u00e9riode":0.012017075130326321,"Ce":0.0040121669817401217,"premi\u00e8re":0.0039178581396730298,"constante":0.0041753792840857028,"g":0.012354438513631938,"Quelle":0.0041110501246806961,"appliquant":0.0042553528766769363,"loin":0.0042965475147738238,"perp\u00e9tuelle":0.012550320706765272,"propositions":0.0042553528766769363,"abord":0.0041365387719759098,"croissance":0.015987080479839814,"action":0.0041110501246806961,"certain":0.0043244803520322587,"dividende":0.0040984242934264557,"moyenne":0.0042418042206323328,"rcp":0.0085196411763505675,"type":0.0041110501246806961,"repris":0.00431046610282827,"actualisant":0.0043244803520322587,"Q2":0.0043244803520322587,"P0=D1":0.004338591586431283,"transform\u00e9e":0.0043528011577516771,"pr\u00e9paratif":0.0043528011577516771}