{"'":0.0013224972320795897,"que":0.0029515739546723389,"tout":0.0073595677849071506,".":0.0032225237925219393,"du":0.0030075241088012173,",":0.0013887603120944923,"la":0.002088816858409049,"Merci":0.0025548748304687402,"de":0.0021233426798049652,"d":0.0046075283804001936,"un":0.0036386816520632432,"?":0.001003626044416422,"-":0.0092665817577493297,"on":0.0036966892862580472,"trouver":0.0064750686230280359,"ailleurs":0.0083584416124065,"je":0.0055707018541351488,"pas":0.0020077209569955771,"peut":0.0065418408610354662,"cela":0.0071587187461165849,"n":0.0040450854401130453,"fois":0.0077709606720872378,"suis":0.0067313425829561586,"avance":0.0045997453032114053,"concernant":0.007981422264153026,"y":0.0062340281033977296,"Bonsoir":0.0075926320933881342,"finance":0.0081530143317495498,"ne":0.0032994717888875204,"Comment":0.0070049061247162035,"expliquer":0.0069301330975396402,"chaque":0.0074638491542927199,"rien":0.0082034040712133278,"entreprise":0.0078865332152954822,"Vous":0.0082544276604890054,"bouquin":0.0086307802343737541,"G\u00e9rard":0.0085748300802448735,"abordez":0.0086307802343737541,"Ph":0.0086027086907616256,"Value":0.017135785453312402,"at":0.017135785453312402,"Risk":0.017135785453312402,"PAr":0.0086590474000766814,"\u00e0A":0.0086590474000766814,"consulte":0.0086590474000766814,"\u00e9tonn\u00e9":0.0086590474000766814}