{"'":0.0020606044182457182,"a":0.027448564981744038,"alors":0.01107207357494153,"en":0.0055442277006869959,"l":0.0037173220652149202,",":0.00074520335550691834,"et":0.0039779531448117141,"pour":0.0070914094065308523,"un":0.016655290093865346,"comme":0.010233200514146378,"fait":0.010338892659220689,"?":0.0031122738622224176,"pas":0.0031648938096985268,"n":0.0063765165296043782,"merci":0.0099262185632977111,"par":0.0074512187015877713,"avance":0.0072508609254685989,"ses":0.013259510570550741,"vu":0.012506378845531,"Elle":0.013430033454566359,"sa":0.012773639265905261,"entreprise":0.012432026505526723,"dette":0.012773639265905261,"propres":0.013011961106576972,"jusqu":0.013011961106576972,"beta":0.038871812065182018,"capitaux":0.013052559523552075,"Une":0.013301716857076972,"Clara":0.013093417357091828}