{"'":0.00057353114086510588,"le":0.0031582703452608229,"l":0.003004311197554775,",":0.001188472878733941,"la":0.0026536077645197705,"et":0.0032149512381879418,"Merci":0.003254918699726763,"de":0.0039934125280823114,"bien":0.0069015397668951099,"vous":0.0037338358560102106,"est":0.0034762526221412391,"!":0.0073423377901794809,"?":0.0037353380227426103,"Bonjour":0.0015310327132248432,"-":0.0024605971188643287,"valeur":0.0076711405628463875,"ce":0.0047630356728505224,"o\u00f9":0.008355813793233368,"Est":0.0081448552363427122,"utiliser":0.0093761128800998825,"Si":0.0092210682405141995,"oui":0.010548978551066311,"cela":0.0091202305627412598,"pourquoi":0.007485896105346378,"estimer":0.01092436092849523,"formule":0.0075407755628782843,"Pour":0.0088290117158650056,"chaque":0.0095089676779938088,"CF":0.0087820316921457253,"entreprise":0.010047468522664121,"ici":0.0099880682477754557,"dividende":0.010386966316734633,"branche":0.010995641603679334,"Gordon":0.01092436092849523,"Shapiro":0.010889085931338416,"Clara":0.010581999538932805}