{"J":0.0043499825725166795,"'":0.0011317662802134826,"ai":0.0031540229264001326,"questions":0.0059445551096432873,"le":0.0021243712810337582,"en":0.003000800785202342,".":0.0027617386441865766,"l":0.0020119922150319863,"du":0.0050858143266294415,",":0.00079941150562315021,"la":0.00090057183813412067,"Merci":0.0021798244768193266,"de":0.00091545728982532005,"nous":0.0053996876495929396,"2\u00e8me":0,"*":0.011090972264290904,"5":0.0055104446913589152,"(":0.0058138151196023211,"+":0.0061753647655720294,")":0.0056826569537864477,":":0.0078314135856748287,"-":0.0032660390806002002,"4":0.0068509671706885279,"1":0.0038627881643979838,"\/":0.0083479536908818743,"2":0.0055245419091516715,"calculer":0.0050872173163312735,"pas":0.0033951169259395513,"\u00e0":0.0019966673389972115,"n":0.0034512752437136592,"pourquoi":0.0050133170953641113,"6":0.0098110908241453056,"cette":0.0050500699595178791,"Bonsoir":0.0064780493679273115,"1+r":0,"%":0.012241280349792895,"calcul":0.0044417339243532803,"ne":0.0028151161380662666,"mani\u00e8re":0.0068926648098260532,"01":0,"avons":0.0070646685132217746,"25":0.011165945227354954,"deux":0.0060415949860024368,"Pourquoi":0.0062968109872552549,"10":0.019254845467049843,"Pour":0.0059128038577377501,"2e":0,"ann\u00e9e":0.0059128038577377501,"35":0.030109164991027119,"02":0,"1+7":0,"1+3":0,"1+TAP":0,"06":0,"1+6":0,"1\u00b0":0,"2\u00b0":0,"1=1":0,"75":0.01246270761671083,"10i\u00e8me":0,"1mais":0,"1+TEG":0,"04":0,"1+TRI":0,"1er":0,"1+2":0,"1\u00e8re":0,"BFR":0.0069775982056005199,"r\u00e9cup\u00e9ration":0.0072689754302051298,"10+1":0,"1+TAE":0,"6min15":0,"1min45":0,"CMPC":0.0068926648098260532,"05":0,"1+n":0,"1+0":0,"1+5":0,"1=5":0,"1+TAEG":0,"1=9":0,"1+r2":0,"1+2r+r":0,"1+1":0,"pris":0.0069561686499317868,"+10":0,"=8":0.0073160627168788054,"consid\u00e9ration":0.0072689754302051298,"1x":0,"1\u00e8res":0,"1+taux":0,"1X4X":0,"1X08":0,"2X3":0,"1=r":0,"06^":0,"2min54":0,"1+rn":0,"5i\u00e8me":0,"2i\u00e8meann\u00e9e":0,"1+4":0,"75+0":0,"5eme":0,"2eme":0,"0005+1":0,"0035^3+1":0,"1+i":0,"1+R":0,"1+":0,"0075":0,"1\u20ac":0,"25\u20ac":0,"04\u20ac":0,"1+x":0,"06=":0,"5e":0,"0025^t":0,"1+9":0,"1=":0,"1\u2212":0,"1+F3":0,"1+tri":0,"1+A2":0,"1+12":0,"1+41":0,"10^7":0,"5=>":0,"2\u20ac":0,"4\u00e8me":0,"2^2x4":0,"5^2x18":0,"2x0":0,"5x0":0,"1x4":0,"+2x0":0,"5^2":0,"1+11":0,"02+":0,"1USD":0,"1^3":0,"4ans":0,"5\u00e8me":0,"4e":0,"2=":0,"25=":0,"1=16":0,"1+15":0,"1+TMEG":0,"4min25":0,"10\u00e8me":0,"1\u00b2=4":0,"5+5":0,"025":0,"CMPC=":0.0073879171079245754,"964":0.022164751544058399,"2x":0,"2M":0,"1M":0,"1EUR":0,"10H":0,"5xtaux":0,"1+g":0,"10min15":0,"1ere":0,"1+rd":0,"10^1":0,"10^2":0,"5ans":0,"5min08s":0,"1an":0}