{"'":0.0011117255155000969,"le":0.0020864279395423789,"l":0.003916505588123927,"r\u00e9sultat":0.006114689818760676,"une":0.0065099670336784795,",":0.0011674279812605383,"la":0.0026066189738302979,"\u00e9tait":0.0066075600356653042,"et":0.004191101940490452,"de":0.004341086565603041,"bien":0.0045386893470156751,"d":0.0019506937882247792,"vous":0.004867534697172415,"est":0.0022861029968020961,"?":0.0032762089689694924,"me":0.0044646910696397694,"Bonjour":0.0010068596429420112,"-":0.0063047760634169225,"taux":0.0083897094238690462,"comment":0.0043515686446793005,"t":0.0056545170379668427,"obligation":0.0064727576260981239,"Par":0.0067275195798523722,"ailleurs":0.0070029382050234359,"ou":0.014062220507367365,"ce":0.0092326081557801976,"il":0.0029400459635675735,"Est":0.0053563362586845371,"\u00e0":0.0057791624719695919,"bonne":0.006398062291822949,"offre":0.0071151101332917995,"demande":0.006851868849898835,"En":0.0057447480256464858,"Je":0.0060295689406258133,"journ\u00e9e":0.0069157923814936861,"10":0.0095398958857804625,"ans":0.006306944209234072,"sa":0.0067891255127134004,"banque":0.007047363686001144,"quelle":0.0064916908277152744,"10i\u00e8me":0,"rencontre":0.0071842345684870008,"remercie":0.006306944209234072,"d\u00e9cision":0.007047363686001144,"10+1":0,"d\u00e9fini":0.0071151101332917995,"+10":0,"dates":0.0071151101332917995,"souhaite":0.0070250783543402591,"10^7":0,"centrale":0.0072075920549353051,"souveraine":0.0072311111861742628,"demandais":0.0071151101332917995,"10\u00e8me":0,"Clara":0.006959085972069433,"Etat":0.0072547942151201059,"fr\u00e9quence":0.0072547942151201059,"\u00e9volue":0.0072547942151201059,"permanence":0.0072547942151201059,"r\u00e9guli\u00e8res":0.0072547942151201059,"10H":0,"10min15":0,"10^1":0,"10^2":0}