{"'":0.0025149300760728172,"ai":0.0036188584374229143,"que":0.0028894309157250883,"le":0.002434259393340194,"en":0.0068151133599021292,".":0.0016105620574860357,"l":0.006784668906477262,"du":0.0086529337236380122,",":0.00046278327697723214,"la":0.002045287109989081,"et":0.002470372923596907,"de":0.0030870271579987447,"d":0.0022792542110144209,"dans":0.009824149778503757,"est":0.0026711572640090056,"Bonjour":0.0011764476284945313,"pas":0.0038903723385089882,"\u00e0":0.0022909333936592131,"n":0.0078381851064953118,"merci":0.0061643414790991244,"plus":0.0058227060739332774,"pourquoi":0.011385735595153105,"compris":0.0066417548817430255,"calcul":0.01008761406563995,"ligne":0.0081312229025373352,"t0":0.0081058495303484041,"Je":0.0035540256627925918,"li\u00e9":0.0082869651868741293,"investissement":0.014503787296126376,"compte":0.0070272272948922404,"CF":0.0067481251500021893,"\u00e9t\u00e9":0.0074114834283576384,"celui":0.0079084961604374126,"\u00e9conomie":0.0081567594486588839,"plut\u00f4t":0.0080806372600211382,"tableau":0.0077666625391353819,"van":0.0083402669165254135,"fa\u00e7on":0.0081058495303484041,"pris":0.0079813591081515194,"imp\u00f4t":0.0082869651868741293,"th\u00e9orique":0.0083135266185960718,"RN":0.0083135266185960718,"as":0.0084490660301943799,"g\u00e9n\u00e9rale":0.0084215855105764965,"report\u00e9":0.008476738053235738,"\u00e9tablissement":0.008476738053235738,"Eglantine":0.008476738053235738}