{"'":0.0010213038753556342,"a":0.01036453870198188,"le":0.0028500175340329332,"r\u00e9ponse":0.012764843940139903,",":0.0010724758088543561,"la":0.0023946109200802795,"de":0.0024341911774908658,"vous":0.0066489520062206252,"?":0.0022768814381099235,"Bonjour":0.0027263552611183376,"je":0.006386229332993639,"pas":0.0045548265764123507,"n":0.0091769040923181128,"merci":0.014285535892811752,"m\u00eame":0.014178322303453181,"calcul":0.011810523168684034,"arrive":0.015311192958830371,"d\u00e9tailler":0.018962421974491495,"pouvez":0.0174758262232871,"SDR":0.019644392855919381}