{"'":0.0010737008417484185,"ai":0.0088167749666271129,"les":0.0070065651315351658,".":0.0019823779327829646,",":0.0011274980997411383,"la":0.0025174640208379256,"pour":0.0054541048680751651,"?":0.0023936945464039234,"Bonjour":0.0028662281710706908,"je":0.0067138683949926553,"pas":0.0047885073650670816,"n":0.0096477159113250253,"Je":0.0086588201877204618,"faire":0.016181583001496642,"certificatifs":0.020319738347371018,"Que":0.019748617542861342,"vais":0.020254589850003585,"main":0.020451366436347752,"composer":0.020652228640268906}