{"'":0.0011964729071457885,"que":0.0026649943993626566,"le":0.0033388385637658029,"r\u00e9ponses":0.0070996902298319483,"en":0.0031756153975833232,"les":0.0052544198068371897,"au":0.0044984458545178733,".":0.0014866408402842508,"sur":0.0079526607902275018,"l":0.0021292028079239935,"avoir":0.0057286994488424028,",":0.00084554246427922424,"et":0.0022784867324196971,"Merci":0.0023068123038196618,"de":0.002851691709939872,"bien":0.0048912302635733384,"pour":0.0020647587148862122,"d":0.0021022131638516409,"des":0.0035550930461299862,"vous":0.0052420494875493754,"?":0.00090618016980068569,"Bonjour":0.001085067071172607,"-":0.0051331786163893584,"fond":0.0074996302480530045,"cours":0.0055314414180193837,"je":0.0025416669855951044,"pas":0.0018127836835686621,"\u00e0":0.0021129851661058265,"n":0.0036523326904209044,"plus":0.0053704274401290102,"avance":0.0041531385151804207,"y":0.0056287425746947518,"calcul":0.0093114443999847123,"En":0.0061909690774763293,"chaque":0.0067391556164094011,"formules":0.0072942038033319218,"sujet":0.0074069043301065746,"arrive":0.0060937294331854111,"excel":0.0072500770270590778,"m\u00eames":0.0074069043301065746,"suivant":0.0074069043301065746,"effectuer":0.0075707485627578,"donner":0.0074298666506287638,"autant":0.0075707485627578,"appliquant":0.0076432752520718475,"Pouvez":0.0063077778246775022,"Sans":0.0077172672257127912,"type":0.0073840850779305122,"d\u00e9tails":0.0077422671734735061,"\u00e9cart":0.015189485302608463,"types":0.0077422671734735061}