{"'":0.0011495283323137743,"ai":0.0013806453883234812,"a":0.0033989669834726503,"que":0.0064851229110400753,"le":0.0032078365528781295,"en":0.0026166806924362782,".":0.0029974626139472188,"j":0.0016419663570820641,"l":0.0017544454161595739,"du":0.0011232548828282118,"apr\u00e8s":0.005340609417731782,"une":0.001463941207051011,",":0.00069788063812942019,"la":0.0026952537476093602,"et":0.00187745412912157,"Merci":0.00095419871113943907,"de":0.001192670878355099,"pour":0.00085407473390707663,"d":0.00086956753619102172,"des":0.0014705423570790914,"vous":0.0043266009645008992,"trouv\u00e9":0.0029023107391372605,"2\u00e8me":0,"*":0.012055645787062566,"dans":0.0025404238267406122,"dire":0.0026374913355741753,"est":0.0020300478470047711,"5":0.0024121479863241538,"!":0.0021524498466667652,"m":0.001962527340616737,"?":0.0014816105480929993,"si":0.0023051650883343633,"(":0.0075539546938522759,"+":0.002703210814809624,")":0.0073835394291904633,":":0.005147818206357453,"-":0.0042436009291077085,"on":0.0027502895012926016,"taux":0.0018866518489642924,"utilis\u00e9":0.0028686435417322772,"4":0.0029989497383148397,"1":0.0083218759659013011,"\/":0.0090740442177553154,"3":0.0025406114776238093,"2":0.0024183189176039642,"sans":0.0025009158913339648,"cours":0.0022880466967675878,"ainsi":0.0029367431652664354,"je":0.0020943124702288264,"calculer":0.0022268839799489395,"temps":0.0027409923622668348,"pas":0.00074984681309860394,"ce":0.0013963121415372568,"o\u00f9":0.0024495563445851155,"\u00e0":0.0034547446682209027,"n":0.0015107649374339887,"sont":0.0024121479863241538,"par":0.0017653902257208831,"pourquoi":0.0021945348177344307,"tel":0.0031717273237255954,"c":0.0024495563445851155,"explication":0.0028520864202680662,"1+r":0,"%":0.014155142420799613,"dit":0.0028195053466050354,"ne":0.0012322919662642678,"comprends":0.0018997684809834822,"exercice":0.0025206336733812349,"01":0,"\u00e7a":0.0029719764168586937,"vois":0.0029367431652664354,"cet":0.0029719764168586937,"Je":0.0013559107730149824,"Mais":0.0029367431652664354,"faire":0.0025339228948628376,"bonjour":0.0029809142689456794,"formule":0.0065793035254786822,"Pourquoi":0.0027563728145188755,"10":0.016809345058341852,"A":0.0027955212857668364,"vrai":0.0031717273237255954,"=":0.0023636650797293443,"2e":0,"compte":0.0026809860416377586,"35":0.013246855233437589,"003":0,"02":0,"1+7":0,"La":0.0027106921215416823,"30":0.039377198400795774,"gr\u00e2ce":0.0031922000884513466,"1+3":0,"1+TAP":0,"prise":0.0031515275373391583,"1+6":0,"1\u00b0":0,"2\u00b0":0,"1=1":0,"3\u00b0":0,"son":0.0029719764168586937,"\u00e9galement":0.0030828767581491559,"juste":0.003026412028693826,"75":0.0054554390372407941,"10i\u00e8me":0,"1mais":0,"jamais":0.0031717273237255954,"1+TEG":0,"04":0,"dette":0.003026412028693826,"soustraction":0.0032025411629689085,"correspond":0.0030172025077215953,"1+TRI":0,"3h":0,"1er":0,"1+2":0,"1\u00e8re":0,"10+1":0,"1+TAE":0,"1min45":0,"CMPC":0.0060103633057702818,"Vd":0.0032025411629689085,"Vd+Vcp":0.0064211899968984465,"Vcp":0.0032129533107211963,"30\u20ac":0,"05":0,"quoi":0.0030172025077215953,"3ieme":0,"3\u00e8me":0,"1+n":0,"1+0":0,"gros":0.0032025411629689085,"1+5":0,"1=5":0,"1+TAEG":0,"1=9":0,"1+r2":0,"1+2r+r":0,"3+":0,"3+1":0,"1+1":0,"impots":0.0032234375154324988,"droite":0.0031615937639723479,"MEDAF":0.0031819291234524818,"+10":0,"rcp":0.006338503960611603,"application":0.0031819291234524818,"1x":0,"1\u00e8res":0,"1+taux":0,"1X4X":0,"1X08":0,"2X3":0,"1=r":0,"2min54":0,"1+rn":0,"5i\u00e8me":0,"2i\u00e8meann\u00e9e":0,"3M":0,"voil\u00e0":0.0032234375154324988,"imposition":0.0032129533107211963,"1+4":0,"75+0":0,"5eme":0,"poids":0.0032129533107211963,"rd":0.0063795637985408016,"2eme":0,"0005+1":0,"0035^3+1":0,"1+i":0,"1+R":0,"1+":0,"3=":0,"0075":0,"1\u20ac":0,"\u00e9crivez":0.0032234375154324988,"04\u20ac":0,"1+x":0,"pass\u00e9s":0.0032234375154324988,"5e":0,"1+9":0,"1=":0,"1\u2212":0,"1+F3":0,"1+tri":0,"Voici":0.0031922000884513466,"1+A2":0,"1+12":0,"1+41":0,"10^7":0,"5=>":0,"2\u20ac":0,"4\u00e8me":0,"2^2x4":0,"5^2x18":0,"3^2x24":0,"2x0":0,"5x0":0,"1x4":0,"+2x0":0,"3x0":0,"5^2":0,"ressemble":0.0032339947813930978,"1+11":0,"02+":0,"1USD":0,"1^3":0,"4ans":0,"5\u00e8me":0,"fiscalit\u00e9":0.0032234375154324988,"4e":0,"2=":0,"1=16":0,"3eme":0,"1+15":0,"1+TMEG":0,"4min25":0,"plupart":0.0032234375154324988,"10\u00e8me":0,"cp":0.0032234375154324988,"1\u00b2=4":0,"5+5":0,"partiellement":0.0032339947813930978,"appliquez":0.0064422204062847752,"Tis":0.0064422204062847752,"Ex":0.0032339947813930978,"ennonc\u00e9":0.0032339947813930978,"attenderait":0.0032339947813930978,"n\u00e9anmois":0.0032339947813930978,"mulitpliez":0.0032339947813930978,"directe":0.0032339947813930978,"2x":0,"2M":0,"1M":0,"1EUR":0,"3e":0,"10H":0,"3+2":0,"5xtaux":0,"1+g":0,"10min15":0,"1ere":0,"1+rd":0,"10^1":0,"10^2":0,"5ans":0,"5min08s":0,"1an":0}