{"J":0.0055783138112309423,"'":0.0023544540651051233,"le":0.0013745051148154434,".":0.00090940422857099616,"l":0.0051009429375994666,"une":0.0042886614080875334,",":0.0010225747800866611,"de":0.004538675031714158,"pour":0.0025020385608984894,"d":0.0050362836980912193,"vous":0.003206653443910724,"\"":0.012112995026924084,"un":0.0039811760517813061,"dans":0.0037360100626360206,"est":0.0029854385336060703,"?":0.00109809330824779,"Bonjour":0.0013148653320417944,"-":0.0021131840095708608,"je":0.003079947676729887,"temps":0.0080298225825587051,"\u00eatre":0.0075622192282197263,"qui":0.0055015719502052593,"\u00e0":0.0025604785324732865,"par":0.0051717657067086534,"plus":0.0065077902065911134,"acquisition":0.0094124468956197169,"prendre":0.0088121722559911901,"Au":0.0088659683940291271,"entre":0.007963082572281668,"chaque":0.0081663911132014207,"loin":0.0093516496839465384,"semaine":0.018428813296228103,"ais\u00e9":0.0094431607001928021,"concepts":0.0094124468956197169,"lire":0.0092916740813927638,"domaine":0.0094740885399735696,"Ai":0.0094740885399735696,"pr\u00e9sent\u00e9s":0.0094124468956197169,"int\u00e9rieur":0.0094740885399735696,"bloc":0.0094740885399735696,"plaisir":0.0093819441841546201,"Magdeleine":0.00932156057175932}