{"'":0.0034512511877047782,"que":0.0050836515143586735,"le":0.0047603155363623688,"en":0.0015355892570303768,"les":0.0025533093352793669,"au":0.0021752524354137349,".":0.00072241162207216012,"l":0.0020496017160727869,"du":0.0026139916410808268,"une":0.0017113712629326597,",":0.00081421877713757176,"la":0.00046084646693052853,"et":0.001101776918972169,"Merci":0.0011154739312659544,"de":0.0013923979754020314,"bien":0.0023651858635403288,"nous":0.0027631632152733585,"d":0.0059608032040175396,"\u2019":0.0064506750346606263,"des":0.0017190881154988367,"\"":0.0096448965790646417,"*":0.011296407183004337,"un":0.0031625626525197555,"dans":0.0073180280593487645,"veut":0.0035596557764185212,"dire":0.0030832705959743115,"est":0.0011913259703902851,"fait":0.0028635715115240038,"?":0.00087230226457644011,"(":0.0015010654569358555,")":0.0014672018083589568,"Bonjour":0.00052469116345703565,":":0.0020219880010974196,"-":0.00084325668154835412,"on":0.0016139970857415565,"taux":0.012932819957185614,"int\u00e9r\u00eat":0.015597940242631971,"serait":0.0033829271409118,"1":0.0019766910341679563,"je":0.0012290394236653516,"valeur":0.0026289311993108488,"temps":0.0032042649924109378,"pas":0.001745012046237969,"ce":0.0032494390383845527,"cas":0.0029312618474677137,"il":0.0015321064341539772,"o\u00f9":0.0057005047625341846,"Est":0.0027912751525369837,"\u00eatre":0.0060072681514884759,"qui":0.004370333226556139,"qu":0.0023320818181755392,"\u00e0":0.0059913471025405569,"Dans":0.0023876040725281005,"n":0.0017661089711239304,"tr\u00e8s":0.0032680101976330384,"sont":0.0028198405276477719,"par":0.0061340697896664137,"plus":0.0077186867247206322,"vid\u00e9o":0.0027983734179987643,"avec":0.0023989204999254467,"c":0.0028635715115240038,"aurait":0.0035271591791344189,"m\u00eame":0.0027286394151788372,"1+r":0,"dit":0.0032960479578171414,"t0":0.0036151780307710824,"t1":0.0036959549240564845,"ne":0.001440569504055203,"01":0,"avons":0.0036151780307710824,"n\u00e9gatif":0.003649346579901696,"ces":0.0030176699533254196,"puisque":0.0035927598217833107,"monde":0.0075014485578475433,"1+7":0,"somme":0.0035487571890282757,"1+3":0,"1+TAP":0,"1+6":0,"1\u00b0":0,"1=1":0,"Ce":0.0034847376332933521,"pass\u00e9":0.0037438231045524174,"1mais":0,"1+TEG":0,"\u00e9quivalent":0.0036039334541907082,"comprend":0.0035271591791344189,"emprunts":0.003672497430633206,"Bruno":0.0036841873401513153,"dettes":0.0073341026735607934,"deviennent":0.0037682512830435051,"ch\u00e8res":0.0037682512830435051,"constant":0.0036378836605185033,"reste":0.0036039334541907082,"instant":0.0074048519693713155,"1+TRI":0,"1er":0,"1+2":0,"positif":0.010778899274090079,"1\u00e8re":0,"1+TAE":0,"1min45":0,"future":0.0036841873401513153,"1+n":0,"1+0":0,"futur":0.0036841873401513153,"1+5":0,"1=5":0,"1+TAEG":0,"1=9":0,"1+r2":0,"1+2r+r":0,"1+1":0,"devient":0.0037559950759149625,"1x":0,"1\u00e8res":0,"1+taux":0,"1X4X":0,"1X08":0,"1=r":0,"1+rn":0,"1+4":0,"1+i":0,"1+R":0,"1+":0,"1\u20ac":0,"Colmant":0.0037559950759149625,"1+x":0,"1+9":0,"1=":0,"1\u2212":0,"1+F3":0,"1+tri":0,"1+A2":0,"1+12":0,"1+41":0,"1x4":0,"1+11":0,"1USD":0,"1^3":0,"arrivent":0.0037559950759149625,"durant":0.0037559950759149625,"r1":0.0037682512830435051,"1=16":0,"1+15":0,"1+TMEG":0,"1\u00b2=4":0,"Simo":0.0035927598217833107,"contract\u00e9es":0.0037805928999698445,"cens\u00e9es":0.0037805928999698445,"rembours\u00e9es":0.0037805928999698445,"mang\u00e9es":0.0075014485578475433,"ph\u00e9nom\u00e8ne":0.0075260169842978151,"li\u00e8":0.0037805928999698445,"impliquerait":0.0037805928999698445,"r01":0.0075260169842978151,"contract\u00e9s":0.0037805928999698445,"empreints":0.0037805928999698445,"r02":0.0075260169842978151,">>":0.0037805928999698445,"1M":0,"1EUR":0,"1+g":0,"1ere":0,"1+rd":0,"1an":0}