{"'":0.0011829462009276101,"ai":0.0019871831348810451,"que":0.0015866407831143839,"en":0.0056076026498661181,"les":0.0015791860533510575,".":0.0013252005629825973,"j":0.0046996026620468416,"du":0.0032149572460653921,"une":0.0021070720271203851,",":0.0012422171444608015,"la":0.0011283206835925909,"et":0.0026975528198388454,"Merci":0.001373392184653614,"de":0.0028194519527712865,"afin":0.0042144016907191134,"d":0.0024888584898750108,"des":0.0021165731590674884,"vous":0.0015754682240924594,"5":0.003471839936452645,"comme":0.0034896400869907397,"question":0.0020741403454618713,"?":0.00053950673014515021,"(":0.0018481396197843453,")":0.0018064460678368006,"me":0.0056964267484823951,"-":0.0010382332599929924,"quiz":0.0035531104488073801,"trouver":0.0034807218482523425,"fond":0.0044650072107787105,"cours":0.0032932191322190118,"vos":0.0039341655227769067,"vid\u00e9os":0.0082584862205760008,"je":0.0059506491076415959,"ou":0.0030610312289569282,"pas":0.0010792655038983281,"ce":0.0020097325223110518,"il":0.0018863578464236685,"o\u00f9":0.0035256823345575189,"mais":0.0030030741604236979,"qu":0.0028713023704822378,"\u00e0":0.0025016117109680435,"sont":0.003471839936452645,"claires":0.0045945803553794481,"aurais":0.0044372296844085732,"Bonsoir":0.0040814764988296205,";":0.0041050497698486843,"m\u00eame":0.0033595514359456018,"toujours":0.0040236347430403765,"calcul":0.0027985017706190466,"ligne":0.0044650072107787105,"ne":0.0017736558810248315,"ces":0.0037154111930322083,"manque":0.0045651136051686634,"Pourtant":0.0045945803553794481,"ignore":0.0046244507722423625,"faut":0.0038693932454867959,"coup":0.0044098015701587124,"mise":0.0045945803553794481,"suivre":0.0044650072107787105,"Pourriez":0.0037154111930322083,"apprentissage":0.0046395408416846249,"d\u00e9finition":0.0045073484699438256,"niveau":0.004303414308252004,"autant":0.0045073484699438256,"su":0.0046244507722423625,"resoudre":0.0046244507722423625,"sais":0.0042904735798727969,"genre":0.0046547360692534004,"vers":0.0044098015701587124,"sources":0.0046244507722423625,"05":0,"fa\u00e7on":0.0044510742155646705,"infos":0.0046547360692534004,"fran\u00e7ais":0.0046244507722423625,"saisir":0.0046244507722423625,"besoin":0.0044931431667266939,"bonnes":0.0045797972049794146,"5i\u00e8me":0,"5eme":0,"0005+1":0,"renvoyer":0.0046395408416846249,"5e":0,"5=>":0,"5^2x18":0,"5x0":0,"5^2":0,"puisse":0.0045945803553794481,"5\u00e8me":0,"5+5":0,"empirique":0.0046547360692534004,"comp\u00e9tences":0.0046547360692534004,"alg\u00e8bre":0.0046547360692534004,"sacr\u00e9e":0.0046547360692534004,"manuels":0.0046547360692534004,"occasion":0.0046547360692534004,"structur\u00e9es":0.0046547360692534004,"agr\u00e9ables":0.0046547360692534004,"5xtaux":0,"5ans":0,"5min08s":0}