{"'":0.0012103126280758618,"que":0.003229393683489715,"le":0.0020498163606741046,"les":0.0047934066381369045,".":0.0017979007495707506,"une":0.0021569447050600525,"r\u00e9ponse":0.0030962184192614602,",":0.0010225747800866611,"la":0.00058083267390387952,"et":0.0041175586101260689,"premier":0.0044454920332720966,"Merci":0.0027953548738163109,"de":0.0023209311459160774,"bien":0.0029809867883979655,"pour":0.0025020385608984894,"d":0.0050362836980912193,"un":0.0039811760517813061,"dans":0.001878993549702342,"non":0.0038135210646543885,"question":0.0021232335573309782,"?":0.00055227641483200152,"(":0.0037616393564669746,")":0.0036767777452348721,"Bonjour":0.00066130000621319508,"-":0.0031514172695638666,"on":0.0020342181404325653,"comment":0.0028580869160224191,"t":0.003713856423338097,"\/":0.0027165219701803371,"actif":0.0039285502083639349,"prix":0.0078111514072752124,"quiz":0.0036372096778876551,"trouver":0.0070845406662664884,"je":0.0015490327169817336,"arbitrage":0.0045994922042568538,"pas":0.0021966996173237389,"ce":0.0061002724744706653,"il":0.0019310063995546323,"pratique":0.0045994922042568538,"C":0.0044052726183021447,"qui":0.0027669674423642298,"\u00e0":0.0025604785324732865,"fois":0.0042762125630929843,"dont":0.0044052726183021447,"avance":0.0025311527728189417,"cette":0.0032570923426450548,"avec":0.0030235045908783677,"votre":0.0033134009861797206,"Les":0.0044454920332720966,"donn\u00e9es":0.0044185987303614624,"Alice":0.004673166124331816,"ne":0.0036100377349578346,"comprends":0.0027990847898542123,"s":0.0034133632331949308,"pond\u00e9rations":0.0047185666821399543,"actifs":0.0044185987303614624,"formule":0.0032570923426450548,"t=0":0.0044052726183021447,"final":0.0044454920332720966,"\u00e9quation":0.004500270663118696,"sujet":0.0045141779800087958,"\u00e9t\u00e9":0.0041661132365865289,"notions":0.0046286706215789937,"son":0.0043788567225455091,"plut\u00f4t":0.0045422552953732227,"autres":0.0043014344940498156,"ont":0.0043398099459739554,"fonctionne":0.004673166124331816,"but":0.0047339077537994108,"t=1":0.0046286706215789937,"module":0.0047185666821399543,"ensemble":0.0047185666821399543,"fa\u00e7on":0.0045564275153006034,"th\u00e9orique":0.004673166124331816,"connait":0.0047493549928892664,"certaine":0.0047339077537994108,"Existe":0.0047493549928892664,"assurer":0.0047649098791128029,"\u00c0":0.0047185666821399543,"permettent":0.0046881972729851951,"illustrations":0.0047339077537994108,"rapidement":0.0047339077537994108,"comprises":0.0047649098791128029,"t\u00e2tonner":0.0047649098791128029}