{"'":0.00097378381602756321,"le":0.0013745051148154434,"en":0.0038481552939101334,"les":0.0063545444557178291,"l":0.0051009429375994666,"apr\u00e8s":0.015527495834831005,",":0.0010225747800866611,"Merci":0.0027953548738163109,"de":0.0011739605753110288,"des":0.0043079996829021713,"dans":0.0037360100626360206,"?":0.0032196773904065285,"Bonjour":0.0013148653320417944,":":0.0050670606055769531,"-":0.0021131840095708608,"vid\u00e9os":0.0084528212695041318,"ou":0.012317395397123145,"par":0.0051717657067086534,"ils":0.008654589061563394,"contexte":0.0093516496839465384,"quand":0.0085024097971048204,"deux":0.0077475971892877688,"permettrait":0.0094124468956197169,"\u00e9t\u00e9":0.0082834988850462223,"Cela":0.0091451879442809546,"Avant":0.0093819441841546201,"ont":0.0086288607167677774,"avant":0.0085274133959040762,"situer":0.0094431607001928021,"septembre":0.0094431607001928021,"2015":0.026624042615196138,"2019":0.026624042615196138,"enregistr\u00e9s":0.0094740885399735696,"adoption":0.0094740885399735696,"SDGs":0.0094740885399735696,"ONU":0.0094740885399735696,"Youth4Change":0.0094740885399735696,"UN":0.0094740885399735696,"Climate":0.0094740885399735696,"Action":0.0094740885399735696,"Summit":0.0094740885399735696,"Alberto":0.0094740885399735696}