{"'":0.002033887660127247,"ai":0.0034726317789101225,"que":0.0027726781233414995,"le":0.0023368625017935571,".":0.0015461220317142326,"l":0.0065158077193589658,",":0.00044408366399757351,"la":0.0019634533467597646,"et":0.0046941611451361692,"Merci":0.0024000230585795677,"de":0.001995907048622873,"bien":0.00508886891142399,"pour":0.0021481888742853807,"d":0.0021871567352659107,"Bien":0.006598100994682248,"vous":0.0054517863255301915,"dans":0.0032076465072108607,"est":0.0025632242216332558,"Bonjour":0.0011289110893884149,"on":0.0034726317789101225,"qualit\u00e9":0.0080551069158302496,"cours":0.0057549489086938816,"vid\u00e9os":0.0072573847946415812,"pas":0.0018860323545082491,"peut":0.006145337816476343,"qui":0.004723514592943537,"\u00e0":0.0043531931636264821,"n":0.0037999115316403259,"concernant":0.0074976657352380542,"compris":0.0063733825096781143,"Je":0.010031266639033733,"th\u00e9or\u00e8me":0.0079776032220566489,"ces":0.0064927357494981774,"entre":0.0068369071740638568,"entreprise":0.0074085279416565954,"rapport":0.0075659147282720876,"s\u00e9paration":0.015848035139008215,"abord":0.0077300833076683652,"remercier":0.0080032630288638697,"vers":0.0077061931547328637,"reviens":0.0080290968017912127,"cordialement":0.0075659147282720876,"grande":0.0080032630288638697,"origine":0.0080290968017912127,"gestion":0.0081076659134136086,"tenais":0.0081342197972589757,"observer":0.0081342197972589757,"propri\u00e9t\u00e9":0.0081342197972589757,"Youssef":0.0081342197972589757}