{"'":0.00091025546030348338,"ai":0.0037779416757244368,"les":0.0059399824615637854,".":0.0032911701631501895,"j":0.0044930097062000681,"apr\u00e8s":0.0073361407530125869,"r\u00e9ponse":0.0057502842840572322,"la":0.0031675369434129713,"et":0.0025789693031718036,"de":0.0010965501292421664,"pour":0.0023370552342400685,"d":0.0023794491059157992,"\u2019":0.0075849441456339569,"\u00e9chec":0.0087633028945217333,"mal":0.007627902860579963,"un":0.0037186590469275326,"!":0.033541039461524508,"question":0.007801713578157162,"(":0.0035135985051316138,")":0.0034343326313695357,":":0.0047329408489303112,"on":0.0037779416757244368,"quiz":0.0067550110542805618,"je":0.0028768572761333844,"n":0.0041339954977764482,"explications":0.015666776707947059,"sont":0.0066005032737730491,"compris":0.006933723162034491,"donn\u00e9es":0.0082062036317235541,"absolument":0.008678985162792122,"quand":0.0079417646196636837,"10":0.01163672990244558,"rien":0.0083837130263159886,"vraiment":0.0081814544304832371,"ni":0.016900599869798017,"10i\u00e8me":0,"aurai":0.008706900951076034,"svp":0.0079651194921112334,"10+1":0,"besoin":0.0085421582573915016,"+10":0,"certains":0.008706900951076034,"affiche":0.0087350060003865138,"10^7":0,"Q2":0.0087917942705548913,"cf":0.0087633028945217333,"10\u00e8me":0,"libell\u00e9s":0.0088493712918828928,"r\u00e9dig\u00e9s":0.0088493712918828928,"demand\u00e9s":0.0088493712918828928,"10H":0,"10min15":0,"10^1":0,"10^2":0}