{"'":0.0013509575724858691,"le":0.0037699384700548349,"les":0.0088158375718036218,"du":0.0090253559971806441,"pour":0.006862492778397824,"m":0.015768912447251888,"quiz":0.038467719302915593,"je":0.0084475591302685463,"vu":0.023808444026347117,"formatif":0.02359673921210128,"certificatif":0.022590156109264112,"difficult\u00e9s":0.024925991616775375,"lors":0.023320074575772287,"inqui\u00e8tes":0.025985156745195335,"rencontr\u00e9es":0.025985156745195335}