{"'":0.0012690295730114856,"une":0.016332685194380171,"la":0.0029754435939841587,"de":0.0058763160799628475,"d":0.0065632564905684365,"\"":0.015785586753346306,"est":0.0039041629220681272,"non":0.0099158214106870937,"?":0.0054965588285164511,"si":0.0088312048026690081,"on":0.00528932276731435,"comment":0.01464118116525959,"\/":0.0070634319983642934,"calculer":0.016807907525117263,"valeur":0.016973628002650478,"pas":0.0028727013135043259,"\u00e0":0.0033484277893201008,"n":0.0057878173839650609,"face":0.012190132454717277,"notamment":0.012073662430660678,"m\u00eame":0.0089421813149468017,"Les":0.011559056404098638,"donn\u00e9es":0.011489129115305877,"calcul":0.0074488248565932596,"rente":0.032380076064725434,"formules":0.011559056404098638,"actuelle":0.011810657800771984,"\u00e9t\u00e9":0.01083262269443777,"dur\u00e9e":0.011774040046744941,"croissante":0.012035352755192106,"toutes":0.01166555287388382,"future":0.012073662430660678}