{".":0.0022090524623564083,"sur":0.011817141319471817,"du":0.0079932887219412319,"avoir":0.016862803896907697,",":0.0012564215997091716,"la":0.0028053228408967258,"Merci":0.0067902538531926637,"de":0.002851691709939872,"question":0.010254856282283981,"quiz":0.017567102962595074,"je":0.0074815640673897461,"plus":0.015808206657405812,"Bonsoir":0.020179422769820841,"deuxi\u00e8me":0.022144985060536426,"derni\u00e8re":0.021341078937118466,"voudrais":0.021536505655774092,"clart\u00e9":0.023013702774065514}