{"'":0.0011525430334271038,"ai":0.0063670029539495054,"que":0.0025653625262610728,"le":0.0021637204049010537,"en":0.0060576945410489467,"les":0.0075210594204752181,".":0.0021279445700425189,"j":0.0075721142693432695,"r\u00e9sultat":0.0063432894256041841,"une":0.0034068225625068314,",":0.00081421877713757176,"la":0.0009174059278639771,"et":0.0021933046018147054,"Merci":0.0022205712104881722,"trouv\u00e9":0.0067541357958060145,"dans":0.0058811576023321153,"est":0.0023715696781485989,"question":0.0033535769237002431,"?":0.00087230226457644011,"(":0.0029881673119399126,")":0.0029207550300351182,"me":0.0091782215153622931,"Bonjour":0.0010445014081574687,"-":0.0016786690012315657,"utilis\u00e9":0.0066757869063948623,"3":0.0059124044482416266,"quiz":0.0057448519501341949,"ce":0.0064392519650529534,"cas":0.0058352557477537904,"calcul\u00e9":0.0067739981296271292,"Est":0.0055565845785747981,"Dans":0.0047529975527829107,"suis":0.0058505510208901896,"c":0.0057005047625341846,"petite":0.0073575283738881577,"dit":0.0065614345601161658,"\u00e7a":0.0069162588384190492,"Je":0.0062529364673151273,"donc":0.0059124044482416266,"directement":0.0073341026735607934,"final":0.0070215070997724487,"ann\u00e9e":0.0060233299329284047,"003":0,"car":0.0058813420893452572,"diff\u00e9rence":0.0066372558679195755,"TAE":0.0068342654934016069,"annuit\u00e9s":0.0073341026735607934,"constantes":0.0072877131236330226,"3\u00b0":0,"pose":0.0071520981376914884,"correcte":0.0071520981376914884,"calcules":0.0074048519693713155,"3h":0,"3ieme":0,"3\u00e8me":0,"3+":0,"3+1":0,"3M":0,"3=":0,"3^2x24":0,"3x0":0,"3eme":0,"Simo":0.0071520981376914884,"faciliterait":0.0075260169842978151,"raisonnant":0.0075260169842978151,"3e":0,"3+2":0}