{"'":0.0015512708441092458,"ai":0.012738376848553919,"questions":0.024008697764940183,"les":0.010123006132884943,"des":0.013567801605436776,"Bonjour":0.0041410940752418194,"je":0.0097001211951913656,"pas":0.006918381334352618,"derni\u00e8res":0.02945249232466424,"n":0.013938910936417191,"compris":0.023378968280288671,"deux":0.024400619619424222,"r\u00e9solutions":0.02945249232466424}