{"'":0.0014782076734429885,"ai":0.0041421143261726971,"le":0.0027821340026603033,".":0.0027292204289716374,"j":0.0049261109538213353,"du":0.0066605197950366356,",":0.00052969776923510084,"la":0.0023375745532588843,"et":0.0028275676583543736,"de":0.0023762120629096466,"d":0.0026088148192819111,"vous":0.0032839295920422925,"r\u00e9solution":0.0084107833398383604,"m":0.0058878352702465163,"question":0.004323369239918942,"-":0.0021641089764901753,"4":0.008997236205329882,"d\u00e9terminer":0.0085813961898239238,"pas":0.0022496372010065721,"\u00e0":0.0026221827115571975,"merci":0.0070556523814123261,"quizz":0.0082694741313376063,"avance":0.0051539822370257945,"pourquoi":0.0065838876403017466,"eu":0.0089163127602708767,"avec":0.0061565185326993054,"ne":0.0036970349161770596,"bonjour":0.0089431274698898843,"puis":0.008997236205329882,"partir":0.0089163127602708767,"directement":0.0094549892913427646,"difficult\u00e9s":0.0093069279874589909,"TAEG":0.008997236205329882,"TAP":0.0090796266202549224,"TAE":0.0088106084589258706,"mensuel":0.0093655749959641633,"beaucoup":0.0085319926588774114,"m\u00e9thode":0.008970101318182851,"04":0,"svp":0.0087329128900924327,"pourriez":0.008997236205329882,"04\u20ac":0,"4\u00e8me":0,"expliquez":0.0096080367511308176,"4ans":0,"4e":0,"4min25":0}