{"J":0.0049910769523675708,"'":0.0017097316851938712,"ai":0.0071630958939840981,"le":0.0036143757358455429,"tout":0.0072046179464426803,"en":0.0034430546302177145,"les":0.0028758551102398343,".":0.0060748921637225409,"l":0.0045694319637279686,",":0.001795396958974344,"la":0.001033296862764678,"de":0.0040750004816404927,"pour":0.0022386454792294539,"vous":0.0028690845728166791,"un":0.0070506941706731472,"m":0.0051440497939069848,"Bonjour":0.0011764476284945313,"pas":0.0019654499912187301,"vid\u00e9o":0.0062744334201396542,"compris":0.0066417548817430255,"avec":0.010646672001340783,"14":0.016287982351196217,"%":0.0094350541342062381,"ne":0.0032300040381108151,"comprends":0.004979550328202304,"exercice":0.0066069220335024815,"Je":0.0070347671986840483,"raisonnement":0.0071645073100782908,"chose":0.007697601333441377,"pourcentage":0.0082605802443736047,"obtenir":0.007327439672454388,"Au":0.0079326355614428006,"38":0.017430344626743848,"effectu\u00e9":0.0083135266185960718,"TAEG":0.015559219433509309,"15":0.012649465857602732,"09":0,"9":0.013437498507719033,"point":0.0079084961604374126,"nombres":0.0084215855105764965,"9+":0,"Impossible":0.0084215855105764965,"\u00e9chappe":0.0083402669165254135,"0014^2+1":0,"retourn\u00e9":0.0084215855105764965,"Quelque":0.008476738053235738,"9=":0,"9=850":0,"15x4":0,"15ans":0,"lire":0.0083135266185960718,"15\u20ac":0,"14=12":0,"plaisir":0.0083942938620013199,"hormis":0.008476738053235738,"recommen\u00e7ant":0.008476738053235738,"38xCF=60":0,"15h":0,"14\u00e8me":0}