{"'":0.0018213723612599461,"ai":0.0076407879847956032,"le":0.0025965951314613073,".":0.0017179671192091828,"j":0.0090869943279684295,"r\u00e9sultat":0.015084976940925737,"la":0.0021816830888145284,"Merci":0.0052807405209493634,"trouv\u00e9":0.016062010717083179,"est":0.0056398299854121493,"5":0.013349344811729631,"r\u00e9solution":0.015515026198018219,"!":0.011912119553202181,"question":0.0079751414714646068,"je":0.0058183684122748479,"pas":0.0041498132456143045,"C":0.016546777075006586,"mais":0.011546924165994945,"concernant":0.016497019526153258,"votre":0.012445565173570023,"comprends":0.010513726628253506,"05":0,"cordialement":0.016647186926312368,"5i\u00e8me":0,"5eme":0,"0005+1":0,"5e":0,"5=>":0,"5^2x18":0,"5x0":0,"5^2":0,"5\u00e8me":0,"5+5":0,"5xtaux":0,"5ans":0,"5min08s":0}