{"'":0.0011317662802134826,"le":0.0031582703452608229,"les":0.0037426470551064498,"au":0.006347319852306123,".":0.0010589127187079423,"l":0.003004311197554775,"du":0.0038315953270478334,"la":0.0013447358480290204,"et":0.0063441601417201622,"de":0.0026974689519492934,"pour":0.0029133803996011305,"d":0.0029662287332621194,"question":0.0049156812392989521,"?":0.0012786227883048475,"me":0.0067890178437263983,"ma":0.009298009121103153,"on":0.004709593965788658,"je":0.0035862993214459656,"se":0.0090705401124113651,"bonjour":0.010168357474186275,"Peut":0.010648681328863679,"suivre":0.010581999538932805,"effectuer":0.010682347682577781,"niveau":0.010199026804666111,"paiement":0.021487761346047671,"avant":0.0099293429906218717,"certificat":0.020687530540569498,"finir":0.01092436092849523,"situe":0.010959878367397207,"obtention":0.010959878367397207,"modalit\u00e9s":0.01092436092849523,"trajectoire":0.01092436092849523,"certifiante":0.01092436092849523,"nomme":0.011031654063130373,"Saturnin":0.011031654063130373,"Kouassi":0.011031654063130373}