{"'":0.00082099060373225642,"a":0.0083316915676868511,"le":0.0022910298025633612,"les":0.0053574738081245488,"du":0.010762576859897401,",":0.00086212593826981844,"la":0.0019249442917231531,"Merci":0.004659307015757317,"de":0.0038396650335816257,"question":0.0070366329234014049,"?":0.0018303056627976808,"Bonjour":0.0021916220096929936,"on":0.0067416258992918877,"3":0.012405685255926049,"pas":0.0036614663971213848,"Dans":0.0099729631452306587,"n":0.0073769934815157241,"pourquoi":0.01071580935210416,"calcul":0.0094940681031639978,"003":0,"frais":0.014599565005684132,"3\u00b0":0,"int\u00e9gr\u00e9":0.015637856491185414,"3h":0,"3ieme":0,"3\u00e8me":0,"3+":0,"3+1":0,"RN":0.015487393976729338,"3M":0,"3=":0,"magasin":0.015688698514450573,"3^2x24":0,"3x0":0,"3eme":0,"construction":0.015739892388426439,"temporaire":0.015791443017014795,"3e":0,"3+2":0}