{"'":0.00093048994921038331,"alors":0.0073395199079201619,"le":0.0025965951314613073,"au":0.0052061220653167144,".":0.00086852860709500819,"sur":0.0046461211152484657,"l":0.0024641598628412182,"une":0.0040958959745782501,",":0.0014498480597902219,"lieu":0.0083401674165129464,"Merci":0.0026697101229746301,"de":0.0022177438857980767,"pour":0.0023895777014473303,"d":0.0024329243237051846,"est":0.0083684358732965761,"question":0.0040318807246935377,"?":0.0010487365480710939,"(":0.0035925623479888696,")":0.0035115150703496694,"Bonjour":0.0012557651696322859,"\/":0.0051584963566348079,"pas":0.0020979630387669536,"il":0.0036668540089443112,"calcul\u00e9":0.0081441258421525789,"\u00e9nonc\u00e9":0.0081202460974194764,"Dans":0.0057143520645521612,"par":0.0049393067728832601,"avance":0.004806492456162912,"pourquoi":0.012145026818162347,"avec":0.0057414361405953513,"calcul":0.0054399526877083673,"ne":0.003447774869521148,"comprends":0.0053152777149880065,"Je":0.0037936424293068161,"12":0.012198990333275409,"k":0.0088175186898131856,"15":0.026707838510445173,"mois":0.008290300447470705,"p\u00e9riode":0.0084160854486061976,"TPP":0.008874034773484479,"dur\u00e9e":0.0085987014100328343,"12^3+2":0,"12^4+189":0,"12^4":0,"12\u20ac":0,"15x4":0,"15ans":0,"12=":0,"15\u20ac":0,"k=12":0.0090482501231031309,"TPP=TAP":0.0090482501231031309,"Gwenvael":0.0090482501231031309,"12^5":0,"15h":0}