{"'":0.0019536780297200163,"que":0.0029515739546723389,"le":0.0012562585720639645,"tout":0.0036995680580767009,"en":0.0017680069959096038,"les":0.0029377061741118482,".":0.0016448395732610642,"j":0.0022100076045940176,"l":0.0035184997093632903,"du":0.0015118469524303666,"avoir":0.00318942297317385,"une":0.0019703943301315648,",":0.0011633081436077828,"et":0.0012685353793380893,"premier":0.0040610092027187628,"de":0.0026403527207744166,"pour":0.0034120060856559758,"nous":0.0031813793129100622,"d":0.0023282741693857771,"des":0.0019792791600175127,"!":0.002897093785827812,"m":0.0026414672433936431,"?":0.001003626044416422,"me":0.0026787682573308977,"Bonjour":0.00060410532532505061,"-":0.0028817288484065048,"formation":0.004228344995312187,"cours":0.0030796006128339126,"je":0.006927105048601884,"ce":0.0018793688664048959,"o\u00f9":0.0032969848170549725,"qu":0.0026850519764259973,"\u00e0":0.0023402045364067101,"n":0.0020334168151998557,"suis":0.0067313425829561586,"plus":0.0029899569363464966,"id\u00e9e":0.004282723290753577,"Les":0.0040610092027187628,"%":0.0024476836752576068,"ne":0.0016586056131892074,"Je":0.0018249905709635059,"Mais":0.00395271480440811,"Comment":0.0035212838180486796,"doit":0.0037203750267072078,"A":0.0037626369588523649,"examen":0.0041110501246806961,"final":0.0040610092027187628,"passer":0.0040486885293867722,"sous":0.0041365387719759098,"avais":0.0040610092027187628,"son":0.0040001370634681803,"20":0.007055089629313103,"\u00e9ch\u00e9ance":0.0042965475147738238,"pr\u00eat":0.004228344995312187,"rattraper":0.00431046610282827,"enfin":0.0042689921598569429,"chacun":0.004282723290753577,"salutations":0.0042689921598569429,"Afrique":0.004338591586431283,"d\u00e9cembre":0.0042965475147738238,"jour":0.00431046610282827,"Puis":0.0042149740278418476,"20\u00e8me":0,"g\u00e9rer":0.004338591586431283,"propos":0.0042553528766769363,"dates":0.0042689921598569429,"\u00e9taient":0.0042689921598569429,"inscrit":0.004282723290753577,"centrale":0.0043244803520322587,"Mr":0.004338591586431283,"examens":0.012877548044389391,"Professeurs":0.0043528011577516771,"calendrier":0.0043528011577516771,"respectant":0.0043528011577516771,"mi":0.0043528011577516771,"2020":0.014472365098439317,"suggestions":0.0043528011577516771,"indicatives":0.0043528011577516771,"motiver":0.0043528011577516771,"aper\u00e7ois":0.0043528011577516771,"pourrais":0.0085748300802448735,"Certificat":0.0043528011577516771,"faveur":0.0043528011577516771,"rattrapage":0.0043528011577516771,"Cordiales":0.0043528011577516771,"Mbairo":0.0043528011577516771,"MBAIGUEDEM":0.0043528011577516771,"Conseiller":0.0043528011577516771,"Technique":0.0043528011577516771,"Institut":0.0043528011577516771,"r\u00e9gional":0.0043528011577516771,"Libreville":0.0043528011577516771,"Gabon":0.0043528011577516771}