{"'":0.0015512708441092458,"que":0.0034746893683960029,"le":0.0029212973136795565,".":0.0019327975584361437,"Quand":0.0096872543768624416,"j":0.0051755602982723244,"l":0.005483667581688367,"avoir":0.0074692281058411246,",":0.0010992987453516266,"la":0.0012425926516898159,"Merci":0.0030076821883318768,"de":0.001263131327346042,"*":0.029776621019858507,"dans":0.0079403096010478187,"est":0.0032122040696850218,"5":0.007603211416440046,"?":0.0011815013955041517,"Bonjour":0.0014147388141234824,":":0.0054519403147499611,"-":0.0022736955389055439,"je":0.0033138918621977271,"ce":0.0044012458918941469,"pense":0.0093119673683000944,"trouve":0.0084738396462023906,"compris":0.007987052034879134,"exercice":0.0079451637423459311,"O\u00f9":0.010094570345582518,"Je":0.0084422582803215501,"raisonnement":0.0086156887311761004,"formule":0.0069679947301237392,"erreur":0.0088872222440585895,"fais":0.0097477011932127784,"191":0.030582521270308385,"19":0.024600284036531615,"donn\u00e9e":0.0097477011932127784,"applique":0.0097477011932127784,"Excel":0.0096275631655183911,"05":0,"5i\u00e8me":0,"5eme":0,"0005+1":0,"5e":0,"corrig\u00e9":0.010029600163381454,"5=>":0,"5^2x18":0,"5x0":0,"5^2":0,"5\u00e8me":0,"5+5":0,"Nathalie":0.010061974760122605,"5xtaux":0,"5ans":0,"5min08s":0}