{"'":0.0023026022250068295,"ai":0.0039516551081097686,"le":0.0026556287617228399,"en":0.007434873663206349,".":0.0017570251280947613,"l":0.0025208121499239785,"du":0.0032149572460653921,"et":0.0026975528198388454,"de":0.0022681643271609542,"pour":0.002444515306750611,"d":0.0024888584898750108,"un":0.0038896466063870574,"est":0.0029168016459915876,"5":0.0069040008334429904,"m":0.0056171057796168735,"cours":0.0065488006502918972,"je":0.0030091379715001328,"pas":0.0021461962748298953,"\u00eatre":0.0073883596141494125,"n":0.0043240806311702958,"suis":0.0071956126800424578,"c":0.0070110702744871052,"exercice":0.0072145063571940823,"Je":0.0038808601959928724,"faire":0.0072525424962307291,"entre":0.0077800068876122007,"principe":0.0087963899237392621,"car":0.0072334827202858859,"\u00e9t\u00e9":0.0080930566516431244,"notions":0.008991616750419297,"Le":0.0080012840821816027,"approfondi":0.0092260571985100046,"c\u00f4t\u00e9":0.0090780533410907954,"05":0,"5i\u00e8me":0,"5eme":0,"0005+1":0,"5e":0,"Personnellement":0.0091662480841262755,"5=>":0,"5^2x18":0,"5x0":0,"5^2":0,"5\u00e8me":0,"b\u00e9ta":0.0092260571985100046,"5+5":0,"all\u00e9":0.0092562739901016055,"Vernimmen":0.0092562739901016055,"tirer":0.0092562739901016055,"capable":0.0092562739901016055,"pont":0.0092562739901016055,"vues":0.0092562739901016055,"m\u00e9riterait":0.0092562739901016055,"cl\u00e9":0.0092562739901016055,"5xtaux":0,"5ans":0,"5min08s":0}