{"'":0.00076126851716025955,"que":0.0049912009219976834,"le":0.0021243712810337582,".":0.0014055329479703569,"r\u00e9ponse":0.0095147722950807857,",":0.00079941150562315021,"la":0.003507190811964414,"Merci":0.0043203706921312321,"bien":0.0091606620288165359,"d":0.003937182113463846,"vous":0.0049560546636355082,"est":0.0046141551702671146,"5":0.010921596669056228,"question":0.0065247605600438916,"?":0.0016971620278402367,"Bonjour":0.0020321948021208782,"ce":0.012422421082448596,"calcul\u00e9":0.013179574178735267,"Est":0.010810959382088594,"\u00e0":0.0039573567253113279,"expliquer":0.011719064891208662,"Le":0.012657414112238433,"pouvez":0.01302628594307405,"donn\u00e9e":0.014002038750698676,"avantage":0.014406971177929027,"rapport":0.013619684250257412,"05":0,"5i\u00e8me":0,"5eme":0,"0005+1":0,"5e":0,"5=>":0,"5^2x18":0,"5x0":0,"5^2":0,"5\u00e8me":0,"5+5":0,"PER":0.014642711323044665,"5xtaux":0,"5ans":0,"5min08s":0}