{"'":0.0016755001532082865,"les":0.005576205755946936,"l":0.004476152077873205,",":0.0017594502727427074,"la":0.0020035348419447292,"un":0.0069067620686836789,"dans":0.006481434694979033,"an":0.014750445776637536,"?":0.0037353380227426103,"comment":0.0098587372488361472,"actif":0.013551212895590165,"fonds":0.015149933360326129,"indic\u00e9":0.015428259049432643,"calculer":0.011317716932978675,"valeur":0.011429305924762226,"ou":0.010808694720816707,"pas":0.0038109547017984987,"n":0.0076781772504103118,"m\u00eame":0.011862788437604787,"En":0.013015067891636775,"quand":0.014750445776637536,"actifs":0.01524159522457747,"AOA":0.015287838640834361,"ont":0.01496981975159338}