{"'":0.0019486224622170675,"en":0.0039408907964291759,".":0.0018407239079718876,"l":0.0077432514979699782,"r\u00e9ponse":0.0063045798365830782,",":0.00052969776923510084,"la":0.0011827027258614741,"et":0.0055885980993005333,"Merci":0.0028627192651007921,"de":0.0023762120629096466,"pour":0.0025623344132083316,"d":0.0026088148192819111,"2\u00e8me":0,"un":0.0040771171803430841,"est":0.0030573836921322368,"non":0.0077651653581790187,"5":0.0072367552273031217,"question":0.004323369239918942,"?":0.001124555918765175,"ma":0.0081776512084001714,"on":0.0041421143261726971,"4":0.008997236205329882,"2":0.0072552688174516876,"\u00e0":0.0026221827115571975,"6":0.025466215219155292,"avec":0.0061565185326993054,";":0.0085566272996575234,"explication":0.0085566272996575234,"calcule":0.0085319926588774114,"On":0.0090796266202549224,"2e":0,"ann\u00e9e":0.022755717932985458,"02":0,"ceci":0.009395184743012883,"actualise":0.0094851892702080588,"06":0,"ensuite":0.0089163127602708767,"2\u00b0":0,"premi\u00e8re":0.0087329128900924327,"Quelle":0.0091635381746201644,"point":0.0090519968689234901,"04":0,"abord":0.0092203524156110259,"6min15":0,"05":0,"2X3":0,"06^":0,"2min54":0,"5i\u00e8me":0,"2i\u00e8meann\u00e9e":0,"5eme":0,"2eme":0,"0005+1":0,"04\u20ac":0,"Exercice":0.0096392745379917499,"06=":0,"5e":0,"5=>":0,"2\u20ac":0,"4\u00e8me":0,"2^2x4":0,"5^2x18":0,"2x0":0,"5x0":0,"+2x0":0,"5^2":0,"02+":0,"coefficient":0.0096707285050280974,"4ans":0,"5\u00e8me":0,"4e":0,"2=":0,"4min25":0,"derri\u00e8re":0.0096392745379917499,"5+5":0,"2x":0,"15164":0.032258928019489812,"2M":0,"5xtaux":0,"5ans":0,"5min08s":0}