{"le":0.0018545612301088699,"en":0.0051921520979441261,".":0.002416280285939116,"une":0.0057865082426930021,",":0.0020304943201265311,"la":0.0015582193865635702,"Merci":0.0037716533154346869,"de":0.0015839750213955889,"2\u00e8me":0,"est":0.0079322880266024277,"5":0.009534477298837097,"!":0.016754115558044989,"?":0.0043107684010349218,"Bonjour":0.0017740918104523448,"comment":0.0076674860783861858,"1":0.0066836105117655635,"2":0.0095588690876218692,"valeur":0.017504394257621448,"ou":0.0084063013553964099,"calcul\u00e9":0.011505675829571698,"Si":0.010684958922047547,"1+r":0,"01":0,"En":0.010122275231562426,"n\u00e9gatif":0.024298696494623823,"Comment":0.010341045711717843,"obtenir":0.011049833753432882,"2e":0,"ann\u00e9e":0.010230661464124846,"02":0,"1+7":0,"1+3":0,"1+TAP":0,"1+6":0,"1\u00b0":0,"2\u00b0":0,"1=1":0,"1mais":0,"1+TEG":0,"positive":0.012536860233126328,"1+TRI":0,"1er":0,"1+2":0,"positif":0.012261944867715025,"1\u00e8re":0,"liquidation":0.012699813849305864,"BFR":0.012073027753282541,"1+TAE":0,"1min45":0,"05":0,"1+n":0,"1+0":0,"1+5":0,"1=5":0,"1+TAEG":0,"1=9":0,"1+r2":0,"1+2r+r":0,"1+1":0,"1x":0,"1\u00e8res":0,"1+taux":0,"1X4X":0,"1X08":0,"2X3":0,"1=r":0,"2min54":0,"1+rn":0,"5i\u00e8me":0,"2i\u00e8meann\u00e9e":0,"1+4":0,"5eme":0,"2eme":0,"0005+1":0,"1+i":0,"1+R":0,"1+":0,"1\u20ac":0,"1+x":0,"5e":0,"1+9":0,"1=":0,"1\u2212":0,"1+F3":0,"1+tri":0,"1+A2":0,"1+12":0,"1+41":0,"5=>":0,"2\u20ac":0,"2^2x4":0,"5^2x18":0,"2x0":0,"5x0":0,"1x4":0,"+2x0":0,"5^2":0,"1+11":0,"02+":0,"cashflow":0.012741254678136853,"1USD":0,"1^3":0,"5\u00e8me":0,"2=":0,"1=16":0,"1+15":0,"1+TMEG":0,"1\u00b2=4":0,"5+5":0,"2x":0,"Nathalie":0.012617782760114219,"2M":0,"1M":0,"1EUR":0,"5xtaux":0,"1+g":0,"1ere":0,"1+rd":0,"5ans":0,"5min08s":0,"1an":0}