{"'":0.0011632201961907166,"que":0.0038662528270737686,"le":0.0048038375342818905,"les":0.0038480874866077567,"l":0.0060932619201222718,"r\u00e9sultat":0.0095599590403440196,",":0.00061923513837903489,"la":0.001382620672855876,"et":0.0033055250595552775,"Merci":0.0033466185119579487,"de":0.0053988863841730747,"dans":0.0044727775187303406,"est":0.0070504406282739032,"?":0.0025932678187664481,"Bonjour":0.0015741660216955916,"-":0.0025299187562359154,"taux":0.013052629647297377,"pas":0.0026299042291220917,"ce":0.0048972231955335,"calcul\u00e9":0.010209079282620655,"\u00e9nonc\u00e9":0.020079373531544216,"par":0.0061916742720938001,"pourquoi":0.007696793928170664,"avec":0.0071971845587234917,"prendre":0.010549994592350381,"ne":0.0043219625621925706,"Pourquoi":0.0096673032348903506,"indiqu\u00e9":0.010948683316147879,"rendement":0.010518082442902459,"croissance":0.010582099565623369,"dividende":0.021066561405111532,"multiplication":0.011268647612064156,"actionnaires":0.010983298141574761,"exig\u00e9":0.011124057549593348,"Nathalie":0.011195860762721086}