{"'":0.0025403955015300787,"a":0.0067444046975594467,"le":0.0018545612301088699,"les":0.0043368109855029821,"sur":0.0065638430020683201,"du":0.0044398802402889981,"apr\u00e8s":0.010597111245835164,"et":0.0037253408195695652,"de":0.0015839750213955889,"pour":0.003375894102731493,"d":0.003437132373562773,"est":0.0040281251045343044,"-":0.0056147142298989478,"calculer":0.008802185800516598,"pas":0.0058366145798660904,"ce":0.00551919139748357,"il":0.010201330135646005,"qu":0.0078852619275506883,"n":0.0059715880126384995,"y":0.0092030311952226752,"donn\u00e9es":0.01185392370718079,"calcul":0.0076853346038715511,"s":0.0091571445655755906,"Je":0.005359497243890371,"manque":0.012536860233126328,"erreur":0.01114463535138302,"CF":0.010176223126775621,"imp\u00f4ts":0.012339212725155832,"CMPC":0.011926071277121067,"demandais":0.012536860233126328,"Free":0.012782984295560743}