{"'":0.0011964729071457885,"a":0.012142213548016851,"l":0.0062674486115732097,"du":0.0079932887219412319,",":0.0012564215997091716,"de":0.002851691709939872,"pour":0.006077753181936073,"?":0.0026674009755745269,"Bonjour":0.0031939663442935519,"on":0.0098249269869179496,"trouver":0.017209203027428312,"pourquoi":0.015616714137343973,"investissement":0.019893444584192534,"flux":0.018819847225952938,"CF":0.018320649465517674,"soustrait":0.022570596071636233,"tr\u00e9sorerie":0.022789873029581097}