{"'":0.0015512708441092458,"le":0.0022045549204906499,".":0.0014585842898666729,"l":0.0041382458036492162,",":0.00082958500896357639,"la":0.0018522873012130113,"Merci":0.0044834415493730023,"bien":0.0095064279633605316,"pour":0.0040129944670498621,"vous":0.0051431191865960223,"\"":0.019296414369219451,"je":0.0049398970817946426,"pas":0.0035232644084130737,"il":0.006158018984049122,";":0.01340094323095742,"ne":0.0057901031913051978,"comprends":0.0089263387619330989,"s":0.010885285307349385,"bonjour":0.01400625963176017,"va":0.014307379278104618,"expression":0.014999016812110839,"plait":0.013839742861875852,"retard":0.014999016812110839,"fiscalit\u00e9":0.015145790410091875,"diff\u00e9rer":0.015195395261055265,"desol\u00e9":0.015195395261055265}