{"'":0.00144419860480164,"au":0.0054511381455716237,".":0.0017979007495707506,"j":0.0048101916354831801,"du":0.0065055674455933004,"une":0.0042886614080875334,",":0.0010225747800866611,"la":0.0033861555148006054,"et":0.0027610304409461475,"Merci":0.0027953548738163109,"pour":0.0025020385608984894,"d":0.0025474252082161985,"des":0.0043079996829021713,"dans":0.0037360100626360206,"(":0.0037616393564669746,")":0.0036767777452348721,"Bonjour":0.0013148653320417944,"savoir":0.007582438520813548,"il":0.0038394274109634354,"existe":0.009059562258492769,"\u00e0":0.0025604785324732865,"fois":0.0085024097971048204,"merci":0.0068896215262100411,"cette":0.0064760891643211409,"lorsque":0.0087855167581582412,"ils":0.008654589061563394,"le\u00e7on":0.0084775462752241012,"calcul":0.0056959735546016172,"s":0.0067868031737885574,"flux":0.015317072822369514,"futurs":0.0091164621025845872,"aimerais":0.0082834988850462223,"solution":0.0085525586589083966,"unique":0.0091741009263306261,"etant":0.0094431607001928021,"TRI":0.0084775462752241012,"utilisation":0.0092916740813927638,"tri":0.0093819441841546201,"positifs":0.0094431607001928021,"existent":0.0094124468956197169,"regle":0.0094740885399735696,"negatifs":0.0094740885399735696}