{"J":0.0054500652829729181,"'":0.0018619001128244419,"ai":0.0039516551081097686,"a":0.004883684148968134,"que":0.0031551481316816634,"le":0.0026556287617228399,"les":0.003140323870931991,".":0.00260646364020893,"l":0.0025208121499239785,"une":0.0041900627038201511,",":0.00050534165180475142,"et":0.0026975528198388454,"de":0.0011469705706050441,"d":0.0024888584898750108,"2\u00e8me":0,"est":0.0029168016459915876,"5":0.0069040008334429904,"(":0.0072677195294421279,")":0.0071037616560773766,"Bonjour":0.0012846358488326653,"taux":0.0053999364929162453,"2":0.006921663147256436,"pas":0.0021461962748298953,"par":0.0050528639448455381,"pourquoi":0.0062811528548655593,"c":0.0070110702744871052,"%":0.0052050231375572091,"comprendre":0.0075285688009544532,"ne":0.0035270409653009997,"obtient":0.0087692043046205172,"investissement":0.0080012840821816027,"tous":0.0080012840821816027,"ans":0.0080469275778057049,"2e":0,"ann\u00e9e":0.0074081140539928644,"02":0,"capitalisation":0.0087421880674055756,"2\u00b0":0,"autres":0.0083559305920834163,"voudrais":0.0086621348635764015,"05":0,"2X3":0,"Irena":0.0091662480841262755,"650":0.024764525163666055,"2min54":0,"5i\u00e8me":0,"2i\u00e8meann\u00e9e":0,"5eme":0.0070839474865322556,"2eme":0,"0005+1":0,"5e":0,"Serena":0.0092260571985100046,"5=>":0,"2\u20ac":0,"2^2x4":0,"5^2x18":0,"2x0":0,"5x0":0,"+2x0":0,"5^2":0,"02+":0,"5\u00e8me":0,"2=":0,"5+5":0,"2x":0,"Mas":0.0092562739901016055,"Paolo":0.0092562739901016055,"obtiennent":0.0092562739901016055,"2M":0,"5xtaux":0,"650\u20ac":0,"5ans":0,"5min08s":0}