{"'":0.0017700040480108942,"que":0.0039783336002854972,"le":0.0033388385637658029,"au":0.0067153305449247601,".":0.0022090524623564083,"j":0.0059257399012980798,"l":0.0062674486115732097,"du":0.0040537470513900215,",":0.00063718646133013217,"la":0.0014227021680408394,"Merci":0.0034436353412346898,"de":0.0014462178538491074,"pour":0.0030822950224130312,"des":0.0053070828670194123,"me":0.0071826377048654754,"Bonjour":0.0016198003225979488,"savoir":0.0093409082000973313,"cours":0.0082573979354628926,"je":0.003794229050517925,"choix":0.011301698567822715,"suis":0.0090729647246056942,"toujours":0.01008883766500261,"VAN":0.0086610000763020275,"compte":0.0096754881080441339,"car":0.009120715146220381,"aimerais":0.010204553910781127,"projets":0.010955545738060611,"reste":0.011125883144776205,"fil":0.011595320179508891,"IP":0.011446538522042801,"importance":0.011557743478178914,"rendu":0.011633156929283439,"crit\u00e9re":0.011671257351914821,"predominant":0.011671257351914821}