{"'":0.0022651892085338971,"ai":0.0032432929500713784,"a":0.0020135781511593336,"que":0.0038662528270737686,"le":0.0037699384700548349,"en":0.0090878409060125304,"les":0.0025773985818328331,".":0.0014449494700029362,"j":0.0038571656090817447,"l":0.0060932619201222718,"du":0.003939541670551181,"une":0.001727593033260045,",":0.0025657622316424132,"la":0.002727356520884907,"\u00e9tait":0.0034759469775691438,"et":0.0022139973767127319,"Merci":0.0011260473014697838,"de":0.004538675031714158,"pour":0.0059088385591241736,"nous":0.0027893547261547747,"d":0.0010261742822984591,"des":0.0017353830324383513,"vous":0.0012917298948647677,"un":0.0016037293124304245,"dans":0.0015049695796054035,"sauf":0.0037429467805655766,"Bonjour":0.00052966461353812623,"ma":0.006403135312987294,"on":0.0064265214540994318,"projet":0.0061457593243388394,"comment":0.002289169042205256,"1":0.0019954277213257887,"3":0,"2":0,"cours":0.0027001176782720398,"pas":0.0008848921828841286,"il":0.0030787354206203766,"qui":0.0022161873994598858,"qu":0.0046862690067393988,"\u00e0":0.001031432527214904,"ann\u00e9es":0.0034452103697938858,"cela":0.0031551666758432863,"n":0.0017828495900201553,"par":0.0020833321995795853,"quizz":0.0032527880549401483,"avance":0.0020273129330485567,";":0.0066998751874166622,"m\u00eame":0.0027545036813716858,"prendre":0.0035497900040858408,"1+r":0,"%":0.0021460685307174206,"toujours":0.0032989870592888262,"calcul":0.0068192595938376434,"01":0,"quand":0.0034250090025060888,"investissement":0.0098046069191898497,"VAN":0.0084169955048228762,"flux":0.0031209493254650209,"faire":0.0029902755103133226,"total":0.0035933970923447099,"Or":0.0036156060982295663,"donc":0.0089105731368633086,"t=0":0.007023627084086298,"doit":0.0032619328420544482,"part":0.007087751644985308,"faut":0.0031725241129901527,"derni\u00e8re":0.0035390524223622194,"erreur":0.0033272905841939177,"ann\u00e9e":0.003054418784140285,"tenir":0.0037429467805655766,"compte":0.0062979409496613245,"car":0.0029824170274061843,"CF":0.0030381659269071615,"1+7":0,"compr\u00e9hension":0.0035823951992689203,"suppl\u00e9mentaire":0.0037671066344869145,"\u00e9tant":0.0035390524223622194,"1+3":0,"1+TAP":0,"1+6":0,"ensuite":0.0035072212791393362,"15":0.0056950894223014858,"1\u00b0":0,"1=1":0,"Ensuite":0.0036955850179417626,"sommes":0.0036156060982295663,"uniquement":0.0037191090676393541,"\u00e9galement":0.0036380944700002637,"amortissement":0.010679595088376818,"1mais":0,"toutes":0.0035933970923447099,"1+TEG":0,"ont":0.0034759469775691438,"indiquez":0.0037671066344869145,"indique":0.003730988194286623,"diviser":0.0037073083516402329,"avant":0.0034350811529935488,"1+TRI":0,"fallait":0.0037191090676393541,"1er":0,"date":0.0036839380582947296,"1+2":0,"exploitation":0.0037671066344869145,"Concernant":0.0036839380582947296,"consid\u00e9rer":0.0036839380582947296,"1\u00e8re":0,"actualiser":0.0036839380582947296,"t=1":0.0073798057822733838,"1+TAE":0,"1min45":0,"\u00e9claircissements":0.0037429467805655766,"1+n":0,"1+0":0,"1+5":0,"1=5":0,"1+TAEG":0,"1=9":0,"1+r2":0,"1+2r+r":0,"1+1":0,"Q3":0.0037915974555925744,"1x":0,"troisi\u00e8me":0.0037793101083743331,"1\u00e8res":0,"1+taux":0,"1X4X":0,"1X08":0,"1=r":0,"1+rn":0,"3M":0.0031209493254650209,"1+4":0,"1+i":0,"1+R":0,"1+":0,"1\u20ac":0,"1+x":0,"1+9":0,"1=":0,"r\u00e9alise":0.0038164284378528171,"1\u2212":0,"1+F3":0,"1+tri":0,"1+A2":0,"1+12":0,"1+41":0,"1x4":0,"15x4":0,"1+11":0,"t=3":0.0037915974555925744,"1USD":0,"1^3":0,"sommer":0.0037915974555925744,"15ans":0,"1=16":0,"1+15":0,"1+TMEG":0,"15\u20ac":0,"1\u00b2=4":0,"CF1":0.0038039698370319927,"additionner":0.0038039698370319927,"2M":0.002998168688621702,"1M":0.0022367370737883287,"induis":0.0038164284378528171,"pr":0.0038164284378528171,"1EUR":0,"1+g":0,"1ere":0,"15h":0,"1+rd":0,"1an":0}