{"'":0.0016234937236142546,"a":0.0067444046975594467,".":0.00061837953636836916,"j":0.0032708491778921595,"l":0.0017544454161595739,"apr\u00e8s":0.005340609417731782,"avoir":0.0047204007298755225,"une":0.0029162174199930569,",":0.0010386842668699402,"la":0.00078529336323087675,"et":0.0037253408195695652,"de":0.00079827338983931681,"pour":0.0017013440191447279,"nous":0.0047084959746582266,"d":0.0017322061737772634,"\u2019":0.0055217348604588243,"vous":0.0021804702547462839,"un":0.0027071325641072523,"dans":0.0025404238267406122,"m":0.0039094168470385519,"?":0.00074668492790108611,"cours":0.0045578617520523898,"ce":0.002781498171706886,"il":0.0026107458792470574,"qu":0.0078852619275506883,"merci":0.0046848264295251147,"aurais":0.0061411885002653809,"elle":0.0055687672648663733,"y":0.00463803709640231,"avec":0.0081112576487910974,"financier":0.0061796329887509579,"quelque":0.0061221483643364811,"chose":0.0058500857379698776,"ces":0.010203380433490221,"expliquer":0.0051559303000055208,"entre":0.0054147618346225349,"mon":0.0051975564983631648,"esprit":0.0064211899968984465,"diff\u00e9rence":0.0056814468108769868,"grand":0.0061411885002653809,"notions":0.0062580231502424822,"concurrentiel":0.0062580231502424822,"chapitre":0.0062382338889444338,"pouvez":0.0057310564463906267,"reste":0.0061411885002653809,"combien":0.0063795637985408016,"propose":0.0063795637985408016,"\u00e9quipe":0.006338503960611603,"fluidit\u00e9":0.0064211899968984465,"m\u00e9thodologie":0.0063795637985408016,"marche":0.018779561603603268,"suivi":0.0063181816512623392,"confuse":0.0064003051278431781,"Louvain":0.0064211899968984465,"superbes":0.0064422204062847752,"int\u00e9ressants":0.0064422204062847752,"instructifs":0.0064422204062847752,"ordinaire":0.0064422204062847752,"remarquable":0.0064422204062847752,"aime":0.0064211899968984465,"\u00e9lucider":0.0064422204062847752,"secondaire":0.0064422204062847752}