{"'":0.00051688001794020645,"que":0.003388885739986849,"le":0.0028500175340329332,"les":0.013019186824923703,".":0.00095431753577894345,"sur":0.0051050418114200477,",":0.0010724758088543561,"la":0.0023946109200802795,"et":0.0057249588116314726,"de":0.0012319396898922478,"des":0.013240578034586272,"vous":0.003365022414178318,"mal":0.0085697097050049902,"un":0.0041777968475120979,"m":0.0060332285148195167,"?":0.0011523255193447433,"Bonjour":0.0013798033966996523,"taux":0.01698717545268548,"pas":0.0023051893754057677,"ce":0.0042925619702520431,"Est":0.0073403388599458342,"Je":0.0041683595280431526,"actifs":0.0092194124898283807,"li\u00e9":0.0097194149881648078,"deux":0.016064536681669041,"faire":0.0077898205784161043,"entre":0.01651134267259682,"diff\u00e9rence":0.0087679232596491203,"calculs":0.0089485620177234704,"\u00e9tant":0.0092194124898283807,"rappel":0.0098773052124385662,"dette":0.0093038374402317128,"lors":0.0089223235507776937,"propres":0.0094774220873247873,"pourriez":0.0092194124898283807,"levier":0.0097819302296778734,"capitaux":0.0095069924442140168,"via":0.0096577277874689837,"petit":0.0096884692559433602,"embrouille":0.0099095358986105893}