{"'":0.0018536508212322728,"alors":0.0059927349436578268,"que":0.0025182889880976124,".":0.00070915561216587035,"j":0.003750999046107819,"avoir":0.0054133399836002816,"une":0.0033443085161408235,",":0.00040333964170762466,"la":0.0017849162705570875,"Merci":0.0021798244768193266,"de":0.0026974689519492934,"bien":0.0091606620288165359,"d":0.0058533485289790068,"vous":0.00250055609439337,"un":0.0091477507999610051,"dans":0.0029133496632071823,"?":0.0008562958118738433,"si":0.0052660470235390399,"Bonjour":0.0010253351591788691,":":0.0039513060889060543,"-":0.0048555704300912257,"taux":0.0043099721594654569,"actif":0.0060911547185687007,"sans":0.0057132310186065139,"risque":0.016922789731586698,"je":0.0093533879144850948,"investir":0.0071766803023939783,"pas":0.0017129916630315442,"ce":0.0031898129266684158,"il":0.0029939947610169216,"Est":0.0054546231234040695,"par":0.0040329553794603958,"avance":0.0039245121833367397,"contre":0.0070867827238182421,"lorsque":0.013578486750540885,"ne":0.0028151161380662666,"s":0.005292365493967526,"prime":0.013336366447209003,"portefeuille":0.014224043988395108,"va":0.0069561686499317868,"=":0.0053996876495929396,"aimerais":0.0064594924216823772,"plait":0.0067288064115437144,"confirmation":0.0073637995038233033,"vais":0.0072456698728902182,"beta":0.0072456698728902182,"decide":0.0073637995038233033,"volatilit\u00e9":0.0072225202067571935,"exiger":0.0073637995038233033,"diversifi\u00e9":0.0073637995038233033,"detiens":0.0073879171079245754,"dependre":0.0073879171079245754,"dispose":0.0073879171079245754,"cel\u00e0":0.0073879171079245754}