{"'":0.0013509575724858691,"les":0.0088158375718036218,".":0.0024942780853752402,"j":0.0131932040844962,"du":0.0090253559971806441,",":0.0014186466440021884,"Merci":0.0076669892040891986,"Bonjour":0.003606360823816478,"comment":0.015586409478548776,"savoir":0.020796813608277381,"sont":0.01938161554182841,"march\u00e9":0.022850545075253217,"aimerais":0.02271965435180294,"rendements":0.025649336275274576,"calcul\u00e9s":0.025816088471893033}