{"'":0.0014695560605303205,"a":0.0075876245917978306,"questions":0.0058374401595063319,"le":0.0031023452359894132,"en":0.0029467293499898968,".":0.0013804287596872837,"j":0.003683409786966151,"sur":0.0037252122931027156,"r\u00e9sultat":0.006114689818760676,"avoir":0.01566839436405431,",":0.00078513323702631766,"la":0.0017530359263856531,"et":0.0021142622412944549,"Merci":0.0021405462153119103,"de":0.00089896166313105667,"pour":0.0019159389107487098,"d":0.0019506937882247792,"des":0.0065393215383950558,"est":0.0022861029968020961,"r\u00e9solution":0.0062890101259250051,"?":0.00084086621596639538,"(":0.0057099747154223746,")":0.0055811591622747124,"Bonjour":0.0010068596429420112,"4":0.0067275195798523722,"quiz":0.010977618036325935,"pas":0.0033344768287615289,"il":0.0058280529739276931,"o\u00f9":0.0054950698438207381,"\u00e0":0.0019606893863141203,"n":0.0067181864209864368,"aim\u00e9":0.0072311111861742628,"possible":0.0061317249466616508,"y":0.010353641121391005,"effet":0.0065491316469475499,"Je":0.0030417036195867749,"formatif":0.0065879720799953663,"deux":0.0059327314741437391,"certificatif":0.006306944209234072,"Il":0.0066075600356653042,"car":0.005669390150985068,"solution":0.0065491316469475499,"09":0,"ici":0.006568496376836562,"9":0.011500448147300325,"04":0,"aurai":0.0071379957477239126,"avant":0.0065298766328307058,"retrouver":0.0070029382050234359,"indices":0.0072075920549353051,"pr\u00e9cisions":0.0072075920549353051,"permettre":0.0071842345684870008,"r\u00e9ussi":0.0070697961166254339,"9+":0,"Sans":0.0071610365200486491,"ayant":0.0070923776010380626,"possibilit\u00e9":0.0070697961166254339,"04\u20ac":0,"9=":0,"9=850":0,"4\u00e8me":0,"poste":0.0072311111861742628,"4ans":0,"4e":0,"4min25":0}