{"'":0.001528604272166022,"a":0.0031945098893126278,"que":0.0040971072114805952,"le":0.0042656735995971742,"en":0.0024592802430286878,"les":0.004077857216523947,".":0.0017179671192091828,"sur":0.0031089862370789196,"l":0.0016489107600730138,"du":0.0041747721399171683,",":0.0012933961983884188,"la":0.00073805583492005534,"et":0.0017645201649126112,"Merci":0.0017864562337984861,"de":0.0029356127095122842,"pour":0.0031743172979090827,"d":0.0048123734296209898,"Bien":0.0049112939190502003,"un":0.0050508877859390859,"est":0.0019079349562875008,"?":0.00070176980181893523,"(":0.0047723632498456745,")":0.004664699968922552,"Bonjour":0.00084030453200552551,"-":0.003992042846541418,"projet":0.0048980709600464209,"d\u00e9terminer":0.0053551491775306048,"je":0.0019683338879100875,"ou":0.011769771101996741,"pas":0.0014038674523614771,"ce":0.0051896369347982935,"\u00e0":0.0016363513909056122,"n":0.0028284626763541401,"explications":0.005417832824214229,"sont":0.00451603712801865,"avance":0.0032162999035454561,"utilise":0.005530977381374905,"Marie":0.0056834133231440133,"lorsque":0.005614650693107028,"calcul":0.0036401844930254975,"effet":0.016156747571099889,"fonction":0.0056660657487649212,"Pour":0.0048457870912139702,"d\u00e9termination":0.0059764550936525374,"autres":0.0054657717609482058,"dettes":0.0059003077129962684,"g\u00e9n\u00e9ralement":0.006034937981448169,"CA":0.027941323325973808,"BFR":0.0057184300588846663,"conserve":0.006034937981448169,"initial":0.011713200238166667,"influence":0.0059958157119602406,"cannibalisation":0.017781173398969771,"nouveau":0.0058445094629487994,"stocks":0.006034937981448169,"sorte":0.0059572257347830018,"Ange":0.0057538845151507726,"clients":0.011864366848557881,"fournisseurs":0.0060153093939807221,"cr\u00e9ances":0.011902801250627003,"partant":0.006034937981448169,"exprim\u00e9s":0.006054703354600538,"subit":0.006054703354600538,"bfr":0.006054703354600538,"tes":0.006034937981448169,"toi":0.006034937981448169}