{"le":0.0016004774359739693,"en":0.0044808023277919254,"autre":0.009535953467869434,",":0.0023159709784750806,"pour":0.0057490613198960643,"des":0.0050162463655828021,"vous":0.0037338358560102106,"un":0.0046356920544245945,"est":0.0034762526221412391,"!":0.0073423377901794809,"?":0.002523144871842845,"(":0.0043800629385838301,")":0.0042812498512454014,"Bonjour":0.0015310327132248432,":":0.0059000989363560226,"\/":0.0062892544434654972,"cours":0.015401603911553796,"ce":0.0047630356728505224,"qui":0.0064060451094597069,"\u00e0":0.0029814280589777796,"merci":0.0080222937523082832,"tr\u00e8s":0.009535953467869434,"int\u00e9ressant":0.010648681328863679,"ligne":0.010581999538932805,"sujet":0.010451163005863594,"grand":0.010516167221678781,"autres":0.0099586222021913768,"r\u00e9f\u00e9rences":0.010995641603679334,"premi\u00e8rement":0.011031654063130373,"Deuxi\u00e8mement":0.011031654063130373,"auriez":0.010995641603679334,"livres":0.011031654063130373,"blog":0.011031654063130373,"magazine":0.011031654063130373,"recommander":0.011031654063130373,"approfondir":0.011031654063130373}