{"'":0.00144419860480164,"ai":0.006031826845050655,"le":0.0020498163606741046,"en":0.005738801256429513,"les":0.0071284732808381329,".":0.0020168695874622188,"j":0.003618213258774693,"sur":0.0072549089003365128,",":0.00038906137311078739,"la":0.0017222745414073328,"et":0.0020768396991959763,"Merci":0.0021026584456248325,"de":0.0017507418256366709,"pour":0.0037313208382319151,"\"":0.0091371633599214939,"dans":0.0028102167580663306,"est":0.0044522211550986606,"(":0.0028294950442094716,")":0.0027656623676366736,"Bonjour":0.00098903817943605198,"suivante":0.0064522336789626343,":":0.0038114294097706673,"je":0.0023167283893788136,"pas":0.003275965121222081,"il":0.0057257852573871287,"calcul\u00e9":0.0064142975062601217,"qu":0.0043959534987158648,"\u00e0":0.0019259850910435124,"n":0.0066002990943540771,"merci":0.0051823548505191093,"cette":0.0048712969160115719,"utilis\u00e9s":0.0070800173332019514,"m\u00eame":0.005143461044292804,"finance":0.0067099194987991981,"le\u00e7on":0.0063767875917090612,"Comment":0.005765028035146968,"partie":0.0062848162853493903,"obtenir":0.012213201507068075,"car":0.005569041676016304,"\u00e9t\u00e9":0.006230825664788513,"Ma":0.0067933825278407491,"beaucoup":0.0062667222178930714,"constat\u00e9":0.0070570732753732646,"coefficients":0.0070570732753732646,"ont":0.006490605909174582,"tableur":0.0068789858661545914,"r\u00e9ussi":0.0069446603895454793,"Yahoo":0.0071031201747008199,"site":0.0070570732753732646,"supplementaire":0.0071263840129093771,"pr\u00e9occupation":0.0071263840129093771,"correlation":0.0071263840129093771,"portefeuilles":0.0071263840129093771,"optimaux":0.0071263840129093771,"pratque":0.0071263840129093771,"covariances":0.0071263840129093771}