{"'":0.001333736199943794,"ai":0.0044649114665136075,"alors":0.0042692750548992964,"que":0.0017940503724915959,"le":0.0022614606942771369,"en":0.0021377958573897634,"les":0.0017856211421005378,".":0.0010038979101257739,"j":0.0079141643041804773,"l":0.0014333602695674465,"du":0.003632528416472736,",":0.0011274980997411383,"la":0.0037293722150567336,"de":0.0025590749034790669,"bien":0.0032927324269066065,"pour":0.0054541048680751651,"d":0.0014151910827905438,"2\u00e8me":0,"b\u00e9n\u00e9fice":0.0050965601587395848,"dans":0.0020754949384992967,"est":0.0016585240568994233,"comme":0.0039458144304336867,"question":0.0046602916706846792,"?":0.0012121931508997737,"(":0.0041525009120949403,")":0.0040588215652332246,"Bonjour":0.00073045743874025886,":":0.0028149438742474634,"-":0.0057220736888960516,"taux":0.0030704606161815516,"utilis\u00e9":0.0092769943326096987,"comment":0.0031569799315890657,"3":0.0041347572883386639,"2":0.0039357303775712704,"d\u00e9terminer":0.0092501488924483979,"valeur":0.0036599098369039049,"actions":0.0050645396114336848,"pas":0.0012203497476508121,"\u00e0":0.001422442698276574,"merci":0.0038274454206730681,"explications":0.004709597696507967,"par":0.0028731115193529398,"avance":0.0027958556693216869,"pourquoi":0.003571529496759982,"y":0.0037892191125075006,";":0.0092234497496898344,"Marie":0.0049404607272768349,"toujours":0.0045496141825829466,"calcul":0.0031643288118073935,"concerne":0.0049708999717744404,"plusieurs":0.0048513348491063127,"tous":0.0045496141825829466,"formule":0.0071490017019891303,"2e":0,"coup":0.0049862616880603115,"003":0,"02":0,"arrive":0.0041022441030584634,"\u00e9tant":0.0048806869515743726,"ensuite":0.004836788804036359,"quelle":0.004709597696507967,"2\u00b0":0,"3\u00b0":0,"premi\u00e8re":0.004737300768725014,"g":0.010000916349648578,"parce":0.0050172752729311836,"sens":0.0050965601587395848,"Comme":0.0051618764946550957,"enfin":0.0051618764946550957,"lors":0.0047234103236025232,"3h":0,"croissance":0.004910392702336207,"action":0.0049708999717744404,"dividende":0.004955633375084572,"BPA":0.010191821562222998,"3ieme":0,"3\u00e8me":0,"3+":0,"3+1":0,"2X3":0,"2min54":0,"2i\u00e8meann\u00e9e":0,"3M":0,"t=4":0.0052120249520304614,"2eme":0,"3=":0,"retourn\u00e9":0.0052289703622929937,"Ange":0.0050017197166760397,"2\u20ac":0,"2^2x4":0,"3^2x24":0,"2x0":0,"+2x0":0,"3x0":0,"02+":0,"2=":0,"3eme":0,"2x":0,"2M":0,"tes":0.0052460330427635373,"toi":0.0052460330427635373,"pr\u00e9occupations":0.0052460330427635373,"gordon":0.0052632146278897849,"shapiro":0.0052632146278897849,"3e":0,"3+2":0}