{"'":0.0010049566842521035,"que":0.0022316410264591612,"mes":0.0058927859062735356,"tout":0.0055644593894748698,"au":0.0037669558805257042,".":0.0030447152136749739,"sur":0.0033617600657727051,"l":0.001782974230997107,"une":0.002963637662329854,",":0.0027088251897855876,"la":0.00079806291920931109,"et":0.0056333239926399225,"Merci":0.0019317027378278509,"de":0.0016095274022267605,"d":0.0017603733591094221,"des":0.0087896017421893111,"est":0.0020630581980850037,"me":0.011895899586670105,"Bonjour":0.0009086248710570568,":":0.0035015428403083839,"-":0.002897224694662848,"rentabilit\u00e9":0.011292138414135816,"t":0.0051028312143884995,"actif":0.0053978200407956214,"risque":0.0050894676880776863,"je":0.004222680290441632,"permettant":0.0064623663588816854,"Alors":0.0062801192185738828,"ce":0.0028267277613998288,"qui":0.0038018076696142442,"quizz":0.005580067181103425,"surtout":0.0062216998439581046,"avance":0.0034777987905944053,"Marie":0.0061454990437582579,"le\u00e7on":0.005858325718607422,"comprendre":0.0053249680539644295,"ces":0.0052257978849258573,"depuis":0.0063597840725589305,"12":0.0088267347165269482,"mieux":0.006299842273272566,"avoue":0.0063396730205878046,"notions":0.0063597840725589305,"\u00e9conomique":0.0064415735711983429,"niveau":0.0060528356678792089,"cout":0.006420920803349113,"COC":0.0059276376953620764,"vers":0.006202471414602952,"CMPC":0.0061080970627041178,"capitaux":0.0062605221906441707,"Rcp":0.0064833010779548252,"12^3+2":0,"12^4+189":0,"12^4":0,"perds":0.0064623663588816854,"12\u20ac":0,"Ange":0.0062216998439581046,"fournir":0.0065256041546549928,"12=":0,"compl\u00e9mentaire":0.0065256041546549928,"pourrais":0.0064833010779548252,"tu":0.0065469765368663599,"stp":0.0065469765368663599,"liens":0.0065469765368663599,"documentation":0.0065469765368663599,"combler":0.0065469765368663599,"lacunes":0.0065469765368663599,"12^5":0}