{"'":0.0015138578276363121,"le":0.0014423886461880724,"en":0.0040382065114757896,".":0.00095431753577894345,"l":0.0027075572973208591,",":0.00054277803961925292,"la":0.0012119081942187999,"Merci":0.0029334107880715447,"d":0.0026732364672485739,"*":0.0075304597703916157,"est":0.0031328822267379908,"?":0.0011523255193447433,"(":0.007799707696306917,")":0.0076237483074542587,"Bonjour":0.0013798033966996523,"suivante":0.0090014866277547609,":":0.0053173106511228965,"-":0.0043816581073426088,"1":0.0051981912277698026,"\/":0.0056680269264290086,"pas":0.0023051893754057677,"\u00e0":0.0053091171756342375,"n":0.0046444143279307801,"avance":0.0052812538343986973,"1+r":0,"01":0,"Je":0.0041683595280431526,"utilisant":0.0094480382954430647,"r\u00e9soudre":0.0090014866277547609,"solveur":0.0092194124898283807,"1+7":0,"arrive":0.0077489666711490794,"38":0.020443280379937874,"1+3":0,"1+TAP":0,"1+6":0,"suivre":0.0095367517503522885,"15":0.014835999099332335,"1\u00b0":0,"^":0.0091916075382005441,"1=1":0,"m\u00e9thode":0.0091916075382005441,"Quelle":0.0093898210928446725,"\u00e9galit\u00e9":0.0097505677167890673,"1mais":0,"TEG":0.0097194149881648078,"775=55":0.021109746166292943,"1+TEG":0.0058133733920810041,"775":0,"1+TRI":0,"1er":0,"1+2":0,"1\u00e8re":0,"Excel":0.0093898210928446725,"1+TAE":0,"1min45":0,"1+n":0,"1+0":0,"1+5":0,"1=5":0,"1+TAEG":0,"1=9":0,"1+r2":0,"1+2r+r":0,"1+1":0,"1x":0,"1\u00e8res":0,"1+taux":0,"1X4X":0,"1X08":0,"1=r":0,"1+rn":0,"1+4":0,"1+i":0,"1+R":0,"1+":0,"1\u20ac":0,"1+x":0,"1+9":0,"1=":0,"1\u2212":0,"1+F3":0,"1+tri":0,"1+A2":0,"1+12":0,"1+41":0,"1x4":0,"15x4":0,"1+11":0,"1USD":0,"1^3":0,"15ans":0,"1=16":0,"1+15":0,"1+TMEG":0,"15\u20ac":0,"1\u00b2=4":0,"1M":0,"1EUR":0,"38xCF=60":0,"1+g":0,"1ere":0,"15h":0,"1+rd":0,"1an":0}