{"ai":0.0042443990222676914,"alors":0.0080644811179612346,"que":0.0066961035815983104,"le":0.0042245226488483757,"j":0.0050477555348649042,"du":0.0034531255938374606,",":0.0010724758088543561,"la":0.0012119081942187999,"bien":0.0062198331430565008,"pour":0.0026256082816027196,"d":0.0026732364672485739,"\u2019":0.024957937429534199,"vous":0.003365022414178318,"2\u00e8me":0,"mal":0.0085697097050049902,"fait":0.0075304597703916157,"!":0.013074718188744575,"Bonjour":0.0013798033966996523,"2":0.0074344292431771262,"trouver":0.0074344292431771262,"je":0.0032320589511702319,"pas":0.0023051893754057677,"\u00e0":0.0026869344640770274,"n":0.0046444143279307801,"fois":0.0089223235507776937,"avec":0.0063085465979657238,"calcul":0.0059772841116331804,"Je":0.0082362668164868598,"formule":0.0067959277718458323,"2e":0,"02":0,"simple":0.0095367517503522885,"arrive":0.0077489666711490794,"2\u00b0":0,"AOA":0.0092473844391636854,"Cela":0.0095968469785272861,"remercie":0.0086430547730251776,"exactement":0.0096271879038438753,"pourtant":0.0095968469785272861,"Madame":0.0096577277874689837,"2X3":0,"2min54":0,"152":0.027938940619324375,"94":0.027938940619324375,"2i\u00e8meann\u00e9e":0,"2eme":0,"2\u20ac":0,"2^2x4":0,"2x0":0,"+2x0":0,"02+":0,"2=":0,"2x":0,"2M":0,"Principe":0.0099419911906790323,"recopie":0.0099419911906790323}