{"le":0.0068801514105712143,"sur":0.012533757942450782,"du":0.0084780187776760142,"apr\u00e8s":0.020235344934768827,"et":0.0071135948972123417,"de":0.0030246243700229754,"vous":0.0082617102794110848,"?":0.0028291578529419247,"calcul":0.014675263195861593,"ann\u00e9e":0.03795426042597852,"concept":0.023561914178748346,"cash":0.044109751738097433,"flow":0.045348074285119007,"Pouvez":0.019693323427309655,"incr\u00e9mental":0.024093847893050815,"revenir":0.023939325098243251}