{"a":0.0095849748750730639,"que":0.0020953521382282023,"le":0.00089183063869187524,"tout":0.0052246314445651429,"en":0.0024968279539754213,".":0.0011712380107797599,"sur":0.003156453505967092,",":0.00066615381944092153,"la":0.0014873801323224487,"et":0.0017914604427844117,"\u2019":0.010458408426640583,"vous":0.0020805974151143049,"un":0.007634024612957503,"dans":0.002424063908097812,"non":0.0049197714260721401,"comme":0.0046084941820102943,"fait":0.0046560923537636778,"?":0.0014142540595216736,"si":0.0043816348889800594,"me":0.0037830299781617953,"Bonjour":0.00085313410348865067,"-":0.0027216075734226128,"on":0.0052091691511659387,"taux":0.0035861290831685588,"savoir":0.0049197714260721401,"je":0.0039667198335632476,"ou":0.011946819756074849,"pas":0.0014253013696461049,"ce":0.0026540962407542216,"il":0.0049448674000739275,"peut":0.0046441188486639109,"moi":0.0051811098530046215,"qui":0.0035696268957279655,"mais":0.0039659246946559925,"qu":0.003791904018551835,"\u00e0":0.0016613348181531481,"trouve":0.0051100044174220739,"y":0.0087846460356944649,"lorsque":0.0057003738561703932,"calcule":0.0054056097654623372,"On":0.0057525739047763758,"dit":0.00535928773989765,"correction":0.0058236793403589233,"ne":0.0046494323235949106,"comprends":0.0036110610469450547,"Je":0.0025773017210143578,"VAN":0.0045616699986576626,"deux":0.0050269325848071814,"plusieurs":0.0056660922152471632,"Comment":0.004972853552687396,"examen":0.0058057377008375365,"quel":0.00543691033263464,"Cordialement":0.0050820466849237017,"rien":0.011559781229428046,"35":0.012640104902642044,"lorsqu":0.0058781848886355521,"ni":0.011778251518467023,"TRI":0.010918383842671648,"tableur":0.005933742055518239,"construit":0.0060873584126673848,"graphique":0.0058781848886355521,"faites":0.0059713847330767752,"Madame":0.0059713847330767752,"0035^3+1":0,"29":0.017274680664435528,"Donn\u00e9e":0.0061471451379520696}