{"'":0.0028719730603540745,"a":0.0061578486752906217,"l":0.003178497889005713,"du":0.0040537470513900215,"avoir":0.0085518669415279892,",":0.00063718646133013217,"la":0.0014227021680408394,"et":0.003401350609801589,"bien":0.0073016835265998234,"pour":0.0030822950224130312,"d":0.0061880028177584562,"vous":0.0039503195926845775,"?":0.001352755945112926,"Bonjour":0.0016198003225979488,"-":0.0026032598601534239,"on":0.0098249269869179496,"prix":0.0096226626872261585,"ce":0.0050391912940764092,"il":0.0047298423704065671,"peut":0.0088175413202774278,"qu":0.0071994863731202723,"\u00e0":0.0031542880109744352,"par":0.0063711678724687869,"exemples":0.011266080275583921,"exercices":0.01059849739260765,"loi":0.011446538522042801,"appris":0.011595320179508891,"S":0.011125883144776205,"AOA":0.01085583376122469,"unique":0.011301698567822715,"autres":0.01053601227224185,"plait":0.010630009805619347,"rapport":0.01085583376122469,"pratiquer":0.011595320179508891}