{"'":0.00079000232694898778,"au":0.008743025610863429,"l":0.0041382458036492162,",":0.00082958500896357639,"la":0.0018522873012130113,"de":0.0018829035518805365,"un":0.0063853682024839027,"dans":0.011766352613009708,"?":0.0034583828336140748,"Bonjour":0.0021088992731209456,"-":0.0033893145656479586,"taux":0.0088647083569701243,"actif":0.012528227129891911,"sans":0.011750917379991491,"risque":0.011812547784954466,"D":0.012494086693671774,"pratique":0.014667874905713543,"avec":0.0096420181068705459,"%":0.0085447323623629723,"25":0.022966006347168715,"emprunt":0.01422003747915911,"investissement":0.025792577824414201,"A":0.013135163712175794,"Un":0.014351455377483956,"correspond":0.014176765204218162,"quoi":0.014176765204218162,"25\u20ac":0,"0025^t":0,"25=":0,"025":0}