{"'":0.0017214553355390887,"a":0.0059843648727261854,"le":0.001645567189021068,"en":0.0046070385782205686,".":0.0010887451374048775,"une":0.0051344155957668653,",":0.0012215027778592865,"Merci":0.0033466185119579487,"d":0.0060160241061142823,"un":0.004766291964950169,"?":0.0013146450304615909,"Bonjour":0.0015741660216955916,"on":0.0048422758918792233,"comment":0.0068034224527207662,"fonds":0.010454827446895801,"prix":0.0093515653930569213,"trouver":0.0084816619043712582,"risqu\u00e9":0.010880122920887657,"je":0.0036873350168717934,"pas":0.0026299042291220917,"ce":0.0048972231955335,"cas":0.0087943024818144516,"il":0.0045965894953820296,"Est":0.0083743177098249272,"qu":0.006996656726212652,"\u00e0":0.0060468509634219233,"y":0.0081659240625378288,"Alice":0.011124057549593348,"ne":0.0043219625621925706,"comprends":0.0066629731235976018,"formule":0.0077532194875918267,"arrive":0.0088405058765264836,"beaucoup":0.0099741965355038559,"AOA":0.010549994592350381,"conna\u00eetre":0.011232129551402096}