{"'":0.0013960223415473015,".":0.0013102236604495385,"l":0.0037173220652149202,"la":0.0016638809733932817,"vous":0.00908846600168591,"est":0.0043012689854048493,"m":0.008283279362107869,"\u00e9clairer":0.012107742580038506,"?":0.0015820773520135898,"-":0.0030445687420808084,"comment":0.0081874120612246467,"je":0.0044374329832831258,"calculer":0.0093990548468603462,"pas":0.0031648938096985268,"\u00e0":0.0036890080889454618,"merci":0.0099262185632977111,"avec":0.0086612754201949044,"donn\u00e9es":0.012657728614153024,"ne":0.0052011599537973262,"vois":0.012395172056567755,"ces":0.010895263346080222,"bonjour":0.012581605939008764,"formule":0.0093304220320238086,"car":0.010666873739592408,"pouvez":0.012142972582067715,"IP":0.013386974509406636,"parvenez":0.013649788043951361,"restreintes":0.013649788043951361,"inapplicable":0.013649788043951361}