{"'":0.00087231693221241332,"a":0.0044723947573085997,"le":0.0012298090483283293,"en":0.0034430546302177145,".":0.0016105620574860357,"l":0.0023085168286040574,",":0.0013601076114501248,"et":0.002470372923596907,"Merci":0.002501083975645726,"de":0.0020790934330176289,"pour":0.006579318888802867,"un":0.0070506941706731472,"b\u00e9n\u00e9fice":0.0082083305532068621,"est":0.0052872351767466108,"comme":0.0063549822111043774,"?":0.00098249549735087566,"(":0.0033656463459229772,")":0.0032897182346165498,"Bonjour":0.0011764476284945313,"-":0.0018907261877318872,"ou":0.0055744427857118061,"pas":0.0038903723385089882,"ce":0.0036599231181397639,"moi":0.0071446029113265003,"n":0.0039599193877253094,"pourquoi":0.0057521727943626623,"y":0.006102775606534337,"aussi":0.007697601333441377,"consid\u00e9r\u00e9":0.0081312229025373352,"calcul":0.0050963504907935615,"ne":0.0032300040381108151,"comprends":0.004979550328202304,"cet":0.0077899524547943534,"Je":0.0035540256627925918,"quelque":0.0080555840587041138,"chose":0.007697601333441377,"\u00e9claircissement":0.0081312229025373352,"Cela":0.0081824612810189497,"sens":0.0082083305532068621,"gagner":0.0084490660301943799,"T=0":0.0083671885059943447,"imp\u00f4t":0.0082869651868741293,"comptable":0.0082869651868741293,"Magdeleine":0.0083402669165254135,"T=5":0.008476738053235738,"jeu":0.008476738053235738,"fiscalement":0.008476738053235738}