{"'":0.00070964684575985048,"les":0.0091099131907184296,"l":0.0037173220652149202,",":0.00074520335550691834,"de":0.0016913830768353203,"pour":0.0036048107308645386,"d":0.0036702015189385997,"fait":0.010338892659220689,"?":0.0015820773520135898,"ce":0.0058934432686280425,"\u00e0":0.0036890080889454618,"sont":0.010181002434946929,"quizz":0.011633879221068249,"suis":0.010611028588174951,"avec":0.017038522844330901,"Je":0.0057229203846124229,"r\u00e9soudre":0.012358528809048681,"elles":0.013344203586102003,"excel":0.012657728614153024,"tableau":0.012506378845531,"amortissement":0.012852097050155147,"via":0.013259510570550741,"assez":0.013301716857076972,"EXCEL":0.01360522877517489,"r\u00e9solutions":0.01347338432700684,"rapidement":0.013560977877510478,"aise":0.01360522877517489,"mont\u00e9":0.013649788043951361,"admises":0.013649788043951361}