{"'":0.00031478152801851431,"alors":0.0049112939190502003,"que":0.0020638418868740606,"les":0.0020541450583892408,".":0.0022740615550653665,"l":0.0016489107600730138,"du":0.0062163336691390342,"une":0.0027407990230124976,",":0.00097711169514828303,"de":0.0029356127095122842,"des":0.0027531577334993533,"vous":0.0020493090477220507,"\"":0.0077731872880069802,"un":0.0025442911889910253,"dans":0.00705774422748052,"est":0.0019079349562875008,"comme":0.004539190885733786,"question":0.0026979627460584697,"?":0.0013931426307984024,"(":0.0047723632498456745,")":0.004664699968922552,"me":0.0037261401488498935,"Bonjour":0.00084030453200552551,"-":0.0026809804853034813,"on":0.005131408721558618,"projet":0.0048980709600464209,"cours":0.0042836939905121895,"pas":0.0014038674523614771,"Dans":0.0038238008613699472,"sont":0.00451603712801865,"vid\u00e9o":0.0044816570759356918,"elle":0.0052337907915542435,"cette":0.004138741011598863,"Ou":0.0057897877739130372,"m\u00eame":0.0043699765242405063,"Les":0.0056488236314165404,"doivent":0.005919153759537471,"parle":0.0056660657487649212,"ils":0.005530977381374905,"ne":0.0045800274253431465,"quand":0.0054337226112584607,"donc":0.00475654720434619,"partie":0.0053396923568840727,"Au":0.0056660657487649212,"frais":0.027182963286060187,"Ma":0.0057717793351988881,"Ce":0.005580884585159194,"analyse":0.0059572257347830018,"pose":0.0057538845151507726,"correcte":0.0057538845151507726,"tableau":0.0055475157347587289,"salaire":0.011902801250627003,"aucune":0.0058445094629487994,"phrase":0.011902801250627003,"g\u00e9n\u00e9raux":0.006034937981448169,"irr\u00e9cup\u00e9rables":0.0060153093939807221,"Cette":0.0058815860637081805,"directeur":0.0060153093939807221,"lire":0.0059381258675275791,"plaisir":0.0059958157119602406,"Magdeleine":0.0059572257347830018,"g\u00e9n\u00e9ral":0.006054703354600538,"rentrent":0.006054703354600538,"retrouverait":0.006054703354600538,"entrer":0.006054703354600538,"FGAC":0.006054703354600538}