{"'":0.0028330432050860648,"le":0.0016690784681358628,"en":0.0023531205156331523,".":0.0027037522919690147,"l":0.0076709941647393424,",":0.0021239925203531134,"la":0.002088816858409049,"et":0.0016883511393523702,"de":0.0054729911471211494,"pour":0.0015299793846347246,"d":0.0061008013823443145,"des":0.0077918797135661366,"Bien":0.0046992881400895964,"vous":0.0019608465431042556,"2\u00e8me":0,"exemple":0.0044684385330735973,"dans":0.0045366829741641038,"est":0.0036252547339949773,"comme":0.0043432476749542181,"?":0.00067147651130570433,"Bonjour":0.00080403111408180062,"inflation":0.016134373439901054,"2":0.0043321479286481078,"qualit\u00e9":0.0057369943908440763,"cours":0.0040987798118341957,"pas":0.0013432667190922103,"ce":0.007398560263888459,"cas":0.0089199523499264161,"o\u00f9":0.0043881062861697746,"qui":0.0033641734377890765,"\u00e0":0.0015657150256217969,"Dans":0.007265579011932843,"n":0.0027063664542902365,"merci":0.0042129562140927569,"tr\u00e8s":0.005007863793095378,"par":0.0062801387133942449,"Cependant":0.0054884916321320653,"vid\u00e9o":0.0042881974265889886,"elle":0.00994469165801176,"cette":0.0039600840168145029,"moins":0.0054214787412454829,"parle":0.0054214787412454829,"aussi":0.0052608469990325576,"cadre":0.0056636417042090839,"cet":0.0053239634295388239,"revenus":0.0057000702268530127,"2e":0,"02":0,"2\u00b0":0,"\u00e9conomique":0.0057000702268530127,"argent":0.021764564779227107,"Bruno":0.0056456091847837796,"abord":0.0055055066357588989,"impression":0.0055922195772775494,"sources":0.0057556465892739444,"grande":0.0057000702268530127,"2X3":0,"2min54":0,"Une":0.011211136101928828,"Tout":0.0056456091847837796,"met":0.0057184695121669342,"2i\u00e8meann\u00e9e":0,"actuellement":0.0057556465892739444,"2eme":0,"crise":0.011466946194634484,"2\u20ac":0,"2^2x4":0,"2x0":0,"+2x0":0,"02+":0,"circulation":0.005774427869688601,"Arnaud":0.005774427869688601,"cr\u00e9e":0.0057556465892739444,"d\u00e9truit":0.011504502250910757,"2=":0,"billets":0.005774427869688601,"2x":0,"2M":0,"causes":0.0057933400311617912,"massive":0.017135785453312402,"sanitaire":0.0057933400311617912,"injection":0.011504502250910757,"emplois":0.0057933400311617912,"contrebalanc\u00e9e":0.0057933400311617912,"destruction":0.0057933400311617912}