{"'":0.001431845357382502,"alors":0.0028775066408644567,"que":0.0012091963610931342,"le":0.0030220758975245616,"en":0.0014408820460963885,"les":0.0023965188768759228,".":0.0016733304676607526,"l":0.0019237423115081704,"du":0.0060548193323420284,",":0.0011372222289561032,"la":0.00086107100048781892,"et":0.0020586208683612793,"de":0.002581145694585426,"bien":0.0044192439434830866,"pour":0.0018655168441914023,"d":0.0028366839335358888,"des":0.0016130636431190852,"Bien":0.0028775066408644567,"vous":0.0023908768260356658,"2\u00e8me":0,"\"":0.0045682300973451193,"*":0.023370691275125005,"un":0.0014906896050787481,"dans":0.0013988910041667878,"est":0.0054932945115742596,"!":0.0023610599005062655,"m":0.002152730580344501,"question":0.0015807251299856076,"?":0.00081873700711250735,"si":0.0025285759213119811,"(":0.017408059033612623,"+":0.0088183543752332789,")":0.01701533772302866,"me":0.0021831299856679681,"Bonjour":0.00049233092359131597,"suivante":0.0032118417998807493,":":0.011140767365908582,"-":0.0046461831196720534,"on":0.0015144540850684644,"rentabilit\u00e9":0.0030839488794069656,"t":0.0055057062210674785,"1":0.0036933587400223827,"\/":0.017590653356585061,"3":0.0055493428360437686,"2":0.0078889863457668203,"actif":0.014372747812975852,"je":0.0022964051633578681,"ou":0.0023328455077158581,"pas":0.00082252009015270787,"cas":0.0027504767626412279,"D":0.03866686525994914,"o\u00f9":0.0053504552238828251,"mais":0.0022886757894558457,"n":0.0016571844953275135,"par":0.0076456370260238856,"leurs":0.0035129234399193963,"avance":0.0037523754230799401,"concernant":0.0032698170218245317,"elle":0.0030664562145580358,"co\u00fbt":0.0032309430195639759,"votre":0.0024667923067103843,"Ou":0.0033922125295756129,"1+r":0,"r":0.044515326482793681,"calcul":0.0063427482055490522,"vaut":0.0034680075214600066,"soit":0.0031558211755217127,"01":0,"En":0.0028090480347406446,"Je":0.0058722436881708789,"_":0.12815749199208359,"formule":0.0048285640394719167,"doit":0.0030320137833899558,"=":0.0077106958078241149,"2e":0,"compte":0.0029408205011282273,"003":0,"02":0,"1+7":0,"La":0.0029734056199736225,"lorsqu":0.0033922125295756129,"prenant":0.0034791232004709851,"donn\u00e9":0.0033096222259116287,"1+3":0,"1+TAP":0,"1+6":0,"aide":0.0030839488794069656,"1\u00b0":0,"2\u00b0":0,"1=1":0,"3\u00b0":0,"ex":0.006972578392282925,"cible":0.0068401982590691503,"valeurs":0.0098127895482454566,"1mais":0,"1+TEG":0,"remercie":0.0061409633635467979,"dois":0.0034135177934009405,"lors":0.0063393861871661869,"d\u00e8s":0.0034459967650254447,"1+TRI":0,"3h":0,"remplacer":0.0035358450145823463,"1er":0,"1+2":0,"propres":0.003381661460377623,"1\u00e8re":0,"modifier":0.0035243447069812717,"1+TAE":0,"1min45":0,"CMPC":0.016263998806170805,"Levier":0.0035474254643462055,"levier":0.010380018625907832,"capitaux":0.0033922125295756129,"3ieme":0,"3\u00e8me":0,"1+n":0,"1+0":0,"cordialement":0.0032995811813677127,"1+5":0,"1=5":0,"1+TAEG":0,"1=9":0,"1+r2":0,"1+2r+r":0,"3+":0,"3+1":0,"1+1":0,"connu":0.0035358450145823463,"IS":0.0070638686513027254,"endettement":0.0035015801343323359,"application":0.0034903137331031148,"Autre":0.0035243447069812717,"1x":0,"1\u00e8res":0,"1+taux":0,"1X4X":0,"1X08":0,"2X3":0,"1=r":0,"2min54":0,"1+rn":0,"2i\u00e8meann\u00e9e":0,"3M":0,"1+4":0,"VD":0.0035243447069812717,"2eme":0,"CP":0.039981605445756234,"1+i":0,"1+R":0,"1+":0,"3=":0,"1\u20ac":0,"reprenant":0.0035358450145823463,"1+x":0,"1+9":0,"1=":0,"1\u2212":0,"1+F3":0,"1+tri":0,"1+A2":0,"1+12":0,"1+41":0,"2\u20ac":0,"2^2x4":0,"3^2x24":0,"2x0":0,"1x4":0,"+2x0":0,"3x0":0,"1+11":0,"02+":0,"1USD":0,"1^3":0,"demandais":0.0034791232004709851,"fourni":0.0035243447069812717,"2=":0,"1=16":0,"3eme":0,"1+15":0,"1+TMEG":0,"remplace":0.0035474254643462055,"cp":0.013960218460483131,"1\u00b2=4":0,"2x":0,"2M":0,"1M":0,"embrouille":0.0035358450145823463,"impos\u00e9":0.0035474254643462055,"V":0.059512568228580788,"VC":0.0035474254643462055,"D+V":0.017432600937170264,"CP+V":0.0070638686513027254,"r\u00e9elles":0.0035358450145823463,"milliard":0.0035474254643462055,"milliards":0.0035474254643462055,"1EUR":0,"3e":0,"3+2":0,"1+g":0,"1ere":0,"1+rd":0,"1an":0}