{"J":0.0026488253077282947,"'":0.00136565225693926,"ai":0.0038199222417447166,"a":0.0023735543515695152,"questions":0.00719961103977175,"alors":0.0036491428911828543,"que":0.0015334561673857961,"le":0.0025680518754953312,"mes":0.004049185681711886,"les":0.0030356376436386514,".":0.00085887749042532911,"j":0.0022840875881594089,"sur":0.0068540096303797912,"r\u00e9sultat":0.0037917277545107177,",":0.00024560471973273003,"la":0.0016271033110307224,"et":0.0051585616712117527,"Merci":0.0013273557179481049,"de":0.0021933651789937982,"v\u00e9rifier":0.0044120897982476859,"pour":0.0011880764125669627,"d":0.0012096279609588878,"un":0.0018904350377794753,"dans":0.0017740195942210978,"?":0.0005214223228671305,"Bonjour":0.0006243550803389326,"-":0.0010034314084604861,"utilis\u00e9":0.0039904795127278401,"comment":0.002698413835328985,"1":0.0046783269394853324,"sans":0.0034789451816649108,"quiz":0.0068300728767946876,"vid\u00e9os":0.0040137661053216795,"je":0.0085394452252494871,"pas":0.0051026594046172675,"il":0.0018231266360222045,"mais":0.0057727491632008146,"qu":0.0027750555609713091,"n":0.0021015774332621938,"fois":0.0040373128886914567,"trouve":0.0037396901677302394,"suis":0.0034971913145800376,"avance":0.0023897445606767473,"y":0.0032388173190371103,"quelqu":0.0043700801310241179,"aux":0.0039446643347243772,"veux":0.0043562609655256818,"1+r":0,"aussi":0.0040852107501870034,"correction":0.0042619838634388252,"comprendre":0.0036590137063576365,"ne":0.0083856676871223966,"01":0,"Je":0.003751487357626742,"plusieurs":0.0041466557787248328,"certificatif":0.0039109449723731711,"depuis":0.0043700801310241179,"forum":0.0044262811999366209,"erreur":0.0039221249200100308,"chaque":0.0038777566457276931,"rien":0.0042619838634388252,"mon":0.0036295388876105479,"car":0.0035155968043848792,"1+7":0,"Question":0.0043562609655256818,"passer":0.0041844015373849767,"calculs":0.004049185681711886,"excel":0.0041717443510667996,"1+3":0,"1+TAP":0,"1+6":0,"1\u00b0":0,"1=1":0,"vraiment":0.0041591627304903159,"autres":0.0040611257430403173,"autrement":0.0044405688152529404,"1mais":0,"1+TEG":0,"portent":0.0044694379678981355,"jours":0.0043700801310241179,"quelques":0.0042358044561326405,"sais":0.0041466557787248328,"peux":0.0043153389964873104,"avant":0.004049185681711886,"tableur":0.0043425318278029401,"avancer":0.0044694379678981355,"1+TRI":0,"1er":0,"1+2":0,"poser":0.0043700801310241179,"1\u00e8re":0,"reproduire":0.0044840222142497861,"formatifs":0.0044405688152529404,"voudrais":0.0042099462766583464,"1+TAE":0,"1min45":0,"1+n":0,"1+0":0,"dessus":0.0044120897982476859,"1+5":0,"1=5":0,"1+TAEG":0,"1=9":0,"1+r2":0,"1+2r+r":0,"1+1":0,"1x":0,"1\u00e8res":0,"1+taux":0,"1X4X":0,"1X08":0,"1=r":0,"\u00e9tapes":0.0044262811999366209,"1+rn":0,"bloqu\u00e9e":0.0044549539577084588,"1+4":0,"1+i":0,"1+R":0,"1+":0,"1\u20ac":0,"1+x":0,"doute":0.0044405688152529404,"1+9":0,"1=":0,"1\u2212":0,"1+F3":0,"1+tri":0,"1+A2":0,"1+12":0,"1+41":0,"1x4":0,"1+11":0,"contacter":0.0043979933230328108,"1USD":0,"1^3":0,"fourni":0.0044694379678981355,"1=16":0,"1+15":0,"1+TMEG":0,"1\u00b2=4":0,"pourrais":0.0044549539577084588,"1M":0,"devrai":0.0044987080937999337,"divulguer":0.0044987080937999337,"1EUR":0,"1+g":0,"1ere":0,"1+rd":0,"1an":0}