{"J":0.0031821605128829768,"'":0.0011019690123431779,"ai":0.0023072752696826188,"questions":0.0086396897055589245,"que":0.0054540779178321652,"le":0.00078408925154323955,"mes":0.0048644803974352575,"en":0.0021951880511039698,".":0.0020345695632709715,"j":0.0027439836480724765,"sur":0.0027751247374220977,"l":0.0014718408803184215,"du":0.0037294071741157593,"r\u00e9ponse":0.0069771442247812112,",":0.0011571826332624575,"la":0.0032089719717298361,"de":0.0013305061147388872,"pour":0.0028356809202949146,"d":0.0014531839156821291,"Bien":0.0043838898625400882,"vous":0.0071741028818291487,"2\u00e8me":0,"un":0.0022710700142590705,"question":0.0047845806549807642,"(":0.002145834857794481,")":0.0062096586153572693,"Bonjour":0.00075006761558630783,"ma":0.0045551838774730222,"1":0.0056140939941099702,"\/":0.003081166093629364,"3":0.004245760773743161,"2":0.0080292514713166951,"quiz":0.0041254395355337595,"trouver":0.0040413907003077247,"je":0.00175696244605371,"pas":0.0037099753232962968,"ce":0.0023334568747146386,"il":0.0043514081774249803,"\u00e0":0.0057284445419446108,"suis":0.0042013431670199939,"avance":0.0028709144218288575,"vid\u00e9o":0.0040003899881388295,"concernant":0.004981575886139825,"pourquoi":0.0036674123248726384,"avec":0.0034293555994059227,"m\u00eame":0.0077497382686795924,"celle":0.005120125029464807,"1+r":0,"calcul":0.0064555214230942919,"comprendre":0.0043957481448464045,"ne":0.0060969423435230678,"comprends":0.0031748114840830593,"01":0,"Je":0.0067085642301925744,"formatif":0.0049077590349659974,"deux":0.0044196326488190815,"faut":0.0089258299754767911,"quel":0.0047800812939956215,"exposant":0.0051680458035434614,"2e":0,"esp\u00e8re":0.0052666974518751145,"003":0,"02":0,"sujet":0.005120125029464807,"1+7":0,"1+3":0,"1+TAP":0,"1+6":0,"1\u00b0":0,"2\u00b0":0,"1=1":0,"3\u00b0":0,"1mais":0,"1+TEG":0,"remercie":0.0046984052224332993,"tombe":0.005300454467236526,"1+TRI":0,"3h":0,"regard\u00e9":0.0053868703184934245,"1er":0,"1+2":0,"1\u00e8re":0,"1+TAE":0,"1min45":0,"attention":0.0053519492318236904,"3ieme":0,"3\u00e8me":0,"1+n":0,"1+0":0,"1+5":0,"1=5":0,"1+TAEG":0,"1=9":0,"1+r2":0,"1+2r+r":0,"\u00e9lever":0.0053868703184934245,"3+":0,"3+1":0,"1+1":0,"ayant":0.0052835196974467891,"aurez":0.0053868703184934245,"1x":0,"1\u00e8res":0,"1+taux":0,"1X4X":0,"1X08":0,"2X3":0,"1=r":0,"2min54":0,"1+rn":0,"2i\u00e8meann\u00e9e":0,"3M":0,"1+4":0,"correctif":0.0053519492318236904,"covariance":0.005300454467236526,"2eme":0,"1+i":0,"1+R":0,"1+":0,"3=":0,"petites":0.0053693495659111476,"1\u20ac":0,"1+x":0,"1+9":0,"1=":0,"1\u2212":0,"1+F3":0,"1+tri":0,"1+A2":0,"1+12":0,"1+41":0,"volatilit\u00e9":0.0052835196974467891,"2\u20ac":0,"2^2x4":0,"3^2x24":0,"2x0":0,"1x4":0,"+2x0":0,"3x0":0,"1+11":0,"02+":0,"1USD":0,"1^3":0,"r\u00e9aliser":0.0052835196974467891,"2=":0,"1=16":0,"3eme":0,"1+15":0,"1+TMEG":0,"1\u00b2=4":0,"2x":0,"2M":0,"1M":0,"s\u00fbre":0.0054045131678973042,"porterez":0.0054045131678973042,"Lindsay":0.0053346676722732774,"Mercatoris":0.0053346676722732774,"1EUR":0,"3e":0,"3+2":0,"1+g":0,"1ere":0,"1+rd":0,"1an":0}