{"J":0.0034111005583949373,"'":0.0014644135529146734,"ai":0.0024732718318017295,"que":0.005841004870397422,"en":0.0023531205156331523,".":0.0021779224594627765,"sur":0.0029747806570762508,"l":0.0031330845525895305,"du":0.0059517271927193591,"une":0.0052077743008801117,",":0.0018328439760920631,"la":0.0034335527064380798,"Merci":0.0017093402941565109,"de":0.0028115056244145515,"bien":0.0036243854619986862,"pour":0.0015299793846347246,"d":0.0030933697651544028,"des":0.0026343121992038168,"vous":0.0057998745954439641,"est":0.0036252547339949773,"fait":0.0043881062861697746,"question":0.0051263813711565111,"?":0.00067147651130570433,"ma":0.0048829058764111614,"utilis\u00e9":0.0051388541382532526,"rentabilit\u00e9":0.0050364312588644378,"4":0.01066836106641744,"risque":0.0089433331773405896,"je":0.0018833668372633542,"pas":0.0013432667190922103,"il":0.0046622639323318513,"\u00e0":0.0015657150256217969,"ann\u00e9es":0.005229830842139422,"Dans":0.0036587388851236267,"tr\u00e8s":0.005007863793095378,"vid\u00e9o":0.0085155673033487436,"concernant":0.0053399745921374944,"pourquoi":0.0039312637368828984,"op\u00e9ration":0.0056276956927565208,"cette":0.0039600840168145029,"Bonsoir":0.0050798543322582686,"march\u00e9":0.0050944844711321088,"%":0.0032577329644930407,"ne":0.0022075132648057571,"comprends":0.003403222804855614,"prime":0.01047813170839622,"estimer":0.0057369943908440763,"titre":0.0055055066357588989,"partie":0.005109193906538809,"obtenir":0.005007863793095378,"Pour":0.0046366090448817865,"Cordialement":0.00478954438837444,"effectuer":0.0056098996670953596,"avez":0.010030011734434451,"n\u00e9cessaire":0.0055922195772775494,"04":0,"expliqu\u00e9":0.0056817948433898991,"attention":0.0057369943908440763,"estimation":0.0056817948433898991,"Michelin":0.0057369943908440763,"moyenne":0.011211136101928828,"tant":0.0057556465892739444,"33":0.012754315537180273,"Beta":0.005774427869688601,"04\u20ac":0,"Toutefois":0.0057369943908440763,"4\u00e8me":0,"4ans":0,"4e":0,"4min25":0,"Lindsay":0.0057184695121669342,"Mercatoris":0.0057184695121669342,"observations":0.0057933400311617912,"allez":0.005774427869688601,"portez":0.0057933400311617912}