{"'":0.0017700040480108942,"ai":0.0025093792632369786,"que":0.0020035815569618611,"le":0.0016932713747447228,"les":0.0019941678577648581,".":0.0027421353485581165,"j":0.0059257399012980798,"sur":0.0030182096434210473,"l":0.003178497889005713,"autre":0.0050809738719072703,",":0.00094898450803220652,"la":0.0014227021680408394,"et":0.003401350609801589,"Merci":0.0017342950470781919,"de":0.00072834903013490227,"pour":0.0045905718388125853,"d":0.0015804744373582532,"vous":0.0058833517702308446,"m":0.0035669734268691201,"?":0.00068127943380722692,"(":0.0023337976032748124,")":0.0022811477327966566,"Bonjour":0.00081576920851615436,"-":0.0051331786163893584,"je":0.0019108622132545851,"pas":0.0027061438628596234,"ce":0.0025378542257214719,"mais":0.0037922282510620903,"\u00e0":0.0046977935627159672,"trouve":0.0048862004719635648,"suis":0.0045693565737878238,"exercices":0.0053376503935751328,"votre":0.0040873589514545854,"m\u00eame":0.0042423813684613221,"calcul":0.0035338979020389976,"vu":0.0053855386324933949,"ne":0.0044472541371176691,"vois":0.0053376503935751328,"Je":0.007287893627377107,"absolument":0.0057647436786529456,"ci":0.0052750680557480303,"faire":0.004605508134664065,"formule":0.004017897501073041,"calculs":0.0052905807972474577,"aide":0.0051099583956795286,"quelle":0.0052596422208193213,"autres":0.0053061814301024685,"utilis\u00e9e":0.0056032541544999443,"souci":0.0058207490873348816,"chapitre":0.0056917989007273994,"avez":0.005124565879981606,"Pouvez":0.0047422791274755816,"dessous":0.0056738606983064146,"R":0.0057647436786529456,"complexe":0.0058207490873348816,"parviens":0.005534412960542791,"type":0.0055514625774512128,"covariance":0.0057647436786529456,"apporter":0.0058019537629355666,"\u00e9cart":0.0057647436786529456,"CIG":0.0058587290595948829,"main":0.0058207490873348816,"Magdeleine":0.0057832858654438858,"aime":0.0058587290595948829,"Quant":0.005839673590234992,"ennuy\u00e9e":0.005877917320753075,"tomber":0.0058587290595948829,"Aucun":0.005877917320753075}