{"'":0.00052996696875361171,"que":0.0034746893683960029,"le":0.0029212973136795565,"l":0.0027761102843674845,"r\u00e9ponse":0.0066238323507909844,",":0.0021462296428686376,"pu":0.0096275631655183911,"la":0.0012425926516898159,"et":0.0029707505678298828,"Merci":0.0030076821883318768,"pour":0.0026920863911135797,"un":0.004283575016437397,"non":0.0081583792801368012,"question":0.0045422968346944424,"?":0.0011815013955041517,"me":0.0062733388844880469,"Bonjour":0.0014147388141234824,"on":0.008596262522381241,"taux":0.0059468212390868394,"4":0.0094528399654419479,"\/":0.0058115364199684046,"je":0.0033138918621977271,"calculer":0.013865167305394372,"pas":0.0023635547579402682,"\u00e0":0.0027549652989898358,"pourquoi":0.0069172837962568241,"votre":0.0070884574895834036,"aurait":0.0095103736099454821,"12":0.013743322027840196,"Pour":0.0081583792801368012,"Cordialement":0.0084274777798104741,"TAP":0.0095394024818857628,"mensuel":0.0098398307658910545,"effectif":0.009965502090529637,"04":0,"DRA":0.0098398307658910545,"12^3+2":0,"12^4+189":0,"12^4":0,"04\u20ac":0,"12\u20ac":0,"4\u00e8me":0,"4ans":0,"4e":0,"demandais":0.0099974435790460541,"12=":0,"4min25":0,"Lindsay":0.010061974760122605,"Mercatoris":0.010061974760122605,"utilisait":0.010193713728180523,"12^5":0}