{"le":0.0033388385637658029,"sur":0.011817141319471817,"une":0.010417675381425889,",":0.0024448944784431124,"de":0.002851691709939872,"dans":0.0090752186640070311,"question":0.010254856282283981,"?":0.0026674009755745269,"Bonjour":0.0031939663442935519,"rentabilit\u00e9":0.020006927162926239,"4":0.021341078937118466,"3":0.018079459418678247,"calcul\u00e9":0.020714114766492202,"%":0.012941152730350482,"ans":0.020006927162926239,"003":0,"15":0.034342343206705102,"3\u00b0":0,"04":0,"3h":0,"3ieme":0,"3\u00e8me":0,"3+":0,"3+1":0,"3M":0,"3=":0,"04\u20ac":0,"4\u00e8me":0,"3^2x24":0,"3x0":0,"15x4":0,"15ans":0,"4ans":0,"4e":0,"3eme":0,"4min25":0,"15\u20ac":0,"commetn":0.023013702774065514,"3e":0,"3+2":0,"15h":0}