{"'":0.00039872781068214151,"le":0.0022045549204906499,".":0.0042203229340532517,"l":0.0020886440875764124,"du":0.0052777765819809197,",":0.0031455559874386525,"la":0.0078346137242107962,"et":0.0044283889369371955,"Merci":0.0022628703388848119,"de":0.0036973225048369078,"pour":0.0040129944670498621,"nous":0.016505712111317385,"Bien":0.0062210431605892163,"vous":0.0025958210291210536,"dans":0.0089054986030768449,"non":0.012161396833086228,"?":0.00088891854119739413,"me":0.0047198312848851873,"Bonjour":0.0010643978649634682,"4":0.014091001910059391,"2":0,"fonds":0.0070692009989206089,"je":0.0024932513250005449,"pas":0.00177825236217509,"utiliser":0.006518420178112265,"\u00e0":0.0020727353720835129,"pourquoi":0.0052043119412425454,"votre":0.005333096782582751,"demande":0.0072434272502290087,"%":0.0085447323623629723,"calcul":0.0091357146593577208,"portefeuille":0.014760925476563897,"formule":0.010386934234622568,"Or":0.0072658118234425481,"titres":0.0074500938771191938,"Pour":0.0061380669001577732,"chaque":0.0066107829094941397,"N":0.0071552581044456547,"02":0.011689815997904657,"aide":0.0066673622265135193,"04":0,"D\u00e8s":0.0074265350230066788,"lors":0.0068827937086375192,"variance":0.022148492419665673,"repr\u00e9sente":0.0074738082363447426,"Puisque":0.0075702626838765807,"^2":0.0075217117777476592,"type":0.0072434272502290087,"devons":0.0074265350230066788,"utilisons":0.015047605856107593,"04\u20ac":0,"\u00e9cart":0.0075217117777476592,"volatilit\u00e9":0.029170106348902547,"4\u00e8me":0,"4ans":0,"4e":0,"4min25":0,"Lindsay":0.0075702626838765807,"Mercatoris":0.0075702626838765807}