{"'":0.00048122986374688322,"le":0.0013429044799240712,".":0.00088849652099975095,"du":0.0032149572460653921,"r\u00e9ponse":0.0060146879477224391,",":0.0014824533469530322,"la":0.0033100037724071146,"et":0.0026975528198388454,"Merci":0.0027310881149609622,"de":0.0022681643271609542,"un":0.0038896466063870574,"est":0.0029168016459915876,"non":0.0074081140539928644,"5":0.0069040008334429904,"comme":0.0069393976997731768,"?":0.0010728475340876431,"(":0.0036751571814532501,")":0.0035922465857276989,"Bonjour":0.0012846358488326653,"on":0.0039516551081097686,"projet":0.0074880442812612202,"valeur":0.0064365849817211813,"pas":0.0042441593135968542,"pourquoi":0.0062811528548655593,"6":0.012292252807310174,"avec":0.011614870814812358,"votre":0.0064365849817211813,"c":0.0070110702744871052,"ne":0.0035270409653009997,"comprends":0.0054374786499090466,"Je":0.0038808601959928724,"derni\u00e8re":0.0085835328554327382,"exposant":0.0088512778977286946,"Cordialement":0.0076524655739319452,"ann\u00e9e":0.0074081140539928644,"CF":0.0073686947639101099,"actualise":0.0090490492727754081,"06":0,"p\u00e9riode":0.0086095755285873436,"terminale":0.008991616750419297,"6min15":0,"05":0,"06^":0,"5i\u00e8me":0,"5eme":0,"0005+1":0,"06=":0,"5e":0,"5=>":0,"5^2x18":0,"5x0":0,"5^2":0,"5\u00e8me":0,"5+5":0,"Lindsay":0.0091366500712793345,"Mercatoris":0.0091366500712793345,"connue":0.0092562739901016055,"sixi\u00e8me":0.0092562739901016055,"5xtaux":0,"5ans":0,"5min08s":0}