{"J":0.0036755371710930022,"'":0.00095891164691584078,"ai":0.0026650057353577511,"que":0.0021278395094700038,"le":0.0017974886587176116,"les":0.0021178419922678478,".":0.0017704422073834445,"j":0.0031694233696038143,"sur":0.0032053927152699015,"l":0.0033741277343136904,"r\u00e9ponse":0.0040563200579351233,",":0.0016535156400871104,"la":0.0015102664876573036,"et":0.0018192361275525825,"de":0.0022854845920397388,"pour":0.0016485870184598172,"d":0.0016784921681040818,"\u2019":0.015808919732934561,"vous":0.00211285602186415,"comme":0.0046799465448972557,"(":0.0024785348667736196,")":0.0024226197610557488,"Bonjour":0.00086636151468766451,"comment":0.0037443467207165008,"1":0.0032638800835674969,"je":0.0020293699053019385,"pas":0.0042765687658658036,"mais":0.0040274143438284058,"\u00e0":0.0016870929711669468,"n":0.0029161704063112026,"sont":0.0046560748128753882,"par":0.0034076636307051157,"avance":0.0033160340685953931,"votre":0.004340848435178778,"m\u00eame":0.0045054850194068035,"aux":0.010863742848144828,"donn\u00e9es":0.011489129115305877,"1+r":0,"le\u00e7on":0.0055858342697596231,"comprendre":0.0050772849564739188,"ne":0.0023786449333795963,"comprends":0.0036670487153987741,"exercice":0.0096566759208634809,"01":0,"appris":0.006201837975865882,"Je":0.0051945631969000598,"VAN":0.0046323963763510523,"erreur":0.0054423807757751014,"Cordialement":0.0051608412389793712,"mon":0.0050363853956006252,"aimerais":0.0054579769243882628,"CF":0.004969465520313212,"1+7":0,"arrive":0.0048654804869583037,"1+3":0,"1+TAP":0,"m\u00eames":0.0059139725322629021,"1+6":0,"1\u00b0":0,"1=1":0,"09":0,"9":0.0098956649482631939,"tableau":0.005719538514505621,"1mais":0,"1+TEG":0,"remercie":0.0054268673657399966,"lors":0.0056022167828217026,"1+TRI":0,"1er":0,"1+2":0,"construit":0.0061817398147363724,"1\u00e8re":0,"Excel":0.0058957527167284316,"9+":0,"1+TAE":0,"1min45":0,"1+n":0,"1+0":0,"1+5":0,"1=5":0,"1+TAEG":0,"1=9":0,"1+r2":0,"1+2r+r":0,"1+1":0,"1x":0,"1\u00e8res":0,"1+taux":0,"1X4X":0,"1X08":0,"1=r":0,"1+rn":0,"1+4":0,"correctif":0.0061817398147363724,"1+i":0,"1+R":0,"1+":0,"1\u20ac":0,"1+x":0,"1+9":0,"1=":0,"9=":0,"1\u2212":0,"9=850":0,"1+F3":0,"1+tri":0,"1+A2":0,"1+12":0,"1+41":0,"1x4":0,"1+11":0,"cons\u00e9quent":0.006201837975865882,"Gr\u00e2ce":0.0062220752257220622,"1USD":0,"1^3":0,"1=16":0,"1+15":0,"1+TMEG":0,"1\u00b2=4":0,"d\u00e9termin\u00e9s":0.0062424535028471236,"1M":0,"Samuel":0.0062424535028471236,"Menozzi":0.0062424535028471236,"1EUR":0,"1+g":0,"1ere":0,"1+rd":0,"1an":0}