{"questions":0.0086396897055589245,"r\u00e9ponses":0.0097505127255744072,"les":0.0036428311411089067,".":0.003013049585928173,"du":0.010902491309852663,",":0.0011571826332624575,"la":0.0025837432856388471,"Merci":0.0031681104380292995,"de":0.0026264496908719073,"pour":0.0028356809202949146,"\"":0.02029981613775806,"*":0.038655230047074392,"est":0.0033835414132945599,"(":0.0042632472252279591,")":0.004167069470177716,"Bonjour":0.0014902002683320856,"-":0.0047277324344749683,"d\u00e9terminer":0.0094968483893193845,"pas":0.002489625575645471,"votre":0.0074665522339417371,"aux":0.0094150588906799729,"Jean":0.010633009632243817,"Marie":0.010078993670280083,"ne":0.0040914297991028947,"comprends":0.0063075712471417442,"Je":0.0045018663543315201,"portefeuille":0.020589917160751231,"formule":0.0073396640517001017,"La":0.0089999828172950044,"utilis\u00e9e":0.01023570239891365,"rendement":0.0099570496775614262,"pr\u00e9c\u00e9dentes":0.010463635268232846,"retour":0.010203967635358573,"malgr\u00e9":0.010598675414709186,"type":0.010141092524932567,"\u00e9cart":0.010530702173008284,"volatilit\u00e9":0.020721431982887104}