{"'":0.0023282391873592706,"ai":0.0039976087046180537,"que":0.0031918391890235886,"le":0.00068320980204296465,"r\u00e9ponses":0.0042763359810815919,"les":0.0031768425376987302,".":0.0022090524623564083,"j":0.0023909478689051319,"l":0.0062674486115732097,"apr\u00e8s":0.0039039154701132725,"une":0.0042387887301478556,"r\u00e9ponse":0.0030600045078008789,",":0.0012564215997091716,"la":0.0017023598370861205,"et":0.0013723943553652774,"Merci":0.0013894556152570675,"de":0.0022942443185976274,"bien":0.0058581813310921889,"pour":0.0048896767693691178,"d":0.0037550784940532781,"vous":0.0015938951707202636,"2\u00e8me":0,"un":0.0019788784144327562,"dans":0.0018570165129336783,"r\u00e9solution":0.0040822759963637378,"?":0.00054581689341578836,"Bonjour":0.00065356532582859918,"ma":0.0039691224807282344,"-":0.0020886098743085478,"serait":0.0042138386027640376,"4":0.0086833503229654333,"1":0.0048959427215444235,"2":0.0035214329681233412,"trouver":0.0035214329681233412,"cours":0.0033317371881563312,"je":0.0030441310841066173,"ou":0.0030968335753447916,"pas":0.0021711542822832057,"ce":0.0040429712209818997,"il":0.0019084210114088027,"Est":0.0034768655956114421,"\u00e9nonc\u00e9":0.0042261972340118361,"\u00e0":0.0025307028264731145,"n":0.0021998990369044799,"tr\u00e8s":0.0040706958652680196,"plus":0.0032347541023004882,"avance":0.0025015479678614371,"elle":0.0040706958652680196,"avec":0.0029881411530557718,"probl\u00e8me":0.004314702337822246,"1+r":0,"correction":0.0044613793658450267,"De":0.0044203996752153587,"calcul":0.0028312335274240544,"semblerait":0.004693805707303534,"ne":0.0017944008644881204,"exercice":0.0036704185098965264,"01":0,"se":0.003872020795377293,"semble":0.0042261972340118361,"part":0.0043934967819390094,"Cordialement":0.0038932325925387151,"2e":0,"ann\u00e9e":0.011177031510152053,"d\u00fb":0.0046037519829254551,"car":0.0036800728356250248,"02":0,"CF":0.0037488626825123877,"1+7":0,"1+3":0,"1+TAP":0,"1+6":0,"1\u00b0":0,"2\u00b0":0,"1=1":0,"mauvaise":0.0046483193554373537,"1mais":0,"propos\u00e9es":0.0046037519829254551,"1+TEG":0,"04":0,"Lors":0.0045890940558536058,"propositions":0.0046037519829254551,"1+TRI":0,"1er":0,"abord":0.0044752101942726616,"1+2":0,"construit":0.004663377502014664,"remercier":0.0046333632987741249,"1\u00e8re":0,"voudrais":0.0044069072178150063,"r\u00e9ussi":0.0045890940558536058,"1+TAE":0,"1min45":0,"1+n":0,"1+0":0,"1+5":0,"1=5":0,"1+TAEG":0,"1=9":0,"1+r2":0,"1+2r+r":0,"1+1":0,"petit":0.0045890940558536058,"1x":0,"1\u00e8res":0,"1+taux":0,"1X4X":0,"1X08":0,"2X3":0,"figure":0.0046785391418203053,"1=r":0,"2min54":0,"1+rn":0,"Tout":0.0045890940558536058,"2i\u00e8meann\u00e9e":0,"1+4":0,"2eme":0,"parmi":0.0046785391418203053,"1+i":0,"1+R":0,"1+":0,"1\u20ac":0,"04\u20ac":0,"interpr\u00e9tation":0.0046785391418203053,"1+x":0,"1+9":0,"1=":0,"1\u2212":0,"1+F3":0,"1+tri":0,"1+A2":0,"1+12":0,"1+41":0,"2\u20ac":0,"4\u00e8me":0,"2^2x4":0,"2x0":0,"1x4":0,"+2x0":0,"1+11":0,"02+":0,"1USD":0,"1^3":0,"4ans":0,"4e":0,"2=":0,"1=16":0,"1+15":0,"1+TMEG":0,"4min25":0,"1\u00b2=4":0,"rencontr\u00e9":0.0046785391418203053,"2x":0,"2M":0,"1M":0,"enrichissant":0.0047091786608607659,"coh\u00e9rent":0.0047091786608607659,"fonctionner":0.0047091786608607659,"attendue":0.004693805707303534,"coquille":0.0047091786608607659,"gliss\u00e9e":0.0047091786608607659,"Audrey":0.0047091786608607659,"1EUR":0,"1+g":0,"1ere":0,"1+rd":0,"1an":0}