{"'":0.0010923823040720133,"que":0.0024291412752065998,".":0.0013562056962162252,"r\u00e9ponse":0.004630694389462146,",":0.0018798965671556367,"la":0.0025612657088199394,"Merci":0.0021026584456248325,"de":0.0026036005846872064,"pour":0.0037313208382319151,"afin":0.0064522336789626343,"d":0.0037990065028578176,"vous":0.0024120361279302473,"exemple":0.0054966234941293407,"un":0.0029946299581522723,"est":0.0022456388651686874,"?":0.00082598284400260105,"si":0.0050796283677200064,"me":0.0043856658256340867,"Bonjour":0.00098903817943605198,"-":0.0031514172695638666,"formation":0.0069226250140087811,"je":0.0045931638010883787,"ce":0.0030768931909642568,"il":0.0028880070103600906,"Est":0.0052615288524795693,"qu":0.0043959534987158648,"merci":0.0051823548505191093,"par":0.007712717722849728,"Cependant":0.0067513901845614845,"concernant":0.0065686994649128937,"cette":0.0048712969160115719,"tel":0.0069891723459644325,"avec":0.0045219438197235248,"votre":0.0049555119436311013,"prendre":0.0066284923577750706,"pouvoir":0.0066284923577750706,"suivre":0.0068359098198068572,"beaucoup":0.0062667222178930714,"donner":0.0067723203300688499,"quelques":0.0067099194987991981,"indications":0.0070800173332019514,"d\u00e9cision":0.0069226250140087811,"abord":0.0067723203300688499,"pourriez":0.0066084421637314546,"certificat":0.013426855185983938,"certains":0.0070116528839340286,"d\u00e9couvrir":0.0071031201747008199,"Tout":0.0069446603895454793,"souhaite":0.0069007341337768485,"r\u00e9jouis":0.0071263840129093771,"voie":0.0071263840129093771,"reconnaissance":0.0071263840129093771,"reconnu":0.0071263840129093771,"milieux":0.0071263840129093771,"professionnels":0.0071263840129093771,"Annie":0.0071263840129093771}