{"'":0.0005896890553256063,"en":0.0046070385782205686,"au":0.006526140920456492,".":0.0021476578561128281,"l":0.0030889507225674729,"r\u00e9ponse":0.0073702733790359581,",":0.00061923513837903489,"la":0.002727356520884907,"lieu":0.010454827446895801,"de":0.0041029428080400472,"pour":0.0029954581595230197,"(":0.0045034610895307746,")":0.0044018641718141308,"me":0.0069802827320187364,"Bonjour":0.0015741660216955916,"-":0.0049905158751002631,"on":0.0048422758918792233,"taux":0.0066169697460856545,"\/":0.0064664396529112364,"actif":0.0093515653930569213,"sans":0.0087713505804190833,"risque":0.017393105922856616,"risqu\u00e9":0.010880122920887657,"calculer":0.0078102506996476761,"valeur":0.023024950016948025,"Rentabilit\u00e9":0.011268647612064156,"t0":0.010846171642999695,"t1":0.02187319961496352,"prime":0.010330532728539491,"utilisant":0.010778913062498157,"semble":0.010179144798312081,"La":0.0095070893811386639,"Peut":0.010948683316147879,"m\u00e9thode":0.01048636081488493,"similaire":0.011088516568174757}