{"'":0.0019950876913831968,"les":0.0027050007136970975,".":0.0036835379647505847,"sur":0.0040940682138424483,",":0.0004352893475242211,"la":0.00097190875203943372,"de":0.00098797332364175192,"d":0.0021438438416241891,"\"":0.010212384860459355,"un":0.0033504495965200856,"non":0.0063811742440606925,"!":0.0053066796495123345,"question":0.0035528119710002688,"si":0.0056831859204402192,"(":0.0031656934785613865,")":0.0061284656571582554,"me":0.0049067672805337276,"Bonjour":0.0011065549385203815,"on":0.0034038622534016964,"3":0.0062636587080075173,"je":0.002592000282475697,"ou":0.0052432654413373967,"pas":0.0018486827135527147,"il":0.0032311577917221012,"\u00e9nonc\u00e9":0.0071553970745434174,"qu":0.0049182773270528774,"n":0.0037246607910948032,"avec":0.0050592377215204478,";":0.0070315733435206002,"aussi":0.0072402872545891872,"s":0.0057115891534379702,"agit":0.0073271518008179064,"Je":0.0033428811904053202,"donc":0.0062636587080075173,"suppose":0.015195350054237619,"=":0.0058274126090727702,"int\u00e9r\u00eats":0.0073052455377884701,"003":0,"3\u00b0":0,"indique":0.007794637033368519,"pr\u00eat":0.0077451660168912926,"lors":0.0071553970745434174,"L":0.0075535851961391117,"d\u00e8s":0.0077451660168912926,"3h":0,"permets":0.0076242814482003407,"T0":0.0079212595709214177,"3ieme":0,"3\u00e8me":0,"3+":0,"3+1":0,"3M":0,"3=":0,"revenir":0.0078196204518685853,"parents":0.0079212595709214177,"3^2x24":0,"3x0":0,"3eme":0,"pr\u00eatent":0.0079731355040045058,"gratuit":0.0079731355040045058,"famille":0.0079731355040045058,"oblige":0.0079731355040045058,"3e":0,"3+2":0}