{"'":0.0013509575724858691,"le":0.0037699384700548349,"en":0.010554568713412826,"du":0.0090253559971806441,"la":0.0031675369434129713,"\"":0.016804697395631778,"question":0.011578929758095855,"4":0.024096569193443402,"fonds":0.023951654148673625,"prix":0.021424118301417706,"balanced":0.025403414375970056,"trouver":0.01943119899121809,"\u00e0":0.0070227796297554646,"Comment":0.021021201897395484,"t=0":0.024023896022397014,"04":0,"04\u20ac":0,"4\u00e8me":0,"4ans":0,"4e":0,"4min25":0}