{"'":0.0014958202762020503,"le":0.0021243712810337582,".":0.0014055329479703569,"du":0.0050858143266294415,",":0.00079941150562315021,"la":0.003507190811964414,"Merci":0.0043203706921312321,"de":0.0018144189529563748,"bien":0.0091606620288165359,"pour":0.0038670346188747879,"d":0.0077361886163216497,"dans":0.0057742036731400328,"question":0.0065247605600438916,"Bonjour":0.0020321948021208782,"1":0.0076559727413133723,"je":0.0047602241133967325,"pas":0.0033951169259395513,"utiliser":0.012445251949518184,"quizz":0.012480159725026503,"avance":0.0077783085739730109,"1+r":0,"calcul":0.0088034322364440084,"ne":0.005579506692939675,"01":0,"quel":0.012950907568219601,"1+7":0,"1+3":0,"1+TAP":0,"1+6":0,"proc\u00e9d\u00e9":0.01431489780779524,"1\u00b0":0,"1=1":0,"1mais":0,"1+TEG":0,"1+TRI":0,"1er":0,"1+2":0,"1\u00e8re":0,"1+TAE":0,"1min45":0,"1+n":0,"1+0":0,"1+5":0,"1=5":0,"1+TAEG":0,"1=9":0,"1+r2":0,"1+2r+r":0,"1+1":0,"1x":0,"1\u00e8res":0,"1+taux":0,"1X4X":0,"1X08":0,"1=r":0,"saisi":0.014453475512553429,"Irena":0.014500297285365791,"1+rn":0,"1+4":0,"1+i":0,"1+R":0,"1+":0,"1\u20ac":0,"1+x":0,"1+9":0,"1=":0,"1\u2212":0,"1+F3":0,"1+tri":0,"1+A2":0,"1+12":0,"1+41":0,"1x4":0,"1+11":0,"1USD":0,"1^3":0,"1=16":0,"1+15":0,"1+TMEG":0,"1\u00b2=4":0,"1M":0,"1EUR":0,"vF":0.014642711323044665,"1+g":0,"1ere":0,"1+rd":0,"1an":0}