{"'":0.0010556477339936157,"que":0.0023460895939005221,"le":0.0019803175158641883,"en":0.0027956074655474945,"les":0.0023350666427012271,".":0.0025774813392609969,"sur":0.0035341662095241147,"l":0.0018744131515506745,"du":0.0023905621622300746,"une":0.0031156263024594375,",":0.00037575947029521161,"la":0.0024751356110333678,"et":0.0020058331132135434,"Merci":0.0020307691237052118,"de":0.0016913830768353203,"pour":0.0036048107308645386,"nous":0.0050304595957404588,"d":0.0036702015189385997,"vous":0.0023295692669698569,"\"":0.0088273686336538173,"dans":0.0053826545181509776,"!":0.0045809417240934864,"question":0.0030669318049582257,"?":0.0015820773520135898,"me":0.0042357211006470484,"Bonjour":0.00095522323235312464,"4":0.0063825013186625769,"comment":0.0041284001158605069,"3":0,"actif":0.011253912251153238,"sans":0.0053225630194364626,"risque":0.0053504784326524014,"indic\u00e9":0.0064606678157208119,"d\u00e9terminer":0.0060875107919331371,"fond":0.013093417357091828,"avance":0.0036561559209364485,"mani\u00e8re":0.012734768452018813,"journ\u00e9e":0.0065611186218871862,"investissement":0.0059495556276918764,"faire":0.0053928100265325232,"trop":0.0065815898658028978,"La":0.005769018339717079,"donn\u00e9":0.0064213476932181313,"Etant":0.0068602664226160024,"AOA":0.0064018660020103632,"intuitivement":0.0068379534610014427,"sommes":0.0065205619854344123,"m\u00e9thode":0.0063632522460534699,"autres":0.006213261942472831,"04":0,"retrouver":0.0066437952052835836,"parait":0.0067719263737104516,"aller":0.0068157938542864494,"Bonne":0.006622926458737001,"04\u20ac":0,"4\u00e8me":0,"4ans":0,"4e":0,"syst\u00e9matique":0.0068157938542864494,"4min25":0,"r\u00e9partition":0.0068602664226160024,"auriez":0.0068602664226160024,"3e":0.0056437905574254861,"r\u00e9partir":0.0068827348765064158,"al\u00e9atoire":0.0068827348765064158}