{"'":0.0012438853331782644,"ai":0.0034726317789101225,"le":0.0011801163425053541,"les":0.0081171246814733776,".":0.0030327628719984821,"sur":0.0041767822332431179,"l":0.0022152369427493042,"du":0.0028252371209248578,",":0.00044408366399757351,"la":0.003851370259792515,"et":0.0023705529433063,"Merci":0.0024000230585795677,"de":0.0029646952066822128,"vous":0.0054517863255301915,"dans":0.0063517710684327117,"est":0.0050756881770718781,"5":0.0060670913933337433,"r\u00e9solution":0.0070513634370005934,"question":0.0036245907843826773,"risque":0.0063233537790692157,"quiz":0.012295264773788101,"vid\u00e9os":0.0072573847946415812,"pas":0.0018860323545082491,"ce":0.0035120371653638905,"qu":0.0050176431570779509,"fin":0.0072362741206371877,"n":0.0037999115316403259,"tr\u00e8s":0.0070313609400903523,"sont":0.0060670913933337433,"plus":0.011064208302610859,"exercices":0.014626852790135607,"bonne":0.0071736348978412431,"prime":0.0074085279416565954,"Je":0.00341041869227264,"journ\u00e9e":0.0077541241881176389,"faire":0.0063733825096781143,"expliquer":0.006510095537662422,"car":0.0063566331776047924,"simple":0.0078026658243258318,"beaucoup":0.007152981910091844,"AOA":0.0075659147282720876,"clairement":0.0079521150540373831,"\u00e9galement":0.015354691225607113,"d\u00e9finir":0.0080032630288638697,"su":0.0080812957949422202,"Pouvez":0.012995346935949842,"svp":0.014497867186806335,"05":0,"\u00e9lev\u00e9e":0.0080290968017912127,"5i\u00e8me":0,"5eme":0,"0005+1":0,"5e":0,"5=>":0,"5^2x18":0,"5x0":0,"5^2":0,"5\u00e8me":0,"5+5":0,"barre":0.0081342197972589757,"5xtaux":0,"5ans":0,"5min08s":0}