{"J":0.004789403270529756,"'":0.0027951561772875089,"ai":0.0034726317789101225,"que":0.0027726781233414995,"le":0.0011801163425053541,"en":0.0033039316492115096,".":0.0015461220317142326,",":0.0017249154758010182,"la":0.0019634533467597646,"de":0.001995907048622873,"nous":0.011772558654528658,"d":0.006433213740741751,"des":0.003698742750756052,"Bien":0.006598100994682248,"vous":0.0027531539119941611,"un":0.0034181400057786632,"est":0.0050756881770718781,"5":0.0060670913933337433,"?":0.0018669214452936009,"(":0.0032296511896021964,")":0.0031567910938580007,"Bonjour":0.0011289110893884149,"-":0.0018143279043020585,"arbitrage":0.007851833821497279,"ce":0.0069545244490222613,"Est":0.0060056309171888098,"qu":0.0050176431570779509,"\u00e0":0.0021983639989666933,"Dans":0.0051371033138556494,"n":0.0037999115316403259,"possible":0.0068750121607213917,"vid\u00e9o":0.0060209033501042591,"lorsque":0.0075430289723216609,"vu":0.0074528361956813401,"avons":0.0077783177101000255,"VAN":0.006036237241667808,"th\u00e9or\u00e8me":0.015797223673925238,"nulle":0.0080032630288638697,"\u00e9claircissement":0.0078026658243258318,"AOA":0.0075659147282720876,"situation":0.00790164455577262,"exact":0.0080551069158302496,"juste":0.0076121027715015718,"L":0.0077061931547328637,"abordons":0.0081076659134136086,"s\u00e9paration":0.0080032630288638697,"05":0,"besoin":0.007851833821497279,"application":0.0080032630288638697,"5i\u00e8me":0,"5eme":0,"0005+1":0,"5e":0,"5=>":0,"5^2x18":0,"5x0":0,"5^2":0,"5\u00e8me":0,"5+5":0,"opportunit\u00e9s":0.0081342197972589757,"5xtaux":0,"5ans":0,"5min08s":0}