{"J":0.0030989643728104974,"'":0.00081039451282301981,"ai":0.0022469526065909402,"a":0.0027769141101840274,"questions":0.0042349513336866389,"que":0.0017940503724915959,"le":0.0022614606942771369,"en":0.0042480064816349423,"les":0.0070065651315351658,".":0.0038680151479627959,"sur":0.0027025703626699584,"avoir":0.0038565091853649054,",":0.00057097739400877034,"la":0.00064157499369462149,"et":0.0015338568711410088,"des":0.0023932568132890297,"2\u00e8me":0,"dans":0.0020754949384992967,"m":0.0031939453539619415,"?":0.00061003237814091392,"+":0.0043993820845459469,"me":0.00323904809012531,"ma":0.0044360906656781204,"1":0.0027518829562247654,"2":0.0039357303775712704,"cours":0.0073993843884282212,"je":0.0033999765327949335,"pas":0.0012203497476508121,"cas":0.0040808044245891602,"qui":0.0060732250958369744,"mais":0.010056598668310913,"\u00e0":0.001422442698276574,"derni\u00e8res":0.0051951952109986956,"n":0.0024587176713316561,"sont":0.0078007193549854787,"par":0.0028731115193529398,"exemples":0.010095439163943074,"suis":0.012117462924897125,"perplexe":0.0052460330427635373,"exercices":0.0094972237938127247,"vid\u00e9o":0.0038958016103840518,"compris":0.0041238718512841754,"m\u00eame":0.0037987202706539591,"Les":0.004910392702336207,"1+r":0,"01":0,"\u00e7a":0.004836788804036359,"Je":0.0043849214354421068,"deux":0.0085526286138388093,"ces":0.0042010988912909719,"Pourquoi":0.0044859013999534606,"donc":0.0041347572883386639,"perdue":0.0051618764946550957,"2e":0,"pensais":0.0051127277411832728,"02":0,"1+7":0,"compr\u00e9hension":0.0049404607272768349,"1+3":0,"1+TAP":0,"1+6":0,"1\u00b0":0,"2\u00b0":0,"1=1":0,"vraiment":0.0048659672213584981,"autres":0.0047512699136731621,"pendant":0.0051290020411151466,"chapitre":0.0050965601587395848,"1mais":0,"1+TEG":0,"ont":0.0047936585936363225,"rapport":0.0048954950891082509,"1+TRI":0,"1er":0,"1+2":0,"1\u00e8re":0,"1+TAE":0,"1min45":0,"voir":0.0051618764946550957,"1+n":0,"1+0":0,"1+5":0,"1=5":0,"1+TAEG":0,"1=9":0,"1+r2":0,"1+2r+r":0,"1+1":0,"aid\u00e9":0.0052460330427635373,"1x":0,"1\u00e8res":0,"1+taux":0,"assez":0.010191821562222998,"1X4X":0,"1X08":0,"2X3":0,"1=r":0,"compl\u00e8tement":0.0051618764946550957,"2min54":0,"1+rn":0,"bloqu\u00e9e":0.0052120249520304614,"2i\u00e8meann\u00e9e":0,"1+4":0,"2eme":0,"1+i":0,"1+R":0,"1+":0,"1\u20ac":0,"1+x":0,"1+9":0,"1=":0,"1\u2212":0,"1+F3":0,"1+tri":0,"donn\u00e9s":0.010356796090765251,"1+A2":0,"1+12":0,"1+41":0,"2\u20ac":0,"2^2x4":0,"2x0":0,"1x4":0,"+2x0":0,"1+11":0,"02+":0,"concepts":0.0052289703622929937,"1USD":0,"1^3":0,"2=":0,"1=16":0,"1+15":0,"1+TMEG":0,"1\u00b2=4":0,"2x":0,"2M":0,"1M":0,"1EUR":0,"m\u00e9canismes":0.0052632146278897849,"d\u00e9coulaient":0.0052632146278897849,"retrouv\u00e9e":0.0052632146278897849,"semblaient":0.0052632146278897849,"\u00e9vidents":0.0052632146278897849,"laiss\u00e9e":0.0052632146278897849,"retourn\u00e9e":0.0052632146278897849,"concern\u00e9e":0.0052632146278897849,"contact\u00e9":0.0052632146278897849,"\u00e9tudiants":0.0052632146278897849,"complexes":0.0052632146278897849,"1+g":0,"1ere":0,"1+rd":0,"1an":0}