{"'":0.0021488159990370017,"que":0.0036600275453405494,"le":0.001557792909286843,"les":0.0036428311411089067,".":0.003013049585928173,"sur":0.0055134917738433693,"l":0.0029241866056011119,",":0.0011571826332624575,"de":0.0026264496908719073,"afin":0.0097216877564968874,"des":0.0048824637223238432,"vous":0.0036342549355555414,"!":0.027509112914206116,"?":0.0024567152344377569,"Bonjour":0.0014902002683320856,"-":0.0023949733112268814,"on":0.0045839897024608839,"prix":0.0088527544528294502,"trouver":0.0080292514713166951,"ou":0.0070611185180422227,"il":0.0085897798859032159,"s":0.0076918112176489299,"agit":0.0098674934244917783,"pond\u00e9rations":0.010633009632243817,"Comment":0.0086862635877379465,"S":0.01023570239891365,"faut":0.0089258299754767911,"lorsqu":0.010267638654380485,"cependant":0.010530702173008284,"juste":0.010048229394937028,"tombe":0.010530702173008284,"soustraction":0.010633009632243817,"voulez":0.010633009632243817,"ok":0.010702389261019027,"addition":0.010667579825633553,"deviner":0.010667579825633553,"fractions":0.010737441272823662}