{"J":0.0063221719637465493,"'":0.0011019690123431779,"le":0.001557792909286843,"les":0.0036428311411089067,".":0.0010306716531452024,",":0.0011571826332624575,"la":0.0038263359373286753,"et":0.0061771303914440823,"Merci":0.0031681104380292995,"de":0.0013305061147388872,"bien":0.0067174765919069375,"d":0.0056992409211579446,"2\u00e8me":0,"dans":0.008358408860114408,"5":0.0080087628754176472,"r\u00e9solution":0.0093080347820996227,"question":0.00944487232566542,"?":0.0024567152344377569,"Bonjour":0.0014902002683320856,"-":0.0023949733112268814,"4":0.0099570496775614262,"comment":0.0064405290324463455,"1":0.0056140939941099702,"\/":0.012084023017454043,"3":0.016651446029669139,"2":0.0080292514713166951,"trouver":0.0080292514713166951,"pas":0.0049145781827722758,"o\u00f9":0.0081329653176265369,"avance":0.0057038023677687165,"1+r":0,"%":0.011918990566084659,"aussi":0.0097505127255744072,"ne":0.0080765765839315995,"comprends":0.012451290804822161,"01":0,"Je":0.0088867877897736043,"25":0.032035130111067185,"2e":0,"003":0,"02":0,"viennent":0.010564573973320021,"1+7":0,"1+3":0,"1+TAP":0,"1+6":0,"1\u00b0":0,"2\u00b0":0,"1=1":0,"3\u00b0":0,"1mais":0,"1+TEG":0,"04":0,"1+TRI":0,"3h":0,"1er":0,"1+2":0,"1\u00e8re":0,"1+TAE":0,"1min45":0,"05":0,"3ieme":0,"3\u00e8me":0,"1+n":0,"1+0":0,"1+5":0,"1=5":0,"1+TAEG":0,"1=9":0,"1+r2":0,"1+2r+r":0,"3+":0,"3+1":0,"1+1":0,"1x":0,"1\u00e8res":0,"1+taux":0,"1X4X":0,"1X08":0,"2X3":0,"1=r":0,"2min54":0,"1+rn":0,"5i\u00e8me":0,"2i\u00e8meann\u00e9e":0,"3M":0,"1+4":0,"5eme":0,"2eme":0,"0005+1":0,"1+i":0,"1+R":0,"1+":0,"3=":0,"1\u20ac":0,"25\u20ac":0,"04\u20ac":0,"1+x":0,"5e":0,"0025^t":0,"1+9":0,"1=":0,"1\u2212":0,"1+F3":0,"1+tri":0,"1+A2":0,"1+12":0,"1+41":0,"5=>":0,"2\u20ac":0,"4\u00e8me":0,"2^2x4":0,"5^2x18":0,"3^2x24":0,"2x0":0,"5x0":0,"1x4":0,"+2x0":0,"3x0":0,"5^2":0,"1+11":0,"02+":0,"1USD":0,"1^3":0,"4ans":0,"5\u00e8me":0,"4e":0,"2=":0,"25=":0,"1=16":0,"3eme":0,"1+15":0,"1+TMEG":0,"4min25":0,"1\u00b2=4":0,"5+5":0,"025":0,"2x":0,"2M":0,"1M":0,"1EUR":0,"3e":0,"Sferruggia":0.010702389261019027,"3+2":0,"5xtaux":0,"1+g":0,"1ere":0,"1+rd":0,"5ans":0,"5min08s":0,"1an":0}