{"le":0.0090045226916049791,"?":0.0071937208563566937,"fonds":0.057208682580983647,"indic\u00e9":0.058259686940113409,"calculer":0.042737592315472916,"Comment":0.050209278213273874}