{"'":0.00068637549578745615,"a":0.0069655717185092376,"questions":0.010622891479072692,"le":0.0037699384700548349,".":0.0024942780853752402,"sur":0.0067790889233688171,"l":0.0035954204415318152,"du":0.0045854757568916564,"la":0.001609317556849405,"2\u00e8me":0,"exemple":0.010182916206698049,"dans":0.0052061418797579228,"comme":0.0098976245978645294,"Bonjour":0.001832269013364138,"on":0.0056362238471478138,"taux":0.0077018995843027007,"comment":0.0079189234001626092,"2":0.0098723299035962438,"sans":0.010209516437500196,"risque":0.010263062608592392,"prix":0.010884864277333555,"je":0.0042919168627648177,"calculer":0.009090832953029742,"pas":0.0060250211550616573,"o\u00f9":0.0099998507951761569,"Dans":0.0083377294358293226,"vid\u00e9o":0.0097721731538954748,"ne":0.0050305990413231517,"ces":0.010537976495750397,"2e":0,"02":0,"moment":0.012392581172071083,"2\u00b0":0,"sais":0.012169019091380458,"2X3":0,"2min54":0,"2i\u00e8meann\u00e9e":0,"2eme":0,"2\u20ac":0,"2^2x4":0,"2x0":0,"+2x0":0,"02+":0,"2=":0,"2x":0,"2M":0}