{"J":0.0064954035379168815,"'":0.0027223471399021085,"le":0.0016004774359739693,"les":0.0037426470551064498,"j":0.0056010000198036779,"avoir":0.0080832111612533022,"une":0.0049937288266097687,",":0.00060226763948024694,"et":0.0093920816296320393,"de":0.0039934125280823114,"d":0.0086654696544200775,"un":0.0046356920544245945,"5":0.0082282081243006521,"taux":0.006435659901211672,"4":0.010229879236710905,"actif":0.0090953256132472789,"sans":0.0085310091138418968,"risque":0.016922789731586698,"je":0.0035862993214459656,"pas":0.0025578429161475795,"quizz":0.0094024120056528902,"plus":0.022137277424539571,"concernant":0.010168357474186275,"peu":0.0096177667916627751,"explication":0.00972890584968596,"correction":0.010451163005863594,"ne":0.0042035376045802359,"exercice":0.0085982695038985535,"prime":0.010047468522664121,"car":0.0086208855882137954,"aimerais":0.019033416901584478,"vraiment":0.010199026804666111,"04":0,"comprend":0.010292142243116462,"05":0,"5i\u00e8me":0,"5eme":0,"0005+1":0,"04\u20ac":0,"5e":0,"5=>":0,"4\u00e8me":0,"5^2x18":0,"5x0":0,"5^2":0,"4ans":0,"5\u00e8me":0,"4e":0,"4min25":0,"m\u00e9canisme":0.010959878367397207,"5+5":0,"bref":0.011031654063130373,"explicative":0.011031654063130373,"5xtaux":0,"5ans":0,"5min08s":0}