{"'":0.0025663825652578499,"ai":0.0036966892862580472,"le":0.0036905179654041528,"au":0.0049821851872837225,"du":0.0030075241088012173,"avoir":0.0063447338168488437,",":0.0013887603120944923,"pu":0.0081781309560412761,"et":0.0097838628942901219,"de":0.0010729665681874501,"pour":0.004525437544157746,"d":0.0023282741693857771,"2\u00e8me":0,"un":0.0036386816520632432,"dire":0.0070619045594719279,"pourrait":0.0080785843194024157,"m":0.0052546829587110447,"?":0.0019861215417672959,"me":0.0053288860376131007,"Bonjour":0.0012017495072828637,"-":0.0019313900674195331,"comment":0.005193867398806941,"2":0.0064750686230280359,"cours":0.017997159748189349,"je":0.010913963621634822,"pas":0.0039731709482143029,"il":0.0035091274269196168,"\u00e0":0.0046311379300659188,"n":0.0040450854401130453,"merci":0.0062969180742116883,"trouve":0.014244651362111055,"quelqu":0.0084114661826631514,"ne":0.0065294758269983299,"Je":0.0036304621520612842,"viens":0.0083321870103087396,"faire":0.0067845992148772806,"tous":0.0074850310398308579,"10":0,"2e":0,"rien":0.0082034040712133278,"02":0,"2\u00b0":0,"09":0,"aujourd":0.01638603170188354,"hui":0.016335064920510126,"9":0.013726499012480801,"cherche":0.0084651930855097323,"9+":0,"inscrire":0.008384867255463278,"2X3":0,"f\u00e9vrier":0.016859908092875964,"2min54":0,"2i\u00e8meann\u00e9e":0,"2eme":0,"pareil":0.0086307802343737541,"9=":0,"9=850":0,"2\u20ac":0,"2^2x4":0,"2x0":0,"+2x0":0,"02+":0,"2=":0,"2x":0,"2M":0,"assister":0.0086590474000766814,"10H":0.011857284228970264}