{"'":0.0016109929306812431,".":0.0022519707305125565,"r\u00e9ponse":0.0051809099506752356,",":0.0016917109472333936,"la":0.00097190875203943372,"Merci":0.0023524947119376448,"de":0.00098797332364175192,"pour":0.0021056476723980183,"nous":0.017147066641206035,"d":0.0063082255688289603,"un":0.0033504495965200856,"comme":0.005977433061687209,"?":0.00092412549299699114,"si":0.0056831859204402192,"Bonjour":0.0011065549385203815,"-":0.001778398247189173,"taux":0.0092124314291661923,"int\u00e9r\u00eat":0.0067015139356672738,"comment":0.0047824439164234657,"trouver":0.0059621569375718185,"pas":0.0018486827135527147,"ce":0.0034424872836583695,"utiliser":0.0067765919839463361,"\u00e0":0.002154829164659788,"n":0.0037246607910948032,"avance":0.0042353842047438209,"votre":0.0055443220778882765,"%":0.0044834838317882129,"comprendre":0.0064849311143361779,"avons":0.0076242814482003407,"En":0.0063135704592943423,"effet":0.0071976009940913997,"Je":0.0033428811904053202,"45":0.016153756958056681,"formule":0.0054501006851780812,"18+1":0,"18":0.013124926810754318,"obtenir":0.0068921168778591831,"permettrait":0.0079212595709214177,"\u00e9tant":0.0073936522009423258,"quelle":0.0071344726100711535,"Le":0.0068921168778591831,"sommes":0.0075535851961391117,"fichier":0.007672166811017741,"graphique":0.0076242814482003407,"Excel":0.0075303140483367224,"voudrais":0.0074613581118181792,"assez":0.0077698196188747751,"18X3XX":0,"possibilit\u00e9":0.0077698196188747751,"045":0,"45=4":0,"parvenus":0.0079731355040045058,"approximatif":0.0079731355040045058,"45=2788":0}