{"'":0.0022054671219619024,"ai":0.004709593965788658,"que":0.0037603146518637308,"en":0.0044808023277919254,".":0.0030934822819789183,"Quand":0.010483562905210859,"j":0.0056010000198036779,",":0.00060226763948024694,"Merci":0.003254918699726763,"de":0.0013669628372103974,"nous":0.015910616417484945,"d":0.0029662287332621194,"vous":0.0037338358560102106,"\"":0.01407815482063654,"un":0.0091477507999610051,"est":0.0034762526221412391,"!":0.0073423377901794809,"?":0.0012786227883048475,"Bonjour":0.0015310327132248432,":":0.0059000989363560226,"-":0.0024605971188643287,"actif":0.0090953256132472789,"ce":0.0093990417989422356,"il":0.0044706395575195958,"qu":0.013428399400399192,"cela":0.0091202305627412598,"avance":0.0058600902176707782,"probl\u00e8me":0.010107559513899321,"signifie":0.010716234800844021,"paie":0.010959878367397207,"r\u00e9alit\u00e9":0.010682347682577781,"autant":0.010682347682577781,"rapporte":0.010854050088543026,"dites":0.010750345598077466,"fran\u00e7ais":0.010959878367397207,"petit":0.010750345598077466}