{"J":0.0022471011722789212,"'":0.00097378381602756321,"ai":0.0032432929500713784,"le":0.0005536891898384606,"au":0.0021958712492127345,".":0.0017979007495707506,"j":0.0019376800281867509,"l":0.001039349006494693,"une":0.0034389642961926785,",":0.0019996864752349457,"la":0.0031675369434129713,"et":0.0022139973767127319,"de":0.0023209311459160774,"bien":0.0023876050210258773,"pour":0.0010078912684981063,"nous":0.0055525179414280916,"des":0.0051575675143623175,"vous":0.0038390280523397068,"2\u00e8me":0,"exemple":0.0029436345525535317,"000":0,"dans":0.0044727775187303406,"non":0.003054418784140285,"r\u00e9solution":0.0033083718681505233,"?":0.0013146450304615909,"(":0.0015152937775908713,")":0.0044018641718141308,"me":0.0023486777790179729,"Bonjour":0.00052966461353812623,"ma":0.006403135312987294,":":0.0040631420508886055,"-":0.0016945064365526969,"1":0.0019954277213257887,"2":0.0028538515714504392,"calculer":0.0026279397226531762,"pas":0.0008848921828841286,"il":0.0015466289864664224,"utiliser":0.0032436898063840582,"\u00e0":0.0020531800989787388,"cela":0.0031551666758432863,"n":0.0017828495900201553,"par":0.0020833321995795853,"Cependant":0.0036156060982295663,"exercices":0.0034656426148482349,"elle":0.0032989870592888262,"x":0.0035714605964798623,"prendre":0.0035497900040858408,"1+r":0,"calcul":0.0022944978151006232,"ne":0.0014542243948095176,"mani\u00e8re":0.007087751644985308,"01":0,"avons":0.0036494456318334504,"s":0.0027339145634191703,"Je":0.0031851885272186757,"deux":0.0031209493254650209,"faire":0.005952472901758309,"VA":0.003190051723802313,"3000":0.013948764900791015,"formule":0.0051930048320117054,"7":0.0051987388531214663,"donc":0.011825841961712496,"Pour":0.003054418784140285,"faut":0.0031725241129901527,"rente":0.0068178578212545905,"=":0.0027893547261547747,"2e":0,"formules":0.0035605924658509429,"02":0,"explique":0.0037671066344869145,"1+7":0,"diff\u00e9rence":0.0033657394205305695,"donne":0.0034863110760597355,"d\u00e9cimales":0.0037549858966516563,"calculs":0.0034350811529935488,"1+3":0,"1+TAP":0,"appliqu\u00e9":0.003730988194286623,"suivant":0.0036156060982295663,"1+6":0,"31":0.0087608094521552504,"quelle":0.0067979204198397444,"1\u00b0":0,"2\u00b0":0,"1=1":0,"son":0.0035072212791393362,"laquelle":0.0036955850179417626,"m\u00e9thode":0.0035283789459860703,"76":0.010210592100623349,"26":0.010724910680170115,"arrondi":0.0037793101083743331,"croissante":0.0037073083516402329,"Quelle":0.0036044671090314133,"1mais":0,"1+TEG":0,"remercie":0.0033178062012987879,"Lors":0.0037191090676393541,"svp":0.0068379075466502136,"applique":0.0072646236626044787,"1+TRI":0,"Isabelle":0.0036955850179417626,"prend":0.0036839380582947296,"1er":0,"1+2":0,"1\u00e8re":0,"importe":0.0037429467805655766,"1+TAE":0,"1min45":0,"1+n":0,"1+0":0,"1+5":0,"1=5":0,"1+TAEG":0,"1=9":0,"Nous":0.0037793101083743331,"1+r2":0,"1+2r+r":0,"1+1":0,"1x":0,"1\u00e8res":0,"1+taux":0,"1X4X":0,"1X08":0,"2X3":0,"1=r":0,"2min54":0,"1+rn":0,"Cette":0.0037073083516402329,"2i\u00e8meann\u00e9e":0,"1+4":0,"AU":0.0038039698370319927,"24":0.0098116556171336383,"2eme":0,"1+i":0,"1+R":0,"1+":0,"1\u20ac":0,"1+x":0,"1+9":0,"1=":0,"007=>":0,"1\u2212":0,"1+F3":0,"1+tri":0,"1+A2":0,"1+12":0,"1+41":0,"2\u20ac":0,"2^2x4":0,"2x0":0,"1x4":0,"+2x0":0,"1+11":0,"02+":0,"multipli\u00e9":0.0037793101083743331,"+7":0,"1USD":0,"1^3":0,"complet":0.0038164284378528171,"7e":0,"arrondir":0.0038039698370319927,"arrondie":0.0038039698370319927,"2=":0,"1=16":0,"1+15":0,"1+TMEG":0,"1\u00b2=4":0,"fraction":0.01860849641695771,"2x":0,"2M":0,"1M":0,"1EUR":0,"conseillez":0.0038164284378528171,"COMPLET":0.0038164284378528171,"78922":0.012689011908184977,"enti\u00e8ret\u00e9":0.0038164284378528171,"78930":0.012689011908184977,"retrouvons":0.0038039698370319927,"Mathilde":0.0038039698370319927,"Coton":0.0038039698370319927,"1+g":0,"1ere":0,"1+rd":0,"1an":0}