{"'":0.00089088241204956305,"que":0.005841004870397422,",":0.0018328439760920631,"la":0.002088816858409049,"d":0.0046075283804001936,"des":0.0077918797135661366,"Bien":0.013899752632976766,"vous":0.0057998745954439641,"est":0.0053997631518934415,"r\u00e9solution":0.01485460855760138,"?":0.0019861215417672959,"Bonjour":0.0023781971357773927,"-":0.0038221162551514169,"taux":0.0099966955713580025,"ce":0.007398560263888459,"Est":0.012651637830515188,"\u00e0":0.0046311379300659188,"par":0.0093541734585905947,"solveur":0.015890365561719813,"int\u00e9r\u00eats":0.015700362819174318,"optionnelle":0.017135785453312402,"Eggermont":0.017135785453312402,"Arthur":0.017079846264568117}