{"'":0.00037717375645830492,"a":0.0075876245917978306,"que":0.002472911933900077,"le":0.0020864279395423789,"en":0.0058413014505152043,"les":0.0072546997542226798,".":0.0020525830320207105,",":0.00078513323702631766,"la":0.00088434443242296876,"Merci":0.0021405462153119103,"de":0.00089896166313105667,"pour":0.0019159389107487098,"d":0.0019506937882247792,"des":0.0065393215383950558,"exemple":0.0055956670670098936,"est":0.0022861029968020961,"si":0.0051711581119314731,"Bonjour":0.0010068596429420112,"\/":0.0081988511020475822,"Par":0.0067275195798523722,"pas":0.0016821252629080107,"il":0.0029400459635675735,"cela":0.0059977765390842579,"sont":0.0054111519776973236,"avance":0.0038537963906362803,"haut":0.0072547942151201059,"ne":0.002764390554873414,"Je":0.0060295689406258133,"texte":0.0071842345684870008,"parties":0.0072311111861742628,"remarque":0.0071151101332917995,"car":0.005669390150985068,"\u00e9t\u00e9":0.0063430988151135471,"30":0.012920121603038574,"11":0.012920121603038574,"sais":0.0066870607579646024,"souvent":0.0070697961166254339,"corriger":0.0071379957477239126,"vers":0.0068730433788368149,"30\u20ac":0,"r\u00e9cup\u00e9rer":0.0072075920549353051,"slides":0.014104282479256302,"facile":0.0072075920549353051,"page":0.0071842345684870008,"sessions":0.0072311111861742628,"main":0.0071842345684870008,"voulant":0.0072547942151201059,"\u00e9crites":0.0072547942151201059,"illisible":0.0072547942151201059,"r\u00e9duite":0.0072547942151201059,"verticalement":0.0072547942151201059,"L1":0.0072547942151201059,"r\u00e9tr\u00e9cit":0.0072547942151201059,"aplatit":0.0072547942151201059,"profs":0.0072547942151201059,"Raphael":0.0072547942151201059}