{"'":0.0012316833059343383,"a":0.0042487597177750776,"le":0.001168314388293647,"tout":0.0034392923909619703,"les":0.0067303303109514118,".":0.0026403950703980895,"l":0.0043431617653795617,"du":0.0055391193623302217,"apr\u00e8s":0.0066758418874802205,"une":0.0036453155216240314,",":0.0017081517810080206,"la":0.0033530940193596038,"et":0.002346845825384406,"de":0.0019761403992033422,"bien":0.0025315835581056854,"pour":0.0021267055460581046,"nous":0.0058856906012058497,"mal":0.0034880254321851796,"dans":0.0047398475596352177,"est":0.0012751392123027212,"non":0.0032386078540646932,"5":0.0030182244982589453,"comme":0.003033698958893691,"question":0.0018031422295051651,"(":0.0031973525135423841,")":0.0031252210675786055,"Bonjour":0.00056160471063483727,"-":0.0017961834094922184,"serait":0.0072058220693485111,"4":0.0037524661092715921,"comment":0.0024272116442783085,"1":0.0021157569892050875,"3":0.0031789657375074355,"cours":0.0028629415079412784,"vid\u00e9os":0.003610365356379304,"je":0.0039075061990202584,"valeur":0.0055997689769006053,"ou":0.0026610902617282871,"pas":0.0036977279731543479,"il":0.0032634715132652684,"obtenu":0.0039433806192919335,"\u00e0":0.0064027476564709187,"fin":0.0071639065304605985,"n":0.0037619098700331748,"dont":0.0037411489956519872,"suis":0.0031457085528850104,"plus":0.0055315508486687356,"exercices":0.0036746295072919832,"vid\u00e9o":0.0088969167851372499,"y":0.005797615946421324,"avec":0.010119467612564109,"encore":0.0036637663778443163,"bonne":0.0035687019012140856,"1+r":0,"%":0.0022754818150775551,"De":0.0037984225637158458,"le\u00e7on":0.0036209258901042643,"comprendre":0.006549784727735106,"ne":0.0045800274253431465,"comprends":0.0023771044740345305,"exercice":0.006276553327175141,"01":0,"En":0.0032042972178189296,"raisonnement":0.0034201446432992641,"se":0.0033272039265593205,"partir":0.0037187154687304967,"s\u00fbr":0.0039942725591187956,"003":0,"1+7":0,"\u00e9t\u00e9":0.0035380444529299598,"\u00e9tape":0.0039060887103728546,"somme":0.0037984225637158458,"calculs":0.0036422251130719735,"1+3":0,"1+TAP":0,"1+6":0,"beaucoup":0.0035584275622357795,"1\u00b0":0,"1=1":0,"3\u00b0":0,"vraiment":0.0074450720107982803,"cible":0.0077978859419008386,"aucun":0.0039686558057551195,"1mais":0,"outil":0.0080004774217802208,"1+TEG":0,"04":0,"aider":0.0036637663778443163,"comprend":0.003775305071100171,"pr\u00e9par\u00e9":0.0040333587047083792,"ont":0.0036855552487824253,"condition":0.0040202402378133875,"1+TRI":0,"3h":0,"1er":0,"1+2":0,"1\u00e8re":0,"r\u00e9alis\u00e9s":0.0040072119329151723,"Excel":0.0038218254646808932,"1+TAE":0,"pr\u00e9c\u00e9dente":0.0039814209105648547,"1min45":0,"05":0,"3ieme":0,"fa\u00e7on":0.0038695163045772657,"3\u00e8me":0,"1+n":0,"1+0":0,"cordialement":0.0037638511939509902,"97":0.0079751707588294161,"1+5":0,"1=5":0,"1+TAEG":0,"1=9":0,"1+r2":0,"1+2r+r":0,"3+":0,"3+1":0,"1+1":0,"th\u00e9orique":0.0039686558057551195,"1x":0,"1\u00e8res":0,"test":0.0077733102218303894,"1+taux":0,"1X4X":0,"1X08":0,"1=r":0,"1+rn":0,"Ayant":0.0040202402378133875,"nouveau":0.0077733102218303894,"5i\u00e8me":0,"3M":0,"1+4":0,"5eme":0,"0005+1":0,"1+i":0,"1+R":0,"1+":0,"3=":0,"1\u20ac":0,"97\u20ac":0,"04\u20ac":0,"1+x":0,"5e":0,"1+9":0,"1=":0,"1\u2212":0,"Solveur":0.0040333587047083792,"1+F3":0,"1+tri":0,"1+A2":0,"1+12":0,"1+41":0,"5=>":0,"4\u00e8me":0,"5^2x18":0,"3^2x24":0,"5x0":0,"1x4":0,"3x0":0,"5^2":0,"1+11":0,"\u00c0":0.0040072119329151723,"1USD":0,"1^3":0,"comparable":0.0040072119329151723,"outils":0.0040202402378133875,"4ans":0,"5\u00e8me":0,"4e":0,"r\u00e9aliser":0.0039559760869007088,"1=16":0,"3eme":0,"1+15":0,"1+TMEG":0,"4min25":0,"1\u00b2=4":0,"5+5":0,"1M":0,"Quant":0.0040202402378133875,"1EUR":0,"3e":0,"3+2":0,"5xtaux":0,"1+g":0,"servir":0.0040465685902284932,"familiariser":0.0040465685902284932,"bienvenue":0.0080528721486098527,"Tr\u00e8s":0.0040072119329151723,"1ere":0,"1+rd":0,"5ans":0,"5min08s":0,"1an":0}