{"J":0.0072949570739151209,"'":0.00064413011889732626,"que":0.0042231916476982139,"du":0.0043032466377588433,",":0.00067640394493882652,"la":0.0029754435939841587,"de":0.0030246243700229754,"est":0.0039041629220681272,"question":0.010876732612563274,"?":0.0028291578529419247,"(":0.0049192280250940192,")":0.0048082515128162247,"me":0.0076247139157594292,"Bonjour":0.0017194956181763182,"-":0.002763485017294425,"quiz":0.0094573809840552952,"ce":0.01053897983122353,"qui":0.0071945990444282166,"possible":0.010471642449427648,"pourquoi":0.0084073746041348763,"comprendre":0.010077051077270973,"raisonnement":0.010471642449427648,"semble":0.011118900189845777,"derni\u00e8re":0.011489129115305877,"aimerais":0.01083262269443777,"celui":0.011559056404098638,"l\u00e0":0.011701490417565987,"plut\u00f4t":0.011810657800771984,"pourtant":0.011959483769468001,"pr\u00e9c\u00e9dente":0.012190132454717277,"similaire":0.012112226657334789,"r\u00e9expliquer":0.012308987695494997}