{"J":0.0066783965216871853,"'":0.0017214553355390887,"ai":0.0048422758918792233,"r\u00e9pondu":0.011124057549593348,"a":0.0059843648727261854,"que":0.0038662528270737686,"le":0.001645567189021068,".":0.0010887451374048775,"l":0.0030889507225674729,",":0.00061923513837903489,"la":0.002727356520884907,"de":0.0014054738560907538,"pour":0.0059088385591241736,"d":0.0030497953728521399,"vous":0.0038390280523397068,"Bonjour":0.0015741660216955916,"3":0.0089105731368633086,"je":0.0036873350168717934,"pas":0.0026299042291220917,"o\u00f9":0.0085912195365296824,"vient":0.01048636081488493,"mais":0.0073177521252542205,"quizz":0.0096673032348903506,"suis":0.0088173539579310296,"comprendre":0.0092253514560013995,"vu":0.010392316644582159,"ne":0.0043219625621925706,"Je":0.0047555252805954028,"formule":0.0077532194875918267,"d\u00e9j\u00e0":0.010392316644582159,"003":0,"\u00e9tape":0.010948683316147879,"Q4":0.011232129551402096,"3\u00b0":0,"avez":0.0098887251443100614,"3h":0,"3ieme":0,"3\u00e8me":0,"parviens":0.010679595088376818,"3+":0,"3+1":0,"bloqu\u00e9e":0.011232129551402096,"3M":0,"3=":0,"3^2x24":0,"3x0":0,"3eme":0,"3e":0,"3+2":0}