{"'":0.00073455175904179346,"ai":0.006031826845050655,".":0.0051607074420409963,",":0.0015165594728519275,"la":0.0017222745414073328,"vous":0.0047821216680032043,"trouv\u00e9":0.01267974816492508,"2\u00e8me":0,"(":0.011029358885909099,")":0.010780539401312244,"Bonjour":0.0019608748200724969,":":0.007556569719446616,"comment":0.008474747640332311,"1":0.0073872859806231499,"2":0.010565262514518876,"je":0.0045931638010883787,"pas":0.003275965121222081,"Dans":0.0089229494075637669,"n":0.0066002990943540771,"vid\u00e9o":0.010458075825710584,"compris":0.011070318468293825,"1+r":0,"01":0,"10":0,"2e":0,"02":0,"1+7":0,"8":0.020453004554239443,"1+3":0,"1+TAP":0,"1+6":0,"1\u00b0":0,"2\u00b0":0,"1=1":0,"39":0.034096807871743233,"1mais":0,"avez":0.012317984171205205,"1+TEG":0,"1+TRI":0,"1er":0,"1+2":0,"1\u00e8re":0,"145":0.036323794248481235,"1+TAE":0,"1min45":0,"1+n":0,"1+0":0,"21":0.031105284044482619,"1+5":0,"1=5":0,"1+TAEG":0,"1=9":0,"1+r2":0,"1+2r+r":0,"1+1":0,"1x":0,"1\u00e8res":0,"1+taux":0,"1X4X":0,"1X08":0,"2X3":0,"1=r":0,"127":0.034096807871743233,"2min54":0,"1+rn":0,"08":0,"2i\u00e8meann\u00e9e":0,"1+4":0,"2eme":0,"1+i":0,"1+R":0,"1+":0,"1\u20ac":0,"1+x":0,"1+9":0,"1=":0,"1\u2212":0,"1+F3":0,"1+tri":0,"1+A2":0,"1+12":0,"1+41":0,"2\u20ac":0,"2^2x4":0,"2x0":0,"1x4":0,"+2x0":0,"1+11":0,"02+":0,"1USD":0,"1^3":0,"2=":0,"1=16":0,"1+15":0,"1+TMEG":0,"1\u00b2=4":0,"08+0":0,"2x":0,"2M":0,"1M":0,"1EUR":0,"1+g":0,"8min25":0.021083827691744331,"10min15":0.019347334813225647,"1ere":0,"1+rd":0,"8+50":0,"1an":0}