{"'":0.00098912465742083291,"que":0.0021959332340969065,"le":0.0036520498888264795,"les":0.0043368109855029821,".":0.002416280285939116,"une":0.0029162174199930569,"r\u00e9ponse":0.004186127752450774,",":0.00069788063812942019,"Merci":0.0019007941645178333,"de":0.0023574947404307661,"pour":0.0017013440191447279,"d":0.003437132373562773,"vous":0.0021804702547462839,"\"":0.038935437257227604,"dans":0.005040839312112487,"est":0.0020300478470047711,"?":0.002205141512533777,"\/":0.0036727731928636524,"cours":0.0045578617520523898,"choix":0.012378223780828295,"pas":0.0014937186877124571,"ce":0.002781498171706886,"o\u00f9":0.0048795941045497978,"vient":0.0059559861312965222,"qui":0.0037409761302858928,"\u00e0":0.0017410822140996711,"cela":0.0053259950960283711,"trouve":0.0053552948556358799,"par":0.0035167134476004418,"avance":0.00342215161633122,"cette":0.0044036313985541201,"avec":0.0040878177065290103,"Bonsoir":0.0056488210711266654,"Car":0.006199040460999965,"vu":0.0059025714353938673,"Je":0.005359497243890371,"Pourquoi":0.0054907822656945979,"montant":0.0057310564463906267,"=":0.0047084959746582266,"formules":0.0060103633057702818,"TAP":0.0060287089642978619,"k":0.012457016705351593,"demander":0.0064003051278431781,"TPP":0.0063181816512623392,"F":0.0062185735488303395,"pr\u00eate":0.006338503960611603,"confusion":0.0064003051278431781,"emprunt\u00e9":0.006338503960611603,"p\u00e9riodes":0.0063181816512623392,"Qu":0.0061603495267558818,"voudrais":0.0060287089642978619,"pr\u00e9c\u00e9dent":0.0064211899968984465,"pr\u00e9c\u00e9demment":0.0064422204062847752,"Afin":0.0064211899968984465,"K":0.0063795637985408016,"d\u00e9signer":0.0064211899968984465,"motive":0.0064422204062847752,"lettre":0.0064422204062847752,"garder":0.0064422204062847752,"continuit\u00e9":0.0064422204062847752,"d\u00e9signait":0.0064422204062847752,"v\u00f4tre":0.0064422204062847752}