{"J":0.0048881607802700924,"'":0.0016755001532082865,"ai":0.0035442374565611474,"le":0.0023845666875172136,".":0.0023430141094891829,"l":0.0022609151351238878,",":0.0013326136819971118,"Merci":0.0024495115412143755,"de":0.0020366510463812279,"bien":0.0051938014035738233,"pour":0.0021924845352880203,"d":0.0022322559136783338,"vous":0.0055630778658750666,"exemple":0.0064033427371885361,"euros":0.015149933360326129,"dans":0.0032737881877681536,"5":0.006192194835981703,"?":0.00096223640764832254,"Bonjour":0.0011521892394227341,"-":0.0036660672554087431,"on":0.0035442374565611474,"comment":0.0049796717965163552,"pas":0.0019249223472902384,"il":0.0033644106667466258,"obtenu":0.0080902468060859607,"utiliser":0.007056058485719289,"pr\u00e9ciser":0.0082479321383661201,"avance":0.0044100513545690173,"avec":0.0052678805719415106,"votre":0.0057729697963108438,"%":0.0046683826046808041,"1000":0.013354909306887725,"ne":0.003163401247844463,"obtient":0.0078650948805955231,"s":0.005947134962313143,"vois":0.0075388765389469876,"Je":0.0034807415358914205,"formule":0.0056748627154737446,"13\u20ac":0,"TAE":0.0075388765389469876,"aide":0.0072172852516818415,"Pourriez":0.006626615980041297,"quelle":0.0074286981008569253,"placement":0.0080902468060859607,"13":0.016584166030044756,"pourtant":0.0080137386583435301,"pla\u00eet":0.0081160876901980698,"05":0,"5i\u00e8me":0,"1051":0.024906966268468146,"27\u20ac":0,"5eme":0,"27":0.020034922538826043,"0005+1":0,"5e":0,"1000x":0,"5=>":0,"27+":0,"5^2x18":0,"5x0":0,"5^2":0,"5\u00e8me":0,"1000+413":0,"5+5":0,"1000\u20ac":0,"5xtaux":0,"1000k":0,"5ans":0,"5min08s":0}