{"'":0.00062489945411415887,".":0.0011537542301138406,"l":0.0032733923122451603,"autre":0.010390041083978707,",":0.00065620973705828489,"la":0.0014651771063268542,"et":0.0069042489366769374,"dans":0.0047398475596352177,"?":0.0013931426307984024,"(":0.0047723632498456745,")":0.004664699968922552,"Bonjour":0.0016681596491552129,"1":0,"\/":0.0068525514806021771,"ou":0.0079043557030656561,"pas":0.0027869361018468776,"1+r":0.0068211830538423505,"ne":0.0045800274253431465,"comprends":0.0070608199865849737,"exercice":0.0093683734613049779,"cet":0.011045867269548365,"Je":0.0050394782216693227,"quand":0.010786942661335138,"rentes":0.011529776265227573,"VA":0.010046953163092509,"Pourquoi":0.010244538981486329,"VF":0.010818664537016362,"entre":0.010102702311987902,"diff\u00e9rence":0.010600275244734648,"choisir":0.011387221358845658,"constantes":0.011639112089766285,"^n":0.011639112089766285,"VA=":0.012019704094232957,"lune":0.012019704094232957}