{"'":0.00082099060373225642,"que":0.0018178133193382927,"le":0.00077370365774361623,"les":0.0053574738081245488,".":0.0015157980627180465,"sur":0.0027383670364213167,"l":0.0028857059948501533,",":0.0016917109472333936,"la":0.0019249442917231531,"et":0.001554173446337693,"de":0.0019567614817010918,"pour":0.0014083879103226633,"d":0.0014339358800347631,"des":0.0024249564998288786,"vous":0.001805012925690726,"exemple":0.0041133200036569681,"un":0.0066358377903214978,"est":0.0016804919010649884,"?":0.0012281448900388241,"Bonjour":0.00074013265274579004,"-":0.0035222622979305812,"taux":0.0031111301500675297,"int\u00e9r\u00eat":0.0044823886405952187,"inflation":0.0050212728099017258,"4":0.014643729228001437,"t":0.0041565800403698394,"Par":0.0049453336896949727,"ou":0.0069681982671120296,"il":0.0021611989649833901,"existe":0.0050995928508371065,"peut":0.004028984410625042,"\u00e0":0.0028637262444746376,"fin":0.0047442201704337985,"e":0.0052470706965810328,"sont":0.0039776847704029086,"par":0.005784278601339927,"vid\u00e9o":0.0039474031306157616,"elle":0.0046098757235359744,"tel":0.010392124200426912,"Les":0.0049754329055385115,"aux":0.0046761449857449112,"ses":0.0051804479565229567,"Je":0.0022359265113190059,"emprunt":0.0049906196069853708,"A":0.0046098757235359744,"entre":0.0044823886405952187,"donn\u00e9":0.0049754329055385115,"m\u00eames":0.0050523068076811948,"annuit\u00e9s":0.0051969378163578177,"constantes":0.0051640662276940053,"financi\u00e8res":0.0052640077424359949,"dur\u00e9e":0.0050679695843452409,"remboursement":0.010069689301021256,"tableau":0.004886201823898993,"peuvent":0.0051477912209828749,"04":0,"remercie":0.0046361728578776292,"rapport":0.0049603379671982247,"choses":0.0052640077424359949,"crit\u00e8re":0.0052640077424359949,"consid\u00e9ration":0.0052470706965810328,"r\u00e9capitulatif":0.0052982302597224919,"objectif":0.0052982302597224919,"facteur":0.0051640662276940053,"parmi":0.0052982302597224919,"04\u20ac":0,"4\u00e8me":0,"modes":0.010527200622015459,"mode":0.010493085352450648,"4ans":0,"4e":0,"4min25":0,"associ\u00e9s":0.0053329281049264441,"p\u00e9riodicit\u00e9":0.0053329281049264441,"Ind\u00e9pendamment":0.0053329281049264441,"facilit\u00e9s":0.0053329281049264441,"procurer":0.0053329281049264441,"emprunteur":0.0053329281049264441,"disponibilit\u00e9s":0.0053329281049264441,"pr\u00e9f\u00e9rence":0.0053329281049264441,"orienter":0.0053329281049264441}