{"'":0.0013169485038445209,"en":0.0041935388527184073,"les":0.005220943989434612,"au":0.0059403942562209428,".":0.0019572737444998912,"sur":0.0026676975130073936,"l":0.0028117053176972811,"du":0.0070822465352289553,"apr\u00e8s":0.0043069109524205684,"r\u00e9ponse":0.0033758842961631856,",":0.00084015552791309972,"la":0.0059927744886309111,"et":0.0030088412611542336,"Merci":0.0015328870855595882,"de":0.0049315197581351585,"pour":0.0013720413939204989,"d":0.0027760643137127983,"des":0.0023623752176767385,"dans":0.0020487136106325191,"est":0.0016371231487503155,"non":0.0041579772909965101,"fait":0.0039351271827659864,"?":0.0017836621682630043,"(":0.0020627679312103732,"capital":0.004876711066366648,")":0.0020162324200536539,"Bonjour":0.00072103191820693758,"-":0.0011588054554446748,"taux":0.006023070839617342,"int\u00e9r\u00eat":0.0086777932811377464,"calculer":0.0071092501619758686,"valeur":0.014179187527700752,"pas":0.0035681576174162589,"ce":0.0022431269547792685,"cas":0.011931787113336808,"il":0.0021054245202772343,"\u00e0":0.0014040880862909656,"m\u00eame":0.0037497031561549384,"ne":0.001979634240408536,"obtient":0.0049219210305041661,"s":0.0037216752101074868,"base":0.0048177085867320436,"emprunt":0.0048618258023291668,"deux":0.012584628189315068,"se":0.0042717238370754973,"faire":0.0040706591153332637,"ces":0.0041468896495716109,"rentes":0.0049835378173928892,"3000":0.009539004700764471,"formule":0.0035512891539840304,"Pourquoi":0.008799624971271968,"Ne":0.00509526977630235,"relatif":0.0051447711387346889,"int\u00e9r\u00eats":0.0047601027474762593,"chaque":0.0044781990259307744,"compte":0.0043069109524205684,"coup":0.0049219210305041661,"La":0.0086537909373162678,"actuelle":0.01943787965912536,"diff\u00e9rence":0.017982720998512933,"mensualit\u00e9":0.0050789905645457645,"somme":0.004876711066366648,"celui":0.0048470310267779973,"calculant":0.0051116586132062851,"sommes":0.0049219210305041661,"plut\u00f4t":0.0049525344289089845,"\u20ac":0.004876711066366648,"utilis\u00e9e":0.0049525344289089845,"Comme":0.00509526977630235,"appel":0.0051953002841985136,"conviendrait":0.0051783404031371617,"option":0.0051281585617172125,"bout":0.00509526977630235,"refinancement":0.0051783404031371617,"rembours\u00e9e":0.0051783404031371617,"joue":0.0051953002841985136,"corrigeant":0.0051953002841985136}