{"J":0.0060020268797068375,"'":0.00052996696875361171,"que":0.0034746893683960029,"le":0.0014789086674914713,",":0.0010992987453516266,"la":0.0047920753991675105,"de":0.001263131327346042,"nous":0.014716802527411926,"dans":0.0040197869065111804,"?":0.0011815013955041517,"(":0.0040473629296046794,")":0.0039560554684423405,"Bonjour":0.0014147388141234824,"-":0.0022736955389055439,"on":0.0043518635001135123,"utilis\u00e9":0.0090421082992645316,"1":0.0053298048915898805,"pas":0.0023635547579402682,"Dans":0.0064377607046195206,"par":0.0055645985216385072,"utilise":0.0093119673683000944,"1+r":0.0057849333721740346,"vu":0.009339811381467493,"ne":0.0038842460742077949,"exercice":0.0079451637423459311,"01":0,"avons":0.0097477011932127784,"cet":0.0093678187035635668,"formule":0.01376392250196963,"VF":0.0091751317958382057,"lecon":0.0099022530237656697,"1+7":0,"passer":0.0094815201401146632,"1+3":0,"1+TAP":0,"1+6":0,"1\u00b0":0,"^":0.0094243310167128648,"1=1":0,"avais":0.0095103736099454821,"r=":0.010061974760122605,"1mais":0,"1+TEG":0,"1+TRI":0,"Taux":0.0099974435790460541,"1er":0,"1+2":0,"1\u00e8re":0,"1+TAE":0,"1min45":0,"1+n":0,"1+0":0,"1+5":0,"1=5":0,"1+TAEG":0,"1=9":0,"1+r2":0,"1+2r+r":0,"1+1":0,"1x":0,"1\u00e8res":0,"1+taux":0,"1X4X":0,"1X08":0,"1=r":0,"1+rn":0,"devons":0.0098709398969487622,"simplement":0.0099337728393842431,"1+4":0,"1+i":0,"1+R":0,"1+":0,"1\u20ac":0,"1+x":0,"1+9":0,"1=":0,"1\u2212":0,"1+F3":0,"1+tri":0,"1+A2":0,"1+12":0,"1+41":0,"1x4":0,"1+11":0,"1USD":0,"1^3":0,"1=16":0,"1+15":0,"1+TMEG":0,"1\u00b2=4":0,"1M":0,"1EUR":0,"1+g":0,"1ere":0.0059743442820152622,"equivalent":0.010193713728180523,"1+rd":0,"1an":0}