{"'":0.0012952116616584191,"ai":0.0036188584374229143,"le":0.0012298090483283293,"r\u00e9ponses":0.007697601333441377,"les":0.0028758551102398343,".":0.00081366997971107837,"j":0.0043038160671411956,"l":0.0023085168286040574,"du":0.005827696602713167,",":0.0013601076114501248,"de":0.0010503761116175171,"pour":0.0022386454792294539,"vous":0.0056790085266975971,"mal":0.0073067037546467517,"un":0.0035620721077681168,"dans":0.0066165032712929119,"?":0.00098249549735087566,"(":0.0033656463459229772,")":0.0032897182346165498,"Bonjour":0.0011764476284945313,"comment":0.010064186453698838,"savoir":0.0067842246644108329,"je":0.0027557172980973714,"pas":0.0019654499912187301,"ce":0.0036599231181397639,"qui":0.0049224138138621804,"\u00e0":0.0045346276648493295,"sont":0.0063225663638523128,"y":0.006102775606534337,"avec":0.0053787914293992184,"encore":0.0076748452870002955,"comprendre":0.0068945350699102896,"faire":0.0066417548817430255,"N":0.0079084961604374126,"\u00e9tant":0.0078606531812534658,"logiciel":0.0084490660301943799,"graphique":0.01604455617485822,"Excel":0.0080059469219219588,"voudrais":0.0079326355614428006,"cordialement":0.0078845026177301429,"type":0.0080059469219219588,"test":0.0081824612810189497,"prenez":0.0084490660301943799,"pr\u00e9sent\u00e9s":0.0084215855105764965,"construire":0.0084490660301943799,"aise":0.0084490660301943799,"Tr\u00e8s":0.0083942938620013199}