{"'":0.0011317662802134826,"en":0.008842102235717535,".":0.0030934822819789183,"sur":0.0056645649911862368,"l":0.003004311197554775,"du":0.0038315953270478334,",":0.001188472878733941,"la":0.003928479133667874,"Merci":0.003254918699726763,"de":0.0026974689519492934,"d":0.0029662287332621194,"Quiz":0.010581999538932805,"vous":0.0037338358560102106,"un":0.0046356920544245945,"question":0.0049156812392989521,"?":0.0012786227883048475,"Bonjour":0.0015310327132248432,"-":0.0024605971188643287,"1":0.005767923776930927,"je":0.0035862993214459656,"pas":0.0025578429161475795,"fin":0.0098138573575000301,"plus":0.0075776883413780291,"peu":0.0096177667916627751,"votre":0.015137692796788173,"explication":0.00972890584968596,"1+r":0,"calcul":0.0066324068581355457,"ne":0.0042035376045802359,"comprends":0.0064804027522952943,"01":0,"VAN":0.0081863636283227275,"formule":0.0075407755628782843,"Pour":0.0088290117158650056,"expliquer":0.0088290117158650056,"1+7":0,"compr\u00e9hension":0.01035516457318617,"1+3":0,"1+TAP":0,"1+6":0,"Pourriez":0.008805468317430936,"1\u00b0":0,"1=1":0,"1mais":0,"1+TEG":0,"1+TRI":0,"1er":0,"1+2":0,"1\u00e8re":0,"1+TAE":0,"1min45":0,"1+n":0,"1+0":0,"1+5":0,"1=5":0,"1+TAEG":0,"1=9":0,"1+r2":0,"1+2r+r":0,"1+1":0,"1x":0,"1\u00e8res":0,"1+taux":0,"1X4X":0,"1X08":0,"1=r":0,"1+rn":0,"1+4":0,"d\u00e9tail":0.010615232881878038,"1+i":0,"1+R":0,"1+":0,"1\u20ac":0,"1+x":0,"1+9":0,"1=":0,"1\u2212":0,"1+F3":0,"1+tri":0,"1+A2":0,"1+12":0,"1+41":0,"1x4":0,"1+11":0,"1USD":0,"1^3":0,"1=16":0,"1+15":0,"1+TMEG":0,"1\u00b2=4":0,"1M":0,"1EUR":0,"1+g":0,"1ere":0,"1+rd":0,"1an":0}