{"J":0.0031821605128829768,"'":0.0018919713392921646,"ai":0.0023072752696826188,"que":0.0036600275453405494,"le":0.0023213825037773999,"en":0.0021951880511039698,"les":0.0018335587008404752,".":0.0034931538531376423,"j":0.0027439836480724765,"sur":0.0027751247374220977,"l":0.0043575468751685742,"r\u00e9sultat":0.0045551838774730222,"avoir":0.0039600427016555232,",":0.00087354781108172968,"la":0.0013088719164907417,"et":0.0015750354571945329,"Merci":0.0015946159000671852,"pour":0.0014272930099722744,"d":0.0014531839156821291,"vous":0.0018292420098648449,"dans":0.0042342003109825735,"est":0.0017030495122295993,"!":0.0035970817289129888,"m":0.0032796913946016642,"?":0.0012445220835379895,":":0.0057427440590894678,"-":0.0023949733112268814,"1":0.0056140939941099702,"\/":0.0091221312457806687,"ce":0.0046360061260916829,"il":0.0021902092124416253,"o\u00f9":0.0040935933465278719,"\u00e9nonc\u00e9":0.0048502170434054489,"Dans":0.0034131783006327594,"avance":0.0028709144218288575,"votre":0.0037581653619158158,"m\u00eame":0.0039007023607051826,"1+r":0,"%":0.0030390863663089657,"toujours":0.0046717550958928445,"01":0,"pourcentage":0.0052666974518751145,"formule":0.0036942982976543195,"10":0.0071068167347343916,"va":0.0050886744555302564,"fonction":0.0050576097879517397,"faut":0.0044926686359599548,"expliquer":0.0043254175488867562,"obtiens":0.0049517903820738198,"1+7":0,"donn\u00e9":0.0050422192320823183,"calculs":0.0048644803974352575,"1+3":0,"1+TAP":0,"1+6":0,"aide":0.0046984052224332993,"Pourriez":0.0043138834121085505,"1\u00b0":0,"1=1":0,"10i\u00e8me":0,"1mais":0,"1+TEG":0,"sera":0.005135998051013415,"TRI":0.009608011882493734,"PAIEMENTS":0.010702389261019027,"1+TRI":0,"1er":0,"1+2":0,"1\u00e8re":0,"Excel":0.0051043509058885895,"10+1":0,"1+TAE":0,"[":0.014529960631525445,"]":0.014529960631525445,"1min45":0,"estimation":0.005300454467236526,"mettre":0.0052835196974467891,"https":0.0049517903820738198,"edxuploads":0.005011715987866535,"s3":0.005011715987866535,"amazonaws":0.005011715987866535,"com":0.0049517903820738198,"png":0.0050886744555302564,"1+n":0,"1+0":0,"1+5":0,"1=5":0,"1+TAEG":0,"1=9":0,"1+r2":0,"1+2r+r":0,"1+1":0,"+10":0,"1x":0,"1\u00e8res":0,"1+taux":0,"1X4X":0,"1X08":0,"1=r":0,"1+rn":0,"1+4":0,"1+i":0,"1+R":0,"1+":0,"1\u20ac":0,"r\u00e9alis\u00e9":0.0053346676722732774,"1+x":0,"1+9":0,"1=":0,"1\u2212":0,"1+F3":0,"1+tri":0,"1+A2":0,"1+12":0,"1+41":0,"10^7":0,"1x4":0,"1+11":0,"1USD":0,"1^3":0,"impacte":0.0053868703184934245,"1=16":0,"1+15":0,"1+TMEG":0,"10\u00e8me":0,"1\u00b2=4":0,"1M":0,"1EUR":0,"10H":0,"1+g":0,"10min15":0,"1ere":0,"Ch\u00e8res":0.0054045131678973042,"professeurs":0.0054045131678973042,"omettant":0.0054045131678973042,"Fonction":0.0054045131678973042,"161504616592587537284":0.017969138701831505,"Margaux":0.0053519492318236904,"Malarme":0.0053519492318236904,"1+rd":0,"10^1":0,"10^2":0,"1an":0}