{"'":0.0025403955015300787,"que":0.0043572834015700741,".":0.003570034516052957,"l":0.003481260619445343,"la":0.0015582193865635702,"de":0.0031192045357553893,"d":0.0067684898718684723,"vous":0.0043266009645008992,"*":0.070012887084623485,"question":0.0056960702107178166,"?":0.0014816105480929993,"Bonjour":0.0017740918104523448,"-":0.0028512292126045254,"taux":0.014685212361299037,"int\u00e9r\u00eat":0.0107442482763639,"vos":0.01080413053405627,"vid\u00e9os":0.011405031849275347,"ce":0.00551919139748357,"Est":0.0094378917232145754,"qui":0.0074230367959562593,"Dans":0.0080729944140208888,"m\u00eame":0.0092261070460025844,"actualisation":0.011405031849275347,"s":0.0091571445655755906,"chose":0.011608040302874286,"expression":0.012617782760114219,"Une":0.012457016705351593,"parlez":0.012741254678136853,"vocabulaire":0.012658657839417926,"emploie":0.012782984295560743,"parfois":0.012782984295560743}