{"J":0.0029449745013984505,"'":0.0010213038753556342,"que":0.003388885739986849,"les":0.0016968922840100132,".":0.0023430141094891829,"sur":0.0025682776078771287,"du":0.0017372208627167395,"une":0.0045004681726491802,"r\u00e9ponse":0.003250071645059078,",":0.0013326136819971118,"la":0.0018068220009480813,"et":0.0028973911532770859,"Merci":0.0014757593610410999,"de":0.0018366867607271932,"bien":0.0062198331430565008,"pour":0.0039144935496778959,"d":0.0013448691730666344,"des":0.0045207615187625146,"Bien":0.0040571315651274625,"vous":0.0016928973425850973,"2\u00e8me":0,"\"":0.006429522635082419,"un":0.0041777968475120979,"si":0.0070865701865507683,"Bonjour":0.00069416045899745114,"on":0.0021352998409142239,"2":0.0037401609737820174,"aimerai":0.0049211570245121621,"savoir":0.0040030175529493566,"je":0.0016260052195968869,"calculer":0.0034440885750492995,"ou":0.0032891882894409055,"pas":0.0034367841555190759,"il":0.0020269594375441772,"mais":0.00641422766053352,"qu":0.0030853177984898564,"\u00e0":0.0026869344640770274,"Dans":0.0031587731113485859,"n":0.0023365421402514086,"plus":0.0068291944530314294,"avance":0.0026569274974514723,"vid\u00e9o":0.00370221629707959,"y":0.0036009299637174762,"votre":0.0034780461633136888,"%":0.0028125645516916486,"ils":0.0045690409268606411,"toujours":0.0043235404306233545,"ne":0.0037883288938599896,"VAN":0.0037116450123309713,"ces":0.011831255861814544,"derni\u00e8re":0.0046381619446173626,"2e":0,"02":0,"voit":0.0049530355105249883,"aide":0.0043482041591822816,"choisir":0.0047384905930106247,"2\u00b0":0,"utilit\u00e9":0.009813505371396098,"projets":0.0046949655164301015,"Vous":0.0047679630895139788,"avez":0.004360634069384914,"50":0.0084373570555165527,"comprend":0.0092755254043239577,"d\u00e9cision":0.0048586724527981424,"expliqu\u00e9":0.004905378967729376,"r\u00e9cup\u00e9ration":0.0049211570245121621,"entreprises":0.0049530355105249883,"d\u00e9fini":0.004905378967729376,"2X3":0,"2min54":0,"simplement":0.0048741380705212695,"2i\u00e8meann\u00e9e":0,"d\u00e9lai":0.0098452960447599769,"2eme":0,"\u00e9taient":0.004905378967729376,"leur":0.0048586724527981424,"2\u20ac":0,"2^2x4":0,"2x0":0,"+2x0":0,"02+":0,"voire":0.0049853537136411224,"permettent":0.0097819302296778734,"outils":0.01472597714335705,"parlant":0.0049853537136411224,"2=":0,"50\u20ac":0,"disons":0.0049853537136411224,"2x":0,"2M":0,"existerait":0.005001681532874655,"int\u00e9ressante":0.005001681532874655,"cach\u00e9e":0.005001681532874655,"informatif":0.005001681532874655,"fran\u00e7aises":0.005001681532874655,"am\u00e9ricaines":0.005001681532874655,"utilisaient":0.005001681532874655}