{"'":0.0010737008417484185,"que":0.0042669623063917098,"le":0.0018161184698058772,"les":0.0097115658452322697,"au":0.0048264804548940454,".":0.0023669372897658436,"sur":0.0064277826557727295,"r\u00e9sultat":0.010550780484438887,"une":0.0037972144368801867,",":0.0017772417700571263,"la":0.0025174640208379256,"Merci":0.0012439600663331244,"de":0.0015511411784979543,"pour":0.0011134314585017678,"nous":0.0030814388397761437,"d":0.0033658848710153523,"Bien":0.0034198730390012509,"vous":0.0014269919244094692,"\"":0.0054248303144451629,"*":0.030522264729447825,"un":0.0035249644915024926,"dans":0.0049363489484321966,"est":0.0039446270537015536,"comme":0.0031607671592994943,"question":0.0018786678638161199,"?":0.0009722604249561051,"capital":0.0039575216457579812,"Bonjour":0.00058512784225954342,"suivante":0.0038172253092175661,"-":0.0009403874067449101,"on":0.0035811592538711125,"actif":0.0034760382353409424,"vid\u00e9os":0.0037615875557005817,"je":0.0013706066274929887,"valeur":0.0029317452765287733,"ou":0.0027725515356572372,"pas":0.0019449750648677538,"il":0.0017085824850219498,"C":0.0038978491418328841,"\u00eatre":0.0033652609981211288,"\u00e0":0.0011394378134006156,"Dans":0.0026626208261707534,"tr\u00e8s":0.0036444367441301208,"par":0.0023014859658206793,"avance":0.0022396007053889786,"vid\u00e9o":0.006209069985432367,"pourquoi":0.002860948820795824,"pr\u00e9sent\u00e9":0.0041750562760288603,"votre":0.0029317452765287733,"c":0.0031934126899606972,"le\u00e7on":0.0037725904233663642,"lequel":0.0040825640077979406,"ne":0.0031963557157982918,"comprends":0.0024766708422816626,"En":0.0033385110229955826,"concerne":0.0039819047904948073,"flux":0.0034477559911207383,"faire":0.003303398815758802,"ces":0.0033652609981211288,"Or":0.0039942101863016544,"notion":0.0039696755895776469,"faut":0.0035047313739728961,"compte":0.0034951206025120385,"repr\u00e9sentent":0.0042022982201787192,"car":0.0032947174407351402,"aide":0.0036652265112318118,"p\u00e9riode":0.0039215022345753369,"Ce":0.0038861279819829338,"premi\u00e8re":0.0037947817763605597,"amortissement":0.0078982139044321605,"net":0.0079964578336775075,"abord\u00e9e":0.0041886302788622324,"D\u00e8s":0.0040825640077979406,"lors":0.0037836549320688995,"amortissements":0.012007769918004462,"d\u00e9duis":0.0041886302788622324,"premi\u00e8res":0.0041216743875634012,"int\u00e8gre":0.0041481849820889458,"perte":0.0041481849820889458,"soustrait":0.004134885203628944,"soustraire":0.0042022982201787192,"Cette":0.004095514937076097,"EBITDA":0.0041750562760288603,"vont":0.0082006363549870665,"d\u00e9finitive":0.0042022982201787192,"addition":0.0041886302788622324,"additionner":0.0042022982201787192,"Margaux":0.0041750562760288603,"Malarme":0.0041750562760288603,"film":0.0042160614092412582,"compr\u00e9hensible":0.0042160614092412582,"cex":0.0042160614092412582,"varier":0.0042022982201787192,"savons":0.0042160614092412582,"pr\u00e9ciseuse":0.0042160614092412582}