{"'":0.0019950876913831968,"l":0.0053498658576913846,",":0.0020950505889410168,"m":0.01192106378506606,"\u00e9clairer":0.017425124190556029,"question":0.0087534990552322976,"?":0.0022768814381099235,"Bonjour":0.0027263552611183376,"-":0.0043816581073426088,"vos":0.01660336739608935,"calculer":0.013526856628947939,"pas":0.0045548265764123507,"\u00e0":0.010371207419075575,"merci":0.014285535892811752,"cette":0.013428082203065631,"ne":0.007485363810037067,"Je":0.0082362668164868598,"IP":0.019266158973911436,"pourriez":0.018216648695158304,"parviens":0.018496378307319448}