{"'":0.0024655024801572742,",":0.0013326136819971118,"nous":0.017840293629195116,"d":0.0065632564905684365,"fait":0.018488577262249166,"?":0.0028291578529419247,"Bonjour":0.0033876552673315322,"on":0.010420731488872972,"actif":0.020124865690761762,"sans":0.018876224988874955,"risque":0.018975225718147162,"pas":0.0056596374153512052,"n":0.011402838041505098,"lorsque":0.022635247425519762,"avons":0.02334130580281011,"Comment":0.019746383906752228}