{"J":0.0034111005583949373,"'":0.00089088241204956305,"ai":0.0024732718318017295,"que":0.0039214924732894731,"le":0.0016690784681358628,"en":0.0023531205156331523,"les":0.007697702497241163,"au":0.003333333512863839,".":0.0037344239451142158,"Quand":0.0055055066357588989,"du":0.0097833225197672229,"r\u00e9sultat":0.0096965483372278786,",":0.001537787281099424,"la":0.0014023750656064621,"et":0.0016883511393523702,"de":0.0014255547670007206,"pour":0.0015299793846347246,"des":0.010317182359592116,"dans":0.0045366829741641038,"veut":0.0054547783515242329,"dire":0.0047247708079609764,"est":0.0036252547339949773,"?":0.001333428211394147,"Bonjour":0.00080403111408180062,"on":0.0049114606087381817,"comment":0.0034749596032685941,"ce":0.0025013370683549564,"cas":0.013286136713129715,"D":0.0047634491470429745,"Est":0.0042773201206902567,"pratique":0.0055922195772775494,"\u00eatre":0.0091828958285392129,"qui":0.0066806264916815378,"Dans":0.0036587388851236267,"merci":0.0042129562140927569,"sont":0.0043210933952831923,"avance":0.0030774619154997442,"c":0.0043881062861697746,"Les":0.010733292843034259,"doivent":0.0056636417042090839,"\u00e7a":0.0053239634295388239,"En":0.0045874876280504488,"deux":0.0047376024355945722,"flux":0.0047376024355945722,"Or":0.0054884916321320653,"montant":0.0051538067060437958,"n\u00e9gative":0.011211136101928828,"CF":0.0046119372005218838,"La":0.004855901830836464,"calculs":0.0052144546866240513,"cash":0.0053885827725512793,"variation":0.016752158272383844,"net":0.010966920171754092,"paiement":0.0057184695121669342,"dettes":0.0056456091847837796,"reste":0.0055226289902763027,"Idem":0.005774427869688601,"BFR":0.016184077877963218,"ajoute":0.0057556465892739444,"vont":0.011246945351722923,"clients":0.022396165797138802,"cr\u00e9ances":0.01696912394224618,"extraits":0.005774427869688601,"pr\u00e9occupations":0.005774427869688601,"probablement":0.0057933400311617912,"pay\u00e9es":0.0057933400311617912,"retrait\u00e9s":0.0057933400311617912,"caisses":0.0057933400311617912,"Zagr\u00e9":0.005774427869688601}