{"'":0.00054373387299480765,".":0.0038680151479627959,"r\u00e9ponse":0.0067958990475089649,",":0.00057097739400877034,"Merci":0.0030858124777951921,"de":0.0012959435761330266,"pour":0.0027620184769615898,"d":0.0028121211254410906,"vous":0.0035398479462736255,"*":0.0079216953921021748,"un":0.0043948490590441716,"5":0.0078007193549854787,"?":0.0012121931508997737,"(":0.019761210894473514,")":0.019315403086364698,"Bonjour":0.0014514893569472105,"-":0.0089881127694962388,"1":0.0054682567534848599,"\/":0.011774038598380368,"suis":0.0081302068841428449,"avance":0.0055556347739843821,"peu":0.0091180848162900723,"votre":0.0072725937117075643,"1+r":0.011720141437813804,"r":0.0092769943326096987,"01":0,"Je":0.0043849214354421068,"VAN":0.007761048850211714,"300":0.025994550831219324,"formule":0.0071490017019891303,"partir":0.0096111656867616871,"perdu":0.010257146270957546,"A":0.0090405220263400261,"1+7":0,"1+3":0,"1+TAP":0,"1+6":0,"obtenez":0.01022437504126922,"quelle":0.0093584246931260034,"1\u00b0":0,"^":0.0096691460151825861,"1=1":0,"1mais":0,"1+TEG":0,"1+TRI":0,"1er":0,"1+2":0,"1\u00e8re":0,"1+TAE":0,"1min45":0,"05":0,"1+n":0,"1+0":0,"1+5":0,"1=5":0,"1+TAEG":0,"1=9":0,"1+r2":0,"1+2r+r":0,"1+1":0,"1x":0,"1\u00e8res":0,"1+taux":0,"1X4X":0,"1X08":0,"1=r":0,"1+rn":0,"5i\u00e8me":0,"1+4":0,"5eme":0,"0005+1":0,"1+i":0,"1+R":0,"1+":0,"1\u20ac":0,"=600":0.0104243734459008,"r+900":0.0104243734459008,"^6":0.0104243734459008,"1+x":0,"5e":0,"1+9":0,"1=":0,"1\u2212":0,"1+F3":0,"1+tri":0,"1+A2":0,"1+12":0,"1+41":0,"5=>":0,"5^2x18":0,"5x0":0,"1x4":0,"5^2":0,"1+11":0,"1USD":0,"1^3":0,"5\u00e8me":0,"1=16":0,"1+15":0,"1+TMEG":0,"1\u00b2=4":0,"5+5":0,"1M":0,"1EUR":0,"5xtaux":0,"1+g":0,"1ere":0,"1+rd":0,"5ans":0,"5min08s":0,"1an":0}