{"'":0.0027223471399021085,"le":0.0016004774359739693,".":0.0020895843718531514,"du":0.0075610025011636174,"la":0.0013447358480290204,"de":0.0013669628372103974,"pour":0.0029133803996011305,"d":0.0029662287332621194,"un":0.0046356920544245945,"est":0.0068597940354358216,"?":0.0012786227883048475,"Bonjour":0.0015310327132248432,"-":0.0024605971188643287,"cours":0.0078048795206018332,"ou":0.0072545977026164518,"pas":0.0025578429161475795,"ce":0.0047630356728505224,"il":0.0044706395575195958,"Est":0.0081448552363427122,"fin":0.0098138573575000301,"n":0.0051534517793189833,"MOOC":0.010716234800844021,"possible":0.0093239127694151984,"probl\u00e8me":0.010107559513899321,"c":0.008355813793233368,"toujours":0.009535953467869434,"s":0.0079025717874491724,"agit":0.01013786908476204,"S":0.010516167221678781,"suite":0.010581999538932805,"La":0.0092465881295019873,"disponible":0.010854050088543026,"certificat":0.010483562905210859,"inscrire":0.010682347682577781,"technique":0.010995641603679334,"Zagr\u00e9":0.010995641603679334}