{"'":0.0015138578276363121,"ai":0.0042443990222676914,"le":0.0014423886461880724,".":0.0027950414437508311,"Merci":0.0029334107880715447,"de":0.0036081517528018942,"d":0.0026732364672485739,"vous":0.003365022414178318,"!":0.013074718188744575,"m":0.0060332285148195167,"?":0.0022768814381099235,"si":0.0070865701865507683,"me":0.0061184256875199423,"Bonjour":0.0013798033966996523,"-":0.0022175491308524232,"on":0.0042443990222676914,"comment":0.0059634023858139802,"prix":0.016196315482397833,"pas":0.0045548265764123507,"\u00e0":0.0026869344640770274,"n":0.0046444143279307801,"trouve":0.0082645875056183392,"plus":0.0068291944530314294,"avance":0.0052812538343986973,"compris":0.0077898205784161043,"cette":0.0067959277718458323,"demande":0.0093898210928446725,"aussi":0.0090281761882709741,"ne":0.0037883288938599896,"comprends":0.0058402943662547793,"Je":0.012208449699946647,"notion":0.0093609831334352227,"expliquer":0.007956917085979013,"correspond":0.0092755254043239577,"liquidation":0.019516579750430363,"pourriez":0.0092194124898283807,"cession":0.0099095358986105893,"value":0.0098773052124385662,"Ambre":0.0098773052124385662,"FALL":0.0098773052124385662}