{"'":0.00093048994921038331,"ai":0.0038628463090711563,"que":0.0061006887684424615,"j":0.0045939846217683501,"une":0.0040958959745782501,",":0.0014498480597902219,"la":0.0032372030844588962,"Merci":0.0026697101229746301,"de":0.0022177438857980767,"d":0.0024329243237051846,"des":0.012075686262749154,"\"":0.028025134607409276,"veut":0.0085194721223331299,"dire":0.014596443284635802,"question":0.0040318807246935377,"?":0.0010487365480710939,"Bonjour":0.0012557651696322859,":":0.0048393079244233661,"-":0.0020182012648567089,"taux":0.0052785792738015277,"ce":0.0039066796208967582,"Est":0.0066804748384199017,"\u00e0":0.0024453909311595873,"Dans":0.0057143520645521612,"par":0.0049393067728832601,"vid\u00e9o":0.0066974634121800877,"m\u00eame":0.0065305661248247337,"aux":0.0079339020910161075,"chose":0.0082165830506373931,"deux":0.00739936057447085,"titres":0.017385889039125687,"rendement":0.0083906280538889391,"dette":0.0084674635743826731,"rapport":0.0084160854486061976,"premi\u00e8res":0.0088456825374783037,"\u00e9tat":0.0089602474434401433,"obligations":0.0087895407434870586,"jour":0.0089602474434401433,"Belgique":0.0090187124183494852,"Mise":0.0090482501231031309,"2017":0.027145975375381024,"Simo":0.0085987014100328343,"courbes":0.0090482501231031309,"belge":0.0090482501231031309}