{"'":0.0011632201961907166,"que":0.0076265674789375284,"le":0.0048038375342818905,".":0.0010887451374048775,"du":0.003939541670551181,"r\u00e9sultat":0.0095599590403440196,",":0.0012215027778592865,"la":0.001382620672855876,"Merci":0.0033466185119579487,"de":0.0027724366933011618,"pour":0.0029954581595230197,"vous":0.0038390280523397068,"2\u00e8me":0,"dans":0.0044727775187303406,"m":0.0068830844683165828,"?":0.0013146450304615909,"Bonjour":0.0015741660216955916,"projet":0.01809996634480452,"2":0.016730920025263774,"pas":0.0026299042291220917,"vient":0.01048636081488493,"pense":0.01036133488385135,"\u00e0":0.0030654229044441202,"n":0.0052986383735481087,"m\u00eame":0.0081863994516949389,"calcul":0.0068192595938376434,"Je":0.0093807456657469552,"VAN":0.0084169955048228762,"obtenir":0.0098046069191898497,"2e":0,"mon":0.0091510375605460825,"02":0,"arrive":0.0088405058765264836,"2\u00b0":0,"ca":0.011053211741200124,"pouvez":0.01009034010867349,"aider":0.010269458988180175,"svp":0.010209079282620655,"2X3":0,"2min54":0,"2i\u00e8meann\u00e9e":0,"2eme":0,"corrig\u00e9":0.011159837866022947,"2\u20ac":0,"2^2x4":0,"2x0":0,"+2x0":0,"02+":0,"2=":0,"2x":0,"2M":0}