{"'":0.0023026022250068295,"ai":0.0039516551081097686,"a":0.004883684148968134,"le":0.0013429044799240712,"en":0.007434873663206349,"les":0.003140323870931991,"au":0.0053258134563988445,".":0.0017570251280947613,",":0.00099932634457002055,"de":0.0022681643271609542,"d":0.0049217828135802019,"un":0.0038896466063870574,"000":0.0081163065306487318,"euros":0.0085319121023685902,"est":0.0029168016459915876,"?":0.0010728475340876431,"-":0.0020646007372170862,"on":0.0039516551081097686,"projet":0.0074880442812612202,"je":0.0059506491076415959,"ou":0.0060870784779054887,"il":0.0037511568454355122,"\u00eatre":0.0073883596141494125,"pense":0.008455615259195224,"qu":0.0057097891382431806,"Dans":0.005845727921506387,"n":0.0043240806311702958,"co\u00fbts":0.0090490492727754081,"ils":0.008455615259195224,"vu":0.0084808986663747806,"nulle":0.0091072527244687486,"montant":0.0082344634885167765,"part":0.0086357755602383072,"compte":0.0076734636394023984,"frais":0.0085576456618502213,"d\u00e9veloppement":0.0091072527244687486,"50":0.015614446490616924,"Qu":0.0088512778977286946,"pris":0.0087153391144654865,"ajout\u00e9s":0.0091960495213379585,"\u00e9tude":0.0091366500712793345,"50\u20ac":0,"monsolini":0.0092562739901016055,"devaient":0.0092562739901016055}