{"'":0.002027316453937915,"alors":0.0054891189749054336,"que":0.0045751869654773875,"le":0.0028971444201487196,"en":0.0027486202351394711,"les":0.0022958199617165616,".":0.0012883825202791481,"l":0.0036553551241989197,"du":0.0023503827391509443,",":0.0014419196940660597,"et":0.0019721200315981494,"Merci":0.0019966369295767524,"d":0.0036090200670625019,"des":0.0030770730900954793,"vous":0.0045429701291574481,"un":0.0056402614746238235,"dans":0.005292926851517798,"comme":0.0050732371615864694,"fait":0.010166545593148639,"Bonjour":0.00093916829808112607,"-":0.0029938164509556724,"\/":0.0038579635437229315,"pas":0.0015690356956888874,"il":0.0027423861739218304,"\u00eatre":0.0054014630922353162,"qui":0.0039296054427274988,"qu":0.0041742980722815348,"Dans":0.0042736798510451717,"exercices":0.0061450615977579406,"avance":0.0035947050045321109,"cette":0.0046256734362540635,"consid\u00e9r\u00e9":0.0064912254398154555,"vu":0.0062001937544677709,"ne":0.0025785401081981105,"s":0.0048476069988405337,"agit":0.0062187862951998052,"investissement":0.0058495583481922081,"effectivement":0.006658107080855835,"flux":0.010976272684070707,"Comment":0.0054743403042804674,"doit":0.0057838561184278365,"vrai":0.0066367600701702683,"ann\u00e9e":0.0054159051177043865,"CF":0.010685126285482585,"entreprise":0.0061633326518401857,"l\u00e0":0.0063912165429846225,"autres":0.0061088324136229352,"terrain":0.0066795988181425426,"utilisation":0.0066367600701702683,"repr\u00e9sente":0.0065944925225432539,"mon\u00e9taires":0.0067012372578430252,"Laurent":0.0066155558499222172,"sortent":0.0067449623525588148,"expliquez":0.0067012372578430252,"annexe":0.0067670531674448716,"mon\u00e9taire":0.0067670531674448716,"soulignez":0.0067670531674448716,"entrent":0.0067670531674448716,"Verdickt":0.0067670531674448716}