{"'":0.0016319359810967949,"que":0.0036600275453405494,"r\u00e9ponses":0.0097505127255744072,"les":0.0036428311411089067,".":0.003013049585928173,"l":0.0029241866056011119,"avoir":0.0078676329626639376,"r\u00e9ponse":0.0069771442247812112,",":0.0011571826332624575,"la":0.0013088719164907417,"de":0.0026264496908719073,"d":0.0028871197957168688,"des":0.0096380957532896331,"est":0.0066791886189443142,"si":0.0076535605136293502,"Bonjour":0.0014902002683320856,"-":0.0023949733112268814,"ainsi":0.0097505127255744072,"il":0.0043514081774249803,"Dans":0.0067811476109288504,"n":0.0050160098853810689,"explications":0.009608011882493734,"possible":0.0090752452190399277,"votre":0.0074665522339417371,"ses":0.01043043420155986,"explication":0.0094694371861213621,"correction":0.010172431837145919,"comprendre":0.008733272746151018,"Il":0.0097795038337194565,"Cordialement":0.0088769951905342346,"Serait":0.010364682371959935,"aucune":0.010364682371959935,"disponible":0.010564573973320021,"quizzes":0.010702389261019027,"erreurs":0.010463635268232846,"attente":0.010667579825633553,"difficile":0.010667579825633553}