{"r\u00e9pondu":0.0084923257743871969,"que":0.0029515739546723389,"en":0.0035171044636360151,".":0.0024417316510360193,"avoir":0.0063447338168488437,"une":0.0039197145201698902,"autre":0.0074850310398308579,"r\u00e9ponse":0.011134761390059528,",":0.0009355196416191724,"la":0.0031008071056334492,"et":0.0025235032753107467,"Merci":0.0025548748304687402,"de":0.0010729665681874501,"bien":0.0054172075767666928,"pour":0.002286792064928296,"vous":0.0057998745954439641,"dans":0.0034146069126370026,"question":0.0038584528313860954,"Bonjour":0.0012017495072828637,"3":0.0068025079497644903,"vos":0.0073185944884167735,"pas":0.0039731709482143029,"qui":0.0050282802499429192,"pense":0.0079100481905008315,"\u00e0":0.0068748322012560283,"elle":0.0074850310398308579,"tel":0.0084923257743871969,"votre":0.0060212883187064793,"explication":0.0076364846487407875,"ne":0.0065294758269983299,"Je":0.0036304621520612842,"semble":0.0077709606720872378,"Cordialement":0.0071587187461165849,"003":0,"car":0.0067667691999579154,"d\u00e9veloppement":0.0085196411763505675,"3\u00b0":0,"conclusion":0.0085196411763505675,"Pouvez":0.0069860832516685182,"correspond":0.0080785843194024157,"3h":0,"3ieme":0,"3\u00e8me":0,"\u00e9claircissements":0.0084923257743871969,"3+":0,"3+1":0,"d\u00e9but":0.0084382406816103182,"3M":0,"repris":0.0085748300802448735,"3=":0,"3^2x24":0,"3x0":0,"arrivez":0.0086307802343737541,"3eme":0,"attendue":0.0086307802343737541,"3e":0,"3+2":0,"relire":0.0086590474000766814,"judicieuse":0.0086590474000766814,"Mvdv":0.0086590474000766814}