{"en":0.0034430546302177145,"les":0.0028758551102398343,".":0.00081366997971107837,"du":0.002944203083918147,"une":0.014886613461375845,",":0.00091602394745255334,"la":0.001033296862764678,"Merci":0.002501083975645726,"de":0.0020790934330176289,"pour":0.0044311300145174967,"des":0.0038544905603643646,"vous":0.0028690845728166791,"exemple":0.012941502546229514,"\"":0.010850838233166481,"!":0.0056418623888632047,"?":0.0019447319049992081,"(":0.0033656463459229772,")":0.0032897182346165498,"Bonjour":0.0011764476284945313,"-":0.0018907261877318872,"taux":0.014533721293570247,"comment":0.0050845146571824318,"obligation":0.014970013100518023,"prix":0.0069888606269897071,"ce":0.0036599231181397639,"qui":0.0049224138138621804,"sont":0.0063225663638523128,"par":0.0091592378347756277,"ces":0.0067661338848897835,"Pourriez":0.0067661338848897835,"entreprise":0.0077204885393756814,"laquelle":0.0082083305532068621,"Vous":0.0080806372600211382,"ont":0.0077204885393756814,"donnez":0.0083402669165254135,"revente":0.0082605802443736047,"fortement":0.0084215855105764965,"r\u00e9vision":0.0084215855105764965,"\u00e9mise":0.0084490660301943799,"d\u00e9cide":0.0084490660301943799,"Pierre":0.0084215855105764965,"\u00e9volution":0.0084215855105764965,"Qui":0.0084490660301943799,"baiss\u00e9":0.008476738053235738,"entra\u00eene":0.008476738053235738,"\u00e9laborer":0.008476738053235738,"r\u00e9vis\u00e9s":0.008476738053235738}