{"'":0.0015230407964803249,"ai":0.0032129800275493879,".":0.0028119959939253104,"j":0.0038211152232354682,"l":0.0020496017160727869,"du":0.0026139916410808268,"une":0.0034068225625068314,"r\u00e9ponse":0.0096910117109262374,",":0.0027268501139050281,"la":0.002702322198421067,"Merci":0.0044003956873074884,"bien":0.0047083696793081293,"pour":0.0039386625991509935,"d":0.0020236210905536876,"des":0.0034221844819239773,"*":0.011296407183004337,"dans":0.0029678079391249469,"?":0.00087230226457644011,"(":0.0088019824315422428,")":0.0086034119838215746,"Bonjour":0.0010445014081574687,"-":0.0016786690012315657,"on":0.0063670029539495054,"1":0.0039349939783190919,"\/":0.004290656277764069,"pas":0.001745012046237969,"Si":0.0062907988044529463,"n":0.0035157887835279645,"Cependant":0.00712999427263357,"avance":0.0039978717838069083,"pourquoi":0.0051070293637850714,"utilise":0.0068750238077916366,"compris":0.0058968390590364312,"cette":0.0051444692369999661,"1+r":0.0084636588137639024,"r":0.0066757869063948623,"calcul":0.0045247617787370353,"exercice":0.0058659129403073364,"01":0,"En":0.0059595172419113227,"effet":0.006793972998517861,"formule":0.0051444692369999661,"VF":0.013423695675531675,"telle":0.0074287541282341968,"=":0.01090030986382289,"1+7":0,"1+3":0,"1+TAP":0,"1+6":0,"quelle":0.0067343847361474272,"1\u00b0":0,"1=1":0,"^n":0.014441699166458571,"F":0.014396184887498753,"1mais":0,"1+TEG":0,"applique":0.0071967260111662689,"lors":0.0067541357958060145,"1+TRI":0,"1er":0,"1+2":0,"1\u00e8re":0,"coupons":0.0074287541282341968,"1+TAE":0,"pr\u00e9c\u00e9dente":0.0074048519693713155,"1min45":0,"1+n":0,"1+0":0,"1+5":0,"1=5":0,"1+TAEG":0,"1=9":0,"1+r2":0,"1+2r+r":0,"1+1":0,"incompr\u00e9hension":0.0075260169842978151,"1x":0,"1\u00e8res":0,"1+taux":0,"1X4X":0,"1X08":0,"1=r":0,"1+rn":0,"1+4":0,"1+i":0,"1+R":0,"1+":0,"1\u20ac":0,"1+x":0,"1+9":0,"1=":0,"1\u2212":0,"1+F3":0,"1+tri":0,"1+A2":0,"1+12":0,"1+41":0,"1x4":0,"1+11":0,"1USD":0,"1^3":0,"1=16":0,"1+15":0,"1+TMEG":0,"1\u00b2=4":0,"subsiste":0.0075260169842978151,"1M":0,"1EUR":0,"1+g":0,"1ere":0,"1+rd":0,"1an":0}