{"'":0.0014782076734429885,"en":0.0039408907964291759,".":0.00093131967940088744,"l":0.0026423085603705133,"une":0.0043920125310119166,"r\u00e9ponse":0.0063045798365830782,",":0.0010469308975170108,"la":0.0023375745532588843,"et":0.0028275676583543736,"de":0.0023762120629096466,"Bien":0.007870137231821667,"vous":0.0064905830359530308,"\"":0.012401507451691692,"m":0.0058878352702465163,"?":0.001124555918765175,"Bonjour":0.0013465518644186791,"-":0.0021641089764901753,"forme":0.009546197972763331,"valeur":0.006746811180383696,"pas":0.0022496372010065721,"\u00e0":0.0076842729549985358,"n":0.004532489764387311,"cette":0.0066321544312197677,"votre":0.006746811180383696,"explication":0.0085566272996575234,"ne":0.0036970349161770596,"En":0.0076828992191469965,"Je":0.0040679072884436882,"ces":0.0077444588071156036,"arrive":0.0075622262876812556,"sous":0.0092203524156110259,"appliquant":0.0094851892702080588,"dette":0.0090796266202549224,"Pouvez":0.0078278571120762985,"math\u00e9matique":0.0096080367511308176,"mettre":0.0094851892702080588,"multiples":0.0095770121931454937,"soci\u00e9t\u00e9":0.00942498865372428,"EBITDA":0.0096080367511308176,"retranchant":0.0096392745379917499,"apporter":0.0095770121931454937}