{"J":0.0045591289457672223,"'":0.0011851793664649276,"ai":0.0033056677767435236,"alors":0.0031555307412674941,"que":0.0013260286650500588,"le":0.0033073231747239671,"en":0.004695223565156571,"les":0.0013197984045767526,".":0.010741251322304284,"j":0.0039313464000297034,"sur":0.0019975391021145286,"du":0.0026893998289769911,"avoir":0.0028504448956583966,"une":0.001760976988000023,",":0.00042273213853836903,"la":0.0018699323807222226,"et":0.0033687973068447933,"Merci":0.0011478070049552765,"de":0.0041793651193560814,"pour":0.0010273677284296826,"nous":0.008448658378748107,"des":0.0017689175208833085,"Bien":0.0031555307412674941,"vous":0.0013166912436987966,"2\u00e8me":0,"\"":0.0050075088800862972,"*":0.011619238679591786,"un":0.0016347197284315373,"est":0.0048339287981650908,"5":0.005775385872842465,"!":0.0076936929803771469,"question":0.0017334544672554237,"?":0.00045089058391380144,"(":0.0045896634624009525,"+":0.0032516961853828515,")":0.0044861218414417679,"Bonjour":0.00053989983627015907,"ma":0.0032788284396277397,"-":0.00086769927913785843,"4":0.0036074409627278865,"1":0,"\/":0.0065902161064035521,"3":0.0030561052083209568,"2":0.0029089993116078144,"je":0.001264664301252006,"valeur":0.0080382300551191267,"temps":0.0032971436632752201,"pas":0.0026802441744362996,"qui":0.0044964081932613613,"\u00e0":0.0031240992697907587,"fin":0.0034607359690784338,"n":0.0018173013207666651,"par":0.0021235904470488171,"plus":0.0026721784972176944,"possible":0.0032879630422797076,"pourquoi":0.0052543564721825179,"%":0.010732271455486589,"calcul":0.0023388366204416884,"ligne":0.0037316118520073003,"ne":0.0029504664114847184,"comprends":0.0045485998823245281,"s":0.0027867446445152514,"En":0.0061314368413797676,"Je":0.0016310270231893994,"se":0.0031986142943071258,"Pourquoi":0.0065995605176439884,"7":0,"12":0.0052447965932398265,"67":0.0075684173381763281,"exposant":0.0037199674071900194,"2e":0,"coup":0.003685473959477601,"003":0,"02":0,"13\u20ac":0,"60":0.0084058458090748005,"beaucoup":0.0034209016089957701,"2\u00b0":0,"^":0.0035965612324219058,"3\u00b0":0,"Ce":0.0035857460706284635,"04":0,"aurai":0.0038275471288456305,"13":0.038125789329872047,"Lors":0.0037909770170908639,"3h":0,"claire":0.0038030856956167919,"28":0.028731177354848921,"dividende":0.0072906199771725407,"ecrit":0.0038774776333861368,"T4":0.015190950898521051,"BPA":0.0075456761857962641,"05":0,"3ieme":0,"3\u00e8me":0,"21":0.0085644109408942615,"3+":0,"3+1":0,"22":0.018201978959267177,"2X3":0,"^4":0.0038523413808889163,"2min54":0,"faisons":0.0038648661684275985,"\u00e9vident":0.0038399020874467274,"5i\u00e8me":0,"2i\u00e8meann\u00e9e":0,"3M":0,"27\u20ac":0,"189":0.021759701488270309,"67=13":0,"12^3+2":0,"12^4+189":0,"12^4":0,"5eme":0,"27":0.009388085766029999,"2eme":0,"0005+1":0,"3=":0,"04\u20ac":0,"5e":0,"12\u20ac":0,"1+12":0.0045067866261187441,"5=>":0,"27+":0,"2\u20ac":0,"4\u00e8me":0,"2^2x4":0,"5^2x18":0,"3^2x24":0,"2x0":0,"5x0":0,"+2x0":0,"3x0":0,"5^2":0,"02+":0,"+7":0,"retrouvent":0.0038774776333861368,"4ans":0,"5\u00e8me":0,"4e":0,"2=":0,"12=":0,"3eme":0,"4min25":0,"5+5":0,"2x":0,"2M":0,"valorisons":0.0038774776333861368,"12^5":0,"3e":0,"3+2":0,"retrouvons":0.0038774776333861368,"5xtaux":0,"67\u20ac":0,"T5":0.011559555260584173,"mit":0.0038901769838267609,"espere":0.0038901769838267609,"ete":0.0038901769838267609,"exprimer":0.0038901769838267609,"num\u00e9rique":0.0038901769838267609,"Joyeuses":0.0038901769838267609,"Paques":0.0038901769838267609,"TOUS":0.0038901769838267609,"5ans":0,"5min08s":0}