{"J":0.0051538420797386224,"'":0.0015512708441092458,"ai":0.0055752809545698574,"que":0.0029836587938997091,"le":0.0018946668081842222,"en":0.0017873298593231168,".":0.0016625314465399891,"j":0.0022341611713984433,"sur":0.0022595163562621895,"l":0.0011983780397504275,"du":0.00152837019709599,"une":0.0019919291207743496,",":0.00071297256713417629,"la":0.00053639646613664932,"et":0.0025509348078156051,"de":0.0021461813263389637,"pour":0.0023116504479051155,"nous":0.0032161491741561766,"d":0.0011831874732921182,"vous":0.0014893753009066549,"trouv\u00e9":0.0039490638360193319,"\"":0.005660710694487839,"*":0.013118931284188824,"un":0.0054877948736194847,"dire":0.0035887341457539611,"est":0.004115234811808679,"?":0.0010145358778727474,"Bonjour":0.00061070770004168808,":":0.0046814917649542782,"-":0.011124244569342931,"taux":0.002567095413814521,"utilis\u00e9":0.0039032541610113194,"\/":0.014656685726844408,"risque":0.0034207484356074099,"ou":0.0028937583367246874,"ce":0.0037792776899440912,"Est":0.0032488697110085005,"existe":0.0042078411343289832,"qui":0.0025552824844095301,"\u00e0":0.0023656435352130628,"plus":0.0030226347083389007,"vid\u00e9o":0.0032571316480799915,"compris":0.0034478125076086137,"cette":0.0030079107133092683,"financier":0.0042210127480893289,"c":0.0066300029685049579,";":0.0038807255155698835,"definition":0.0043717433681685434,"finance":0.0041432167026282983,"calcul":0.0026455750442726418,"mani\u00e8re":0.0041053926957290848,"prime":0.0040077957444769087,"deux":0.0071580577504665021,"entre":0.003698565719584739,"Cordialement":0.0036379333914360718,"simple":0.0042210127480893289,"Auriez":0.0043156487356562001,"conseiller":0.0043435052479557168,"SVP":0.0042078411343289832,"Le":0.0038037594884570256,"d\u00e9finition":0.0042610402298534468,"\u00e9conomique":0.0043295299365284862,"terme":0.0084493013568831352,"correcte":0.0041817477411035852,"net":0.0041947531504260387,"indices":0.0043717433681685434,"https":0.0040317652068753819,"fr":0.004357575954738486,"pr\u00e9cise":0.0043156487356562001,"fiscal":0.0043717433681685434,"comptable":0.004301860386320599,"www":0.0043717433681685434,"cherch\u00e9":0.0043717433681685434,"\u00e9cart":0.0043156487356562001,"g\u00e9n\u00e9rale":0.0043717433681685434,"vocabulaire":0.004357575954738486,"traduit":0.0043860088267621096,"Simo":0.0041817477411035852,"business":0.0043860088267621096,"d\u00e9signer":0.0043860088267621096,"spread":0.013059421097095476,"panel":0.0044003736970187769,"\u00e9metteurs":0.0044003736970187769,"anglais":0.0044003736970187769,"diff\u00e9rentiel":0.0044003736970187769,"source":0.0044003736970187769,"journaldunet":0.0044003736970187769,"dictionnaire":0.0087531748547704201,"1445164":0.014630536154727338,"forex":0.0044003736970187769,"fiable":0.0044003736970187769}