{"'":0.0023544540651051233,"questions":0.0076231555683133646,"que":0.003229393683489715,"le":0.0027174095947395198,"les":0.0032142205847858264,".":0.00090940422857099616,"j":0.0048101916354831801,"du":0.0032906101995278957,"une":0.0042886614080875334,"et":0.0027610304409461475,"Merci":0.0027953548738163109,"d":0.0050362836980912193,"vous":0.003206653443910724,"dans":0.0037360100626360206,"est":0.0029854385336060703,"!":0.01246636704172616,"m":0.0057492850310390782,"\u00e9clairer":0.0084037806926477703,"?":0.00109809330824779,"Bonjour":0.0013148653320417944,"cours":0.0067029041337637492,"je":0.003079947676729887,"pas":0.004342895892153642,"ce":0.0040905399521595871,"o\u00f9":0.0071760516825127496,"Dans":0.0059832870081603156,"n":0.0044258329860914682,"avance":0.0050327007406803792,"calcul":0.0056959735546016172,"ne":0.0036100377349578346,"formule":0.0064760891643211409,"10":0.012458219434487071,"car":0.0074036978397184518,"8":0.013714769728884633,"Pourriez":0.0075622192282197263,"avais":0.0088389888152111077,"10i\u00e8me":0,"comprend":0.0088389888152111077,"10+1":0,"b\u00eata":0.0092619875021565344,"sort":0.0094431607001928021,"+10":0,"08":0,"10^7":0,"10\u00e8me":0,"08+0":0,"10H":0,"8min25":0,"10min15":0,"Ambre":0.0094124468956197169,"FALL":0.0094124468956197169,"identifi\u00e9e":0.0094740885399735696,"8+50":0,"10^1":0,"10^2":0}