{"'":0.0028330432050860648,"ai":0.0049114606087381817,"le":0.0040865450563662732,"en":0.0023531205156331523,"les":0.0019654737977439188,".":0.0021779224594627765,"j":0.0058410748711329574,"l":0.0046666829671845435,"apr\u00e8s":0.0048026867103710688,"autre":0.005007863793095378,",":0.0012387160862815519,"la":0.0014023750656064621,"et":0.0016883511393523702,"Merci":0.0017093402941565109,"de":0.0014255547670007206,"pour":0.0030382562010342461,"d":0.0030933697651544028,"2\u00e8me":0,"un":0.0024344617948811819,"dans":0.0022845444774313786,"5":0.0043210933952831923,"?":0.00067147651130570433,"(":0.0023002166144707151,")":0.0022483243224169194,"Bonjour":0.00080403111408180062,"-":0.0012921974989155002,"taux":0.0067115106579562428,"1":0.003029060150214842,"\/":0.0033028401112817091,"2":0.0086028448750341737,"d\u00e9terminer":0.0051239835027521398,"je":0.0037400183490078715,"valeur":0.0040285459871278921,"pas":0.0039731709482143029,"il":0.0046622639323318513,"calcul\u00e9":0.0052144546866240513,"o\u00f9":0.0043881062861697746,"mais":0.0074223055666801435,"qu":0.0035736571777640197,"n":0.0027063664542902365,"trouve":0.0048158929855245782,"compris":0.0045392395272705558,"avec":0.01087326461587633,"Car":0.0055746539224996545,"m\u00eame":0.004181337788230927,"1+r":0,"%":0.0064692553900311004,"calcul":0.0034830486828450655,"lequel":0.0056098996670953596,"ne":0.0043837132271312982,"01":0,"s":0.0041500834982100389,"agit":0.0053239634295388239,"Je":0.0024289625342584645,"VAN":0.0042991185044603461,"10":0.022533183478170557,"donc":0.004551221375381078,"essay\u00e9":0.0056817948433898991,"faut":0.0048158929855245782,"quel":0.0051239835027521398,"2e":0,"35":0.011912590981210624,"02":0,"CF":0.0046119372005218838,"1+7":0,"Et":0.0052922217321551496,"\u00e9tape":0.021901712785254303,"1+3":0,"1+TAP":0,"1+6":0,"1\u00b0":0,"2\u00b0":0,"1=1":0,"75":0.00977280901745777,"10i\u00e8me":0,"1mais":0,"1+TEG":0,"sais":0.0053399745921374944,"imagine":0.0056456091847837796,"1+TRI":0,"1er":0,"1+2":0,"1\u00e8re":0,"actualiser":0.0055922195772775494,"10+1":0,"1+TAE":0,"1min45":0,"imp\u00f4ts":0.0055922195772775494,"CMPC":0.0054049809142164406,"05":0,"1+n":0,"1+0":0,"1+5":0,"1=5":0,"1+TAEG":0,"1=9":0,"1+r2":0,"1+2r+r":0,"1+1":0,"+10":0,"36":0.013012976327172915,"1x":0,"1\u00e8res":0,"1+taux":0,"1X4X":0,"1X08":0,"2X3":0,"1=r":0,"2min54":0,"1+rn":0,"5i\u00e8me":0,"2i\u00e8meann\u00e9e":0,"1+4":0,"75+0":0,"5eme":0,"2eme":0,"0005+1":0,"0035^3+1":0,"1+i":0,"1+R":0,"1+":0,"0075":0,"1\u20ac":0,"1+x":0,"5e":0,"1+9":0,"1=":0,"1\u2212":0,"1+F3":0,"1+tri":0,"1+A2":0,"1+12":0,"1+41":0,"10^7":0,"5=>":0,"2\u20ac":0,"2^2x4":0,"5^2x18":0,"2x0":0,"5x0":0,"1x4":0,"+2x0":0,"5^2":0,"1+11":0,"02+":0,"1USD":0,"1^3":0,"venait":0.005774427869688601,"5\u00e8me":0,"2=":0,"1=16":0,"1+15":0,"1+TMEG":0,"10\u00e8me":0,"1\u00b2=4":0,"5+5":0,"2x":0,"2M":0,"1M":0,"1EUR":0,"10H":0,"5xtaux":0,"1+g":0,"10min15":0,"1ere":0,"1+rd":0,"10^1":0,"10^2":0,"5ans":0,"5min08s":0,"1an":0}