{"que":0.0038662528270737686,"le":0.0032460446249950501,"rejet\u00e9":0.011305418394879512,"en":0.0046070385782205686,"au":0.006526140920456492,".":0.0010887451374048775,"avoir":0.0083109369553796449,",":0.0012215027778592865,"la":0.002727356520884907,"de":0.0014054738560907538,"pour":0.0029954581595230197,"est":0.0035741880061326363,"question":0.0050541691980519367,"Bonjour":0.0015741660216955916,"utilis\u00e9":0.010061065340893075,"projet":0.0091756935533322589,"3":0.0089105731368633086,"pas":0.0026299042291220917,"\u00eatre":0.0090535420377926314,"cette":0.0077532194875918267,"aurait":0.010582099565623369,"vu":0.010392316644582159,"ne":0.0043219625621925706,"utilisant":0.010778913062498157,"Pourquoi":0.0096673032348903506,"derni\u00e8re":0.010518082442902459,"d\u00fb":0.011088516568174757,"003":0,"3\u00b0":0,"sup\u00e9rieur":0.010983298141574761,"COC":0.010269458988180175,"TRI":0.0101493780150754,"3h":0,"d\u00e9cision":0.011018139951084851,"r\u00e8gle":0.011124057549593348,"Madame":0.011018139951084851,"3ieme":0,"3\u00e8me":0,"3+":0,"3+1":0,"simplement":0.011053211741200124,"3M":0,"invers\u00e9":0.011232129551402096,"3=":0,"3^2x24":0,"3x0":0,"3eme":0,"3e":0,"3+2":0}