{"'":0.00085450954947603372,"le":0.0023845666875172136,".":0.0015776842192608788,",":0.00089732433447289276,"de":0.0020366510463812279,"bien":0.010282670314997843,"vous":0.010907938737839377,"5":0.012259286229315483,"Bonjour":0.0022811003288111557,"comment":0.0098587372488361472,"je":0.0053432617674996864,"pas":0.0038109547017984987,"D":0.013514284740092124,"avance":0.0087310046394996534,"%":0.0092424479679128167,"ne":0.0062628910075874155,"comprends":0.0096552142363783722,"Je":0.0068911602281640809,"trouvez":0.016017043049952613,"7":0.022389347153177502,"moyen":0.015619560956224306,"remercie":0.014288756740154739,"05":0,"5i\u00e8me":0,"5eme":0,"0005+1":0,"5e":0,"007=>":0,"5=>":0,"5^2x18":0,"5x0":0,"5^2":0,"TRE":0.016223753603611724,"+7":0,"7e":0,"5\u00e8me":0,"5+5":0,"5xtaux":0,"B\u00e0v":0.016382511922172792,"5ans":0,"5min08s":0}