{"'":0.00082099060373225642,"ai":0.0067416258992918877,".":0.0015157980627180465,",":0.0016917109472333936,"la":0.0019249442917231531,"pour":0.00417040638728424,"vous":0.010487980058560348,"Bonjour":0.0021916220096929936,"-":0.0035222622979305812,"je":0.0051336672680708127,"valeur":0.010980980583733511,"pas":0.0036614663971213848,"o\u00f9":0.011961067363200868,"n":0.0073769934815157241,"compris":0.012373025223775666,"Je":0.0066208479467610914,"trouvez":0.015388759378580764,"Comment":0.012774797364778748,"8":0.022859824852952588,"obtenez":0.015437912285440402,"remercie":0.013728266734849408,"08":0,"comptable":0.015437912285440402,"08+0":0,"8min25":0,"B\u00e0v":0.015739892388426439,"Biosmile":0.015791443017014795,"voux":0.015791443017014795,"8+50":0}