{"'":0.00089088241204956305,"les":0.0113897670402986,"l":0.0046666829671845435,",":0.0009355196416191724,"la":0.0040923517003537734,"Merci":0.0050559588061144609,"de":0.0041599937261861883,"pour":0.004525437544157746,"vous":0.0057998745954439641,"5":0.012781112268055332,"r\u00e9solution":0.01485460855760138,"?":0.0019861215417672959,"Bonjour":0.0023781971357773927,"1":0.0089594818498597122,"3":0.01346179451224439,"calculer":0.011799464343410494,"\u00e0":0.0090731962002227086,"ann\u00e9es":0.015469014210451151,"1+r":0,"mani\u00e8re":0.015987080479839814,"01":0,"expliquer":0.013714357761950459,"003":0,"CF":0.013641382340274058,"1+7":0,"\u00e9tape":0.016540902893425434,"1+3":0,"1+TAP":0,"1+6":0,"1\u00b0":0,"1=1":0,"3\u00b0":0,"1mais":0,"pouvez":0.01524414681471729,"1+TEG":0,"1+TRI":0,"3h":0,"1er":0,"1+2":0,"1\u00e8re":0,"1+TAE":0,"1min45":0,"05":0,"3ieme":0,"3\u00e8me":0,"1+n":0,"1+0":0,"1+5":0,"1=5":0,"1+TAEG":0,"1=9":0,"1+r2":0,"1+2r+r":0,"3+":0,"3+1":0,"1+1":0,"1x":0,"1\u00e8res":0,"1+taux":0,"1X4X":0,"1X08":0,"1=r":0,"1+rn":0,"5i\u00e8me":0,"3M":0,"1+4":0,"5eme":0,"0005+1":0,"1+i":0,"1+R":0,"1+":0,"3=":0,"1\u20ac":0,"1+x":0,"5e":0,"1+9":0,"1=":0,"1\u2212":0,"1+F3":0,"1+tri":0,"1+A2":0,"1+12":0,"1+41":0,"5=>":0,"5^2x18":0,"3^2x24":0,"5x0":0,"1x4":0,"3x0":0,"5^2":0,"1+11":0,"1USD":0,"1^3":0,"5\u00e8me":0,"1=16":0,"3eme":0,"1+15":0,"1+TMEG":0,"1\u00b2=4":0,"5+5":0,"1M":0,"1EUR":0,"3e":0,"3+2":0,"5xtaux":0,"1+g":0,"1ere":0,"1+rd":0,"5ans":0,"5min08s":0,"1an":0}