{"'":0.0011166688564474357,"a":0.0028902609716194966,"le":0.0023525503687260633,"en":0.0022250554704747426,".":0.00052582983250623789,"l":0.0044160531455879138,"du":0.0037798106639621702,"apr\u00e8s":0.0045413077090155551,",":0.00088527643407156098,"la":0.0013265615141326874,"et":0.0031715006249326341,"Merci":0.0016163120193580392,"de":0.0013484881017716466,"pour":0.0014467125575925231,"nous":0.0040037994534087469,"d":0.0014729557313180206,"des":0.0024909437195568609,"vous":0.0036833724288169128,"\"":0.027077095000442149,"*":0.012282255518532159,"non":0.0043842685707030102,"5":0.0081170024908383299,"comme":0.0041068729521417284,"?":0.00063493241202482317,"(":0.006438278009797788,")":0.0083356212678264725,"Bonjour":0.00076027292989634394,":":0.0058203580948755929,"-":0.0036168449046255183,"on":0.0023386677319588082,"projet":0.008803659725544111,"4":0.0050799046895595576,"1":0,"\/":0.0031230880054323885,"d\u00e9terminer":0.0048451184066759471,"calculer":0.0037721066906590685,"valeur":0.0075674637923050063,"pas":0.0012701614480712545,"qui":0.0031810833578850063,"\u00e0":0.0014805033400624179,"cela":0.0045288806381285924,"6":0.0072747985861770781,"Car":0.0052712617666009461,"aux":0.0048033908999194647,"%":0.0091183544954591637,"On":0.0051264229142233188,"dit":0.0047759448080998508,"aussi":0.0049745333130030477,"permet":0.0051579102432925969,"VA":0.0045789541317007177,"Pourquoi":0.0046690049545535005,"10":0.0072035110820367967,"futurs":0.0052712617666009461,"doit":0.0046821312497881858,"\u00e9valuer":0.0053898524772059558,"ann\u00e9e":0.008709686119589756,"CF":0.0086633410388883055,"06":0,"utilisez":0.00540725040908772,"cash":0.0050953172591523934,"flow":0.005238361506685235,"10i\u00e8me":0,"avez":0.0047759448080998508,"jamais":0.015903273877011369,"04":0,"avant":0.0049306658324270499,"terminale":0.010571403063319135,"10+1":0,"toucher":0.0054780462126855509,"6min15":0,"impression":0.0052878714370348922,"CMPC":0.010153042188701228,"05":0,"faisant":0.005355406522121341,"1+5":0.0031957893300690447,"+10":0,"830":0.012877392322759742,"36":0.012304764661041438,"imp\u00f4t":0.010638926219568119,"06^":0,"5i\u00e8me":0,"5eme":0,"0005+1":0,"04\u20ac":0,"06=":0,"5e":0,"Laurent":0.005355406522121341,"10^7":0,"5=>":0,"4\u00e8me":0,"5^2x18":0,"5x0":0,"5^2":0,"4ans":0,"5\u00e8me":0,"4e":0,"4min25":0,"10\u00e8me":0,"5+5":0,"10H":0,"5xtaux":0,"10min15":0,"=16254":0.0054780462126855509,"10^1":0,"10^2":0,"5ans":0,"5min08s":0}