{"'":0.00085450954947603372,"le":0.0023845666875172136,",":0.00089732433447289276,"la":0.0020035348419447292,"Merci":0.0048495345997939575,"de":0.0020366510463812279,"pour":0.004340673409573414,"nous":0.012012881020122372,"d":0.004419412648944257,"dans":0.006481434694979033,"comme":0.012322139685801259,"question":0.0073239206415630217,"?":0.0019050323599449377,"Bonjour":0.0022811003288111557,"1":0.0085936849751574104,"3":0.012912177643436214,"valeur":0.011429305924762226,"utiliser":0.013969560538466031,"avance":0.0087310046394996534,"pourquoi":0.011153308430219038,"1+r":0,"01":0,"003":0,"1+7":0,"1+3":0,"1+TAP":0,"1+6":0,"1\u00b0":0,"1=1":0,"3\u00b0":0,"1mais":0,"1+TEG":0,"1+TRI":0,"3h":0,"1er":0,"1+2":0,"1\u00e8re":0,"1+TAE":0,"1min45":0,"3ieme":0,"3\u00e8me":0,"1+n":0,"1+0":0,"1+5":0,"1=5":0,"1+TAEG":0,"1=9":0,"1+r2":0,"1+2r+r":0,"3+":0,"3+1":0,"1+1":0,"1x":0,"1\u00e8res":0,"1+taux":0,"1X4X":0,"1X08":0,"1=r":0,"1+rn":0,"devons":0.015915732303248779,"3M":0,"1+4":0,"rd":0.016276310160318951,"1+i":0,"1+R":0,"1+":0,"3=":0,"1\u20ac":0,"1+x":0,"1+9":0,"1=":0,"1\u2212":0,"1+F3":0,"1+tri":0,"1+A2":0,"1+12":0,"1+41":0,"3^2x24":0,"1x4":0,"3x0":0,"1+11":0,"1USD":0,"1^3":0,"rf":0.016382511922172792,"1=16":0,"3eme":0,"1+15":0,"1+TMEG":0,"1\u00b2=4":0,"1M":0,"1EUR":0,"3e":0,"3+2":0,"1+g":0,"1ere":0,"pourcent":0.016436167231027709,"1+rd":0,"1an":0}