{"'":0.0015706798182806947,"que":0.0017709006888455578,"le":0.0043830882565611181,"les":0.0017625802257555322,"au":0.0088544286821547729,".":0.0028999521003977942,"sur":0.0053014106931143943,"l":0.0041909750661269811,"du":0.0053450256725121941,"une":0.0023517706994461464,",":0.0013829335675323547,"la":0.0048513326211274636,"et":0.0044848151846007536,"Merci":0.0015328870855595882,"de":0.0037435821488393719,"des":0.0092719325529285294,"2\u00e8me":0,"\"":0.0033598199930634865,"dans":0.006068500517143716,"est":0.0064254379670384779,"fait":0.0039351271827659864,"?":0.0011966504988337242,":":0.0027786210032905681,"-":0.0023028486561087365,"on":0.0022179588599226235,"1":0.0027163737972600408,"2":0.0038849453413460386,"Par":0.0048177085867320436,"ailleurs":0.0050149412606296179,"pas":0.0023938600418691638,"il":0.0082634435043263624,"calcul\u00e9":0.0046761725998543651,"\u00eatre":0.0041468896495716109,"qui":0.0030168937302880315,"qu":0.0032047527076608023,"\u00e0":0.0014040880862909656,"Dans":0.0032810515294195547,"n":0.004823064862322245,"par":0.0056359472972833443,"vid\u00e9o":0.0076420745971395422,"tel":0.010125629890451902,"m\u00eame":0.0037497031561549384,"1+r":0,"dit":0.0045294374044123906,"De":0.004876711066366648,"obtient":0.0049219210305041661,"01":0,"En":0.0041139266208388148,"formule":0.0035512891539840304,"titre":0.0049371795951150196,"titres":0.0050467552180080517,"semble":0.0046624613912880034,"entre":0.0086777932811377464,"2e":0,"02":0,"1+7":0,"excel":0.0048177085867320436,"1+3":0,"1+TAP":0,"1+6":0,"1\u00b0":0,"2\u00b0":0,"1=1":0,"Le":0.0044909078437569911,"Ce":0.0047887352316486166,"produit":0.010190988484457314,"1mais":0,"1+TEG":0,"rapport":0.0096030913281560694,"fichier":0.0099346921074168603,"1+TRI":0,"1er":0,"indice":0.01490173615230703,"1+2":0,"1\u00e8re":0,"variance":0.010125629890451902,"1+TAE":0,"diversification":0.0051614978924350383,"1min45":0,"estimation":0.00509526977630235,"rendements":0.010190988484457314,"b\u00eata":0.010093278851077673,"1+n":0,"1+0":0,"1+5":0,"1=5":0,"1+TAEG":0,"1=9":0,"d\u00e9fini":0.00509526977630235,"carr\u00e9":0.0051614978924350383,"1+r2":0,"1+2r+r":0,"1+1":0,"1x":0,"1\u00e8res":0,"1+taux":0,"1X4X":0,"1X08":0,"2X3":0,"1=r":0,"2min54":0,"1+rn":0,"2i\u00e8meann\u00e9e":0,"1+4":0,"44":0.014599810375598168,"corr\u00e9lation":0.0051783404031371617,"covariance":0.015092713355348444,"2eme":0,"1+i":0,"1+R":0,"1+":0,"1\u20ac":0,"1+x":0,"1+9":0,"1=":0,"1\u2212":0,"1+F3":0,"1+tri":0,"divisant":0.0051614978924350383,"appara\u00eetre":0.0051614978924350383,"1+A2":0,"1+12":0,"1+41":0,"2\u20ac":0,"2^2x4":0,"2x0":0,"1x4":0,"+2x0":0,"1+11":0,"02+":0,"044":0,"num\u00e9rateur":0.0051614978924350383,"d\u00e9nominateur":0.010224002007546499,"coefficient":0.010290712890769023,"racine":0.0051783404031371617,"1USD":0,"1^3":0,"standard":0.0051783404031371617,"2=":0,"1=16":0,"1+15":0,"1+TMEG":0,"1\u00b2=4":0,"pdf":0.0051783404031371617,"2x":0,"2M":0,"1M":0,"1EUR":0,"1+g":0,"1ere":0,"variances":0.010324416597570189,"statistiques":0.0051953002841985136,"1+rd":0,"1an":0}