{"'":0.0011317662802134826,"les":0.0073854781962153808,",":0.0033884467873294363,"la":0.0026536077645197705,"d":0.0058533485289790068,"vous":0.0073680907915657763,"dans":0.0085844204312063872,"5":0.016236970999718353,"question":0.0097002618942797474,"?":0.002523144871842845,"Bonjour":0.0030212329815569386,"int\u00e9r\u00eat":0.018297180035068351,"4":0.020186928914272397,"comment":0.01305753269879675,"3":0.017101701519811233,"calculer":0.014989897306122116,"003":0,"3\u00b0":0,"04":0,"3h":0,"05":0,"3ieme":0,"3\u00e8me":0,"annuelles":0.021487761346047671,"3+":0,"3+1":0,"charges":0.021349952352146494,"5i\u00e8me":0,"3M":0,"5eme":0,"0005+1":0,"3=":0,"04\u20ac":0,"5e":0,"5=>":0,"4\u00e8me":0,"5^2x18":0,"3^2x24":0,"5x0":0,"3x0":0,"5^2":0,"4ans":0,"5\u00e8me":0,"4e":0,"3eme":0,"4min25":0,"5+5":0,"3e":0,"3+2":0,"5xtaux":0,"5ans":0,"5min08s":0}