{"que":0.0078445864273592944,"une":0.010417675381425889,",":0.0012564215997091716,"vous":0.0077893476450243138,"?":0.0026674009755745269,"Bonjour":0.0031939663442935519,"-":0.0051331786163893584,"ce":0.0099364144896099457,"Est":0.016991402782783861,"cette":0.015731201005479398,"faire":0.018031862231284387,"Cordialement":0.019026183580517077,"ann\u00e9e":0.018418656917166071,"nouvelle":0.022570596071636233,"allez":0.022938575324163036,"\u00e9dition":0.023013702774065514,"Dylan":0.023013702774065514}