{"'":0.0015805676678477413,"le":0.0022469605645831963,".":0.00075046817248973561,",":0.00084554246427922424,"la":0.00095303553968371501,"et":0.0022784867324196971,"premier":0.0072942038033319218,"Merci":0.0023068123038196618,"de":0.00096878815805933563,"pour":0.0040901862909111606,"d":0.0021022131638516409,"vous":0.0052420494875493754,"2\u00e8me":0,"est":0.0024636751512761104,"5":0.0058314610872213244,"!":0.010308138743825784,"m":0.0047444857796036183,"?":0.00090618016980068569,"Bonjour":0.001085067071172607,"on":0.0066119469593685729,"projet":0.0063247731133005735,"comment":0.0046895750340056712,"1":0.0040878187025793246,"\/":0.017332262400285819,"3":0.018079459418678247,"2":0.0058463795523545385,"pas":0.0018127836835686621,"il":0.0062764713568730255,"qu":0.0048227707352838387,"\u00e0":0.0021129851661058265,"Dans":0.0049375913652298349,"avance":0.0041531385151804207,"avec":0.0049609938609975791,"1+r":0,"dit":0.0068162632670789288,"ne":0.0029791135080050762,"comprends":0.004592763808188665,"obtient":0.0074069043301065746,"01":0,"s":0.0056006774708800573,"Je":0.0032779667563557565,"video":0.0073840850779305122,"expliquer":0.0062572600840798444,"2e":0,"003":0,"02":0,"1+7":0,"arrive":0.0060937294331854111,"1+3":0,"1+TAP":0,"1+6":0,"1\u00b0":0,"2\u00b0":0,"1=1":0,"3\u00b0":0,"1mais":0,"1+TEG":0,"plait":0.0071207996722830657,"\u00e9tudi\u00e9":0.0077927849140711639,"1+TRI":0,"3h":0,"1er":0,"1+2":0,"1\u00e8re":0,"pourriez":0.0072500770270590778,"1+TAE":0,"1min45":0,"sc\u00e9nario":0.0077927849140711639,"Vd":0.015337053586553333,"05":0,"3ieme":0,"3\u00e8me":0,"1+n":0,"1+0":0,"1+5":0,"1=5":0,"1+TAEG":0,"1=9":0,"1+r2":0,"1+2r+r":0,"3+":0,"3+1":0,"1+1":0,"type":0.0073840850779305122,"1x":0,"1\u00e8res":0,"1+taux":0,"1X4X":0,"1X08":0,"2X3":0,"1=r":0,"2min54":0,"1+rn":0,"5i\u00e8me":0,"2i\u00e8meann\u00e9e":0,"3M":0,"1+4":0,"5eme":0,"2eme":0,"0005+1":0,"1+i":0,"1+R":0,"1+":0,"3=":0,"1\u20ac":0,"1+x":0,"5e":0,"1+9":0,"1=":0,"1\u2212":0,"1+F3":0,"1+tri":0,"1+A2":0,"1+12":0,"1+41":0,"5=>":0,"2\u20ac":0,"2^2x4":0,"5^2x18":0,"3^2x24":0,"2x0":0,"5x0":0,"1x4":0,"+2x0":0,"3x0":0,"5^2":0,"1+11":0,"02+":0,"1USD":0,"1^3":0,"5\u00e8me":0,"2=":0,"1=16":0,"3eme":0,"1+15":0,"1+TMEG":0,"1\u00b2=4":0,"5+5":0,"2x":0,"2M":0,"1M":0,"1EUR":0,"3e":0,"3+2":0,"5xtaux":0,"1+g":0,"1ere":0,"Ambre":0.0077674389435291209,"FALL":0.0077674389435291209,"Vcp=0":0.0078183075130102524,"Vd+Vcp=1":0.0078183075130102524,"1+rd":0,"5ans":0,"5min08s":0,"1an":0}