{"'":0.0017097316851938712,"le":0.0012298090483283293,"les":0.0028758551102398343,"au":0.0048772892460366198,"avoir":0.0062111504993560768,"une":0.0075952531605489272,",":0.00091602394745255334,"la":0.002045287109989081,"et":0.002470372923596907,"de":0.0010503761116175171,"d":0.0066986668599586779,"un":0.0035620721077681168,"est":0.0052872351767466108,"?":0.0019447319049992081,"si":0.0060421497077546658,"Bonjour":0.0011764476284945313,"-":0.0018907261877318872,"taux":0.0049451698603032619,"rentabilit\u00e9":0.0073692392082776873,"sans":0.0065552390578937497,"risque":0.0065896195257927927,"arbitrage":0.0081824612810189497,"ce":0.0036599231181397639,"cas":0.0065723920834284627,"il":0.0034352455436563734,"Est":0.0062585178908711294,"Si":0.0070854814335675458,"qui":0.0049224138138621804,"\u00e0":0.0022909333936592131,"possible":0.0071645073100782908,"c":0.0064206187341913816,"soit":0.007540981400910785,"deux":0.0069319968499852221,"titre":0.0080555840587041138,"entre":0.0071247977867965597,"Cordialement":0.0070079976242053022,"ceci":0.0082083305532068621,"diff\u00e9rence":0.0074757045462481627,"opportunit\u00e9":0.0081824612810189497,"dernier":0.0078369461303205469,"inf\u00e9rieur":0.0083135266185960718,"devrait":0.0080306879317818703,"repr\u00e9senter":0.0084490660301943799,"sup\u00e9rieure":0.0083671885059943447,"volatilit\u00e9":0.0082869651868741293,"Simo":0.0080555840587041138,"\u00e9sp\u00e9r\u00e9e":0.008476738053235738}