{"'":0.00055823513934837303,"le":0.001557792909286843,".":0.0010306716531452024,"r\u00e9sultat":0.0090500324176856824,",":0.0011571826332624575,"la":0.0025837432856388471,"Merci":0.0031681104380292995,"vous":0.0036342549355555414,"est":0.0033835414132945599,"5":0.0080087628754176472,"!":0.0071465185887921836,"m":0.0065159418894008437,"?":0.0012445220835379895,"(":0.0042632472252279591,")":0.004167069470177716,"Bonjour":0.0014902002683320856,"-":0.0023949733112268814,"1":0,"\/":0.0061215208390421006,"pas":0.002489625575645471,"\u00e0":0.0029019137573770581,"trouve":0.0089258299754767911,"ne":0.0040914297991028947,"Je":0.0045018663543315201,"VAN":0.0079680343667477178,"Somme":0.010702389261019027,"erreur":0.0093612621924339459,"mon":0.0086629227414996464,"solution":0.0096930270331487302,"Pourriez":0.0085706276136884932,"indiquer":0.010203967635358573,"Selon":0.010497056941617936,"[":0.0097505127255744072,"]":0.0097505127255744072,"05":0,"5i\u00e8me":0,"5eme":0,"0005+1":0,"5e":0,"5=>":0,"5^2x18":0,"5x0":0,"5^2":0,"5\u00e8me":0,"5+5":0,"5xtaux":0,"i=0":0.010737441272823662,"CFi":0.010737441272823662,"1+rd":0.006278496349200865,"^i":0.010737441272823662,"5ans":0,"5min08s":0}