{"'":0.0013509575724858691,"a":0.0092375816587600655,"le":0.0025401294217265052,"les":0.0030022762874519315,".":0.00084943851211417257,"r\u00e9sultat":0.0074586761438571701,"une":0.0040058689535364808,",":0.00095586336702495605,"la":0.0031675369434129713,"Merci":0.0026110303979747268,"de":0.0021695166974296182,"pour":0.006862492778397824,"d":0.0023794491059157992,"dans":0.0034896591957086615,"?":0.0010256855165345347,"sauf":0.008678985162792122,"(":0.0035135985051316138,")":0.0034343326313695357,"Bonjour":0.0012281636880390801,"-":0.0019738415816847044,"t":0.0068973590789050462,"je":0.0028768572761333844,"pas":0.0020518502068473453,"il":0.0070953846763101673,"n":0.0041339954977764482,"trouve":0.0073563134395090738,"y":0.012605078726184549,"avec":0.0056152404570507814,"votre":0.0061536348660291501,"calcul":0.0053203835535989546,"VAN":0.0065669364596478716,"tous":0.0076495503191430711,"erreur":0.0077151793240708101,"ann\u00e9e":0.007082455846326891,"car":0.0069155012474437618,"solution":0.0079886066874882266,"exactement":0.0085691647300704856,"chiffres":0.008678985162792122,"ecart":0.0087917942705548913,"affich\u00e9":0.0087917942705548913,"500":0.021995037900199202,"faute":0.0087350060003865138,"frappe":0.0088204828203089676,"quatrieme":0.0088493712918828928,"contr\u00f4le":0.0088493712918828928}