{"J":0.0052104822421639163,"'":0.0011317662802134826,"ai":0.0037779416757244368,"que":0.0015165115536016716,"le":0.0012838708496625384,"tout":0.0037813281139910827,".":0.0032911701631501895,"j":0.0022588485348016244,"une":0.0020139398327621307,"autre":0.0076495503191430711,",":0.00048312700238301395,"la":0.001609317556849405,"et":0.0012965698746942775,"Merci":0.0013126885037993477,"de":0.0032198928090471359,"pour":0.0023370552342400685,"des":0.0098987100879066765,"vous":0.0029952081205312587,"\"":0.016804697395631778,"un":0.0018695458253712987,"est":0.0014019511005820846,"comme":0.0033353986397887028,"me":0.0027379687475132313,"Bonjour":0.00061745598799739217,":":0.0023794732709248533,"1":0.0023261678497234774,"appliquer":0.0042543375574858721,"contenant":0.004420050902386348,"je":0.0042919168627648177,"ou":0.002925734214102858,"ce":0.0019209027160837946,"r\u00e9f\u00e9rence":0.0085963482956386058,"Si":0.0037187995734235648,"mais":0.0028703388372923579,"\u00e0":0.003568034961534571,"cela":0.0036781323640172362,"trouve":0.0036983667788312241,"sont":0.0066005032737730491,"par":0.0024286424064189406,"suis":0.0034585475258529191,"op\u00e9ration":0.0043217909646294126,"id\u00e9e":0.0043773710145475469,"avec":0.0056152404570507814,"probl\u00e8me":0.0040763160002973853,"c":0.0033698478266711331,"contraintes":0.004434473993546858,"1+r":0,"ne":0.0033719934281339248,"01":0,"s":0.0031870581396409117,"plusieurs":0.0041008354402237435,"difficult\u00e9s":0.0042676547168853012,"doit":0.0038025949143889563,"fonction":0.004163426581327569,"d\u00e9j\u00e0":0.0040763160002973853,"solveur":0.0041256467850989123,"rien":0.0042148891553825413,"1+7":0,"La":0.0037290915862149489,"\u00e9t\u00e9":0.0038899010138164743,"calculs":0.0040044423828970374,"1+3":0,"1+TAP":0,"suivant":0.0042148891553825413,"1+6":0,"chiffre":0.0043633364271359219,"1\u00b0":0,"1=1":0,"avais":0.004150757069029328,"Le":0.0038457908306860451,"uniquement":0.0086237112919810809,"Valeur":0.0043915007524307969,"cible":0.0043081245002170396,"indiqu\u00e9es":0.0044057269397832473,"Elles":0.004434473993546858,"1mais":0,"avez":0.003878785636242985,"1+TEG":0,"inclure":0.004420050902386348,"contrainte":0.0043915007524307969,"1+TRI":0,"aucune":0.0042945470687779522,"1er":0,"1+2":0,"1\u00e8re":0,"pourtant":0.0042945470687779522,"1+TAE":0,"1min45":0,"message":0.0043493957172655766,"1+n":0,"1+0":0,"1+5":0,"1=5":0,"1+TAEG":0,"1=9":0,"1+r2":0,"1+2r+r":0,"1+1":0,"pr\u00e9c\u00e9dents":0.004434473993546858,"1x":0,"1\u00e8res":0,"1+taux":0,"1X4X":0,"1X08":0,"1=r":0,"1+rn":0,"affiche":0.0043915007524307969,"1+4":0,"variables":0.0087917942705548913,"1+i":0,"1+R":0,"1+":0,"1\u20ac":0,"1+x":0,"forums":0.004434473993546858,"1+9":0,"1=":0,"1\u2212":0,"1+F3":0,"1+tri":0,"1+A2":0,"1+12":0,"1+41":0,"1x4":0,"1+11":0,"renseigner":0.004434473993546858,"1USD":0,"1^3":0,"cellule":0.004420050902386348,"aupr\u00e8s":0.004420050902386348,"1=16":0,"1+15":0,"1+TMEG":0,"Ces":0.004434473993546858,"1\u00b2=4":0,"1M":0,"1EUR":0,"1+g":0,"1ere":0,"1+rd":0,"cellules":0.017508418691959592,"binaires":0.004448997594864116,"Binaire":0.004448997594864116,"contiennent":0.004448997594864116,"concret":0.004448997594864116,"passais":0.004448997594864116,"r\u00e9glage":0.004448997594864116,"ajuster":0.004448997594864116,"preneur":0.004448997594864116,"1an":0}