{"J":0.0034608994029648294,"'":0.0020509824566218222,"ai":0.0037504635481436549,"que":0.0020035815569618611,"le":0.0029317723019927711,"en":0.0011980936684957083,"les":0.0019941678577648581,"au":0.0016971700982650929,".":0.003528221359856159,"j":0.0029843407744241986,"l":0.00080330395332455775,"du":0.0030512733602341565,"une":0.0039767330410144693,",":0.0018586892391894184,"la":0.0017720259781320478,"et":0.0042365027457599838,"de":0.0021539037971356331,"bien":0.0018453594898177686,"pour":0.0015523156377783183,"nous":0.0042960576165851083,"d":0.0031382074449062937,"des":0.0053070828670194123,"2\u00e8me":0,"*":0.0044521684910682306,"un":0.0049044644313350934,"dans":0.0011631781099281703,"est":0.00092949341479462528,"non":0.0023607341413485138,"fait":0.0044521684910682306,"question":0.0013143732167380489,"(":0.0057718289613533395,")":0.0056416179924111721,"Bonjour":0.00040937324741982463,":":0.0015775904987600405,"-":0.0013110623612379337,"on":0.0012592688315214171,"taux":0.0034290666283886225,"4":0.0027353033332802247,"comment":0.0017692791641121014,"1":0,"\/":0.0016816443522934224,"3":0.0023172589238589091,"2":0.002205717458930717,"trouver":0.002205717458930717,"je":0.0074815640673897461,"valeur":0.0020511382261792221,"pas":0.0033705981007630045,"\u00e9nonc\u00e9":0.0052750680557480303,"\u00e0":0.0015885729853526505,"cela":0.0024386013247377431,"n":0.005452243301223284,"fois":0.002647160149952373,"MOOC":0.0057098547315454868,"par":0.0016101896298095636,"exemples":0.0028472842014941229,"quizz":0.0025140520532875134,"suis":0.0022930166028613998,"plus":0.0020261506220276967,"notamment":0.0028744675736553545,"utilise":0.0026945399980350861,"eu":0.0027107013150649765,"avec":0.0055743990923820099,";":0.010292977215786035,"calcule":0.0051688591299844447,"r":0.0026164527339168509,"%":0.0065630257516215221,"De":0.0027688025946636962,"ne":0.0022397408723119293,"comprends":0.0017327543013157655,"exercice":0.0022990374265666469,"obtient":0.0027944710142819773,"avons":0.0028206253002367389,"s":0.0021130191717342213,"En":0.0023357239227463742,"effet":0.002662773613864345,"Je":0.0012367087082768183,"absolument":0.0028928915379947558,"formatif":0.0026785655212264448,"Mais":0.0026785655212264448,"VA":0.0024655636797910412,"puis":0.0027353033332802247,"10":0.003878771173504963,"rente":0.007884001731782728,"bon":0.0027858617848479741,"2e":0,"003":0,"fais":0.0028206253002367389,"02":0,"obtiens":0.0027025970287588809,"CF":0.011572524315515482,"cause":0.0029209964428941479,"arrive":0.0022990374265666469,"sa":0.0027603513337363314,"somme":0.0027688025946636962,"actualise":0.0028836488489903619,"aide":0.0025643040222424638,"beau":0.0029021964677979771,"15":0.0044016858811468107,"2\u00b0":0,"3\u00b0":0,"vraiment":0.002727053894722917,"niveau":0.002727053894722917,"constante":0.0028294545753522549,"cible":0.0028562860369413198,"valeurs":0.002743602318312039,"croissante":0.011337550424301963,"g":0.0028206253002367389,"10i\u00e8me":0,"propos\u00e9es":0.0028836488489903619,"rendement":0.0027353033332802247,"04":0,"perp\u00e9tuelle":0.0085338244200811285,"fonctionne":0.0028928915379947558,"3h":0,"abord":0.0028031342204285843,"croissance":0.0027519514485727296,"t=1":0.002865346901239334,"10+1":0,"dividende":0.0027773058636778669,"3ieme":0,"3\u00e8me":0,"Apr\u00e8s":0.0028928915379947558,"besoin":0.0028472842014941229,"3+":0,"3+1":0,"+10":0,"similaire":0.0028836488489903619,"test":0.0028472842014941229,"2X3":0,"2min54":0,"Puis":0.0028562860369413198,"Tout":0.0028744675736553545,"2i\u00e8meann\u00e9e":0,"3M":0,"1+4":0.0034369903873334821,"actionnaires":0.0028562860369413198,"2eme":0,"exig\u00e9":0.0028928915379947558,"3=":0,"dates":0.0028928915379947558,"04\u20ac":0,"essayer":0.0029209964428941479,"10^7":0,"t=5":0.0057832858654438858,"2\u20ac":0,"4\u00e8me":0,"2^2x4":0,"3^2x24":0,"2x0":0,"+2x0":0,"3x0":0,"15x4":0,"02+":0,"cf":0.0058207490873348816,"r\u00e9alisation":0.0029304932284152825,"Enfin":0.0029304932284152825,"15ans":0,"4ans":0,"4e":0,"r\u00e9aliser":0.0028836488489903619,"similaires":0.0029400557361583205,"durant":0.0029304932284152825,"2=":0,"3eme":0,"4min25":0,"10\u00e8me":0,"15\u20ac":0,"2x":0,"2M":0,"3e":0,"10H":0,"3+2":0,"10min15":0,"15h":0,"ayons":0.0029496848821234608,"TP":0.0029400557361583205,"assistant":0.0029496848821234608,"embrouill\u00e9":0.0029496848821234608,"modus":0.0029496848821234608,"operandi":0.0029496848821234608,"arbitraire":0.0029496848821234608,"T=6":0.0029496848821234608,"Franchement":0.0029496848821234608,"d\u00e9sar\u00e7onn\u00e9":0.0029496848821234608,"10^1":0,"10^2":0}