{"'":0.001368629652171393,"ai":0.0023072752696826188,"le":0.0038192536035639804,"en":0.0021951880511039698,"les":0.0018335587008404752,".":0.0010306716531452024,"j":0.0027439836480724765,"l":0.0029241866056011119,"une":0.0024464756641092919,",":0.0019867676422260327,"et":0.0015750354571945329,"de":0.0013305061147388872,"pour":0.004225658003335994,"des":0.002457507222495004,"vous":0.0018292420098648449,"un":0.0022710700142590705,"dans":0.0042342003109825735,"?":0.0012445220835379895,"me":0.0033260049783592877,"Bonjour":0.00075006761558630783,"-":0.0023949733112268814,"taux":0.0062640216821227739,"comment":0.003241733582485765,"1":0.0056140939941099702,"trouver":0.0080292514713166951,"je":0.0034906531813295779,"calculer":0.0037214728552620686,"ou":0.0035540970182002334,"pas":0.0037099753232962968,"il":0.0043514081774249803,"D":0.0088286299781024369,"\u00e0":0.0043243564556536482,"ann\u00e9es":0.0048788245641003362,"MOOC":0.005249986245036988,"par":0.0029502443158784964,"avance":0.0028709144218288575,"aux":0.0047389139049351381,"1+r":0,"permet":0.0050886744555302564,"ne":0.0060969423435230678,"comprends":0.0031748114840830593,"exercice":0.0042123747254057065,"01":0,"vois":0.0049077590349659974,"Je":0.0022659398430125511,"partir":0.0049666393316423491,"fonction":0.0050576097879517397,"faut":0.0089258299754767911,"ann\u00e9e":0.0043254175488867562,"car":0.0042234545621000529,"1+7":0,"1+3":0,"1+TAP":0,"1+6":0,"aide":0.0046984052224332993,"beau":0.0053175032767390747,"1\u00b0":0,"1=1":0,"donner":0.005135998051013415,"valeurs":0.0050269216710757646,"tableau":0.0049517903820738198,"1mais":0,"toutes":0.0050886744555302564,"1+TEG":0,"comparer":0.0051680458035434614,"remercie":0.0046984052224332993,"rapport":0.0050269216710757646,"1+TRI":0,"1er":0,"abord":0.005135998051013415,"1+2":0,"1\u00e8re":0,"proc\u00e9der":0.0052666974518751145,"1+TAE":0,"1min45":0,"1+n":0,"1+0":0,"cordialement":0.0050269216710757646,"1+5":0,"1=5":0,"1+TAEG":0,"1=9":0,"1+r2":0,"1+2r+r":0,"1+1":0,"similaire":0.0052835196974467891,"1x":0,"1\u00e8res":0,"chercher":0.0053175032767390747,"1+taux":0,"1X4X":0,"1X08":0,"1=r":0,"Puis":0.0052333846206709658,"1+rn":0,"piste":0.0053519492318236904,"nouveau":0.0052168911509771461,"1+4":0,"1+i":0,"1+R":0,"1+":0,"1\u20ac":0,"1+x":0,"1+9":0,"1=":0,"1\u2212":0,"1+F3":0,"1+tri":0,"donn\u00e9s":0.0053519492318236904,"1+A2":0,"1+12":0,"1+41":0,"1x4":0,"1+11":0,"TRE":0.0053346676722732774,"1USD":0,"1^3":0,"mode":0.0053519492318236904,"1=16":0,"1+15":0,"1+TMEG":0,"1\u00b2=4":0,"1M":0,"1EUR":0,"1+g":0,"Tr\u00e8s":0.0053519492318236904,"1ere":0,"1+rd":0,"TP":0.0053868703184934245,"nominales":0.0054045131678973042,"op\u00e9ratoire":0.0054045131678973042,"ad\u00e9quat":0.0054045131678973042,"VLB":0.0053693495659111476,"1an":0}