{"'":0.00066458207669841448,"ai":0.0054572655522576079,"le":0.0036520498888264795,".":0.002416280285939116,",":0.0013742845830682462,"la":0.0030684858742208725,"de":0.0015839750213955889,"pour":0.003375894102731493,"trouv\u00e9":0.011471939538272032,"dans":0.005040839312112487,"question":0.0056960702107178166,"Bonjour":0.0017740918104523448,"ma":0.010774114552076079,"je":0.0041556422675037381,"pas":0.0058366145798660904,"n":0.0059715880126384995,"bonne":0.011273418290478433,"le\u00e7on":0.011438392246794592,"ne":0.0048708702138091286,"vois":0.011608040302874286,"Je":0.005359497243890371,"Cordialement":0.010568112758816198,"lien":0.012496805395706925,"mail":0.012536860233126328,"poser":0.012417490648529208,"vers":0.012110337380937584,"annonc\u00e9e":0.012782984295560743,"d\u00e9sol\u00e9":0.012658657839417926,"rubrique":0.012782984295560743,"bonus":0.012782984295560743,"lundi":0.012741254678136853}