{"'":0.00093048994921038331,"a":0.009442928126594979,"le":0.0025965951314613073,".":0.0017179671192091828,"l":0.0048741579566338195,"une":0.0081017649281147405,",":0.0028099556712403461,"la":0.004270499947223577,"Merci":0.0052807405209493634,"de":0.0022177438857980767,"2\u00e8me":0,"dans":0.013815066223642241,"question":0.0079751414714646068,"Bonjour":0.0024839288576713695,"2":0.013383496070247233,"il":0.014197484228910847,"op\u00e9ration":0.017385889039125687,"y":0.01288528284115964,"calcul":0.010760336241307336,"VAN":0.013281456810254239,"refaire":0.017609478886153055,"faut":0.014877951055243119,"erreur":0.015603747897616704,"2e":0,"02":0,"2\u00b0":0,"2X3":0,"2min54":0,"2i\u00e8meann\u00e9e":0,"2eme":0,"2\u20ac":0,"2^2x4":0,"2x0":0,"+2x0":0,"02+":0,"2=":0,"2x":0,"2M":0}