{"'":0.0015956352064822829,"que":0.0026911234616348537,"le":0.0044527279550478777,"en":0.0016112352430731969,"les":0.0013458047011288851,"au":0.002282409420665855,".":0.00075782617279809492,"j":0.0020140430146599474,"l":0.0052981561188365708,"du":0.0013777892833706641,"une":0.0017956765978893801,",":0.0024677917656509818,"la":0.0004835486219799371,"et":0.0023008262621883177,"de":0.0028791269718257697,"pour":0.0031123704667371933,"vous":0.0013426363144251156,"2\u00e8me":0,"\"":0.0051057015603157493,"*":0.052567729630453489,"dans":0.0046473493910524424,"an":0.0035599868689878398,"est":0.00248783036956158,"non":0.0063186096833245404,"5":0.0029587511225355836,"comme":0.0029739206627073292,"?":0.0018125312148978205,"(":0.0092253841885755281,")":0.0090172619066954864,"me":0.0024412379782562756,"Bonjour":0.00055053842713509665,":":0.0083637751422439427,"-":0.0068456882496503117,"on":0.0016935055874207545,"taux":0.0046057729085701533,"QUIZ":0.0078691896383521233,"1":0.012148526986649146,"\/":0.0067188238756317612,"2":0.011693861536512879,"prix":0.0065092010682900612,"quiz":0.0030280110031924963,"je":0.00128958419412595,"ce":0.0017127224944764386,"il":0.0047759937315964719,"utiliser":0.0033715219753722176,"\u00eatre":0.0031663259940771927,"qu":0.0024469645108361922,"pr\u00e9ciser":0.0039410223869545211,"\u00e0":0.0010720807596258206,"dont":0.0036674305694766522,"par":0.0021654352642040079,"possible":0.0033527515293952071,"elle":0.0034289984649487509,"y":0.0028558963460866608,"avec":0.0025170957905016078,"c":0.003004636376103919,"parle":0.0037122100459510213,"1+r":0,"14":0.015170105369000979,"%":0.015171796732661681,"calcul":0.0094018693943431608,"01":0,"se":0.0032616421867528037,"Pourquoi":0.0033809787812862369,"10":0,"12":0.010644110143001637,"va":0.0037350110479843946,"VF":0.003570455957814057,"faut":0.0032975516781206362,"erreur":0.0034584174174053634,"=":0.0028992817802213993,"2e":0,"02":0,"obtiens":0.0036345401825122938,"1+7":0,"Question":0.0076449763212441801,"8":0,"1+3":0,"1+TAP":0,"suivant":0.0074795256701483577,"1+6":0,"Pourriez":0.0031663259940771927,"1\u00b0":0,"2\u00b0":0,"1=1":0,"09":0,"laquelle":0.0076449763212441801,"9":0.0062883031202474252,"1mais":0,"1+TEG":0,"Serait":0.0038291201874499259,"\u00e9l\u00e9ments":0.0038780245454217367,"1+TRI":0,"Taux":0.0038904544135165602,"1er":0,"raison":0.0038534114921949672,"1+2":0,"croissance":0.003700913607809957,"1\u00e8re":0,"=>":0.0076936400110374729,"suit":0.0038780245454217367,"63":0,"action":0.011130602406340858,"9+":0,"1+TAE":0,"1min45":0,"=2":0.0039155663950190015,"05":0,"1+n":0,"1+0":0,"futur":0.0038656772684223543,"1+5":0,"1=5":0,"1+TAEG":0,"1=9":0,"1+r2":0,"1+2r+r":0,"1+1":0,"93":0.0095730756414848985,"33":0.034428002538529179,"1x":0,"1\u00e8res":0,"1+taux":0,"1X4X":0,"1X08":0,"2X3":0,"1=r":0,"2min54":0,"Puis":0.0038412261478654257,"1+rn":0,"nouveau":0.0038291201874499259,"conclure":0.0039538823576670684,"5i\u00e8me":0,"2i\u00e8meann\u00e9e":0,"1+4":0,"12^3+2":0,"12^4+189":0,"12^4":0,"5eme":0,"nouveaux":0.0039410223869545211,"2eme":0,"0005+1":0,"0014^2+1":0,"exig\u00e9":0.0038904544135165602,"1+i":0,"1+R":0,"1+":0,"ait":0.0039410223869545211,"1\u20ac":0,"1+x":0,"5e":0,"1+9":0,"Personnellement":0.0039282508016186502,"1=":0,"12\u20ac":0,"9=":0,"1\u2212":0,"9=850":0,"1+F3":0,"1+tri":0,"1+A2":0,"1+12":0,"1+41":0,"5=>":0,"2\u20ac":0,"2^2x4":0,"5^2x18":0,"2x0":0,"5x0":0,"1x4":0,"+2x0":0,"5^2":0,"1+11":0,"02+":0,"1USD":0,"1^3":0,"5\u00e8me":0,"T=1":0.0039410223869545211,"2=":0,"12=":0,"1=16":0,"1+15":0,"1+TMEG":0,"1\u00b2=4":0,"5+5":0,"14=12":0,"2x":0,"2M":0,"1M":0,"12^5":0,"1EUR":0,"5xtaux":0,"1+g":0,"1ere":0,"1+rd":0,"8+50":0.011708069798407116,"10^1":0.0054319894203830642,"10^2":0.0054319894203830642,"vendue":0.0039668319456230838,"63euro":0.011147573966823516,"anc":0.0039668319456230838,"rendemement":0.0039668319456230838,"=9":0.0039668319456230838,"14\u00e8me":0,"5ans":0,"5min08s":0,"1an":0}