{"J":0.0051538420797386224,"'":0.0021824516417496757,"ai":0.0055752809545698574,"questions":0.0035406818407443278,"que":0.001499937325072367,"en":0.0017873298593231168,"les":0.0029696402647838519,".":0.0024677250808935011,"j":0.0044441687759924431,"sur":0.0022595163562621895,"du":0.0030402171495263444,",":0.00071297256713417629,"la":0.001066993937982126,"et":0.0025509348078156051,"Merci":0.0012983418941753791,"de":0.0021461813263389637,"bien":0.0027529284262705254,"pour":0.0023116504479051155,"d":0.002353583480129534,"des":0.0020009110545488773,"vous":0.0029626489318497146,"trouv\u00e9":0.0039490638360193319,"2\u00e8me":0,"mal":0.0037929952314124851,"\"":0.005660710694487839,"*":0.037776243619564359,"un":0.0018491132215562342,"5":0.003282118021156888,"!":0.0029287566399054271,"m":0.0053118035528449507,"?":0.0010145358778727474,"(":0.0017471463151339827,")":0.0017077311460254386,"me":0.0027080449928147577,"Bonjour":0.00061070770004168808,"-":0.002912888107409591,"comment":0.0026394309248510411,"3":0.0034569134077773625,"2":0.0032905145726436192,"quiz":0.0033589474309426025,"je":0.0014305250249343877,"pas":0.0010202880388480685,"Alors":0.0042210127480893289,"il":0.0017832760713109757,"pratique":0.0042476111886135494,"\u00e0":0.0011892502733680513,"sont":0.0065287529903751097,"exercices":0.0039959147286475804,"avance":0.0023375086554045061,"compris":0.0034478125076086137,"eu":0.0040438552740247845,"votre":0.0030599115024555435,"OK":0.004357575954738486,"le\u00e7on":0.0039375156235197818,"ne":0.0016767328094020554,"s":0.0062703736232179877,"agit":0.0040438552740247845,"deux":0.0035984805021606454,"ces":0.010424032339700857,"puis":0.0040805568466246419,"th\u00e9orie":0.004301860386320599,"r\u00e9soudre":0.00398410179924259,"pouvoir":0.0040929373675634272,"2e":0,"003":0,"car":0.003438751611525757,"02":0,"calculs":0.0078785352488871946,"Auriez":0.0043156487356562001,"aide":0.0038254581155502893,"Pourriez":0.0035123791003794603,"indiquer":0.0041817477411035852,"beau":0.0043295299365284862,"2\u00b0":0,"3\u00b0":0,"avais":0.0041053926957290848,"ex":0.0043435052479557168,"autres":0.0039723561803419339,"Un":0.0041559805238414989,"conseils":0.0043717433681685434,"exercer":0.0043717433681685434,"3h":0,"=>":0.0085299678752328075,"particuli\u00e8rement":0.0043860088267621096,"05":0,"3ieme":0,"3\u00e8me":0,"besoin":0.0042476111886135494,"3+":0,"3+1":0,"d\u00e9coulant":0.0044003736970187769,"2X3":0,"2min54":0,"ressources":0.004357575954738486,"5i\u00e8me":0,"2i\u00e8meann\u00e9e":0,"3M":0,"5eme":0,"2eme":0,"0005+1":0,"3=":0,"5e":0,"5=>":0,"2\u20ac":0,"2^2x4":0,"5^2x18":0,"3^2x24":0,"2x0":0,"5x0":0,"+2x0":0,"3x0":0,"5^2":0,"02+":0,"seuls":0.0043860088267621096,"5\u00e8me":0,"2=":0,"3eme":0,"5+5":0,"2x":0,"2M":0,"3e":0,"3+2":0,"5xtaux":0,"Margaux":0.004357575954738486,"Malarme":0.004357575954738486,"lundi":0.0043860088267621096,"compliqu\u00e9es":0.0044003736970187769,"enchainement":0.0044003736970187769,"cascade":0.0044003736970187769,"pr\u00e9liminaires":0.0044003736970187769,"externes":0.0044003736970187769,"entrainer":0.0044003736970187769,"suffisant":0.0044003736970187769,"5ans":0,"5min08s":0}