{"'":0.0013731201760852618,"le":0.0019473060585447337,"les":0.0045536907435175678,"au":0.0038935821106726672,".":0.001916817448015007,"l":0.0036553551241989197,"avoir":0.0049584150644008881,",":0.00073278097951541196,"Merci":0.0019966369295767524,"de":0.0016631880930488791,"pour":0.0035447193290396571,"d":0.0018195483134186995,"trouv\u00e9":0.0060730126075614023,"*":0.029536109867568005,"dans":0.0026685183087847234,"m":0.0041065393589772093,"question":0.0030153842850931486,"?":0.00078433463740343681,"Bonjour":0.00093916829808112607,"-":0.0015093830382759165,"taux":0.0039477717910540062,"4":0,"\/":0.0076521561667858102,"d\u00e9terminer":0.0059851948281517643,"vos":0.0057194880367148386,"je":0.0021999129091353838,"pas":0.0015690356956888874,"il":0.0027423861739218304,"\u00e0":0.0036275131356847965,"par":0.003694034878310647,"avance":0.0035947050045321109,"avec":0.0042939356331115194,"votre":0.0047056421228091035,"comprendre":0.0055039668667226042,"ne":0.0025785401081981105,"Je":0.0028372093684551811,"journ\u00e9e":0.0064508424846897155,"concerne":0.0063912165429846225,"tous":0.0058495583481922081,"faut":0.0056253221296306659,"compr\u00e9hension":0.0063520800075295338,"calculs":0.0060908719173766021,"Ma":0.0064508424846897155,"09":0.01080554711815241,"laquelle":0.0065527811430140786,"9":0,"rendement":0.0062752272954903782,"04":0.0063715878789854701,"aider":0.0061268952494314332,"action":0.0063912165429846225,"illustration":0.0065944925225432539,"parviens":0.0063715878789854701,"Puis":0.0065527811430140786,"actionnaires":0.0065527811430140786,"exig\u00e9":0.0066367600701702683,"d\u00e9tails":0.0067012372578430252,"29":0.019016743526217128,"Belle":0.0067449623525588148,"Margaux":0.0067012372578430252,"Malarme":0.0067012372578430252,"Merck":0.0067670531674448716}