{"'":0.001702773873215497,"que":0.0023066576444351556,"le":0.0028971444201487196,"en":0.0054518066446470519,"les":0.0045536907435175678,".":0.0025351969843833747,"sur":0.0068920944953183086,"du":0.0023503827391509443,",":0.00073278097951541196,"la":0.0016361444436207545,"de":0.0016631880930488791,"d":0.0071015995999492007,"des":0.0030770730900954793,"vous":0.002290414983241713,"un":0.0056402614746238235,"dans":0.005292926851517798,"m":0.0041065393589772093,"?":0.0023145311476122769,"(":0.005329236704871774,")":0.0052090105027944329,"Bonjour":0.00093916829808112607,"projet":0.010858191489818895,"comment":0.0080509297033952969,"risque":0.0052605501555224926,"prix":0.0055792677732501598,"Par":0.0062752272954903782,"actions":0.0065116114850408899,"pas":0.0015690356956888874,"cas":0.0052467973395588082,"\u00e0":0.001828871905750238,"plus":0.0046483165261512289,"march\u00e9":0.0059507377594682168,"accord":0.0066367600701702683,"prime":0.0061633326518401857,"se":0.011036155410977603,"Comment":0.0054743403042804674,"expliquer":0.0054159051177043865,"coup":0.0064109675047445405,"Pourriez":0.0054014630922353162,"autres":0.0061088324136229352,"particulier":0.0066795988181425426,"cordialement":0.0062942665065215198,"concr\u00e8tement":0.0065735682280411156,"investisseurs":0.013291705177238204,"futur":0.0065944925225432539,"rcp":0.006658107080855835,"r\u00e9ussite":0.0066795988181425426,"arrivent":0.0067230244165089621,"Simo":0.0064308422977944419,"d\u00e9roulent":0.0067670531674448716,"n\u00e9gociations":0.0067670531674448716,"primaires":0.0067670531674448716,"m\u00e8tre":0.0067670531674448716,"innovant":0.0067670531674448716,"comparables":0.0067670531674448716,"Certains":0.0067670531674448716,"croiront":0.0067670531674448716,"trancher":0.0067670531674448716,"vote":0.0067670531674448716}