{"'":0.00144419860480164,"le":0.0027174095947395198,"les":0.0032142205847858264,"au":0.0054511381455716237,".":0.00090940422857099616,",":0.0019996864752349457,"et":0.0054585832607850033,"Merci":0.0027953548738163109,"d":0.0025474252082161985,"des":0.0085169560638739625,"un":0.015391713080561415,"dans":0.0073861271819375338,"est":0.0029854385336060703,"?":0.00109809330824779,"(":0.0037616393564669746,")":0.0036767777452348721,"Bonjour":0.0013148653320417944,"pas":0.004342895892153642,"il":0.0038394274109634354,"pourquoi":0.0064289581686692108,"co\u00fbt":0.0086288607167677774,"avec":0.011885080418151154,"bonne":0.008355276089108658,"calcul":0.0056959735546016172,"ne":0.0036100377349578346,"comprends":0.0055654309950789148,"s":0.0067868031737885574,"agit":0.0087064975719916473,"Je":0.00397218288345979,"n\u00e9gatif":0.0091451879442809546,"journ\u00e9e":0.0090313835793977958,"investissement":0.0081895667640276455,"VA":0.0079191403613484927,"t=0":0.0087590203985739787,"calculs":0.0085274133959040762,"puisqu":0.0093819441841546201,"int\u00e9gr\u00e9":0.0093819441841546201,"positif":0.0090879209942665937,"signe":0.0093819441841546201,"machines":0.0094124468956197169,"sign\u00e9":0.0094740885399735696,"Louison":0.0094740885399735696}