{"'":0.00144419860480164,"que":0.0024291412752065998,".":0.003305252107741366,"l":0.0019407674647462293,",":0.00077135611734501343,"la":0.0025612657088199394,"Merci":0.0021026584456248325,"de":0.0026036005846872064,"bien":0.0088391681194902091,"nous":0.015356947918663705,"d":0.001916166415515144,"vous":0.0024120361279302473,"2\u00e8me":0,"un":0.0029946299581522723,"dans":0.0028102167580663306,"est":0.0044522211550986606,"r\u00e9solution":0.0061776943479678239,"m":0.0043245967945081476,"?":0.0016376000383929474,"Bonjour":0.00098903817943605198,"-":0.0015895313494910118,"1":0.0037260450297275293,"2":0.0053289725053623678,"je":0.0023167283893788136,"calculer":0.0049071292522234735,"pas":0.0064408589309205904,"cas":0.0055254025281621143,"\u00e0":0.0019259850910435124,"n":0.0033290997126333797,"avance":0.0037855840114664886,"120":0.018321220184978147,"pourquoi":0.0095875842833782615,"avec":0.0045219438197235248,"1+r":0,"seconde":0.0069891723459644325,"ne":0.0080063134615818779,"comprends":0.012342969344592124,"01":0,"Je":0.005923765124147092,"ces":0.0056882810396715255,"donc":0.0055984546175900721,"partie":0.0062848162853493903,"Il":0.006490605909174582,"2e":0,"02":0,"indiqu\u00e9":0.0068789858661545914,"1+7":0,"sous":0.0067723203300688499,"1+3":0,"1+TAP":0,"1+6":0,"1\u00b0":0,"2\u00b0":0,"1=1":0,"sommes":0.0067513901845614845,"sup\u00e9rieur":0.0069007341337768485,"projets":0.0066893757584399116,"1mais":0,"1+TEG":0,"aider":0.0064522336789626343,"Pouvez":0.0057495368367083428,"contrainte":0.013946230039326046,"van":0.0070116528839340286,"1+TRI":0,"1er":0,"1+2":0,"IP":0.0069891723459644325,"1\u00e8re":0,"1+TAE":0,"1min45":0,"1+n":0,"1+0":0,"1+5":0,"1=5":0,"1+TAEG":0,"1=9":0,"1+r2":0,"1+2r+r":0,"1+1":0,"1x":0,"1\u00e8res":0,"1+taux":0,"1X4X":0,"1X08":0,"2X3":0,"1=r":0,"2min54":0,"1+rn":0,"Une":0.0069446603895454793,"devons":0.0069007341337768485,"ressources":0.0070570732753732646,"2i\u00e8meann\u00e9e":0,"1+4":0,"2eme":0,"1+i":0,"1+R":0,"1+":0,"1\u20ac":0,"1+x":0,"1+9":0,"1=":0,"1\u2212":0,"1+F3":0,"1+tri":0,"1+A2":0,"1+12":0,"1+41":0,"2\u20ac":0,"2^2x4":0,"2x0":0,"1x4":0,"+2x0":0,"1+11":0,"02+":0,"1USD":0,"1^3":0,"2=":0,"1=16":0,"1+15":0,"1+TMEG":0,"1\u00b2=4":0,"2x":0,"2M":0,"1M":0,"1EUR":0,"1+g":0,"1ere":0,"1+rd":0,"budg\u00e9taire":0.0071263840129093771,"185":0.023694082851185769,"choisissons":0.0071263840129093771,"1an":0}