{"'":0.0019486224622170675,"le":0.0027821340026603033,".":0.00093131967940088744,"l":0.0026423085603705133,"une":0.0043920125310119166,"autre":0.0083869245968773831,",":0.0020462572420870302,"la":0.0023375745532588843,"Merci":0.0028627192651007921,"pour":0.0050643729741068318,"nous":0.01401573079543148,"d":0.0026088148192819111,"est":0.0030573836921322368,"question":0.004323369239918942,"?":0.001124555918765175,"Bonjour":0.0013465518644186791,"-":0.0021641089764901753,"4":0.008997236205329882,"trouver":0.014339809483718206,"pas":0.0022496372010065721,"ce":0.0041891166074827391,"il":0.0039319525829346778,"existe":0.0092778858432954504,"utiliser":0.0082463439028061785,"mais":0.0062596528141301176,"qu":0.0059849857191244969,"\u00e0":0.0051826612440304953,"n":0.004532489764387311,"avance":0.0051539822370257945,";":0.0085566272996575234,"journ\u00e9e":0.0092490280949408966,"Pour":0.0077651653581790187,"aurons":0.0096080367511308176,"examen":0.0091635381746201644,"TAEG":0.008997236205329882,"excel":0.017782752963488163,"m\u00e9thode":0.008970101318182851,"04":0,"Bonne":0.0093361568991061576,"TMEG":0.0097024016652403032,"devons":0.009395184743012883,"04\u20ac":0,"4\u00e8me":0,"4ans":0,"4e":0,"4min25":0,"main":0.0096080367511308176}