{"J":0.0057127438679680179,"'":0.0032995800347029335,"ai":0.0041421143261726971,"le":0.0027821340026603033,"en":0.0039408907964291759,".":0.0018407239079718876,"l":0.012617409454603807,"du":0.0066605197950366356,"et":0.0055885980993005333,"de":0.0035231826335146892,"est":0.0060428222257383202,"?":0.001124555918765175,"-":0.0021641089764901753,"comment":0.0058196918634231664,"actif":0.015810541332926351,"obligation":0.0086565231911421778,"sans":0.014829581473093951,"risque":0.014907358644191623,"indic\u00e9":0.0091074253619415312,"prix":0.023442110037276746,"d\u00e9terminer":0.016960858317252806,"fond":0.0093069279874589909,"je":0.0031541703818233923,"pas":0.0065925330931602133,"il":0.0039319525829346778,"n":0.004532489764387311,"y":0.0069851846117651864,"eu":0.0089163127602708767,"explication":0.0085566272996575234,"toujours":0.0083869245968773831,"ne":0.0073070726511349103,"comprends":0.0056995505928198031,"Je":0.0040679072884436882,"Comment":0.0078489480088417846,"fonction":0.0090796266202549224,"faut":0.0080654213063690011,"arrive":0.0075622262876812556,"beau":0.009546197972763331,"quelle":0.017159390312340931,"proportion":0.019051721433611508,"lire":0.0095155912571223272}