{"'":0.00064413011889732626,"le":0.0017974886587176116,"les":0.0042033492531200712,"et":0.0036106965703370008,"de":0.0030246243700229754,"pour":0.0032720037840623375,"d":0.0033313574983057019,"des":0.0056337226310106967,"un":0.01025721166520375,"dans":0.0048857116965656481,"non":0.0099158214106870937,"?":0.0014360152221435211,"-":0.002763485017294425,"on":0.00528932276731435,"t":0.0096566759208634809,"actif":0.010214917292605735,"prix":0.010214917292605735,"d\u00e9terminer":0.010958117200043662,"risqu\u00e9":0.011884593765741833,"arbitrage":0.011959483769468001,"\u00e0":0.0033484277893201008,"m\u00eame":0.0089421813149468017,"actifs":0.011489129115305877,"Comment":0.010022808675344752,"partir":0.011385792947673921,"autres":0.011184481619385693,"tableau":0.011351752411611517,"intuitive":0.012229481044492927,"d\u00e9termine":0.01215104884061958,"fa\u00e7on":0.011847508050032537,"combinaisons":0.012389598640799216,"ais\u00e9e":0.012389598640799216}