{"'":0.0012500774873852919,"ai":0.0026243170319565899,"a":0.0032432829131599119,"le":0.0017702497810162363,"les":0.002085507260852216,".":0.0028641172378370272,"sur":0.0062654397430460043,"l":0.0016740859408079809,"du":0.0021350717173031428,"une":0.0027826448963207081,",":0.00066615381944092153,"la":0.0050198242446259809,"Merci":0.0018137314263983535,"de":0.00076170979532462111,"bien":0.0076336279327711958,"pour":0.0016234167656025147,"des":0.0082607187384173639,"vous":0.0020805974151143049,"2\u00e8me":0,"dans":0.002424063908097812,"est":0.0019370648573823134,"m":0.0037303524635786314,"question":0.0027391546051892951,"?":0.00071248425770274021,"me":0.0037830299781617953,"Bonjour":0.00085313410348865067,":":0.0032876995854387208,"4":0.011315024549277406,"2":0.0045967165630252018,"trouver":0.0045967165630252018,"cours":0.00434909642042881,"pas":0.0042122374714929946,"il":0.0024911649751047848,"qui":0.0035696268957279655,"Dans":0.00388218175141596,"n":0.0057001096540079815,"tr\u00e8s":0.0053136990754328378,"explications":0.010918383842671648,"suis":0.0047786480335402998,"pourquoi":0.0041713499701726909,"compris":0.004816455454016451,"y":0.0044255994655160976,"m\u00eame":0.0044366962955399826,"ne":0.0023423283217840251,"comprends":0.0036110610469450547,"diff\u00e9rente":0.0060677022010038493,"Je":0.0076167799426837025,"ces":0.0049066523882210023,"semble":0.0055166834070240547,"2e":0,"02":0,"TAEG":0.011315024549277406,"Pourriez":0.0049066523882210023,"2\u00b0":0,"bas\u00e9":0.0060873584126673848,"m\u00e9thode":0.0056831820210609145,"diff\u00e9rentes":0.005915103648522952,"indiqu\u00e9es":0.0060873584126673848,"04":0,"raison":0.0059713847330767752,"pourtant":0.005933742055518239,"compl\u00e9mentaires":0.0061270779917423262,"illustration":0.011890699933088602,"m\u00e9thodologie":0.0060873584126673848,"2X3":0,"\u00e9tapes":0.012005404987599626,"slides":0.0060287877732909745,"2min54":0,"2i\u00e8meann\u00e9e":0,"2eme":0,"apporter":0.0060677022010038493,"04\u20ac":0,"page":0.0060873584126673848,"2\u20ac":0,"4\u00e8me":0,"2^2x4":0,"2x0":0,"+2x0":0,"02+":0,"4ans":0,"4e":0,"2=":0,"4min25":0,"2x":0,"2M":0,"int\u00e8grent":0.0061471451379520696,"finalit\u00e9":0.0061471451379520696}