{"'":0.00060678385182017782,"ai":0.0025093792632369786,"que":0.005925074030251362,"le":0.0025218494115093809,"en":0.0023874738513985977,"les":0.0078077291421165471,".":0.0027421353485581165,"avoir":0.0043069195807027604,",":0.00032090195808999738,"pu":0.0055514625774512128,"la":0.0021188810480941445,"et":0.0017129994704492321,"Merci":0.0017342950470781919,"de":0.0014462178538491074,"bien":0.0036772980646011658,"pour":0.0045905718388125853,"des":0.0026727706678156154,"\"":0.0075478454853552543,"dans":0.0023178966678452967,"est":0.001852226817670815,"question":0.0026191872709591855,"?":0.00068127943380722692,"r\u00e9pondre":0.0056738606983064146,"Bonjour":0.00081576920851615436,":":0.0031437075105601058,"on":0.004982651095038689,"3":0.0046176649064338295,"vos":0.0049679937433593432,"je":0.0056508805622624827,"calculer":0.0040474523930465094,"pas":0.0040303565097715788,"Si":0.0049131958287118704,"pense":0.0053694831681513396,"\u00e0":0.0015885729853526505,"cela":0.0048594672101951748,"n":0.0027458768469330688,"explications":0.010443603505861203,"sont":0.0043841772753037064,"par":0.0063711678724687869,"avance":0.0031223899511809458,"contre":0.00563833111717828,"compris":0.004605508134664065,"c":0.0044521684910682306,"Quelles":0.0058207490873348816,"prendre":0.0054672509886734529,"ne":0.0044472541371176691,"comprends":0.0034529066416685229,"Je":0.0024644230918230716,"raisonnement":0.0049679937433593432,"semble":0.0052750680557480303,"A":0.01008883766500261,"principe":0.0055858818297876769,"compte":0.0048728013976731032,"003":0,"CF":0.0046792671252435872,"frais":0.010790355271760385,"3\u00b0":0,"Ce":0.0054179331747616771,"conclusion":0.0057832858654438858,"raisons":0.0058207490873348816,"change":0.0057463255207952993,"B":0.00563833111717828,"\u00e9quivalent":0.0056032541544999443,"3h":0,"crois":0.005839673590234992,"3ieme":0,"3\u00e8me":0,"annuelles":0.0058019537629355666,"int\u00e8gre":0.0057832858654438858,"3+":0,"3+1":0,"3M":0,"3=":0,"3^2x24":0,"3x0":0,"machines":0.005839673590234992,"malheureusement":0.005839673590234992,"3eme":0,"3e":0,"3+2":0,"lecture":0.005877917320753075,"augmentations":0.011671257351914821}