{"J":0.0027727497217908551,"'":0.00096258693042001033,"ai":0.0020104255697370186,"alors":0.0038198668318296719,"que":0.0031918391890235886,"en":0.0056724433515587787,"au":0.0027095359436657353,".":0.0017772278972442467,"Quand":0.0044752101942726616,"sur":0.0024180824042250356,"l":0.0012824765988080093,"du":0.0048505838572634862,"une":0.0042387887301478556,",":0.00076243690694390519,"la":0.0054589306054164954,"et":0.0040699471752041333,"Merci":0.0013894556152570675,"de":0.0034029793355502018,"bien":0.0029461206462199356,"pour":0.0012436601737381289,"d":0.0025178012988198539,"des":0.0063502853428155925,"\"":0.017760230345814622,"est":0.0014839383626668516,"5":0,"?":0.00054581689341578836,"si":0.0066745220030011163,"(":0.009137475307276318,")":0.0089313362270277228,"Bonjour":0.00065356532582859918,"on":0.0059620806778468028,"taux":0.010801300344720989,"int\u00e9r\u00eat":0.0078704801924841996,"t":0.0036704185098965264,"cours":0.0033317371881563312,"je":0.0015309149597481531,"temps":0.0039912936212002969,"pas":0.0010918887783848831,"\u00e0":0.0012727082732909448,"n":0.0043743651451670492,"tr\u00e8s":0.0040706958652680196,"par":0.014991484550981576,"plus":0.0032347541023004882,"notamment":0.0045890940558536058,"avance":0.0025015479678614371,"vid\u00e9o":0.0069311165635864954,"cette":0.0032189968216760853,"avec":0.0029881411530557718,"parle":0.0087628663898688224,"%":0.0026480832260240713,"actualisation":0.0042015488221867417,"De":0.0044203996752153587,"ne":0.0017944008644881204,"comprends":0.0027663462052247021,"Je":0.0019744082813772622,"flux":0.0038510110184003612,"VA":0.003936278054049891,"donc":0.003699509172000025,"partie":0.0041530631361969992,"fonction":0.0044069072178150063,"exacte":0.0046333632987741249,"chaque":0.0040591762051063133,"pensais":0.0045745328814805301,"\u00e9claircissement":0.0045172307011084982,"d\u00e9finition":0.0045600671909046455,"conclusion":0.0046333632987741249,"terme":0.022214763591731884,"ici":0.0042636940558937542,"tableau":0.004314702337822246,"r\u00e9sultats":0.0044476347113625199,"Taux":0.004618507957060947,"<":0.004663377502014664,"colonne":0.0046785391418203053,"TRA":0.0045172307011084982,"effectue":0.0046483193554373537,"augmente":0.0046785391418203053,"obtenus":0.004663377502014664,"structure":0.022716284037823626,"maturit\u00e9":0.0046483193554373537,"\u00e9volution":0.0046785391418203053,"minute":0.004663377502014664,"ZC":0.0093333465489881355,"interrogation":0.0047091786608607659,"indiquant":0.0047091786608607659,"exprim\u00e9e":0.0047091786608607659,"5min08s":0.0036039959895212406}