{"'":0.00041452002353545368,"ai":0.0034038622534016964,"a":0.0042066900266912299,"que":0.0027177699813127954,"le":0.0011567461592882026,"en":0.0032385029408732308,"les":0.0027050007136970975,"au":0.0045875297557448885,".":0.0022519707305125565,"r\u00e9sultat":0.0067201424388201609,",":0.0016917109472333936,"et":0.0046020949342495754,"Merci":0.0023524947119376448,"de":0.0038396650335816257,"bien":0.0098793228408813726,"pour":0.0021056476723980183,"nous":0.0058274126090727702,"question":0.0070366329234014049,"?":0.00092412549299699114,"r\u00e9pondre":0.0152432303849259,"Bonjour":0.0011065549385203815,"ma":0.0067201424388201609,"je":0.002592000282475697,"calculer":0.0054901905921386114,"pas":0.0036614663971213848,"ce":0.0034424872836583695,"cas":0.0061819266252563423,"Est":0.0058866996815012092,"mais":0.0051439903043682574,"\u00e0":0.012331896805389708,"n":0.0037246607910948032,"cette":0.010794367456034936,"On":0.0074613581118181792,"t\u00eate":0.0078700942894391265,"mani\u00e8re":0.0074386528313208069,"appris":0.015688698514450573,"part":0.0074386528313208069,"compte":0.0066097401014093482,"entendu":0.0079212595709214177,"travers":0.0078955893177118722,"informations":0.0079212595709214177,"pr\u00e9c\u00e9dentes":0.0077698196188747751,"suffisamment":0.0078955893177118722,"Sauf":0.0078955893177118722,"bilan":0.0078700942894391265,"le\u00e7ons":0.0078955893177118722,"lire":0.0078196204518685853,"omission":0.0079731355040045058,"aillons":0.0079731355040045058,"extraire":0.0079731355040045058}