{"'":0.0012690295730114856,"le":0.003541312846805411,"avoir":0.017885400247062762,",":0.0013326136819971118,"des":0.011099249072742474,"vous":0.0082617102794110848,"pourrait":0.022773014306519585,"?":0.0028291578529419247,"Bonjour":0.0033876552673315322,"-":0.0054444655025979076,"on":0.010420731488872972,"quiz":0.018632409508420603,"il":0.0098920065616833214,"s":0.017485706680185224,"plait":0.022231634484450265,"correctif":0.024171899478030789}