{"'":0.0018443121741247982,"ai":0.0022469526065909402,"que":0.0035649510613371886,"le":0.00076358959449054843,"en":0.0021377958573897634,"les":0.0017856211421005378,".":0.0024624821999924443,"l":0.0042450655872647361,"du":0.0018280584632246705,"apr\u00e8s":0.0043632120350663656,"une":0.0023825136699826199,",":0.00057097739400877034,"la":0.0025174640208379256,"et":0.0015338568711410088,"de":0.0025590749034790669,"pour":0.0027620184769615898,"d":0.0014151910827905438,"vous":0.0017814173090481972,"est":0.0016585240568994233,"5":0.0039256874003944153,"m":0.0031939453539619415,"question":0.0023452770778220034,"?":0.00061003237814091392,"(":0.0041525009120949403,"+":0.0087419963630945112,")":0.0040588215652332246,"Bonjour":0.00073045743874025886,"-":0.0011739536678034013,"int\u00e9r\u00eat":0.0044237936452348175,"\/":0.0059625021784119724,"je":0.00171102746157628,"valeur":0.014361051201290958,"pas":0.0012203497476508121,"D":0.004327564944413935,"moi":0.0044360906656781204,"\u00e0":0.001422442698276574,"n":0.0024587176713316561,"i":0.0051951952109986956,"plus":0.0036153236763674782,"x":0.009787206681447877,"cette":0.0035977125480050297,"explication":0.0046416719821342437,"calcul":0.0031643288118073935,"ne":0.0020055125444201505,"comprends":0.0030918074810278545,"Je":0.0043849214354421068,"donc":0.0041347572883386639,"A":0.0045496141825829466,"=":0.007643928996348975,"\u00e9quation":0.0098776575072232562,"suite":0.005048683945934925,"La":0.0044115576524393916,"entendu":0.0052289703622929937,"remerciant":0.0050645396114336848,"capitalisation":0.0098776575072232562,"Pourriez":0.0042010988912909719,"entreprise":0.0047936585936363225,"utilis\u00e9e":0.0050172752729311836,"Vous":0.0050172752729311836,"jamais":0.0051618764946550957,"moyen":0.0050017197166760397,"portent":0.0052289703622929937,"dette":0.009787206681447877,"svp":0.004737300768725014,"pr\u00e9cisions":0.0052289703622929937,"05":0,"investisseurs":0.0052120249520304614,"d\u00e9pend":0.0052289703622929937,"5i\u00e8me":0,"5eme":0,"Beta":0.015536745933532593,"CP":0.0051784795707831956,"0005+1":0,"boursi\u00e8re":0.020584810142351449,"apporter":0.0051951952109986956,"5e":0,"5=>":0,"5^2x18":0,"5x0":0,"5^2":0,"B\u00eata":0.0052460330427635373,"continue":0.0051951952109986956,"5\u00e8me":0,"ind\u00e9pendante":0.0052460330427635373,"5+5":0,"5xtaux":0,"5ans":0,"5min08s":0,"interroger":0.0052632146278897849,"capit":0.0104585149120884}