{"'":0.0017868016231887766,"ai":0.0033704889057159376,"le":0.0028224703643773413,"tout":0.0033715219753722176,"en":0.0016112352430731969,"les":0.003998277795556335,".":0.0032989786077677065,"j":0.0040084365159283441,"sur":0.0080298904096292086,"l":0.0052981561188365708,"du":0.0040933014233309898,"r\u00e9sultat":0.0066542544464713409,"avoir":0.0029066121974258034,",":0.001268509251227381,"la":0.0023714655350126866,"et":0.0034345392339106334,"Merci":0.0011704242541139118,"de":0.0042586901431054909,"pour":0.0031123704667371933,"d":0.0010666152899459543,"des":0.0018037735969816176,"vous":0.0013426363144251156,"2\u00e8me":0,"un":0.0016669314706868597,"est":0.0012500129059207347,"5":0.0029587511225355836,"question":0.0052514327051773882,"?":0.0004597752697848886,"(":0.0015750107363032815,")":0.0015394789013439378,"Bonjour":0.00055053842713509665,"1":0.0041278979123002503,"2":0.0029663204134558522,"respectivement":0.0038904544135165602,"trouver":0.0029663204134558522,"vos":0.0033527515293952071,"je":0.0038312511797210652,"calculer":0.0054363617277921128,"pas":0.0027325490182677817,"\u00e0":0.0021337020280244156,"ann\u00e9es":0.0035809843619075774,"n":0.0018531107875068497,"par":0.0021654352642040079,"Cependant":0.0037580952995193572,"suis":0.0030837231350375823,"plus":0.0027248331043136626,"exercices":0.0036022218313694681,"avance":0.0021072083068106491,"elle":0.0034289984649487509,"cette":0.002711559773939401,"avec":0.0050096341574113329,"peu":0.0034584174174053634,"bonne":0.0034983815028679674,"m\u00eame":0.0056981818355229374,"explication":0.010393410776146814,"1+r":0,"De":0.003723575575886318,"le\u00e7on":0.0035495764308268504,"ne":0.0030083223657742428,"comprends":0.0023302642116221446,"01":0,"Je":0.0033101057347804377,"VAN":0.002943704413996336,"donc":0.0031163249949690539,"perdu":0.0038904544135165602,"Pourtant":0.0039155663950190015,"d\u00e9j\u00e0":0.0036345401825122938,"2e":0,"compte":0.0032885090405609823,"mon":0.0032004234342516307,"car":0.0061696612157212281,"02":0,"CF":0.0093818631031933053,"1+7":0,"trop":0.0037932684319678719,"arrive":0.00309182013412982,"1+3":0,"1+TAP":0,"Auriez":0.0038904544135165602,"1+6":0,"ensuite":0.0036454390897177145,"15":0.0059195300059853755,"1\u00b0":0,"2\u00b0":0,"1=1":0,"09":0,"tent\u00e9":0.0077929315332850926,"9":0.0062883031202474252,"reprendre":0.0039155663950190015,"valeurs":0.007343373348163409,"variation":0.0038780245454217367,"1mais":0,"net":0.0037814699266079349,"1+TEG":0,"li\u00e9e":0.0039029679850573367,"1+TRI":0,"c\u00f4t\u00e9":0.0038904544135165602,"1er":0,"1+2":0,"Cash":0.0039155663950190015,"Flow":0.0039282508016186502,"1\u00e8re":0,"BFR":0.0037465173284103159,"9+":0,"1+TAE":0,"1min45":0,"EBIT":0.0039538823576670684,"05":0,"souhaiterais":0.0039538823576670684,"1+n":0,"1+0":0,"1+5":0,"1=5":0,"1+TAEG":0,"1=9":0,"1+r2":0,"1+2r+r":0,"1+1":0,"830":0.0093249398159425505,"1x":0,"1\u00e8res":0,"retomber":0.0039538823576670684,"1+taux":0,"1X4X":0,"1X08":0,"2X3":0,"1=r":0,"2min54":0,"1+rn":0,"5i\u00e8me":0,"2i\u00e8meann\u00e9e":0,"1+4":0,"d\u00e9tail":0.0038170925833141533,"5eme":0,"retombe":0.0039282508016186502,"600":0.010612986353090752,"681":0.011147573966823516,"119":0.011147573966823516,"2eme":0,"0005+1":0,"EBITDA":0.0039282508016186502,"1+i":0,"1+R":0,"1+":0,"1\u20ac":0,"1+x":0,"5e":0,"1+9":0,"1=":0,"9=":0,"1\u2212":0,"9=850":0,"1+F3":0,"1+tri":0,"R\u00e9sultat":0.0039155663950190015,"1+A2":0,"1+12":0,"1+41":0,"5=>":0,"2\u20ac":0,"2^2x4":0,"5^2x18":0,"2x0":0,"5x0":0,"1x4":0,"+2x0":0,"15x4":0,"5^2":0,"1+11":0,"02+":0,"1USD":0,"1^3":0,"Enfin":0.0039410223869545211,"15ans":0,"5\u00e8me":0,"2=":0,"1=16":0,"1+15":0,"1+TMEG":0,"15\u20ac":0,"consid\u00e9rant":0.0039410223869545211,"1\u00b2=4":0,"5+5":0,"2x":0,"2M":0,"1M":0,"1EUR":0,"5xtaux":0,"1+g":0,"1ere":0,"15h":0,"1+rd":0,"\u00e9nonc\u00e9e":0.0039538823576670684,"5ans":0,"5min08s":0,"indirectement":0.0039668319456230838,"brut":0.0039668319456230838,"communiqu\u00e9e":0.0039668319456230838,"1an":0}