{"ai":0.0021621596623167426,"a":0.0053110492395174033,"le":0.0014604203710332519,"tout":0.0085556134334828747,"en":0.010036219454387974,"les":0.011597100354417923,"au":0.0029140344259338687,".":0.00048614347286328485,"j":0.0025714013563432176,"sur":0.0026005838332314717,",":0.00027649916435733523,"la":0.0018292721598176381,"et":0.0014759739234465397,"de":0.0036521926759050319,"bien":0.0031684750320841427,"pour":0.0026584317832367664,"\u2019":0.017045492533701394,"des":0.0023029428071066984,"vous":0.001714192206848828,"un":0.0021282315290466112,"dire":0.0041304432142515316,"est":0.0031720473092101712,"fait":0.0038361276281560818,"question":0.0022567736763777569,"?":0.0011667310796989623,"si":0.003610003706331581,"-":0.0055113104455840958,"vid\u00e9os":0.0045186549153246776,"calculer":0.003487411579269949,"pas":0.0023340072260198855,"ce":0.0064792565508937803,"pratique":0.0048887758463651175,"qui":0.0058454549657050298,"qu":0.0031241278444841319,"\u00e0":0.0013687641720386762,"Dans":0.0031985071477570628,"n":0.0023659333776711337,"par":0.0027646893015280316,"plus":0.003478892699530581,"pourquoi":0.003436751174910155,"compris":0.0039682498612812825,"c":0.0038361276281560818,"aux":0.0044408608816979703,"ne":0.0019298307908658442,"faire":0.0039682498612812825,"puis":0.0046965051332793556,"donc":0.0079080226036824762,"vrais":0.0050480642088189106,"op\u00e9rations":0.0049670834648966079,"faite":0.0049991448373826099,"simple":0.0048581624479602991,"prenant":0.0049670834648966079,"\u00e9t\u00e9":0.0088012699150829023,"vendu":0.0050316454203957837,"mois":0.0046403485362371977,"vraiment":0.0093065145283877763,"repartir":0.0050480642088189106,"cash":0.0093629887128005226,"flow":0.0096258421539037829,"toutes":0.0047686233138201171,"avez":0.0044154862498895827,"parce":0.0048279390397689623,"reste":0.0048279390397689623,"pay\u00e9":0.0049830599930037215,"ventes":0.0049991448373826099,"amortissements":0.0048581624479602991,"regarder":0.0099361868893707139,"simplement":0.0098095876606506104,"soci\u00e9t\u00e9":0.014577517218704974,"annuelle":0.0049512138039978348,"revenir":0.0049670834648966079,"encaissement":0.0050480642088189106,"rajoutant":0.0050480642088189106,"bilan":0.0099361868893707139,"r\u00e9elles":0.0050480642088189106,"conseill\u00e9":0.0050645974148089551,"Entr\u00e9es":0.0050645974148089551,"retirant":0.0050645974148089551,"entr\u00e9es":0.0050645974148089551}