{"J":0.0040525328487972679,"'":0.0027047345371430456,"ai":0.0029383523501569646,"que":0.0046527472383357032,"le":0.0019803175158641883,"en":0.0027956074655474945,"au":0.0078537243948491025,".":0.0013102236604495385,"l":0.0090671879229062991,"du":0.0070524765551133514,",":0.00074520335550691834,"la":0.000838991167412606,"Merci":0.0020307691237052118,"de":0.0025160468520994219,"pour":0.0018176807186043036,"d":0.0018506532055198803,"des":0.0031296751703749725,"exemple":0.005308695427798534,"?":0.0015820773520135898,"me":0.0042357211006470484,"Bonjour":0.00095522323235312464,"1":0.0035986525608334733,"\/":0.0039239148234294441,"3":0.0054070449727693596,"actif":0.016740956487691118,"obligation":0.0061408047339880176,"sans":0.0053225630194364626,"risque":0.0053504784326524014,"indic\u00e9":0.0064606678157208119,"prix":0.011253912251153238,"balanced":0.0067286477361797126,"fond":0.013093417357091828,"cours":0.0048695251116434562,"ce":0.0087668959132561099,"il":0.002789266834034305,"Est":0.0050816386081784428,"\u00e0":0.0036890080889454618,"Dans":0.004346737735609933,"avance":0.0036561559209364485,"votre":0.0047860843344378458,"selon":0.0065205619854344123,"1+r":0,"calcul":0.0082064708806786381,"comprendre":0.0055980563142274181,"t0":0.0065815898658028978,"01":0,"s":0.0049304760776860187,"Comment":0.0055679232903622471,"semble":0.006176829802463135,"obtenir":0.0059495556276918764,"difficult\u00e9s":0.0066021919172763021,"003":0,"1+7":0,"1+3":0,"1+TAP":0,"1+6":0,"aide":0.0059834949946070762,"1\u00b0":0,"1=1":0,"3\u00b0":0,"1mais":0,"B":0.0066021919172763021,"1+TEG":0,"rapport":0.0064018660020103632,"1+TRI":0,"3h":0,"1er":0,"1+2":0,"1\u00e8re":0,"1+TAE":0,"1min45":0,"3ieme":0,"3\u00e8me":0,"expos\u00e9":0.0068379534610014427,"1+n":0,"1+0":0,"1+5":0,"1=5":0,"1+TAEG":0,"1=9":0,"1+r2":0,"1+2r+r":0,"3+":0,"3+1":0,"1+1":0,"1x":0,"1\u00e8res":0,"1+taux":0,"1X4X":0,"1X08":0,"1=r":0,"1+rn":0,"3M":0,"1+4":0,"1+i":0,"1+R":0,"1+":0,"3=":0,"1\u20ac":0,"1+x":0,"diff\u00e8re":0.0068602664226160024,"1+9":0,"1=":0,"obtenait":0.0068827348765064158,"1\u2212":0,"1+F3":0,"1+tri":0,"1+A2":0,"1+12":0,"1+41":0,"3^2x24":0,"1x4":0,"3x0":0,"1+11":0,"1USD":0,"1^3":0,"1=16":0,"3eme":0,"1+15":0,"1+TMEG":0,"1\u00b2=4":0,"1M":0,"1EUR":0,"3e":0,"3+2":0,"1+g":0,"1ere":0,"1+rd":0,"defensif":0.0068827348765064158,"soustrayant":0.0068827348765064158,"nature":0.0068827348765064158,"1an":0}