{"'":0.0004501802998671784,"le":0.0012562585720639645,".":0.00083116959354998736,"l":0.0023581661385804909,"du":0.0030075241088012173,",":0.00047273636464194118,"la":0.0031008071056334492,"de":0.0031520600012050742,"pour":0.002286792064928296,"des":0.0039373891532017789,"vous":0.0057998745954439641,"question":0.0038584528313860954,"?":0.001003626044416422,"me":0.0053288860376131007,"Bonjour":0.0012017495072828637,"-":0.0019313900674195331,"rentabilit\u00e9":0.007527729558969006,"4":0.0080297123804663612,"obligation":0.0077256381685891244,"prix":0.0071391701691823567,"quiz":0.013080298740214406,"je":0.0028149845560377826,"calculer":0.0059625000163243723,"il":0.0035091274269196168,"\u00e0":0.0023402045364067101,"par":0.0047268467259443878,"suis":0.0067313425829561586,"avance":0.0045997453032114053,"votre":0.0060212883187064793,"En":0.0068567135028993129,"Je":0.0036304621520612842,"formatif":0.0078631537738410185,"certificatif":0.007527729558969006,"Cordialement":0.0071587187461165849,"car":0.0067667691999579154,"remerciant":0.0083321870103087396,"dernier":0.0080054954615932077,"variation":0.0084651930855097323,"04":0,"bloqu\u00e9":0.008384867255463278,"avant":0.00779381325006999,"retour":0.0082288356395529613,"connaitre":0.0086027086907616256,"permets":0.0082801821715351512,"\u00e9crire":0.0084382406816103182,"Faut":0.0085471417688936964,"04\u20ac":0,"4\u00e8me":0,"4ans":0,"4e":0,"4min25":0,"III":0.0085748300802448735}