{"'":0.0011632201961907166,"le":0.001645567189021068,"les":0.0038480874866077567,",":0.0018077080171129756,"et":0.0033055250595552775,"Merci":0.0033466185119579487,"de":0.0014054738560907538,"pour":0.0029954581595230197,"d":0.0030497953728521399,"des":0.0051575675143623175,"vous":0.0038390280523397068,"un":0.004766291964950169,"dans":0.0044727775187303406,"dire":0.0092503555346674197,"est":0.0035741880061326363,"?":0.0013146450304615909,"si":0.0080848025339782959,"me":0.0069802827320187364,"Bonjour":0.0015741660216955916,"-":0.0025299187562359154,"comment":0.0068034224527207662,"vid\u00e9os":0.010119777064360418,"il":0.0045965894953820296,"oui":0.010846171642999695,"possible":0.0095865924640837954,"avance":0.006025184716855452,"s":0.0081252084846770902,"Pouvez":0.0091510375605460825,"format":0.011268647612064156,"t\u00e9l\u00e9charger":0.011305418394879512,"transcriptions":0.011342445422150607,"sympathique":0.011342445422150607,"lecteur":0.011342445422150607,"Michel":0.011342445422150607,"Labrecque":0.011342445422150607}