{"J":0.012817575501663472,"'":0.0022054671219619024,"ai":0.004709593965788658,"a":0.0058203888673371397,"questions":0.0088764227549950319,"le":0.0016004774359739693,"en":0.0044808023277919254,".":0.0030934822819789183,"l":0.003004311197554775,",":0.00060226763948024694,"Merci":0.003254918699726763,"bien":0.0069015397668951099,"d":0.0029662287332621194,"vous":0.0037338358560102106,"2\u00e8me":0,"?":0.0012786227883048475,"Bonjour":0.0015310327132248432,"2":0.0082492581208924495,"je":0.0035862993214459656,"il":0.0044706395575195958,"\u00e0":0.0029814280589777796,"aurais":0.010516167221678781,"y":0.0079421717284868399,"li\u00e9es":0.01092436092849523,"Comment":0.0089242727914721903,"puis":0.010229879236710905,"examen":0.010418964976358263,"final":0.010292142243116462,"2e":0,"02":0,"2\u00b0":0,"cependant":0.010819250179138143,"quelques":0.010386966316734633,"semaines":0.010889085931338416,"fini":0.011031654063130373,"ordre":0.01092436092849523,"sp\u00e9cifiques":0.010995641603679334,"2X3":0,"2min54":0,"2i\u00e8meann\u00e9e":0,"2eme":0,"2\u20ac":0,"2^2x4":0,"2x0":0,"+2x0":0,"02+":0,"contacter":0.010784683046788679,"2=":0,"2x":0,"2M":0,"parcours":0.011031654063130373,"priv\u00e9":0.021769095335954104}