{"'":0.00034037460755368759,"a":0.0034542371553555923,"le":0.0046018882504304639,"en":0.0026592302059611109,"les":0.0022211558044996256,".":0.0012468144641042235,"l":0.001782974230997107,"du":0.004511503535613884,"avoir":0.0047971585686439446,"une":0.002963637662329854,",":0.00035742891156905789,"la":0.00079806291920931109,"et":0.0019079831730703497,"de":0.0046807136258227751,"vous":0.0043963968603048832,"2\u00e8me":0,"est":0.0020630581980850037,"question":0.0029173186135309334,"?":0.00075882667699961109,"capital":0.0061454990437582579,"me":0.0040290912203089172,"Bonjour":0.0009086248710570568,"-":0.0014602952115518439,"taux":0.0038193832159135349,"t":0.0051028312143884995,"2":0.0048957027708600729,"prix":0.0053978200407956214,"quiz":0.0099150737428878154,"trouver":0.014454571858481964,"je":0.0021283678202128013,"il":0.0026531988875258383,"qui":0.0038018076696142442,"pense":0.0059806694103825492,"\u00e0":0.0035104759456996734,"par":0.0035738982798324244,"suis":0.0050894676880776863,"plus":0.0044971449875767754,"avance":0.0034777987905944053,"votre":0.0045526062536543812,"Y":0.0062605221906441707,"En":0.0051842587699772857,"Je":0.0054459556240981852,"raisonnement":0.0055334800913642949,"formatif":0.0059452132416613667,"certificatif":0.0056916039976878975,"bon":0.0061833627893235158,"Cordialement":0.005412600428129727,"2e":0,"car":0.0051162532245893587,"02":0,"\u00e9tape":0.006319692986171686,"remerciant":0.006299842273272566,"2\u00b0":0,"travers":0.0064833010779548252,"dernier":0.0060528356678792089,"rendement":0.0060711457188966358,"cout":0.006420920803349113,"bloqu\u00e9":0.0063396730205878046,"avant":0.011691283182305195,"retour":0.0062216998439581046,"permets":0.0062605221906441707,"action":0.0061833627893235158,"dividendes":0.0064004061821378603,"\u00e9crire":0.0063800278717084666,"2X3":0,"2min54":0,"2i\u00e8meann\u00e9e":0,"2eme":0,"2\u20ac":0,"2^2x4":0,"2x0":0,"+2x0":0,"02+":0,"2=":0,"2x":0,"2M":0,"III":0.0064833010779548252}