{"'":0.00144419860480164,"alors":0.011460645769523688,"en":0.005738801256429513,"au":0.0081293492724381286,"l":0.0038477807352257786,"du":0.0096482723102710461,"une":0.0063957334352079467,",":0.0015165594728519275,"la":0.0017222745414073328,"de":0.0034421249024719817,"bien":0.0088391681194902091,"\"":0.03476922938920704,"?":0.0016376000383929474,"Bonjour":0.0019608748200724969,"obligation":0.012605796184621768,"je":0.0045931638010883787,"ou":0.0092913481481746024,"acheter":0.01368144939627451,"il":0.0057257852573871287,"Si":0.011809911291124135,"comprends":0.0082997956027594001,"lorsqu":0.013510636474057498,"vendre":0.013991408599591576,"dessous":0.013638331111007708,"convient":0.014082701541877487,"dessus":0.013856787686561487,"pair":0.027597875545372543,"cote":0.014082701541877487}