{"'":0.00026003535819537157,"ai":0.0021352998409142239,"le":0.00072564625299916603,".":0.00095431753577894345,"j":0.0025394576556122699,"du":0.0017372208627167395,"apr\u00e8s":0.0041464007460698367,"une":0.0045004681726491802,"r\u00e9ponse":0.003250071645059078,",":0.0013326136819971118,"la":0.0012119081942187999,"et":0.0014576383691072871,"de":0.0012319396898922478,"des":0.0022743340814990703,"vous":0.003365022414178318,"trouv\u00e9":0.0044887005106277337,"2\u00e8me":0,"*":0.0037884726354349913,"un":0.0021017931860464693,"dans":0.0019723620333584723,"est":0.0015761107486031082,"question":0.00222873849518838,"?":0.00057971941026967958,"(":0.0039474177581002995,")":0.0038583650341642039,"me":0.0030780973533979044,"Bonjour":0.00069416045899745114,"-":0.0022175491308524232,"1":0,"\/":0.0028515078179042318,"3":0.0039292980876012729,"2":0.0037401609737820174,"respectivement":0.004905378967729376,"quiz":0.0075890431285438207,"je":0.0016260052195968869,"il":0.0020269594375441772,"\u00e0":0.0013517604503228934,"trouve":0.0041578023869536917,"sont":0.0037306170396976309,"par":0.0027303444461657181,"suis":0.0038881911985291181,"plus":0.0034356755226418981,"avance":0.0026569274974514723,"votre":0.0034780461633136888,"Y":0.0047828395368107769,";":0.0087679232596491203,"aurait":0.0046663915942725988,"%":0.011046509583409764,"De":0.0046949655164301015,"calcul":0.0030070909322399884,"En":0.0039606085657135992,"Je":0.0041683595280431526,"formatif":0.0045419535433454247,"certificatif":0.0043482041591822816,"10":0.01307350119714654,"erreur":0.004360634069384914,"=":0.0036556335981749186,"Cordialement":0.0041350543191596163,"2e":0,"mon":0.0040353357560654899,"003":0,"car":0.0039086544952225098,"02":0,"CF":0.0079145775619799755,"8":0.0072404759773104224,"1+3":0.0029178871178832336,"remerciant":0.004812878827473591,"2\u00b0":0,"3\u00b0":0,"09":0,"9":0.0079287678481976456,"dernier":0.0046241736488713547,"10i\u00e8me":0,"bloqu\u00e9":0.0048433082496909157,"avant":0.0045019007290806202,"retour":0.0047531805005534859,"3h":0,"Mes":0.0049370420519881473,"permets":0.0047828395368107769,"10+1":0,"9+":0,"imp\u00f4ts":0.0048280441398224037,"CMPC":0.0046663915942725988,"3ieme":0,"3\u00e8me":0,"\u00e9crire":0.0048741380705212695,"3+":0,"3+1":0,"+10":0,"2X3":0,"2min54":0,"or":0.0049370420519881473,"08":0,"2i\u00e8meann\u00e9e":0,"3M":0,"2eme":0,"3=":0,"9=":0,"9=850":0,"10^7":0,"2\u20ac":0,"2^2x4":0,"3^2x24":0,"2x0":0,"+2x0":0,"3x0":0,"02+":0,"incorrecte":0.005001681532874655,"2=":0,"3eme":0,"10\u00e8me":0,"08+0":0,"2x":0,"2M":0,"3e":0,"10H":0,"3+2":0,"8min25":0,"10min15":0,"8+50":0,"10^1":0,"10^2":0,"III":0.0049530355105249883,"VAN=5800":0.005001681532874655,"177":0.016629788181565533,"279":0.016629788181565533,"431":0.033055524730491906,"335":0.033055524730491906}