{"J":0.015810350668352065,"'":0.0020606044182457182,"ai":0.0058273182822998915,"le":0.003895694755810144,".":0.0025774813392609969,"du":0.0093264206582726675,"avoir":0.010001593454091764,"\u00e9tait":0.012432026505526723,"Quiz":0.025757464106152116,"mal":0.011765723669236301,"5":0.010181002434946929,"Bonjour":0.001894391530434261,"je":0.0044374329832831258,"pas":0.0062260016983984008,"ce":0.0058934432686280425,"qui":0.0079263868721517593,"\u00e0":0.0072570430504800059,"n":0.0063765165296043782,"compris":0.010694980286793856,"eu":0.012543881763553234,"ne":0.0052011599537973262,"formatif":0.012395172056567755,"r\u00e9soudre":0.012358528809048681,"Cordialement":0.01128472787317082,"car":0.010666873739592408,"avoue":0.013217581048549103,"arrivais":0.01360522877517489,"05":0,"5i\u00e8me":0,"5eme":0,"0005+1":0,"5e":0,"5=>":0,"5^2x18":0,"5x0":0,"5^2":0,"demand\u00e9":0.013560977877510478,"5\u00e8me":0,"5+5":0,"5xtaux":0,"5ans":0,"5min08s":0,"percevoir":0.013649788043951361}