{"'":0.0016755001532082865,"le":0.0046755964900805644,".":0.0030934822819789183,",":0.00089732433447289276,"la":0.0020035348419447292,"Merci":0.0048495345997939575,"de":0.0020366510463812279,"d":0.004419412648944257,"vous":0.0055630778658750666,"5":0.012259286229315483,"m":0.0099741742786442489,"question":0.0073239206415630217,"?":0.0019050323599449377,"Bonjour":0.0022811003288111557,"-":0.0036660672554087431,"pas":0.0038109547017984987,"avance":0.0087310046394996534,"ne":0.0062628910075874155,"comprends":0.0096552142363783722,"Je":0.0068911602281640809,"expliquer":0.013154429264751789,"d\u00e9veloppement":0.016171553365282133,"Pouvez":0.013260631026605624,"05":0,"5i\u00e8me":0,"d\u00e9tail":0.015815737317758358,"5eme":0,"0005+1":0,"5e":0,"5=>":0,"5^2x18":0,"5x0":0,"5^2":0,"5\u00e8me":0,"5+5":0,"5xtaux":0,"5ans":0,"5min08s":0}