{"J":0.009483960611127315,"'":0.0027951561772875089,"ai":0.0068764940323118202,"a":0.0042916793874702907,"les":0.0054646515870459267,".":0.0015461220317142326,"l":0.0065158077193589658,",":0.00044408366399757351,"la":0.0019634533467597646,"de":0.001995907048622873,"bien":0.00508886891142399,"pour":0.0021481888742853807,"nous":0.0059451460454558848,"vous":0.0054517863255301915,"exemple":0.0062739733872090812,"un":0.0034181400057786632,"dans":0.0063517710684327117,"r\u00e9solution":0.0070513634370005934,"m":0.0049361949618947952,"?":0.00094279595229660948,"Bonjour":0.0011289110893884149,"-":0.0018143279043020585,"comment":0.0048790654523197625,"vid\u00e9os":0.0072573847946415812,"je":0.002644367451377853,"pas":0.0018860323545082491,"il":0.0032964381032145888,"qui":0.004723514592943537,"mais":0.0052479162996396074,"tr\u00e8s":0.0070313609400903523,"compris":0.0063733825096781143,"avec":0.0051614514280814566,"probl\u00e8me":0.0074528361956813401,"ne":0.0030994897597429343,"comprends":0.0047783424009013873,"exercice":0.012554362299864638,"s":0.0058269825644341024,"formule":0.0055602111450588484,"7":0.011080434282591126,"Pourriez":0.0064927357494981774,"diff\u00e9rentes":0.0078271705191401576,"aider":0.0073647289891879122,"plait":0.0074085279416565954,"but":0.0080812957949422202,"montrer":0.0080290968017912127,"num\u00e9ro":0.0080812957949422202,"petit":0.0079267962438666038,"\u00e9tapes":0.0080032630288638697,"007=>":0,"+7":0,"7e":0,"utilser":0.0081342197972589757}