{"'":0.0003245425807224187,"le":0.0017974886587176116,".":0.0023430141094891829,"du":0.0021681749204556927,"avoir":0.0045740257570676792,",":0.0013326136819971118,"la":0.0015102664876573036,"de":0.0015352295143598019,"vous":0.0041934534369784619,"2\u00e8me":0,"est":0.0039041629220681272,"m":0.0037881896848914768,"question":0.0027816238068685516,"?":0.00072353096444077844,"(":0.0049192280250940192,")":0.0048082515128162247,"me":0.0038416839375976209,"Bonjour":0.00086636151468766451,"-":0.0013923717165031846,"2":0.0046679863199084598,"quiz":0.0094573809840552952,"je":0.0020293699053019385,"pas":0.0014473999438582158,"il":0.0025297892234562992,"pense":0.0057024873237261865,"\u00e0":0.0016870929711669468,"par":0.0034076636307051157,"suis":0.0048527385455202103,"possible":0.0052760983615507588,"avance":0.0033160340685953931,"elle":0.0053960852822098893,"ne":0.0023786449333795963,"comprends":0.0036670487153987741,"En":0.0049431205589443869,"Je":0.0077331070291743933,"formatif":0.0056686803468132948,"VAN":0.0046323963763510523,"certificatif":0.0054268673657399966,"VA":0.0052179019944409181,"10":0.0082086899673695559,"expliquer":0.0049960499846149363,"erreur":0.01080166851567277,"=":0.009055321247767846,"bon":0.0058957527167284316,"Cordialement":0.0051608412389793712,"2e":0,"mon":0.009995876400747724,"car":0.0096820759384754207,"02":0,"trop":0.0059693231613969647,"fausse":0.006122261067328584,"remerciant":0.0060068143279153876,"2\u00b0":0,"F":0.0060257417139497407,"dernier":0.0057712968733496847,"10i\u00e8me":0,"bloqu\u00e9":0.0060447924062999548,"avant":0.0056186915922188949,"COC":0.0056519223013334228,"Serait":0.0060257417139497407,"permets":0.0059693231613969647,"10+1":0,"\u00e9crire":0.0060832702105683076,"+10":0,"grande":0.0061419532019006164,"2X3":0,"2min54":0,"2i\u00e8meann\u00e9e":0,"2eme":0,"Toutefois":0.0061817398147363724,"10^7":0,"2\u20ac":0,"2^2x4":0,"2x0":0,"+2x0":0,"66":0.016701255496497674,"02+":0,"2=":0,"10\u00e8me":0,"E":0.0062424535028471236,"2x":0,"2M":0,"10H":0,"10min15":0,"10^1":0,"10^2":0,"III":0.0061817398147363724,"21980":0.020755155801764041,"4620":0.020755155801764041}