{"J":0.0077733980005906629,"'":0.00068637549578745615,"ai":0.0056362238471478138,"que":0.00450017034750141,"le":0.00191537723994597,".":0.0012672576788114677,"r\u00e9ponse":0.0085787161876891404,",":0.0007207660058727699,"la":0.0075656827054379778,"et":0.0038475046825099078,"de":0.0032198928090471359,"pour":0.0034865986756663398,"?":0.0015301965102088393,"Bonjour":0.001832269013364138,"utilis\u00e9":0.011710695067407011,"trouver":0.0098723299035962438,"je":0.012475314981223668,"ou":0.0086819664009195521,"ce":0.0057001804060279231,"Est":0.0097473853686990165,"utiliser":0.022085515141770536,"trouve":0.010974713956351512,"cette":0.0090244508045115215,"bonne":0.011643103748429711,"flux":0.010796301272857533,"VA":0.011035347227573652,"formule":0.026231371650175347,"VF":0.01188297763178431,"peux":0.012664046749060381,"dois":0.012703818874086238}