{"'":0.0013960223415473015,"le":0.0019803175158641883,"en":0.010906644316155668,".":0.0013102236604495385,"sur":0.007008931847246375,"d":0.0036702015189385997,"un":0.01128365875085437,"est":0.0084614870572702946,"question":0.0060823160900514072,"?":0.0015820773520135898,"Bonjour":0.001894391530434261,":":0.0073003648826121476,"-":0.0030445687420808084,"c":0.010338892659220689,"celle":0.012931529490179023,"quelque":0.012971618832738596,"investissement":0.011799113975884148,"ci":0.012249842410024603,"puisque":0.012971618832738596,"Ma":0.013011961106576972,"son":0.012543881763553234,"Un":0.012891689927075831,"argent":0.013093417357091828,"retour":0.012971618832738596,"financement":0.026250812566365068,"met":0.01347338432700684,"sorte":0.013430033454566359,"pourvoyeur":0.013649788043951361,"contrepartie":0.013649788043951361}