{"'":0.0016319359810967949,"que":0.0036600275453405494,"le":0.003075119054106588,".":0.0020345695632709715,"l":0.0029241866056011119,",":0.00058620523925369023,"la":0.0013088719164907417,"Merci":0.0031681104380292995,"pour":0.0055976993972564901,"nous":0.015491719947726152,"est":0.0066791886189443142,"Bonjour":0.0014902002683320856,"taux":0.0062640216821227739,"trouver":0.0080292514713166951,"ou":0.0070611185180422227,"pas":0.0049145781827722758,"ce":0.0046360061260916829,"il":0.0043514081774249803,"utiliser":0.026678962800136652,"moi":0.0090500324176856824,"mais":0.0069274244459268958,"\u00e0":0.0057284445419446108,"n":0.0050160098853810689,"cette":0.0073396640517001017,"c":0.0081329653176265369,"ne":0.0040914297991028947,"comprends":0.012451290804822161,"Je":0.0088867877897736043,"faire":0.0084130773586878847,"formule":0.0073396640517001017,"faut":0.0089258299754767911,"quel":0.018746997281767735,"moment":0.019896165463923612,"TAE":0.0097505127255744072,"\u00e9quivalent":0.01023570239891365,"claire":0.010497056941617936,"devons":0.020524807262462749}