{"du":0.0062163336691390342,",":0.00097711169514828303,"et":0.005215897797324575,"Merci":0.0052807405209493634,"pour":0.0092520704798451491,"un":0.014721644182224373,"dans":0.00705774422748052,"question":0.0079751414714646068,"?":0.002074422064605631,"Bonjour":0.0024839288576713695,"on":0.0076407879847956032,"taux":0.01044113637069656,"pas":0.0041498132456143045,"cette":0.01223406258276709,"emprunt":0.016748813896350585,"doit":0.015297244541298402,"quel":0.015829748707241173,"coup":0.016955839782033202,"sous":0.017008404984774565,"placement":0.017441229981794287,"meilleur":0.017723550337961899,"entendre":0.017897621414986048}