{"'":0.0011019690123431779,"le":0.001557792909286843,"tout":0.0091260531595087069,"les":0.0071910325089649934,"au":0.0061780376509218762,".":0.0010306716531452024,"l":0.0029241866056011119,",":0.0011571826332624575,"la":0.0013088719164907417,"de":0.0013305061147388872,"nous":0.0078477909513772152,"2\u00e8me":0,"fait":0.0081329653176265369,"?":0.0012445220835379895,"Bonjour":0.0014902002683320856,"2":0.01584992719023404,"ou":0.0070611185180422227,"pas":0.002489625575645471,"peut":0.0081120507621778859,"pourquoi":0.0072862482222187655,"ne":0.0040914297991028947,"comprends":0.0063075712471417442,"exercice":0.0083689547657754774,"En":0.0085025009288327031,"Je":0.0045018663543315201,"raisonnement":0.0090752452190399277,"faire":0.0084130773586878847,"VA":0.0089751435404533605,"entre":0.0090249453664867814,"2e":0,"02":0,"moment":0.010078993670280083,"2\u00b0":0,"emprunts":0.01043043420155986,"comparer":0.010267638654380485,"difference":0.010667579825633553,"jusqu":0.01023570239891365,"2X3":0,"2min54":0,"devons":0.010397450848364886,"simplement":0.010463635268232846,"2i\u00e8meann\u00e9e":0,"2eme":0,"2\u20ac":0,"2^2x4":0,"2x0":0,"+2x0":0,"02+":0,"2=":0,"2x":0,"2M":0,"MErci":0.010737441272823662,"Tania":0.010737441272823662}