{"'":0.00097378381602756321,"le":0.0027174095947395198,"une":0.0084787241119077018,"d":0.0050362836980912193,"Quiz":0.017966905644705926,"exemple":0.014446842964099541,"5":0.013970463564131072,"?":0.0021709408423354372,"(":0.0074367965379202386,")":0.0072690243309625844,"Bonjour":0.0025995011808744644,"ou":0.012317395397123145,"calcule":0.016470902887605429,"formatif":0.017008767132105897,"se":0.015400637445373653,"Comment":0.015152293912135973,"rente":0.016809344477530162,"constante":0.017966905644705926,"croissante":0.018194820253478856,"perp\u00e9tuelle":0.018194820253478856,"TRI":0.01676018905992609,"05":0,"5i\u00e8me":0,"5eme":0,"0005+1":0,"5e":0,"5=>":0,"5^2x18":0,"5x0":0,"5^2":0,"5\u00e8me":0,"5+5":0,"5xtaux":0,"5ans":0,"5min08s":0}