{"'":0.0012438853331782644,"le":0.0011801163425053541,"en":0.0033039316492115096,"les":0.0027596508733488284,".":0.0030327628719984821,"sur":0.0041767822332431179,"du":0.010973822339741431,"r\u00e9ponse":0.0052855818476222286,",":0.0013062096022673922,"la":0.00099154459472033051,"et":0.0046941611451361692,"Merci":0.0024000230585795677,"de":0.0010079337249811206,"pour":0.0042538365466833995,"d":0.0021871567352659107,"vous":0.0054517863255301915,"?":0.00094279595229660948,"(":0.0032296511896021964,")":0.0062510673460986817,"Bonjour":0.0011289110893884149,":":0.00435045382127177,"-":0.003592726151491232,"trouver":0.0060826126649426403,"je":0.002644367451377853,"pas":0.0018860323545082491,"il":0.0032964381032145888,"\u00e0":0.0021983639989666933,"n":0.0037999115316403259,"plus":0.0055874288815765272,"avance":0.0043209532849306101,"votre":0.0056563361284513482,"calcul":0.0048904230372152826,"s":0.0058269825644341024,"plusieurs":0.0074976657352380542,"CF":0.0064754546908024511,"arrive":0.0063399571470004277,"calculs":0.0073214277628619066,"aide":0.0070714714884728561,"Pourriez":0.0064927357494981774,"cash":0.0075659147282720876,"flow":0.0077783177101000255,"plait":0.0074085279416565954,"DRS":0.015848035139008215,"DRA":0.015548175520404805,"d\u00e9tail":0.0078271705191401576,"Malgr\u00e9":0.0080812957949422202,"tomber":0.0081076659134136086,"tentatives":0.0081342197972589757,"d\u00e9velopp\u00e9":0.0081342197972589757}